"data_type","t","df","p_value","conf_low","conf_high"
"LAI.sensor",0.756554070168159,3.27047683910535,0.500113855924918,-1.17136147596306,1.94802814262973
