"data_type","t","df","p_value","conf_low","conf_high"
"LAI.sensor",1.47116460401237,2.41879776891775,0.258092010968984,-1.51504163073343,3.54977377359058
