"well_id","LAI.sensor","LAI.rmWAI","LAI.halfWAI","is_east","is_kiln","position"
"EWR-1",2.95857142857143,1.18857142857143,1.94714285714286,TRUE,FALSE,"Riparian"
"EWT-1",2.35571428571429,1.14571428571429,1.66571428571429,TRUE,FALSE,"Terrace"
"EWT-2",3.76285714285714,2.28285714285714,2.91714285714286,TRUE,FALSE,"Terrace"
"KWR-1",3.08428571428571,1.94428571428571,2.43285714285714,FALSE,TRUE,"Riparian"
"KWT-1",2.88571428571429,1.87571428571429,2.30714285714286,FALSE,TRUE,"Terrace"
"KWT-2",2.36,1.6,1.79,FALSE,TRUE,"Terrace"
"KWT2",3.76666666666667,3.76666666666667,3.76666666666667,FALSE,TRUE,"Terrace"
