"data_type","F","df_num","df_den","p_value"
"LAI.sensor",8.05031070657466e-05,1,5,0.993188179707388
"LAI.rmWAI",0.535236192837781,1,5,0.49724623124996
"LAI.halfWAI",0.20426701723839,1,5,0.670229453781028
