Date,well_id,PET_mm_day,Precip_mm,vegetation,site,geomorph
2025-07-01,EER-1,29.628449184565444,671.931874,Sedge,East,Riparian
2025-07-02,EER-1,29.57080848097142,679.437398,Sedge,East,Riparian
2025-07-03,EER-1,29.167521809520565,683.500689,Sedge,East,Riparian
2025-07-04,EER-1,27.41936247431441,686.470759,Sedge,East,Riparian
2025-07-05,EER-1,27.125841416805155,684.585796,Sedge,East,Riparian
2025-07-06,EER-1,28.293808664863604,687.467993,Sedge,East,Riparian
2025-07-07,EER-1,28.560462949871006,693.344284,Sedge,East,Riparian
2025-07-08,EER-1,28.547702207459952,701.343461,Sedge,East,Riparian
2025-07-09,EER-1,28.083313566772393,706.995957,Sedge,East,Riparian
2025-07-10,EER-1,28.63183986582688,705.923086,Sedge,East,Riparian
2025-07-11,EER-1,30.13038839097414,708.304653,Sedge,East,Riparian
2025-07-12,EER-1,30.559684782803892,716.514989,Sedge,East,Riparian
2025-07-13,EER-1,31.049467252231548,725.687448,Sedge,East,Riparian
2025-07-14,EER-1,31.324764402236564,737.152365,Sedge,East,Riparian
2025-07-15,EER-1,28.437645626675877,738.2957719999999,Sedge,East,Riparian
2025-07-16,EER-1,29.103854579103494,740.030564,Sedge,East,Riparian
2025-07-17,EER-1,29.28343326896871,744.82836,Sedge,East,Riparian
2025-07-18,EER-1,27.49247359111586,747.396292,Sedge,East,Riparian
2025-07-19,EER-1,27.5920728518493,749.129568,Sedge,East,Riparian
2025-07-20,EER-1,27.27785616537691,752.461179,Sedge,East,Riparian
2025-07-21,EER-1,27.021320867432024,756.250579,Sedge,East,Riparian
2025-07-22,EER-1,28.464013622506616,765.388277,Sedge,East,Riparian
2025-07-23,EER-1,27.763931816009865,758.180873,Sedge,East,Riparian
2025-07-24,EER-1,29.169210755992772,755.020958,Sedge,East,Riparian
2025-07-25,EER-1,28.88592235411188,758.70875,Sedge,East,Riparian
2025-07-26,EER-1,27.97400369141645,754.836875,Sedge,East,Riparian
2025-07-27,EER-1,29.450924861466742,754.096817,Sedge,East,Riparian
2025-07-28,EER-1,27.890242794465543,762.008884,Sedge,East,Riparian
2025-07-29,EER-1,28.298278175090065,775.711177,Sedge,East,Riparian
2025-07-30,EER-1,28.785250010002752,793.229024,Sedge,East,Riparian
2025-07-31,EER-1,27.34958874176998,801.107158,Sedge,East,Riparian
2025-08-01,EER-1,27.33189950234926,807.571156,Sedge,East,Riparian
2025-08-02,EER-1,25.923926179386463,817.321688,Sedge,East,Riparian
2025-08-03,EER-1,24.87121269627704,822.409113,Sedge,East,Riparian
2025-08-04,EER-1,25.753378481666335,825.159437,Sedge,East,Riparian
2025-08-05,EER-1,25.23616241881757,831.869544,Sedge,East,Riparian
2025-08-06,EER-1,26.019898530348534,840.577055,Sedge,East,Riparian
2025-08-07,EER-1,26.911550413358345,862.915033,Sedge,East,Riparian
2025-08-08,EER-1,28.102563791500454,877.043065,Sedge,East,Riparian
2025-08-09,EER-1,28.358718299121467,905.743541,Sedge,East,Riparian
2025-08-10,EER-1,27.14544311472567,934.361609,Sedge,East,Riparian
2025-08-11,EER-1,27.312354075973555,943.816724,Sedge,East,Riparian
2025-08-12,EER-1,28.027469659801106,969.388026,Sedge,East,Riparian
2025-08-13,EER-1,25.697821915089573,984.851529,Sedge,East,Riparian
2025-08-14,EER-1,24.21750609167445,1007.692357,Sedge,East,Riparian
2025-08-15,EER-1,26.085558524881648,1018.708815,Sedge,East,Riparian
2025-08-16,EER-1,26.98898127464977,1053.341338,Sedge,East,Riparian
2025-08-17,EER-1,27.154042158951462,1055.336629,Sedge,East,Riparian
2025-08-18,EER-1,25.762190630711665,1093.6639499999999,Sedge,East,Riparian
2025-08-19,EER-1,24.75470365152278,1097.667695,Sedge,East,Riparian
2025-08-20,EER-1,23.544689231369514,1109.064003,Sedge,East,Riparian
2025-08-21,EER-1,24.193374555112776,1175.467157,Sedge,East,Riparian
2025-08-22,EER-1,26.79524472279281,1203.746082,Sedge,East,Riparian
2025-08-23,EER-1,28.965041059193098,1257.5693,Sedge,East,Riparian
2025-08-24,EER-1,29.951193754624764,1242.76557,Sedge,East,Riparian
2025-08-25,EER-1,30.639962353232153,721.051482,Sedge,East,Riparian
2025-08-26,EER-1,30.118615521572597,147.9219167,Sedge,East,Riparian
2025-08-27,EER-1,30.006266582198453,136.7694058,Sedge,East,Riparian
2025-08-28,EER-1,21.28584882350976,42.866732999999996,Sedge,East,Riparian
2025-08-29,EER-1,26.191404897414692,0,Sedge,East,Riparian
2025-08-30,EER-1,26.388845350523017,0,Sedge,East,Riparian
2025-08-31,EER-1,26.42414043826306,0,Sedge,East,Riparian
2025-09-01,EER-1,26.505618860453055,0,Sedge,East,Riparian
2025-09-02,EER-1,27.261531254164222,0,Sedge,East,Riparian
2025-09-03,EER-1,29.124617774914952,0,Sedge,East,Riparian
2025-09-04,EER-1,27.17394685320811,0,Sedge,East,Riparian
2025-09-05,EER-1,25.348074996414063,0,Sedge,East,Riparian
2025-09-06,EER-1,25.91764448637898,0,Sedge,East,Riparian
2025-09-07,EER-1,24.79836815498691,0,Sedge,East,Riparian
2025-09-08,EER-1,25.239852877698755,0,Sedge,East,Riparian
2025-09-09,EER-1,26.738344658698953,0,Sedge,East,Riparian
2025-09-10,EER-1,24.2551752996559,0,Sedge,East,Riparian
2025-09-11,EER-1,23.949633929373515,0,Sedge,East,Riparian
2025-09-12,EER-1,25.423047441578138,0,Sedge,East,Riparian
2025-09-13,EER-1,24.3023102573317,0,Sedge,East,Riparian
2025-09-14,EER-1,22.72161484042791,0,Sedge,East,Riparian
2025-09-15,EER-1,21.262796026309392,0,Sedge,East,Riparian
2025-09-16,EER-1,22.247674896681684,0,Sedge,East,Riparian
2025-09-17,EER-1,22.2838176552223,0,Sedge,East,Riparian
2025-09-18,EER-1,23.31032824185097,0,Sedge,East,Riparian
2025-09-19,EER-1,26.039518843476436,0,Sedge,East,Riparian
2025-09-20,EER-1,24.336437454533982,0,Sedge,East,Riparian
2025-09-21,EER-1,23.231734158820288,0,Sedge,East,Riparian
2025-09-22,EER-1,22.046811571892185,0,Sedge,East,Riparian
2025-09-23,EER-1,20.260888340417406,0,Sedge,East,Riparian
2025-09-24,EER-1,18.997007959927117,0,Sedge,East,Riparian
2025-09-25,EER-1,22.38872349526668,0,Sedge,East,Riparian
2025-09-26,EER-1,19.705438707641537,0,Sedge,East,Riparian
2025-09-27,EER-1,19.236710466015072,0,Sedge,East,Riparian
2025-09-28,EER-1,21.66417059073352,0,Sedge,East,Riparian
2025-09-29,EER-1,23.110441252956146,0,Sedge,East,Riparian
2025-09-30,EER-1,21.319324667041247,0,Sedge,East,Riparian
2025-10-01,EER-1,21.439767899746496,0,Sedge,East,Riparian
2025-10-02,EER-1,16.701306159513855,0,Sedge,East,Riparian
2025-10-03,EER-1,12.401284641197341,0,Sedge,East,Riparian
2025-10-04,EER-1,11.149770208380998,0,Sedge,East,Riparian
2025-10-05,EER-1,11.798513667514401,0,Sedge,East,Riparian
2025-10-06,EER-1,11.339661308068282,0,Sedge,East,Riparian
2025-10-07,EER-1,11.471636362987942,0,Sedge,East,Riparian
2025-10-08,EER-1,10.794858691363997,0,Sedge,East,Riparian
2025-10-09,EER-1,10.7014711923498,0,Sedge,East,Riparian
2025-10-10,EER-1,10.786747171781254,0,Sedge,East,Riparian
2025-10-11,EER-1,9.536681912375172,0,Sedge,East,Riparian
2025-10-12,EER-1,8.03607418265449,0,Sedge,East,Riparian
2025-10-13,EER-1,9.954464836941138,0,Sedge,East,Riparian
2025-10-14,EER-1,10.050404789386205,0,Sedge,East,Riparian
2025-10-15,EER-1,10.355097347300486,0,Sedge,East,Riparian
2025-10-16,EER-1,9.31723209727914,0,Sedge,East,Riparian
2025-10-17,EER-1,7.904805994747574,0,Sedge,East,Riparian
2025-10-18,EER-1,9.221269674145296,0,Sedge,East,Riparian
2025-10-19,EER-1,9.014048601481012,0,Sedge,East,Riparian
2025-10-20,EER-1,9.118255997862546,0,Sedge,East,Riparian
2025-10-21,EER-1,7.013260329208393,0,Sedge,East,Riparian
2025-10-22,EER-1,9.17753856953748,0,Sedge,East,Riparian
2025-10-23,EER-1,7.654049675104791,0,Sedge,East,Riparian
2025-10-24,EER-1,5.7035145641676515,0,Sedge,East,Riparian
2025-10-25,EER-1,7.933689871270701,0,Sedge,East,Riparian
2025-10-26,EER-1,8.67880960693261,0,Sedge,East,Riparian
2025-10-27,EER-1,5.520214376829147,0,Sedge,East,Riparian
2025-10-28,EER-1,7.0157301965364836,0,Sedge,East,Riparian
2025-10-29,EER-1,5.060138971628639,0,Sedge,East,Riparian
2025-10-30,EER-1,5.926801327114913,0,Sedge,East,Riparian
2025-10-31,EER-1,3.696895736592579,0,Sedge,East,Riparian
2025-11-01,EER-1,6.338189813921952,0,Sedge,East,Riparian
2025-11-02,EER-1,12.025076309013993,0,Sedge,East,Riparian
2025-07-01,EET-1,29.171489701525463,671.931874,Sedge,East,Terrace
2025-07-02,EET-1,29.24585413742768,679.437398,Sedge,East,Terrace
2025-07-03,EET-1,28.195600680293882,683.500689,Sedge,East,Terrace
2025-07-04,EET-1,26.949021249698475,686.470759,Sedge,East,Terrace
2025-07-05,EET-1,26.474587029601803,684.585796,Sedge,East,Terrace
2025-07-06,EET-1,28.1275619999796,687.467993,Sedge,East,Terrace
2025-07-07,EET-1,27.94457918694223,693.344284,Sedge,East,Terrace
2025-07-08,EET-1,28.07436749650569,701.343461,Sedge,East,Terrace
2025-07-09,EET-1,27.73223139230458,706.995957,Sedge,East,Terrace
2025-07-10,EET-1,28.393127606659387,705.923086,Sedge,East,Terrace
2025-07-11,EET-1,29.008450032521896,708.304653,Sedge,East,Terrace
2025-07-12,EET-1,30.203792361882996,716.514989,Sedge,East,Terrace
2025-07-13,EET-1,30.647659835038315,725.687448,Sedge,East,Terrace
2025-07-14,EET-1,30.688797768330836,737.152365,Sedge,East,Terrace
2025-07-15,EET-1,27.70466920960363,738.2957719999999,Sedge,East,Terrace
2025-07-16,EET-1,28.36674941183802,740.030564,Sedge,East,Terrace
2025-07-17,EET-1,29.02723982731282,744.82836,Sedge,East,Terrace
2025-07-18,EET-1,27.162254668125538,747.396292,Sedge,East,Terrace
2025-07-19,EET-1,26.80775123690438,749.129568,Sedge,East,Terrace
2025-07-20,EET-1,26.96727803845641,752.461179,Sedge,East,Terrace
2025-07-21,EET-1,26.40985259539898,756.250579,Sedge,East,Terrace
2025-07-22,EET-1,27.698741813226718,765.388277,Sedge,East,Terrace
2025-07-23,EET-1,27.638463047268836,758.180873,Sedge,East,Terrace
2025-07-24,EET-1,29.442324789447067,755.020958,Sedge,East,Terrace
2025-07-25,EET-1,29.037762646798274,758.70875,Sedge,East,Terrace
2025-07-26,EET-1,27.85416334432228,754.836875,Sedge,East,Terrace
2025-07-27,EET-1,28.515547554317685,754.096817,Sedge,East,Terrace
2025-07-28,EET-1,27.6219779945943,762.008884,Sedge,East,Terrace
2025-07-29,EET-1,27.536006220175093,775.711177,Sedge,East,Terrace
2025-07-30,EET-1,28.596252356081553,793.229024,Sedge,East,Terrace
2025-07-31,EET-1,26.798371139574776,801.107158,Sedge,East,Terrace
2025-08-01,EET-1,26.817027519370903,807.571156,Sedge,East,Terrace
2025-08-02,EET-1,25.108217502327346,817.321688,Sedge,East,Terrace
2025-08-03,EET-1,24.47807673860168,822.409113,Sedge,East,Terrace
2025-08-04,EET-1,25.306654219355753,825.159437,Sedge,East,Terrace
2025-08-05,EET-1,24.56563718904544,831.869544,Sedge,East,Terrace
2025-08-06,EET-1,25.585897575022795,840.577055,Sedge,East,Terrace
2025-08-07,EET-1,26.284048977513585,862.915033,Sedge,East,Terrace
2025-08-08,EET-1,27.195608890762127,877.043065,Sedge,East,Terrace
2025-08-09,EET-1,27.969176918814696,905.743541,Sedge,East,Terrace
2025-08-10,EET-1,27.23094587064423,934.361609,Sedge,East,Terrace
2025-08-11,EET-1,27.562996281816822,943.816724,Sedge,East,Terrace
2025-08-12,EET-1,27.256713786360123,969.388026,Sedge,East,Terrace
2025-08-13,EET-1,24.379003745283057,984.851529,Sedge,East,Terrace
2025-08-14,EET-1,23.765882379268213,1007.692357,Sedge,East,Terrace
2025-08-15,EET-1,25.294889627074316,1018.708815,Sedge,East,Terrace
2025-08-16,EET-1,26.28337803140109,1053.341338,Sedge,East,Terrace
2025-08-17,EET-1,27.141301195095377,1055.336629,Sedge,East,Terrace
2025-08-18,EET-1,25.648551141433085,1093.6639499999999,Sedge,East,Terrace
2025-08-19,EET-1,24.47534405107493,1097.667695,Sedge,East,Terrace
2025-08-20,EET-1,22.53498547452755,1109.064003,Sedge,East,Terrace
2025-08-21,EET-1,23.7087733116353,1175.467157,Sedge,East,Terrace
2025-08-22,EET-1,26.33421430833368,1203.746082,Sedge,East,Terrace
2025-08-23,EET-1,28.04746696515717,1257.5693,Sedge,East,Terrace
2025-08-24,EET-1,29.154984317910753,1242.76557,Sedge,East,Terrace
2025-08-25,EET-1,30.48819640397285,721.051482,Sedge,East,Terrace
2025-08-26,EET-1,29.345035787121812,147.9219167,Sedge,East,Terrace
2025-08-27,EET-1,29.424864826548756,136.7694058,Sedge,East,Terrace
2025-08-28,EET-1,21.53382853237817,42.866732999999996,Sedge,East,Terrace
2025-08-29,EET-1,26.592598512901553,0,Sedge,East,Terrace
2025-08-30,EET-1,26.02455912203495,0,Sedge,East,Terrace
2025-08-31,EET-1,26.240106474838527,0,Sedge,East,Terrace
2025-09-01,EET-1,25.971168326110988,0,Sedge,East,Terrace
2025-09-02,EET-1,27.42242652363922,0,Sedge,East,Terrace
2025-09-03,EET-1,28.56844398254149,0,Sedge,East,Terrace
2025-09-04,EET-1,26.88493977207417,0,Sedge,East,Terrace
2025-09-05,EET-1,24.875042201950624,0,Sedge,East,Terrace
2025-09-06,EET-1,25.305423416936776,0,Sedge,East,Terrace
2025-09-07,EET-1,24.12885123631687,0,Sedge,East,Terrace
2025-09-08,EET-1,24.444309758336114,0,Sedge,East,Terrace
2025-09-09,EET-1,26.132383036883194,0,Sedge,East,Terrace
2025-09-10,EET-1,23.319282650872523,0,Sedge,East,Terrace
2025-09-11,EET-1,23.088847110832177,0,Sedge,East,Terrace
2025-09-12,EET-1,24.260150173399687,0,Sedge,East,Terrace
2025-09-13,EET-1,24.55001993920114,0,Sedge,East,Terrace
2025-09-14,EET-1,22.392157646457427,0,Sedge,East,Terrace
2025-09-15,EET-1,21.081722523518767,0,Sedge,East,Terrace
2025-09-16,EET-1,22.313143828383254,0,Sedge,East,Terrace
2025-09-17,EET-1,22.045814948796654,0,Sedge,East,Terrace
2025-09-18,EET-1,22.33680707521649,0,Sedge,East,Terrace
2025-09-19,EET-1,25.84940002391796,0,Sedge,East,Terrace
2025-09-20,EET-1,23.63241156185585,0,Sedge,East,Terrace
2025-09-21,EET-1,23.070004943633915,0,Sedge,East,Terrace
2025-09-22,EET-1,21.217329670852195,0,Sedge,East,Terrace
2025-09-23,EET-1,19.98307296644778,0,Sedge,East,Terrace
2025-09-24,EET-1,19.623621724129887,0,Sedge,East,Terrace
2025-09-25,EET-1,21.897988996921587,0,Sedge,East,Terrace
2025-09-26,EET-1,19.02768737532482,0,Sedge,East,Terrace
2025-09-27,EET-1,19.41711846525931,0,Sedge,East,Terrace
2025-09-28,EET-1,21.165472471172027,0,Sedge,East,Terrace
2025-09-29,EET-1,21.81649236613481,0,Sedge,East,Terrace
2025-09-30,EET-1,20.667256821827657,0,Sedge,East,Terrace
2025-10-01,EET-1,21.12118419270584,0,Sedge,East,Terrace
2025-10-02,EET-1,16.445773694096417,0,Sedge,East,Terrace
2025-10-03,EET-1,12.248341699845813,0,Sedge,East,Terrace
2025-10-04,EET-1,11.05986507615967,0,Sedge,East,Terrace
2025-10-05,EET-1,11.5016490923166,0,Sedge,East,Terrace
2025-10-06,EET-1,11.284768309725196,0,Sedge,East,Terrace
2025-10-07,EET-1,11.901404594355313,0,Sedge,East,Terrace
2025-10-08,EET-1,10.290855917793131,0,Sedge,East,Terrace
2025-10-09,EET-1,10.466429067967134,0,Sedge,East,Terrace
2025-10-10,EET-1,10.435658923566503,0,Sedge,East,Terrace
2025-10-11,EET-1,9.395529374196478,0,Sedge,East,Terrace
2025-10-12,EET-1,8.095791924018629,0,Sedge,East,Terrace
2025-10-13,EET-1,10.014522505863185,0,Sedge,East,Terrace
2025-10-14,EET-1,9.992709211047442,0,Sedge,East,Terrace
2025-10-15,EET-1,10.161384049264989,0,Sedge,East,Terrace
2025-10-16,EET-1,9.077338452526789,0,Sedge,East,Terrace
2025-10-17,EET-1,7.8947675372203525,0,Sedge,East,Terrace
2025-10-18,EET-1,9.482984564584651,0,Sedge,East,Terrace
2025-10-19,EET-1,8.99423310714611,0,Sedge,East,Terrace
2025-10-20,EET-1,10.212001069125607,0,Sedge,East,Terrace
2025-10-21,EET-1,7.0082447399460746,0,Sedge,East,Terrace
2025-10-22,EET-1,9.055410649470394,0,Sedge,East,Terrace
2025-10-23,EET-1,7.2442218841898205,0,Sedge,East,Terrace
2025-10-24,EET-1,5.56032126961261,0,Sedge,East,Terrace
2025-10-25,EET-1,7.4786263589532105,0,Sedge,East,Terrace
2025-10-26,EET-1,8.463869124461894,0,Sedge,East,Terrace
2025-10-27,EET-1,5.562195323971644,0,Sedge,East,Terrace
2025-10-28,EET-1,7.110545421869924,0,Sedge,East,Terrace
2025-10-29,EET-1,5.471309421208867,0,Sedge,East,Terrace
2025-10-30,EET-1,5.181413402443541,0,Sedge,East,Terrace
2025-10-31,EET-1,3.859628747332153,0,Sedge,East,Terrace
2025-11-01,EET-1,5.974934378268644,0,Sedge,East,Terrace
2025-11-02,EET-1,11.65360540496197,0,Sedge,East,Terrace
2025-07-01,EET-2,28.880621371032102,671.931874,Sedge,East,Terrace
2025-07-02,EET-2,28.765210305483496,679.437398,Sedge,East,Terrace
2025-07-03,EET-2,27.736837422104294,683.500689,Sedge,East,Terrace
2025-07-04,EET-2,26.792134109129883,686.470759,Sedge,East,Terrace
2025-07-05,EET-2,25.90714729685644,684.585796,Sedge,East,Terrace
2025-07-06,EET-2,27.283872232735995,687.467993,Sedge,East,Terrace
2025-07-07,EET-2,27.48457904479283,693.344284,Sedge,East,Terrace
2025-07-08,EET-2,27.994572919479193,701.343461,Sedge,East,Terrace
2025-07-09,EET-2,27.34363566485715,706.995957,Sedge,East,Terrace
2025-07-10,EET-2,27.631519482666455,705.923086,Sedge,East,Terrace
2025-07-11,EET-2,28.386542217806333,708.304653,Sedge,East,Terrace
2025-07-12,EET-2,28.997371162567664,716.514989,Sedge,East,Terrace
2025-07-13,EET-2,30.021996350183265,725.687448,Sedge,East,Terrace
2025-07-14,EET-2,30.27719137590095,737.152365,Sedge,East,Terrace
2025-07-15,EET-2,27.32361402413541,738.2957719999999,Sedge,East,Terrace
2025-07-16,EET-2,28.03572955747775,740.030564,Sedge,East,Terrace
2025-07-17,EET-2,28.668710158803076,744.82836,Sedge,East,Terrace
2025-07-18,EET-2,26.38095052307508,747.396292,Sedge,East,Terrace
2025-07-19,EET-2,26.435516275345957,749.129568,Sedge,East,Terrace
2025-07-20,EET-2,26.355726924887822,752.461179,Sedge,East,Terrace
2025-07-21,EET-2,26.25115126522976,756.250579,Sedge,East,Terrace
2025-07-22,EET-2,27.464580299113436,765.388277,Sedge,East,Terrace
2025-07-23,EET-2,27.013728191026605,758.180873,Sedge,East,Terrace
2025-07-24,EET-2,29.089335257944068,755.020958,Sedge,East,Terrace
2025-07-25,EET-2,28.80713275703854,758.70875,Sedge,East,Terrace
2025-07-26,EET-2,27.83021529552497,754.836875,Sedge,East,Terrace
2025-07-27,EET-2,27.418202185550875,754.096817,Sedge,East,Terrace
2025-07-28,EET-2,27.14537916902706,762.008884,Sedge,East,Terrace
2025-07-29,EET-2,27.346964706920566,775.711177,Sedge,East,Terrace
2025-07-30,EET-2,28.019533889826025,793.229024,Sedge,East,Terrace
2025-07-31,EET-2,26.289244214227352,801.107158,Sedge,East,Terrace
2025-08-01,EET-2,26.5387575183007,807.571156,Sedge,East,Terrace
2025-08-02,EET-2,24.83116714350398,817.321688,Sedge,East,Terrace
2025-08-03,EET-2,23.922050203022206,822.409113,Sedge,East,Terrace
2025-08-04,EET-2,24.859079715192056,825.159437,Sedge,East,Terrace
2025-08-05,EET-2,23.99033062623972,831.869544,Sedge,East,Terrace
2025-08-06,EET-2,25.20066397010697,840.577055,Sedge,East,Terrace
2025-08-07,EET-2,25.67022327127849,862.915033,Sedge,East,Terrace
2025-08-08,EET-2,26.6886566057076,877.043065,Sedge,East,Terrace
2025-08-09,EET-2,27.29937964761819,905.743541,Sedge,East,Terrace
2025-08-10,EET-2,26.3521608041339,934.361609,Sedge,East,Terrace
2025-08-11,EET-2,25.37356786363622,943.816724,Sedge,East,Terrace
2025-08-12,EET-2,27.075334180120848,969.388026,Sedge,East,Terrace
2025-08-13,EET-2,23.856312595428626,984.851529,Sedge,East,Terrace
2025-08-14,EET-2,23.107019311324343,1007.692357,Sedge,East,Terrace
2025-08-15,EET-2,24.934005838214606,1018.708815,Sedge,East,Terrace
2025-08-16,EET-2,26.13159608082676,1053.341338,Sedge,East,Terrace
2025-08-17,EET-2,26.667333641190798,1055.336629,Sedge,East,Terrace
2025-08-18,EET-2,25.14021708163338,1093.6639499999999,Sedge,East,Terrace
2025-08-19,EET-2,24.18766503985471,1097.667695,Sedge,East,Terrace
2025-08-20,EET-2,22.222178572988298,1109.064003,Sedge,East,Terrace
2025-08-21,EET-2,22.74961960786532,1175.467157,Sedge,East,Terrace
2025-08-22,EET-2,25.16344775947812,1203.746082,Sedge,East,Terrace
2025-08-23,EET-2,28.013469961585546,1257.5693,Sedge,East,Terrace
2025-08-24,EET-2,29.13781817558061,1242.76557,Sedge,East,Terrace
2025-08-25,EET-2,30.515488484706154,721.051482,Sedge,East,Terrace
2025-08-26,EET-2,29.78593531520947,147.9219167,Sedge,East,Terrace
2025-08-27,EET-2,30.107067842207357,136.7694058,Sedge,East,Terrace
2025-08-28,EET-2,21.449179382503385,42.866732999999996,Sedge,East,Terrace
2025-08-29,EET-2,26.51739118254519,0,Sedge,East,Terrace
2025-08-30,EET-2,26.058151071044794,0,Sedge,East,Terrace
2025-08-31,EET-2,25.838694574898046,0,Sedge,East,Terrace
2025-09-01,EET-2,25.841176026312777,0,Sedge,East,Terrace
2025-09-02,EET-2,27.433086479608935,0,Sedge,East,Terrace
2025-09-03,EET-2,28.974013848413563,0,Sedge,East,Terrace
2025-09-04,EET-2,26.701547834942517,0,Sedge,East,Terrace
2025-09-05,EET-2,24.842069525839207,0,Sedge,East,Terrace
2025-09-06,EET-2,25.074009003016513,0,Sedge,East,Terrace
2025-09-07,EET-2,23.82690710293876,0,Sedge,East,Terrace
2025-09-08,EET-2,24.651247872643545,0,Sedge,East,Terrace
2025-09-09,EET-2,26.279033084724258,0,Sedge,East,Terrace
2025-09-10,EET-2,23.941336904070255,0,Sedge,East,Terrace
2025-09-11,EET-2,23.470655785757003,0,Sedge,East,Terrace
2025-09-12,EET-2,24.503132271753103,0,Sedge,East,Terrace
2025-09-13,EET-2,25.00871507042634,0,Sedge,East,Terrace
2025-09-14,EET-2,22.393597309743118,0,Sedge,East,Terrace
2025-09-15,EET-2,21.042881381222454,0,Sedge,East,Terrace
2025-09-16,EET-2,21.552796126759528,0,Sedge,East,Terrace
2025-09-17,EET-2,21.47594488884283,0,Sedge,East,Terrace
2025-09-18,EET-2,22.400083010742232,0,Sedge,East,Terrace
2025-09-19,EET-2,25.60615369914596,0,Sedge,East,Terrace
2025-09-20,EET-2,23.717209271343176,0,Sedge,East,Terrace
2025-09-21,EET-2,21.01133369473105,0,Sedge,East,Terrace
2025-09-22,EET-2,21.423976669249377,0,Sedge,East,Terrace
2025-09-23,EET-2,19.53470678445733,0,Sedge,East,Terrace
2025-09-24,EET-2,18.477421372643672,0,Sedge,East,Terrace
2025-09-25,EET-2,22.415960505186792,0,Sedge,East,Terrace
2025-09-26,EET-2,19.262942231107456,0,Sedge,East,Terrace
2025-09-27,EET-2,19.252382795154787,0,Sedge,East,Terrace
2025-09-28,EET-2,21.1582591339865,0,Sedge,East,Terrace
2025-09-29,EET-2,22.70461669019913,0,Sedge,East,Terrace
2025-09-30,EET-2,20.91454211259049,0,Sedge,East,Terrace
2025-10-01,EET-2,21.09423343681871,0,Sedge,East,Terrace
2025-10-02,EET-2,16.563882475372438,0,Sedge,East,Terrace
2025-10-03,EET-2,12.743310236066293,0,Sedge,East,Terrace
2025-10-04,EET-2,11.418863411054927,0,Sedge,East,Terrace
2025-10-05,EET-2,11.618901368405895,0,Sedge,East,Terrace
2025-10-06,EET-2,11.612906908560731,0,Sedge,East,Terrace
2025-10-07,EET-2,11.951795610171974,0,Sedge,East,Terrace
2025-10-08,EET-2,10.747077902074384,0,Sedge,East,Terrace
2025-10-09,EET-2,11.761485028383492,0,Sedge,East,Terrace
2025-10-10,EET-2,11.805441988375597,0,Sedge,East,Terrace
2025-10-11,EET-2,10.772823920154964,0,Sedge,East,Terrace
2025-10-12,EET-2,9.31190989044234,0,Sedge,East,Terrace
2025-10-13,EET-2,10.559168088513841,0,Sedge,East,Terrace
2025-10-14,EET-2,11.33096618463541,0,Sedge,East,Terrace
2025-10-15,EET-2,9.44303806303963,0,Sedge,East,Terrace
2025-10-16,EET-2,11.26330677102375,0,Sedge,East,Terrace
2025-10-17,EET-2,10.626360610552181,0,Sedge,East,Terrace
2025-10-18,EET-2,10.953938251095519,0,Sedge,East,Terrace
2025-10-19,EET-2,9.02822818107037,0,Sedge,East,Terrace
2025-10-20,EET-2,8.924514214559757,0,Sedge,East,Terrace
2025-10-21,EET-2,7.321276540379609,0,Sedge,East,Terrace
2025-10-22,EET-2,9.740014244340243,0,Sedge,East,Terrace
2025-10-23,EET-2,7.2014525663592766,0,Sedge,East,Terrace
2025-10-24,EET-2,6.139752391408267,0,Sedge,East,Terrace
2025-10-25,EET-2,7.826196288140473,0,Sedge,East,Terrace
2025-10-26,EET-2,8.489999592758705,0,Sedge,East,Terrace
2025-10-27,EET-2,6.155111116497024,0,Sedge,East,Terrace
2025-10-28,EET-2,7.46706615234364,0,Sedge,East,Terrace
2025-10-29,EET-2,5.8897256982142085,0,Sedge,East,Terrace
2025-10-30,EET-2,5.607530043885007,0,Sedge,East,Terrace
2025-10-31,EET-2,4.566403971151009,0,Sedge,East,Terrace
2025-11-01,EET-2,6.374884382022708,0,Sedge,East,Terrace
2025-11-02,EET-2,12.022449094904903,0,Sedge,East,Terrace
2025-07-01,EHR-1,29.452569317801547,671.931874,Herbaceous,East,Riparian
2025-07-02,EHR-1,29.4486228855144,679.437398,Herbaceous,East,Riparian
2025-07-03,EHR-1,29.036624059727114,683.500689,Herbaceous,East,Riparian
2025-07-04,EHR-1,27.62018160446598,686.470759,Herbaceous,East,Riparian
2025-07-05,EHR-1,26.99984010562266,684.585796,Herbaceous,East,Riparian
2025-07-06,EHR-1,28.612937683576174,687.467993,Herbaceous,East,Riparian
2025-07-07,EHR-1,28.35141145878404,693.344284,Herbaceous,East,Riparian
2025-07-08,EHR-1,28.546824302652933,701.343461,Herbaceous,East,Riparian
2025-07-09,EHR-1,28.462704620859927,706.995957,Herbaceous,East,Riparian
2025-07-10,EHR-1,28.528988877183433,705.923086,Herbaceous,East,Riparian
2025-07-11,EHR-1,29.374064880984193,708.304653,Herbaceous,East,Riparian
2025-07-12,EHR-1,30.275860858009544,716.514989,Herbaceous,East,Riparian
2025-07-13,EHR-1,31.202377187281037,725.687448,Herbaceous,East,Riparian
2025-07-14,EHR-1,31.789572173154887,737.152365,Herbaceous,East,Riparian
2025-07-15,EHR-1,28.43006463510036,738.2957719999999,Herbaceous,East,Riparian
2025-07-16,EHR-1,29.398749124349237,740.030564,Herbaceous,East,Riparian
2025-07-17,EHR-1,29.29967098025419,744.82836,Herbaceous,East,Riparian
2025-07-18,EHR-1,27.493572205329325,747.396292,Herbaceous,East,Riparian
2025-07-19,EHR-1,27.84483095790855,749.129568,Herbaceous,East,Riparian
2025-07-20,EHR-1,27.396969356978214,752.461179,Herbaceous,East,Riparian
2025-07-21,EHR-1,27.34037608710733,756.250579,Herbaceous,East,Riparian
2025-07-22,EHR-1,28.820734523095656,765.388277,Herbaceous,East,Riparian
2025-07-23,EHR-1,27.655740907696043,758.180873,Herbaceous,East,Riparian
2025-07-24,EHR-1,29.262721164512094,755.020958,Herbaceous,East,Riparian
2025-07-25,EHR-1,29.377462123042168,758.70875,Herbaceous,East,Riparian
2025-07-26,EHR-1,27.872837084215362,754.836875,Herbaceous,East,Riparian
2025-07-27,EHR-1,28.233916775080825,754.096817,Herbaceous,East,Riparian
2025-07-28,EHR-1,28.31946505226316,762.008884,Herbaceous,East,Riparian
2025-07-29,EHR-1,28.424320141858786,775.711177,Herbaceous,East,Riparian
2025-07-30,EHR-1,29.408347773763577,793.229024,Herbaceous,East,Riparian
2025-07-31,EHR-1,27.375950592077885,801.107158,Herbaceous,East,Riparian
2025-08-01,EHR-1,27.666558046203548,807.571156,Herbaceous,East,Riparian
2025-08-02,EHR-1,26.201337100375785,817.321688,Herbaceous,East,Riparian
2025-08-03,EHR-1,25.32081050657511,822.409113,Herbaceous,East,Riparian
2025-08-04,EHR-1,26.000401052483134,825.159437,Herbaceous,East,Riparian
2025-08-05,EHR-1,25.316074949778592,831.869544,Herbaceous,East,Riparian
2025-08-06,EHR-1,26.422656585981063,840.577055,Herbaceous,East,Riparian
2025-08-07,EHR-1,26.782383635036176,862.915033,Herbaceous,East,Riparian
2025-08-08,EHR-1,27.834771984047347,877.043065,Herbaceous,East,Riparian
2025-08-09,EHR-1,28.713105757651945,905.743541,Herbaceous,East,Riparian
2025-08-10,EHR-1,27.63646894039101,934.361609,Herbaceous,East,Riparian
2025-08-11,EHR-1,27.840656678020103,943.816724,Herbaceous,East,Riparian
2025-08-12,EHR-1,28.600389474685826,969.388026,Herbaceous,East,Riparian
2025-08-13,EHR-1,25.810972459892135,984.851529,Herbaceous,East,Riparian
2025-08-14,EHR-1,24.86754311672979,1007.692357,Herbaceous,East,Riparian
2025-08-15,EHR-1,26.143095772130426,1018.708815,Herbaceous,East,Riparian
2025-08-16,EHR-1,26.952154186513447,1053.341338,Herbaceous,East,Riparian
2025-08-17,EHR-1,27.34625614308402,1055.336629,Herbaceous,East,Riparian
2025-08-18,EHR-1,26.309216061690368,1093.6639499999999,Herbaceous,East,Riparian
2025-08-19,EHR-1,24.878480240391948,1097.667695,Herbaceous,East,Riparian
2025-08-20,EHR-1,23.56255387904565,1109.064003,Herbaceous,East,Riparian
2025-08-21,EHR-1,25.020576654121115,1175.467157,Herbaceous,East,Riparian
2025-08-22,EHR-1,26.642332317531167,1203.746082,Herbaceous,East,Riparian
2025-08-23,EHR-1,28.922697648578648,1257.5693,Herbaceous,East,Riparian
2025-08-24,EHR-1,29.46904286582777,1242.76557,Herbaceous,East,Riparian
2025-08-25,EHR-1,31.403908080045312,721.051482,Herbaceous,East,Riparian
2025-08-26,EHR-1,30.274635947247305,147.9219167,Herbaceous,East,Riparian
2025-08-27,EHR-1,30.615887847016506,136.7694058,Herbaceous,East,Riparian
2025-08-28,EHR-1,21.815785948618345,42.866732999999996,Herbaceous,East,Riparian
2025-08-29,EHR-1,26.789801749795757,0,Herbaceous,East,Riparian
2025-08-30,EHR-1,26.31528819435962,0,Herbaceous,East,Riparian
2025-08-31,EHR-1,27.08216479993814,0,Herbaceous,East,Riparian
2025-09-01,EHR-1,26.89200670431922,0,Herbaceous,East,Riparian
2025-09-02,EHR-1,27.989350324172268,0,Herbaceous,East,Riparian
2025-09-03,EHR-1,28.597143211572,0,Herbaceous,East,Riparian
2025-09-04,EHR-1,27.34350989955955,0,Herbaceous,East,Riparian
2025-09-05,EHR-1,25.528785921335107,0,Herbaceous,East,Riparian
2025-09-06,EHR-1,26.169897738886327,0,Herbaceous,East,Riparian
2025-09-07,EHR-1,25.28717237065816,0,Herbaceous,East,Riparian
2025-09-08,EHR-1,25.394184373783535,0,Herbaceous,East,Riparian
2025-09-09,EHR-1,26.809558882277493,0,Herbaceous,East,Riparian
2025-09-10,EHR-1,23.95475486106556,0,Herbaceous,East,Riparian
2025-09-11,EHR-1,23.6632230907409,0,Herbaceous,East,Riparian
2025-09-12,EHR-1,24.620363141035234,0,Herbaceous,East,Riparian
2025-09-13,EHR-1,24.54898376045559,0,Herbaceous,East,Riparian
2025-09-14,EHR-1,23.191720394702447,0,Herbaceous,East,Riparian
2025-09-15,EHR-1,21.96166205608465,0,Herbaceous,East,Riparian
2025-09-16,EHR-1,22.53140974582097,0,Herbaceous,East,Riparian
2025-09-17,EHR-1,22.426781975671222,0,Herbaceous,East,Riparian
2025-09-18,EHR-1,23.240261298274355,0,Herbaceous,East,Riparian
2025-09-19,EHR-1,26.43616048388609,0,Herbaceous,East,Riparian
2025-09-20,EHR-1,24.735324535592635,0,Herbaceous,East,Riparian
2025-09-21,EHR-1,22.634364664696673,0,Herbaceous,East,Riparian
2025-09-22,EHR-1,22.23982437765489,0,Herbaceous,East,Riparian
2025-09-23,EHR-1,20.90348447297259,0,Herbaceous,East,Riparian
2025-09-24,EHR-1,20.092801170122133,0,Herbaceous,East,Riparian
2025-09-25,EHR-1,22.163577052691743,0,Herbaceous,East,Riparian
2025-09-26,EHR-1,20.152587377562863,0,Herbaceous,East,Riparian
2025-09-27,EHR-1,19.95680189586028,0,Herbaceous,East,Riparian
2025-09-28,EHR-1,21.508485502966135,0,Herbaceous,East,Riparian
2025-09-29,EHR-1,22.749969490354765,0,Herbaceous,East,Riparian
2025-09-30,EHR-1,20.66983643915502,0,Herbaceous,East,Riparian
2025-10-01,EHR-1,21.096133307396794,0,Herbaceous,East,Riparian
2025-10-02,EHR-1,16.837709130786557,0,Herbaceous,East,Riparian
2025-10-03,EHR-1,12.525980770981658,0,Herbaceous,East,Riparian
2025-10-04,EHR-1,11.556872391768154,0,Herbaceous,East,Riparian
2025-10-05,EHR-1,11.760005657302239,0,Herbaceous,East,Riparian
2025-10-06,EHR-1,11.490059255536712,0,Herbaceous,East,Riparian
2025-10-07,EHR-1,11.886240758350366,0,Herbaceous,East,Riparian
2025-10-08,EHR-1,10.930084043359289,0,Herbaceous,East,Riparian
2025-10-09,EHR-1,11.151772335061004,0,Herbaceous,East,Riparian
2025-10-10,EHR-1,11.251365837911672,0,Herbaceous,East,Riparian
2025-10-11,EHR-1,9.70667775036959,0,Herbaceous,East,Riparian
2025-10-12,EHR-1,8.461105417416352,0,Herbaceous,East,Riparian
2025-10-13,EHR-1,9.999505818959866,0,Herbaceous,East,Riparian
2025-10-14,EHR-1,10.061845123693384,0,Herbaceous,East,Riparian
2025-10-15,EHR-1,10.331904871555077,0,Herbaceous,East,Riparian
2025-10-16,EHR-1,9.151680258498041,0,Herbaceous,East,Riparian
2025-10-17,EHR-1,8.402506842948984,0,Herbaceous,East,Riparian
2025-10-18,EHR-1,9.582835834976429,0,Herbaceous,East,Riparian
2025-10-19,EHR-1,9.162343253052384,0,Herbaceous,East,Riparian
2025-10-20,EHR-1,9.238599723014616,0,Herbaceous,East,Riparian
2025-10-21,EHR-1,7.697050964448093,0,Herbaceous,East,Riparian
2025-10-22,EHR-1,9.368598668503545,0,Herbaceous,East,Riparian
2025-10-23,EHR-1,7.487478354285022,0,Herbaceous,East,Riparian
2025-10-24,EHR-1,6.387080008299889,0,Herbaceous,East,Riparian
2025-10-25,EHR-1,7.7418475792383825,0,Herbaceous,East,Riparian
2025-10-26,EHR-1,8.755661604087612,0,Herbaceous,East,Riparian
2025-10-27,EHR-1,5.864327707524594,0,Herbaceous,East,Riparian
2025-10-28,EHR-1,7.399413234822048,0,Herbaceous,East,Riparian
2025-10-29,EHR-1,5.956907741206991,0,Herbaceous,East,Riparian
2025-10-30,EHR-1,5.6294122371693,0,Herbaceous,East,Riparian
2025-10-31,EHR-1,4.648171576245753,0,Herbaceous,East,Riparian
2025-11-01,EHR-1,6.951522612898433,0,Herbaceous,East,Riparian
2025-11-02,EHR-1,12.09059882060707,0,Herbaceous,East,Riparian
2025-07-01,EHT-XA5S,29.27929475448506,671.931874,Herbaceous,East,Terrace
2025-07-02,EHT-XA5S,28.861110215384592,679.437398,Herbaceous,East,Terrace
2025-07-03,EHT-XA5S,28.187149166570418,683.500689,Herbaceous,East,Terrace
2025-07-04,EHT-XA5S,27.14633103493038,686.470759,Herbaceous,East,Terrace
2025-07-05,EHT-XA5S,26.51034383723095,684.585796,Herbaceous,East,Terrace
2025-07-06,EHT-XA5S,27.724602021002067,687.467993,Herbaceous,East,Terrace
2025-07-07,EHT-XA5S,27.501534406859673,693.344284,Herbaceous,East,Terrace
2025-07-08,EHT-XA5S,28.209928699462502,701.343461,Herbaceous,East,Terrace
2025-07-09,EHT-XA5S,27.73774737874143,706.995957,Herbaceous,East,Terrace
2025-07-10,EHT-XA5S,27.564518483345523,705.923086,Herbaceous,East,Terrace
2025-07-11,EHT-XA5S,28.939035765149963,708.304653,Herbaceous,East,Terrace
2025-07-12,EHT-XA5S,30.037433588329243,716.514989,Herbaceous,East,Terrace
2025-07-13,EHT-XA5S,30.31145974243348,725.687448,Herbaceous,East,Terrace
2025-07-14,EHT-XA5S,30.511121971536983,737.152365,Herbaceous,East,Terrace
2025-07-15,EHT-XA5S,27.477487916414514,738.2957719999999,Herbaceous,East,Terrace
2025-07-16,EHT-XA5S,28.390376273197706,740.030564,Herbaceous,East,Terrace
2025-07-17,EHT-XA5S,28.79207523233725,744.82836,Herbaceous,East,Terrace
2025-07-18,EHT-XA5S,26.576551075612095,747.396292,Herbaceous,East,Terrace
2025-07-19,EHT-XA5S,26.855618950955805,749.129568,Herbaceous,East,Terrace
2025-07-20,EHT-XA5S,26.595853540104923,752.461179,Herbaceous,East,Terrace
2025-07-21,EHT-XA5S,26.277936641091884,756.250579,Herbaceous,East,Terrace
2025-07-22,EHT-XA5S,28.01963949515948,765.388277,Herbaceous,East,Terrace
2025-07-23,EHT-XA5S,27.340583259902044,758.180873,Herbaceous,East,Terrace
2025-07-24,EHT-XA5S,29.29097985150931,755.020958,Herbaceous,East,Terrace
2025-07-25,EHT-XA5S,28.785416739546484,758.70875,Herbaceous,East,Terrace
2025-07-26,EHT-XA5S,27.68161981180523,754.836875,Herbaceous,East,Terrace
2025-07-27,EHT-XA5S,27.621791088100604,754.096817,Herbaceous,East,Terrace
2025-07-28,EHT-XA5S,27.46293867579408,762.008884,Herbaceous,East,Terrace
2025-07-29,EHT-XA5S,27.539964843319975,775.711177,Herbaceous,East,Terrace
2025-07-30,EHT-XA5S,28.404768784642656,793.229024,Herbaceous,East,Terrace
2025-07-31,EHT-XA5S,26.817059183861847,801.107158,Herbaceous,East,Terrace
2025-08-01,EHT-XA5S,26.700725351675878,807.571156,Herbaceous,East,Terrace
2025-08-02,EHT-XA5S,25.161838721394744,817.321688,Herbaceous,East,Terrace
2025-08-03,EHT-XA5S,24.240263980533207,822.409113,Herbaceous,East,Terrace
2025-08-04,EHT-XA5S,25.374216511133767,825.159437,Herbaceous,East,Terrace
2025-08-05,EHT-XA5S,24.454870123418207,831.869544,Herbaceous,East,Terrace
2025-08-06,EHT-XA5S,25.19918693763908,840.577055,Herbaceous,East,Terrace
2025-08-07,EHT-XA5S,26.18651861605689,862.915033,Herbaceous,East,Terrace
2025-08-08,EHT-XA5S,27.127020357732142,877.043065,Herbaceous,East,Terrace
2025-08-09,EHT-XA5S,26.822088833258768,905.743541,Herbaceous,East,Terrace
2025-08-10,EHT-XA5S,26.356072954579478,934.361609,Herbaceous,East,Terrace
2025-08-11,EHT-XA5S,26.61636889899879,943.816724,Herbaceous,East,Terrace
2025-08-12,EHT-XA5S,27.16673320022229,969.388026,Herbaceous,East,Terrace
2025-08-13,EHT-XA5S,24.489647762790515,984.851529,Herbaceous,East,Terrace
2025-08-14,EHT-XA5S,23.425769257463724,1007.692357,Herbaceous,East,Terrace
2025-08-15,EHT-XA5S,25.171616983273267,1018.708815,Herbaceous,East,Terrace
2025-08-16,EHT-XA5S,26.457646860511858,1053.341338,Herbaceous,East,Terrace
2025-08-17,EHT-XA5S,27.123167996647968,1055.336629,Herbaceous,East,Terrace
2025-08-18,EHT-XA5S,25.588828164667902,1093.6639499999999,Herbaceous,East,Terrace
2025-08-19,EHT-XA5S,24.48322352686563,1097.667695,Herbaceous,East,Terrace
2025-08-20,EHT-XA5S,22.35449395737751,1109.064003,Herbaceous,East,Terrace
2025-08-21,EHT-XA5S,23.480686320153584,1175.467157,Herbaceous,East,Terrace
2025-08-22,EHT-XA5S,25.56419325756787,1203.746082,Herbaceous,East,Terrace
2025-08-23,EHT-XA5S,27.80427712884413,1257.5693,Herbaceous,East,Terrace
2025-08-24,EHT-XA5S,29.66529574391471,1242.76557,Herbaceous,East,Terrace
2025-08-25,EHT-XA5S,29.935127963070375,721.051482,Herbaceous,East,Terrace
2025-08-26,EHT-XA5S,30.00342481200562,147.9219167,Herbaceous,East,Terrace
2025-08-27,EHT-XA5S,29.722355530497605,136.7694058,Herbaceous,East,Terrace
2025-08-28,EHT-XA5S,21.3653903501598,42.866732999999996,Herbaceous,East,Terrace
2025-08-29,EHT-XA5S,26.653939643332013,0,Herbaceous,East,Terrace
2025-08-30,EHT-XA5S,25.724411036002603,0,Herbaceous,East,Terrace
2025-08-31,EHT-XA5S,25.693377934719194,0,Herbaceous,East,Terrace
2025-09-01,EHT-XA5S,25.978059337731978,0,Herbaceous,East,Terrace
2025-09-02,EHT-XA5S,26.94531166342325,0,Herbaceous,East,Terrace
2025-09-03,EHT-XA5S,28.72232696619088,0,Herbaceous,East,Terrace
2025-09-04,EHT-XA5S,26.53567073599537,0,Herbaceous,East,Terrace
2025-09-05,EHT-XA5S,24.133358782186082,0,Herbaceous,East,Terrace
2025-09-06,EHT-XA5S,25.593023620577213,0,Herbaceous,East,Terrace
2025-09-07,EHT-XA5S,24.015380333641346,0,Herbaceous,East,Terrace
2025-09-08,EHT-XA5S,24.559611069281644,0,Herbaceous,East,Terrace
2025-09-09,EHT-XA5S,26.475303931392233,0,Herbaceous,East,Terrace
2025-09-10,EHT-XA5S,23.671197853327687,0,Herbaceous,East,Terrace
2025-09-11,EHT-XA5S,23.130623201367392,0,Herbaceous,East,Terrace
2025-09-12,EHT-XA5S,24.692957280621815,0,Herbaceous,East,Terrace
2025-09-13,EHT-XA5S,23.83116055167403,0,Herbaceous,East,Terrace
2025-09-14,EHT-XA5S,22.25438253928348,0,Herbaceous,East,Terrace
2025-09-15,EHT-XA5S,20.83401319588222,0,Herbaceous,East,Terrace
2025-09-16,EHT-XA5S,21.91234131285936,0,Herbaceous,East,Terrace
2025-09-17,EHT-XA5S,21.51572739462063,0,Herbaceous,East,Terrace
2025-09-18,EHT-XA5S,22.06841415118986,0,Herbaceous,East,Terrace
2025-09-19,EHT-XA5S,25.967005182371157,0,Herbaceous,East,Terrace
2025-09-20,EHT-XA5S,23.811366924644165,0,Herbaceous,East,Terrace
2025-09-21,EHT-XA5S,20.989362308109882,0,Herbaceous,East,Terrace
2025-09-22,EHT-XA5S,21.371998035393226,0,Herbaceous,East,Terrace
2025-09-23,EHT-XA5S,20.090929110924034,0,Herbaceous,East,Terrace
2025-09-24,EHT-XA5S,18.68880835838621,0,Herbaceous,East,Terrace
2025-09-25,EHT-XA5S,22.060101518874745,0,Herbaceous,East,Terrace
2025-09-26,EHT-XA5S,19.19703518208551,0,Herbaceous,East,Terrace
2025-09-27,EHT-XA5S,18.859443131275317,0,Herbaceous,East,Terrace
2025-09-28,EHT-XA5S,21.20138478765822,0,Herbaceous,East,Terrace
2025-09-29,EHT-XA5S,22.834599726559443,0,Herbaceous,East,Terrace
2025-09-30,EHT-XA5S,20.71327080737791,0,Herbaceous,East,Terrace
2025-10-01,EHT-XA5S,21.03567916503142,0,Herbaceous,East,Terrace
2025-10-02,EHT-XA5S,16.8758738205283,0,Herbaceous,East,Terrace
2025-10-03,EHT-XA5S,12.096056366271988,0,Herbaceous,East,Terrace
2025-10-04,EHT-XA5S,11.411647293281714,0,Herbaceous,East,Terrace
2025-10-05,EHT-XA5S,11.702031673632154,0,Herbaceous,East,Terrace
2025-10-06,EHT-XA5S,11.315696315469884,0,Herbaceous,East,Terrace
2025-10-07,EHT-XA5S,11.670076913528613,0,Herbaceous,East,Terrace
2025-10-08,EHT-XA5S,10.522593251948637,0,Herbaceous,East,Terrace
2025-10-09,EHT-XA5S,10.61606415636853,0,Herbaceous,East,Terrace
2025-10-10,EHT-XA5S,10.861877622151091,0,Herbaceous,East,Terrace
2025-10-11,EHT-XA5S,9.438662257084669,0,Herbaceous,East,Terrace
2025-10-12,EHT-XA5S,8.071950588171402,0,Herbaceous,East,Terrace
2025-10-13,EHT-XA5S,10.204187588429178,0,Herbaceous,East,Terrace
2025-10-14,EHT-XA5S,9.987575016894713,0,Herbaceous,East,Terrace
2025-10-15,EHT-XA5S,10.426413414907298,0,Herbaceous,East,Terrace
2025-10-16,EHT-XA5S,9.085408114669114,0,Herbaceous,East,Terrace
2025-10-17,EHT-XA5S,8.135451104920778,0,Herbaceous,East,Terrace
2025-10-18,EHT-XA5S,9.570061236312478,0,Herbaceous,East,Terrace
2025-10-19,EHT-XA5S,9.041163756882403,0,Herbaceous,East,Terrace
2025-10-20,EHT-XA5S,9.280094092522116,0,Herbaceous,East,Terrace
2025-10-21,EHT-XA5S,6.9117257593526515,0,Herbaceous,East,Terrace
2025-10-22,EHT-XA5S,9.277407608110577,0,Herbaceous,East,Terrace
2025-10-23,EHT-XA5S,6.993215498523787,0,Herbaceous,East,Terrace
2025-10-24,EHT-XA5S,5.613566430404818,0,Herbaceous,East,Terrace
2025-10-25,EHT-XA5S,7.803211135051987,0,Herbaceous,East,Terrace
2025-10-26,EHT-XA5S,8.77783535291468,0,Herbaceous,East,Terrace
2025-10-27,EHT-XA5S,5.660878470703362,0,Herbaceous,East,Terrace
2025-10-28,EHT-XA5S,7.0324862377818,0,Herbaceous,East,Terrace
2025-10-29,EHT-XA5S,5.847582058115699,0,Herbaceous,East,Terrace
2025-10-30,EHT-XA5S,5.2342350186075155,0,Herbaceous,East,Terrace
2025-10-31,EHT-XA5S,4.173129117591004,0,Herbaceous,East,Terrace
2025-11-01,EHT-XA5S,6.5316326407093905,0,Herbaceous,East,Terrace
2025-11-02,EHT-XA5S,12.274229854581828,0,Herbaceous,East,Terrace
2025-07-01,EHT-XC5S,29.588620424969026,671.931874,Herbaceous,East,Terrace
2025-07-02,EHT-XC5S,28.444816237524428,679.437398,Herbaceous,East,Terrace
2025-07-03,EHT-XC5S,28.508001191523768,683.500689,Herbaceous,East,Terrace
2025-07-04,EHT-XC5S,27.572629676438865,686.470759,Herbaceous,East,Terrace
2025-07-05,EHT-XC5S,26.97143379596921,684.585796,Herbaceous,East,Terrace
2025-07-06,EHT-XC5S,27.746596773751243,687.467993,Herbaceous,East,Terrace
2025-07-07,EHT-XC5S,28.27243930637056,693.344284,Herbaceous,East,Terrace
2025-07-08,EHT-XC5S,28.870433712662276,701.343461,Herbaceous,East,Terrace
2025-07-09,EHT-XC5S,28.173968299810994,706.995957,Herbaceous,East,Terrace
2025-07-10,EHT-XC5S,28.330539052309657,705.923086,Herbaceous,East,Terrace
2025-07-11,EHT-XC5S,28.773466878687223,708.304653,Herbaceous,East,Terrace
2025-07-12,EHT-XC5S,30.207088017800206,716.514989,Herbaceous,East,Terrace
2025-07-13,EHT-XC5S,30.151126270887158,725.687448,Herbaceous,East,Terrace
2025-07-14,EHT-XC5S,30.986563084606612,737.152365,Herbaceous,East,Terrace
2025-07-15,EHT-XC5S,28.02816124848188,738.2957719999999,Herbaceous,East,Terrace
2025-07-16,EHT-XC5S,28.538480360566645,740.030564,Herbaceous,East,Terrace
2025-07-17,EHT-XC5S,29.102181000762403,744.82836,Herbaceous,East,Terrace
2025-07-18,EHT-XC5S,26.7927848817016,747.396292,Herbaceous,East,Terrace
2025-07-19,EHT-XC5S,26.66017664883419,749.129568,Herbaceous,East,Terrace
2025-07-20,EHT-XC5S,26.914402522266446,752.461179,Herbaceous,East,Terrace
2025-07-21,EHT-XC5S,27.247853972835497,756.250579,Herbaceous,East,Terrace
2025-07-22,EHT-XC5S,27.95283140671819,765.388277,Herbaceous,East,Terrace
2025-07-23,EHT-XC5S,27.953328490492986,758.180873,Herbaceous,East,Terrace
2025-07-24,EHT-XC5S,29.812354979328127,755.020958,Herbaceous,East,Terrace
2025-07-25,EHT-XC5S,29.041817864520727,758.70875,Herbaceous,East,Terrace
2025-07-26,EHT-XC5S,28.155932892395803,754.836875,Herbaceous,East,Terrace
2025-07-27,EHT-XC5S,27.82532156263745,754.096817,Herbaceous,East,Terrace
2025-07-28,EHT-XC5S,27.662609384809006,762.008884,Herbaceous,East,Terrace
2025-07-29,EHT-XC5S,28.11728325249013,775.711177,Herbaceous,East,Terrace
2025-07-30,EHT-XC5S,28.798271814886064,793.229024,Herbaceous,East,Terrace
2025-07-31,EHT-XC5S,26.829570027341454,801.107158,Herbaceous,East,Terrace
2025-08-01,EHT-XC5S,26.617499914043798,807.571156,Herbaceous,East,Terrace
2025-08-02,EHT-XC5S,25.245979793438963,817.321688,Herbaceous,East,Terrace
2025-08-03,EHT-XC5S,24.6732881724406,822.409113,Herbaceous,East,Terrace
2025-08-04,EHT-XC5S,25.481427217233087,825.159437,Herbaceous,East,Terrace
2025-08-05,EHT-XC5S,24.118552420492634,831.869544,Herbaceous,East,Terrace
2025-08-06,EHT-XC5S,25.516368695868646,840.577055,Herbaceous,East,Terrace
2025-08-07,EHT-XC5S,26.353985117582084,862.915033,Herbaceous,East,Terrace
2025-08-08,EHT-XC5S,26.995982063034404,877.043065,Herbaceous,East,Terrace
2025-08-09,EHT-XC5S,27.92750373273918,905.743541,Herbaceous,East,Terrace
2025-08-10,EHT-XC5S,26.81647246221332,934.361609,Herbaceous,East,Terrace
2025-08-11,EHT-XC5S,26.989262391560768,943.816724,Herbaceous,East,Terrace
2025-08-12,EHT-XC5S,27.770178198782396,969.388026,Herbaceous,East,Terrace
2025-08-13,EHT-XC5S,24.15790663657162,984.851529,Herbaceous,East,Terrace
2025-08-14,EHT-XC5S,23.270717222988107,1007.692357,Herbaceous,East,Terrace
2025-08-15,EHT-XC5S,25.18705131064427,1018.708815,Herbaceous,East,Terrace
2025-08-16,EHT-XC5S,26.476071279443207,1053.341338,Herbaceous,East,Terrace
2025-08-17,EHT-XC5S,27.083758555307277,1055.336629,Herbaceous,East,Terrace
2025-08-18,EHT-XC5S,25.87996006314116,1093.6639499999999,Herbaceous,East,Terrace
2025-08-19,EHT-XC5S,24.615476325356127,1097.667695,Herbaceous,East,Terrace
2025-08-20,EHT-XC5S,21.885236656883208,1109.064003,Herbaceous,East,Terrace
2025-08-21,EHT-XC5S,23.3382977353981,1175.467157,Herbaceous,East,Terrace
2025-08-22,EHT-XC5S,25.749311513646354,1203.746082,Herbaceous,East,Terrace
2025-08-23,EHT-XC5S,27.64232902513697,1257.5693,Herbaceous,East,Terrace
2025-08-24,EHT-XC5S,28.540086089049527,1242.76557,Herbaceous,East,Terrace
2025-08-25,EHT-XC5S,31.147593656532745,721.051482,Herbaceous,East,Terrace
2025-08-26,EHT-XC5S,30.250667632144047,147.9219167,Herbaceous,East,Terrace
2025-08-27,EHT-XC5S,30.209939790328548,136.7694058,Herbaceous,East,Terrace
2025-08-28,EHT-XC5S,21.658365622494205,42.866732999999996,Herbaceous,East,Terrace
2025-08-29,EHT-XC5S,26.13708861332018,0,Herbaceous,East,Terrace
2025-08-30,EHT-XC5S,26.325211642058456,0,Herbaceous,East,Terrace
2025-08-31,EHT-XC5S,26.128797654271178,0,Herbaceous,East,Terrace
2025-09-01,EHT-XC5S,26.149995587217585,0,Herbaceous,East,Terrace
2025-09-02,EHT-XC5S,26.991827049098163,0,Herbaceous,East,Terrace
2025-09-03,EHT-XC5S,28.56969844342849,0,Herbaceous,East,Terrace
2025-09-04,EHT-XC5S,27.049127460931228,0,Herbaceous,East,Terrace
2025-09-05,EHT-XC5S,24.76471568344638,0,Herbaceous,East,Terrace
2025-09-06,EHT-XC5S,25.261849722864532,0,Herbaceous,East,Terrace
2025-09-07,EHT-XC5S,24.599848401401527,0,Herbaceous,East,Terrace
2025-09-08,EHT-XC5S,24.966847422533107,0,Herbaceous,East,Terrace
2025-09-09,EHT-XC5S,26.674121387342602,0,Herbaceous,East,Terrace
2025-09-10,EHT-XC5S,23.883029107621816,0,Herbaceous,East,Terrace
2025-09-11,EHT-XC5S,23.553054913871364,0,Herbaceous,East,Terrace
2025-09-12,EHT-XC5S,24.4537351030766,0,Herbaceous,East,Terrace
2025-09-13,EHT-XC5S,24.118110190770885,0,Herbaceous,East,Terrace
2025-09-14,EHT-XC5S,22.529187175440715,0,Herbaceous,East,Terrace
2025-09-15,EHT-XC5S,20.627159931663023,0,Herbaceous,East,Terrace
2025-09-16,EHT-XC5S,22.30847589837556,0,Herbaceous,East,Terrace
2025-09-17,EHT-XC5S,21.365647275855796,0,Herbaceous,East,Terrace
2025-09-18,EHT-XC5S,22.887817151275645,0,Herbaceous,East,Terrace
2025-09-19,EHT-XC5S,25.77754715334707,0,Herbaceous,East,Terrace
2025-09-20,EHT-XC5S,23.932750559037295,0,Herbaceous,East,Terrace
2025-09-21,EHT-XC5S,22.524318146525914,0,Herbaceous,East,Terrace
2025-09-22,EHT-XC5S,21.615136901911274,0,Herbaceous,East,Terrace
2025-09-23,EHT-XC5S,20.199602211061727,0,Herbaceous,East,Terrace
2025-09-24,EHT-XC5S,19.108555480552894,0,Herbaceous,East,Terrace
2025-09-25,EHT-XC5S,22.126352793148165,0,Herbaceous,East,Terrace
2025-09-26,EHT-XC5S,19.77556854104216,0,Herbaceous,East,Terrace
2025-09-27,EHT-XC5S,18.655617517294296,0,Herbaceous,East,Terrace
2025-09-28,EHT-XC5S,21.513397412739725,0,Herbaceous,East,Terrace
2025-09-29,EHT-XC5S,22.62604996333784,0,Herbaceous,East,Terrace
2025-09-30,EHT-XC5S,20.760528679466667,0,Herbaceous,East,Terrace
2025-10-01,EHT-XC5S,21.024106565185452,0,Herbaceous,East,Terrace
2025-10-02,EHT-XC5S,16.589994168581807,0,Herbaceous,East,Terrace
2025-10-03,EHT-XC5S,12.84980416751046,0,Herbaceous,East,Terrace
2025-10-04,EHT-XC5S,10.905776935474641,0,Herbaceous,East,Terrace
2025-10-05,EHT-XC5S,11.366307379273188,0,Herbaceous,East,Terrace
2025-10-06,EHT-XC5S,11.419598291267558,0,Herbaceous,East,Terrace
2025-10-07,EHT-XC5S,11.848851703584401,0,Herbaceous,East,Terrace
2025-10-08,EHT-XC5S,10.365301867834694,0,Herbaceous,East,Terrace
2025-10-09,EHT-XC5S,10.87170565355433,0,Herbaceous,East,Terrace
2025-10-10,EHT-XC5S,10.864660971615343,0,Herbaceous,East,Terrace
2025-10-11,EHT-XC5S,9.529617268728387,0,Herbaceous,East,Terrace
2025-10-12,EHT-XC5S,7.830152213751926,0,Herbaceous,East,Terrace
2025-10-13,EHT-XC5S,10.318316929051866,0,Herbaceous,East,Terrace
2025-10-14,EHT-XC5S,10.083982387099535,0,Herbaceous,East,Terrace
2025-10-15,EHT-XC5S,10.172940846279133,0,Herbaceous,East,Terrace
2025-10-16,EHT-XC5S,9.356092111673053,0,Herbaceous,East,Terrace
2025-10-17,EHT-XC5S,8.177188254488657,0,Herbaceous,East,Terrace
2025-10-18,EHT-XC5S,9.383710929675296,0,Herbaceous,East,Terrace
2025-10-19,EHT-XC5S,8.634484954701602,0,Herbaceous,East,Terrace
2025-10-20,EHT-XC5S,8.926787512961502,0,Herbaceous,East,Terrace
2025-10-21,EHT-XC5S,6.961613473405822,0,Herbaceous,East,Terrace
2025-10-22,EHT-XC5S,8.98478195543943,0,Herbaceous,East,Terrace
2025-10-23,EHT-XC5S,7.317254218428129,0,Herbaceous,East,Terrace
2025-10-24,EHT-XC5S,5.510170661431493,0,Herbaceous,East,Terrace
2025-10-25,EHT-XC5S,7.451458207593929,0,Herbaceous,East,Terrace
2025-10-26,EHT-XC5S,9.045332815214795,0,Herbaceous,East,Terrace
2025-10-27,EHT-XC5S,5.707791477798166,0,Herbaceous,East,Terrace
2025-10-28,EHT-XC5S,7.0123205470566825,0,Herbaceous,East,Terrace
2025-10-29,EHT-XC5S,5.781354918013581,0,Herbaceous,East,Terrace
2025-10-30,EHT-XC5S,4.838806627015301,0,Herbaceous,East,Terrace
2025-10-31,EHT-XC5S,4.455467429370372,0,Herbaceous,East,Terrace
2025-11-01,EHT-XC5S,6.2557282985456295,0,Herbaceous,East,Terrace
2025-11-02,EHT-XC5S,12.164473247199908,0,Herbaceous,East,Terrace
2025-07-01,EWR-1,29.833273505400648,671.931874,Willow,East,Riparian
2025-07-02,EWR-1,30.444024989537986,679.437398,Willow,East,Riparian
2025-07-03,EWR-1,29.20510137462245,683.500689,Willow,East,Riparian
2025-07-04,EWR-1,27.327354878574305,686.470759,Willow,East,Riparian
2025-07-05,EWR-1,26.973978179743483,684.585796,Willow,East,Riparian
2025-07-06,EWR-1,28.046982641970633,687.467993,Willow,East,Riparian
2025-07-07,EWR-1,28.97277095614482,693.344284,Willow,East,Riparian
2025-07-08,EWR-1,29.067015497572356,701.343461,Willow,East,Riparian
2025-07-09,EWR-1,28.063742387287427,706.995957,Willow,East,Riparian
2025-07-10,EWR-1,28.738554067231437,705.923086,Willow,East,Riparian
2025-07-11,EWR-1,30.35810560741227,708.304653,Willow,East,Riparian
2025-07-12,EWR-1,30.153607559340294,716.514989,Willow,East,Riparian
2025-07-13,EWR-1,31.264522072210546,725.687448,Willow,East,Riparian
2025-07-14,EWR-1,31.59408405326662,737.152365,Willow,East,Riparian
2025-07-15,EWR-1,28.38692180107593,738.2957719999999,Willow,East,Riparian
2025-07-16,EWR-1,28.639154957628566,740.030564,Willow,East,Riparian
2025-07-17,EWR-1,29.090013937629312,744.82836,Willow,East,Riparian
2025-07-18,EWR-1,27.408741217147632,747.396292,Willow,East,Riparian
2025-07-19,EWR-1,27.986698837255513,749.129568,Willow,East,Riparian
2025-07-20,EWR-1,27.38087530003911,752.461179,Willow,East,Riparian
2025-07-21,EWR-1,26.91568643592019,756.250579,Willow,East,Riparian
2025-07-22,EWR-1,28.34700144238858,765.388277,Willow,East,Riparian
2025-07-23,EWR-1,28.132304991957152,758.180873,Willow,East,Riparian
2025-07-24,EWR-1,30.149811629419823,755.020958,Willow,East,Riparian
2025-07-25,EWR-1,28.920089928742335,758.70875,Willow,East,Riparian
2025-07-26,EWR-1,28.22817175205327,754.836875,Willow,East,Riparian
2025-07-27,EWR-1,28.15311762040349,754.096817,Willow,East,Riparian
2025-07-28,EWR-1,28.564428538668135,762.008884,Willow,East,Riparian
2025-07-29,EWR-1,28.260079115152752,775.711177,Willow,East,Riparian
2025-07-30,EWR-1,28.950809026209793,793.229024,Willow,East,Riparian
2025-07-31,EWR-1,27.33108590426514,801.107158,Willow,East,Riparian
2025-08-01,EWR-1,27.6923278215856,807.571156,Willow,East,Riparian
2025-08-02,EWR-1,25.825690222201562,817.321688,Willow,East,Riparian
2025-08-03,EWR-1,24.705899841271346,822.409113,Willow,East,Riparian
2025-08-04,EWR-1,25.47266524001278,825.159437,Willow,East,Riparian
2025-08-05,EWR-1,25.452035813276325,831.869544,Willow,East,Riparian
2025-08-06,EWR-1,25.904509041739775,840.577055,Willow,East,Riparian
2025-08-07,EWR-1,26.634547215474665,862.915033,Willow,East,Riparian
2025-08-08,EWR-1,27.844095687082355,877.043065,Willow,East,Riparian
2025-08-09,EWR-1,28.607498312923425,905.743541,Willow,East,Riparian
2025-08-10,EWR-1,28.22109052989983,934.361609,Willow,East,Riparian
2025-08-11,EWR-1,27.653950467697676,943.816724,Willow,East,Riparian
2025-08-12,EWR-1,28.234374206831806,969.388026,Willow,East,Riparian
2025-08-13,EWR-1,25.768108921912006,984.851529,Willow,East,Riparian
2025-08-14,EWR-1,24.6045534550277,1007.692357,Willow,East,Riparian
2025-08-15,EWR-1,26.184115054631604,1018.708815,Willow,East,Riparian
2025-08-16,EWR-1,27.331818130414,1053.341338,Willow,East,Riparian
2025-08-17,EWR-1,27.72487669254607,1055.336629,Willow,East,Riparian
2025-08-18,EWR-1,26.153790166306873,1093.6639499999999,Willow,East,Riparian
2025-08-19,EWR-1,24.988482512680278,1097.667695,Willow,East,Riparian
2025-08-20,EWR-1,23.689072025123426,1109.064003,Willow,East,Riparian
2025-08-21,EWR-1,24.595666722357155,1175.467157,Willow,East,Riparian
2025-08-22,EWR-1,26.761022746053342,1203.746082,Willow,East,Riparian
2025-08-23,EWR-1,28.26180407439483,1257.5693,Willow,East,Riparian
2025-08-24,EWR-1,29.900866017007534,1242.76557,Willow,East,Riparian
2025-08-25,EWR-1,31.472923346247903,721.051482,Willow,East,Riparian
2025-08-26,EWR-1,30.333531143819314,147.9219167,Willow,East,Riparian
2025-08-27,EWR-1,30.09921147397124,136.7694058,Willow,East,Riparian
2025-08-28,EWR-1,21.962956124006933,42.866732999999996,Willow,East,Riparian
2025-08-29,EWR-1,27.041656800672417,0,Willow,East,Riparian
2025-08-30,EWR-1,26.881791447097328,0,Willow,East,Riparian
2025-08-31,EWR-1,26.901833301281535,0,Willow,East,Riparian
2025-09-01,EWR-1,26.880375830346345,0,Willow,East,Riparian
2025-09-02,EWR-1,27.921471159305383,0,Willow,East,Riparian
2025-09-03,EWR-1,29.09551703018761,0,Willow,East,Riparian
2025-09-04,EWR-1,27.38772367773116,0,Willow,East,Riparian
2025-09-05,EWR-1,25.642487858230258,0,Willow,East,Riparian
2025-09-06,EWR-1,25.948441159356925,0,Willow,East,Riparian
2025-09-07,EWR-1,24.493469543890093,0,Willow,East,Riparian
2025-09-08,EWR-1,25.12318685742842,0,Willow,East,Riparian
2025-09-09,EWR-1,26.689212396533467,0,Willow,East,Riparian
2025-09-10,EWR-1,23.96258517187867,0,Willow,East,Riparian
2025-09-11,EWR-1,23.660334487352507,0,Willow,East,Riparian
2025-09-12,EWR-1,24.696195872859093,0,Willow,East,Riparian
2025-09-13,EWR-1,24.589011765870268,0,Willow,East,Riparian
2025-09-14,EWR-1,22.726868641947004,0,Willow,East,Riparian
2025-09-15,EWR-1,21.58272384935864,0,Willow,East,Riparian
2025-09-16,EWR-1,22.429614904762456,0,Willow,East,Riparian
2025-09-17,EWR-1,22.400557274059306,0,Willow,East,Riparian
2025-09-18,EWR-1,23.003633637247397,0,Willow,East,Riparian
2025-09-19,EWR-1,25.664417189485384,0,Willow,East,Riparian
2025-09-20,EWR-1,23.68984116748859,0,Willow,East,Riparian
2025-09-21,EWR-1,22.537264848544684,0,Willow,East,Riparian
2025-09-22,EWR-1,21.8874879766963,0,Willow,East,Riparian
2025-09-23,EWR-1,20.259722619521114,0,Willow,East,Riparian
2025-09-24,EWR-1,19.71723110901007,0,Willow,East,Riparian
2025-09-25,EWR-1,21.96784036739485,0,Willow,East,Riparian
2025-09-26,EWR-1,19.781748565201816,0,Willow,East,Riparian
2025-09-27,EWR-1,19.743822681836207,0,Willow,East,Riparian
2025-09-28,EWR-1,21.616115770759983,0,Willow,East,Riparian
2025-09-29,EWR-1,22.130600444821113,0,Willow,East,Riparian
2025-09-30,EWR-1,20.65230555976231,0,Willow,East,Riparian
2025-10-01,EWR-1,20.88663549039406,0,Willow,East,Riparian
2025-10-02,EWR-1,16.709226947048762,0,Willow,East,Riparian
2025-10-03,EWR-1,12.196974365378912,0,Willow,East,Riparian
2025-10-04,EWR-1,11.12009548096299,0,Willow,East,Riparian
2025-10-05,EWR-1,11.515741138989668,0,Willow,East,Riparian
2025-10-06,EWR-1,11.350136442562418,0,Willow,East,Riparian
2025-10-07,EWR-1,11.862120134748713,0,Willow,East,Riparian
2025-10-08,EWR-1,10.872214261890349,0,Willow,East,Riparian
2025-10-09,EWR-1,10.867494953217944,0,Willow,East,Riparian
2025-10-10,EWR-1,10.67804348775155,0,Willow,East,Riparian
2025-10-11,EWR-1,9.48507073385781,0,Willow,East,Riparian
2025-10-12,EWR-1,8.022929183063633,0,Willow,East,Riparian
2025-10-13,EWR-1,9.563256389821827,0,Willow,East,Riparian
2025-10-14,EWR-1,10.02402048087372,0,Willow,East,Riparian
2025-10-15,EWR-1,10.19506739335724,0,Willow,East,Riparian
2025-10-16,EWR-1,9.209785731782574,0,Willow,East,Riparian
2025-10-17,EWR-1,8.18817094089516,0,Willow,East,Riparian
2025-10-18,EWR-1,9.598254672483684,0,Willow,East,Riparian
2025-10-19,EWR-1,9.44425268177391,0,Willow,East,Riparian
2025-10-20,EWR-1,10.561496080835983,0,Willow,East,Riparian
2025-10-21,EWR-1,7.432794352644202,0,Willow,East,Riparian
2025-10-22,EWR-1,9.348173819795461,0,Willow,East,Riparian
2025-10-23,EWR-1,7.512037694216191,0,Willow,East,Riparian
2025-10-24,EWR-1,6.077085173956499,0,Willow,East,Riparian
2025-10-25,EWR-1,7.780988557418386,0,Willow,East,Riparian
2025-10-26,EWR-1,8.3826697198199,0,Willow,East,Riparian
2025-10-27,EWR-1,6.0166726365758,0,Willow,East,Riparian
2025-10-28,EWR-1,7.478928023235607,0,Willow,East,Riparian
2025-10-29,EWR-1,5.9811728825671215,0,Willow,East,Riparian
2025-10-30,EWR-1,5.6336736582215305,0,Willow,East,Riparian
2025-10-31,EWR-1,4.52155397064919,0,Willow,East,Riparian
2025-11-01,EWR-1,6.82721972383911,0,Willow,East,Riparian
2025-11-02,EWR-1,11.789416063644898,0,Willow,East,Riparian
2025-07-01,EWT-1,28.847217007528897,671.931874,Willow,East,Terrace
2025-07-02,EWT-1,29.063803313860955,679.437398,Willow,East,Terrace
2025-07-03,EWT-1,28.235707933403017,683.500689,Willow,East,Terrace
2025-07-04,EWT-1,27.08545406520116,686.470759,Willow,East,Terrace
2025-07-05,EWT-1,25.877387527587892,684.585796,Willow,East,Terrace
2025-07-06,EWT-1,27.065242833880436,687.467993,Willow,East,Terrace
2025-07-07,EWT-1,27.73156148035232,693.344284,Willow,East,Terrace
2025-07-08,EWT-1,28.217831823378322,701.343461,Willow,East,Terrace
2025-07-09,EWT-1,27.531832134472637,706.995957,Willow,East,Terrace
2025-07-10,EWT-1,27.71165400631047,705.923086,Willow,East,Terrace
2025-07-11,EWT-1,28.970398090536328,708.304653,Willow,East,Terrace
2025-07-12,EWT-1,29.031174576834573,716.514989,Willow,East,Terrace
2025-07-13,EWT-1,30.125693331365174,725.687448,Willow,East,Terrace
2025-07-14,EWT-1,30.827612834251582,737.152365,Willow,East,Terrace
2025-07-15,EWT-1,27.589383846187847,738.2957719999999,Willow,East,Terrace
2025-07-16,EWT-1,28.332177027680704,740.030564,Willow,East,Terrace
2025-07-17,EWT-1,28.710098764832196,744.82836,Willow,East,Terrace
2025-07-18,EWT-1,26.570911208710218,747.396292,Willow,East,Terrace
2025-07-19,EWT-1,26.881508806966863,749.129568,Willow,East,Terrace
2025-07-20,EWT-1,26.385607958982796,752.461179,Willow,East,Terrace
2025-07-21,EWT-1,26.840249803320603,756.250579,Willow,East,Terrace
2025-07-22,EWT-1,27.77078389700186,765.388277,Willow,East,Terrace
2025-07-23,EWT-1,27.247083650452616,758.180873,Willow,East,Terrace
2025-07-24,EWT-1,28.62556333613944,755.020958,Willow,East,Terrace
2025-07-25,EWT-1,28.468883825646454,758.70875,Willow,East,Terrace
2025-07-26,EWT-1,27.479713688364214,754.836875,Willow,East,Terrace
2025-07-27,EWT-1,27.424346073040898,754.096817,Willow,East,Terrace
2025-07-28,EWT-1,27.662078445480798,762.008884,Willow,East,Terrace
2025-07-29,EWT-1,27.70097401037525,775.711177,Willow,East,Terrace
2025-07-30,EWT-1,28.016907485506593,793.229024,Willow,East,Terrace
2025-07-31,EWT-1,26.71383770706215,801.107158,Willow,East,Terrace
2025-08-01,EWT-1,26.773824811613327,807.571156,Willow,East,Terrace
2025-08-02,EWT-1,25.159329452119223,817.321688,Willow,East,Terrace
2025-08-03,EWT-1,24.072059961148838,822.409113,Willow,East,Terrace
2025-08-04,EWT-1,25.068223952657753,825.159437,Willow,East,Terrace
2025-08-05,EWT-1,24.493979094262116,831.869544,Willow,East,Terrace
2025-08-06,EWT-1,25.36761158096897,840.577055,Willow,East,Terrace
2025-08-07,EWT-1,26.1454782706429,862.915033,Willow,East,Terrace
2025-08-08,EWT-1,26.691309765545917,877.043065,Willow,East,Terrace
2025-08-09,EWT-1,27.94612731215851,905.743541,Willow,East,Terrace
2025-08-10,EWT-1,26.575053659568766,934.361609,Willow,East,Terrace
2025-08-11,EWT-1,26.839679515078792,943.816724,Willow,East,Terrace
2025-08-12,EWT-1,27.26498117852134,969.388026,Willow,East,Terrace
2025-08-13,EWT-1,24.57162452818742,984.851529,Willow,East,Terrace
2025-08-14,EWT-1,23.35289344769063,1007.692357,Willow,East,Terrace
2025-08-15,EWT-1,25.176096560538255,1018.708815,Willow,East,Terrace
2025-08-16,EWT-1,26.679541945418855,1053.341338,Willow,East,Terrace
2025-08-17,EWT-1,26.901722304353633,1055.336629,Willow,East,Terrace
2025-08-18,EWT-1,25.734788515139094,1093.6639499999999,Willow,East,Terrace
2025-08-19,EWT-1,24.54919175741741,1097.667695,Willow,East,Terrace
2025-08-20,EWT-1,22.17288240228196,1109.064003,Willow,East,Terrace
2025-08-21,EWT-1,23.520497019088186,1175.467157,Willow,East,Terrace
2025-08-22,EWT-1,25.369335184207525,1203.746082,Willow,East,Terrace
2025-08-23,EWT-1,27.455738198529485,1257.5693,Willow,East,Terrace
2025-08-24,EWT-1,29.049039122738144,1242.76557,Willow,East,Terrace
2025-08-25,EWT-1,29.80414009853578,721.051482,Willow,East,Terrace
2025-08-26,EWT-1,29.63104755341857,147.9219167,Willow,East,Terrace
2025-08-27,EWT-1,29.479051140515217,136.7694058,Willow,East,Terrace
2025-08-28,EWT-1,21.2920938118008,42.866732999999996,Willow,East,Terrace
2025-08-29,EWT-1,25.629507856791527,0,Willow,East,Terrace
2025-08-30,EWT-1,25.739412075366904,0,Willow,East,Terrace
2025-08-31,EWT-1,25.760537641622772,0,Willow,East,Terrace
2025-09-01,EWT-1,26.197136189870676,0,Willow,East,Terrace
2025-09-02,EWT-1,26.897843769298863,0,Willow,East,Terrace
2025-09-03,EWT-1,28.28045722872401,0,Willow,East,Terrace
2025-09-04,EWT-1,26.540435587697203,0,Willow,East,Terrace
2025-09-05,EWT-1,24.860134906638695,0,Willow,East,Terrace
2025-09-06,EWT-1,25.20130102428084,0,Willow,East,Terrace
2025-09-07,EWT-1,23.854075942519316,0,Willow,East,Terrace
2025-09-08,EWT-1,24.510937756369884,0,Willow,East,Terrace
2025-09-09,EWT-1,26.342180614280263,0,Willow,East,Terrace
2025-09-10,EWT-1,23.36838272126777,0,Willow,East,Terrace
2025-09-11,EWT-1,23.08381771035883,0,Willow,East,Terrace
2025-09-12,EWT-1,23.628261416551286,0,Willow,East,Terrace
2025-09-13,EWT-1,23.927569195384603,0,Willow,East,Terrace
2025-09-14,EWT-1,22.41764036836854,0,Willow,East,Terrace
2025-09-15,EWT-1,20.72161497203817,0,Willow,East,Terrace
2025-09-16,EWT-1,21.984797035817355,0,Willow,East,Terrace
2025-09-17,EWT-1,21.407046716336133,0,Willow,East,Terrace
2025-09-18,EWT-1,21.635850685761962,0,Willow,East,Terrace
2025-09-19,EWT-1,25.18213703811774,0,Willow,East,Terrace
2025-09-20,EWT-1,23.783409187437055,0,Willow,East,Terrace
2025-09-21,EWT-1,20.841080486687815,0,Willow,East,Terrace
2025-09-22,EWT-1,21.31613115205229,0,Willow,East,Terrace
2025-09-23,EWT-1,19.833918210032778,0,Willow,East,Terrace
2025-09-24,EWT-1,19.1351015260635,0,Willow,East,Terrace
2025-09-25,EWT-1,21.89127644159021,0,Willow,East,Terrace
2025-09-26,EWT-1,19.38096499211361,0,Willow,East,Terrace
2025-09-27,EWT-1,19.031629303902136,0,Willow,East,Terrace
2025-09-28,EWT-1,21.419014850528242,0,Willow,East,Terrace
2025-09-29,EWT-1,22.131849218958806,0,Willow,East,Terrace
2025-09-30,EWT-1,20.19084558273186,0,Willow,East,Terrace
2025-10-01,EWT-1,21.277279852976207,0,Willow,East,Terrace
2025-10-02,EWT-1,16.66079875416403,0,Willow,East,Terrace
2025-10-03,EWT-1,11.837145813601794,0,Willow,East,Terrace
2025-10-04,EWT-1,11.03143586047847,0,Willow,East,Terrace
2025-10-05,EWT-1,11.49110695371777,0,Willow,East,Terrace
2025-10-06,EWT-1,11.330419799220975,0,Willow,East,Terrace
2025-10-07,EWT-1,11.525372943222878,0,Willow,East,Terrace
2025-10-08,EWT-1,10.827293144166063,0,Willow,East,Terrace
2025-10-09,EWT-1,10.694213331272444,0,Willow,East,Terrace
2025-10-10,EWT-1,10.781181306207943,0,Willow,East,Terrace
2025-10-11,EWT-1,9.385203055528788,0,Willow,East,Terrace
2025-10-12,EWT-1,7.992851829723171,0,Willow,East,Terrace
2025-10-13,EWT-1,9.506914194649937,0,Willow,East,Terrace
2025-10-14,EWT-1,9.92188979460377,0,Willow,East,Terrace
2025-10-15,EWT-1,10.08249145351594,0,Willow,East,Terrace
2025-10-16,EWT-1,8.95624389069152,0,Willow,East,Terrace
2025-10-17,EWT-1,8.147079136832026,0,Willow,East,Terrace
2025-10-18,EWT-1,9.699101182222098,0,Willow,East,Terrace
2025-10-19,EWT-1,9.397719272537527,0,Willow,East,Terrace
2025-10-20,EWT-1,9.968147217952831,0,Willow,East,Terrace
2025-10-21,EWT-1,7.535512378283674,0,Willow,East,Terrace
2025-10-22,EWT-1,9.206086272708928,0,Willow,East,Terrace
2025-10-23,EWT-1,7.483215747533005,0,Willow,East,Terrace
2025-10-24,EWT-1,6.170742631622516,0,Willow,East,Terrace
2025-10-25,EWT-1,7.989644920506188,0,Willow,East,Terrace
2025-10-26,EWT-1,8.481933318852255,0,Willow,East,Terrace
2025-10-27,EWT-1,6.250189826826455,0,Willow,East,Terrace
2025-10-28,EWT-1,7.359223685735353,0,Willow,East,Terrace
2025-10-29,EWT-1,6.024783086114542,0,Willow,East,Terrace
2025-10-30,EWT-1,6.078010169996961,0,Willow,East,Terrace
2025-10-31,EWT-1,5.11848837371391,0,Willow,East,Terrace
2025-11-01,EWT-1,6.645786357335597,0,Willow,East,Terrace
2025-11-02,EWT-1,11.995774555715894,0,Willow,East,Terrace
2025-07-01,EWT-2,29.248392373179726,671.931874,Willow,East,Terrace
2025-07-02,EWT-2,28.83308798392666,679.437398,Willow,East,Terrace
2025-07-03,EWT-2,28.03206059274137,683.500689,Willow,East,Terrace
2025-07-04,EWT-2,26.447941421401737,686.470759,Willow,East,Terrace
2025-07-05,EWT-2,25.940233021176887,684.585796,Willow,East,Terrace
2025-07-06,EWT-2,27.32751061113044,687.467993,Willow,East,Terrace
2025-07-07,EWT-2,27.170951647032634,693.344284,Willow,East,Terrace
2025-07-08,EWT-2,28.553987130392233,701.343461,Willow,East,Terrace
2025-07-09,EWT-2,27.5361386519748,706.995957,Willow,East,Terrace
2025-07-10,EWT-2,27.616356915116885,705.923086,Willow,East,Terrace
2025-07-11,EWT-2,28.317608614510483,708.304653,Willow,East,Terrace
2025-07-12,EWT-2,29.817927481169875,716.514989,Willow,East,Terrace
2025-07-13,EWT-2,30.066002000449057,725.687448,Willow,East,Terrace
2025-07-14,EWT-2,30.56780383232758,737.152365,Willow,East,Terrace
2025-07-15,EWT-2,27.690678482352588,738.2957719999999,Willow,East,Terrace
2025-07-16,EWT-2,28.46826888830196,740.030564,Willow,East,Terrace
2025-07-17,EWT-2,28.878365339125033,744.82836,Willow,East,Terrace
2025-07-18,EWT-2,26.94032832094044,747.396292,Willow,East,Terrace
2025-07-19,EWT-2,26.74486838690092,749.129568,Willow,East,Terrace
2025-07-20,EWT-2,26.67496717664685,752.461179,Willow,East,Terrace
2025-07-21,EWT-2,26.466535769536225,756.250579,Willow,East,Terrace
2025-07-22,EWT-2,27.877790430915667,765.388277,Willow,East,Terrace
2025-07-23,EWT-2,27.53782486103796,758.180873,Willow,East,Terrace
2025-07-24,EWT-2,28.272993458355113,755.020958,Willow,East,Terrace
2025-07-25,EWT-2,28.53473612368439,758.70875,Willow,East,Terrace
2025-07-26,EWT-2,27.56737041921828,754.836875,Willow,East,Terrace
2025-07-27,EWT-2,27.373589340481907,754.096817,Willow,East,Terrace
2025-07-28,EWT-2,27.414799893940927,762.008884,Willow,East,Terrace
2025-07-29,EWT-2,27.7380190787,775.711177,Willow,East,Terrace
2025-07-30,EWT-2,28.46119826241357,793.229024,Willow,East,Terrace
2025-07-31,EWT-2,27.1369981698701,801.107158,Willow,East,Terrace
2025-08-01,EWT-2,26.766020948581943,807.571156,Willow,East,Terrace
2025-08-02,EWT-2,25.456801214283814,817.321688,Willow,East,Terrace
2025-08-03,EWT-2,24.36628950875673,822.409113,Willow,East,Terrace
2025-08-04,EWT-2,25.1351080936019,825.159437,Willow,East,Terrace
2025-08-05,EWT-2,24.471846111256266,831.869544,Willow,East,Terrace
2025-08-06,EWT-2,25.62031654118893,840.577055,Willow,East,Terrace
2025-08-07,EWT-2,26.328905558034783,862.915033,Willow,East,Terrace
2025-08-08,EWT-2,26.695491464409553,877.043065,Willow,East,Terrace
2025-08-09,EWT-2,27.301615907131723,905.743541,Willow,East,Terrace
2025-08-10,EWT-2,26.64530167724752,934.361609,Willow,East,Terrace
2025-08-11,EWT-2,26.83310594860486,943.816724,Willow,East,Terrace
2025-08-12,EWT-2,27.01551457500914,969.388026,Willow,East,Terrace
2025-08-13,EWT-2,24.479197561662357,984.851529,Willow,East,Terrace
2025-08-14,EWT-2,23.676946571469028,1007.692357,Willow,East,Terrace
2025-08-15,EWT-2,25.481983401465257,1018.708815,Willow,East,Terrace
2025-08-16,EWT-2,26.44726811643598,1053.341338,Willow,East,Terrace
2025-08-17,EWT-2,27.181999649936174,1055.336629,Willow,East,Terrace
2025-08-18,EWT-2,26.07690570786854,1093.6639499999999,Willow,East,Terrace
2025-08-19,EWT-2,24.667073136200443,1097.667695,Willow,East,Terrace
2025-08-20,EWT-2,22.308705738649042,1109.064003,Willow,East,Terrace
2025-08-21,EWT-2,23.89472550812895,1175.467157,Willow,East,Terrace
2025-08-22,EWT-2,25.6371083536292,1203.746082,Willow,East,Terrace
2025-08-23,EWT-2,27.531678667905982,1257.5693,Willow,East,Terrace
2025-08-24,EWT-2,29.146964466457735,1242.76557,Willow,East,Terrace
2025-08-25,EWT-2,29.205081936996322,721.051482,Willow,East,Terrace
2025-08-26,EWT-2,29.60552015821189,147.9219167,Willow,East,Terrace
2025-08-27,EWT-2,30.479292930056424,136.7694058,Willow,East,Terrace
2025-08-28,EWT-2,20.94140374364736,42.866732999999996,Willow,East,Terrace
2025-08-29,EWT-2,26.380652517437586,0,Willow,East,Terrace
2025-08-30,EWT-2,25.799753344320187,0,Willow,East,Terrace
2025-08-31,EWT-2,25.785769208505602,0,Willow,East,Terrace
2025-09-01,EWT-2,26.14279068763778,0,Willow,East,Terrace
2025-09-02,EWT-2,26.68327376181643,0,Willow,East,Terrace
2025-09-03,EWT-2,28.47514069935865,0,Willow,East,Terrace
2025-09-04,EWT-2,26.440609127603928,0,Willow,East,Terrace
2025-09-05,EWT-2,24.85933176759555,0,Willow,East,Terrace
2025-09-06,EWT-2,25.538087201182854,0,Willow,East,Terrace
2025-09-07,EWT-2,24.561563243127083,0,Willow,East,Terrace
2025-09-08,EWT-2,24.437614897826258,0,Willow,East,Terrace
2025-09-09,EWT-2,26.454155504992144,0,Willow,East,Terrace
2025-09-10,EWT-2,23.851511866800546,0,Willow,East,Terrace
2025-09-11,EWT-2,23.336745418558706,0,Willow,East,Terrace
2025-09-12,EWT-2,24.066731100411523,0,Willow,East,Terrace
2025-09-13,EWT-2,23.97561868973763,0,Willow,East,Terrace
2025-09-14,EWT-2,22.460757779688073,0,Willow,East,Terrace
2025-09-15,EWT-2,20.738418920518615,0,Willow,East,Terrace
2025-09-16,EWT-2,22.076298751211723,0,Willow,East,Terrace
2025-09-17,EWT-2,21.656465548253784,0,Willow,East,Terrace
2025-09-18,EWT-2,21.717308049644817,0,Willow,East,Terrace
2025-09-19,EWT-2,24.927791123246973,0,Willow,East,Terrace
2025-09-20,EWT-2,23.90884723280316,0,Willow,East,Terrace
2025-09-21,EWT-2,21.818859041271903,0,Willow,East,Terrace
2025-09-22,EWT-2,21.270412694083117,0,Willow,East,Terrace
2025-09-23,EWT-2,19.83423556289546,0,Willow,East,Terrace
2025-09-24,EWT-2,19.10677560762031,0,Willow,East,Terrace
2025-09-25,EWT-2,21.511584264322032,0,Willow,East,Terrace
2025-09-26,EWT-2,19.10090787881435,0,Willow,East,Terrace
2025-09-27,EWT-2,18.87225730416664,0,Willow,East,Terrace
2025-09-28,EWT-2,20.870391024993282,0,Willow,East,Terrace
2025-09-29,EWT-2,22.256922776365034,0,Willow,East,Terrace
2025-09-30,EWT-2,20.436829295875036,0,Willow,East,Terrace
2025-10-01,EWT-2,20.605595979052808,0,Willow,East,Terrace
2025-10-02,EWT-2,16.44773094702264,0,Willow,East,Terrace
2025-10-03,EWT-2,11.861494110425912,0,Willow,East,Terrace
2025-10-04,EWT-2,10.918055945491421,0,Willow,East,Terrace
2025-10-05,EWT-2,11.218766405410156,0,Willow,East,Terrace
2025-10-06,EWT-2,11.035671849838637,0,Willow,East,Terrace
2025-10-07,EWT-2,11.328605245947655,0,Willow,East,Terrace
2025-10-08,EWT-2,10.251632535593556,0,Willow,East,Terrace
2025-10-09,EWT-2,10.230051324304721,0,Willow,East,Terrace
2025-10-10,EWT-2,10.686778171809392,0,Willow,East,Terrace
2025-10-11,EWT-2,9.23591076320926,0,Willow,East,Terrace
2025-10-12,EWT-2,7.942336855119363,0,Willow,East,Terrace
2025-10-13,EWT-2,10.089388518507127,0,Willow,East,Terrace
2025-10-14,EWT-2,9.71040391126416,0,Willow,East,Terrace
2025-10-15,EWT-2,10.028296424754034,0,Willow,East,Terrace
2025-10-16,EWT-2,8.764255285067895,0,Willow,East,Terrace
2025-10-17,EWT-2,7.979411185782334,0,Willow,East,Terrace
2025-10-18,EWT-2,9.017046138755255,0,Willow,East,Terrace
2025-10-19,EWT-2,8.902303202082177,0,Willow,East,Terrace
2025-10-20,EWT-2,9.5075983820685,0,Willow,East,Terrace
2025-10-21,EWT-2,6.70438135448393,0,Willow,East,Terrace
2025-10-22,EWT-2,9.148213237310811,0,Willow,East,Terrace
2025-10-23,EWT-2,7.015497357297103,0,Willow,East,Terrace
2025-10-24,EWT-2,5.7214654231333375,0,Willow,East,Terrace
2025-10-25,EWT-2,7.467716149477022,0,Willow,East,Terrace
2025-10-26,EWT-2,8.49601029152041,0,Willow,East,Terrace
2025-10-27,EWT-2,5.513502835779193,0,Willow,East,Terrace
2025-10-28,EWT-2,7.134403338950789,0,Willow,East,Terrace
2025-10-29,EWT-2,5.72912561092521,0,Willow,East,Terrace
2025-10-30,EWT-2,5.029987883175063,0,Willow,East,Terrace
2025-10-31,EWT-2,4.293828797707153,0,Willow,East,Terrace
2025-11-01,EWT-2,6.626905747685185,0,Willow,East,Terrace
2025-11-02,EWT-2,11.539620588669687,0,Willow,East,Terrace
2025-07-01,KEF-1,29.609716415800097,671.931874,Sedge,Kiln,Fan
2025-07-02,KEF-1,29.574109407139517,679.437398,Sedge,Kiln,Fan
2025-07-03,KEF-1,29.134568830755555,683.500689,Sedge,Kiln,Fan
2025-07-04,KEF-1,27.185762748451804,686.470759,Sedge,Kiln,Fan
2025-07-05,KEF-1,26.83168949821287,684.585796,Sedge,Kiln,Fan
2025-07-06,KEF-1,28.407647431266085,687.467993,Sedge,Kiln,Fan
2025-07-07,KEF-1,28.564495574683498,693.344284,Sedge,Kiln,Fan
2025-07-08,KEF-1,28.837053062467007,701.343461,Sedge,Kiln,Fan
2025-07-09,KEF-1,27.548142334103485,706.995957,Sedge,Kiln,Fan
2025-07-10,KEF-1,28.50100355855681,705.923086,Sedge,Kiln,Fan
2025-07-11,KEF-1,29.63064827229573,708.304653,Sedge,Kiln,Fan
2025-07-12,KEF-1,30.55224215067697,716.514989,Sedge,Kiln,Fan
2025-07-13,KEF-1,31.50467140556808,725.687448,Sedge,Kiln,Fan
2025-07-14,KEF-1,31.50871052088852,737.152365,Sedge,Kiln,Fan
2025-07-15,KEF-1,27.964153925968496,738.2957719999999,Sedge,Kiln,Fan
2025-07-16,KEF-1,29.07548459444647,740.030564,Sedge,Kiln,Fan
2025-07-17,KEF-1,28.817042954769263,744.82836,Sedge,Kiln,Fan
2025-07-18,KEF-1,27.5578397598278,747.396292,Sedge,Kiln,Fan
2025-07-19,KEF-1,27.658762848083477,749.129568,Sedge,Kiln,Fan
2025-07-20,KEF-1,27.028193303809427,752.461179,Sedge,Kiln,Fan
2025-07-21,KEF-1,27.22887569538017,756.250579,Sedge,Kiln,Fan
2025-07-22,KEF-1,28.399081125468832,765.388277,Sedge,Kiln,Fan
2025-07-23,KEF-1,27.649351787589058,758.180873,Sedge,Kiln,Fan
2025-07-24,KEF-1,29.39903592543097,755.020958,Sedge,Kiln,Fan
2025-07-25,KEF-1,29.388219054136655,758.70875,Sedge,Kiln,Fan
2025-07-26,KEF-1,28.092176932294933,754.836875,Sedge,Kiln,Fan
2025-07-27,KEF-1,28.051492549207182,754.096817,Sedge,Kiln,Fan
2025-07-28,KEF-1,27.58656141796842,762.008884,Sedge,Kiln,Fan
2025-07-29,KEF-1,28.236972578163158,775.711177,Sedge,Kiln,Fan
2025-07-30,KEF-1,28.691318896743688,793.229024,Sedge,Kiln,Fan
2025-07-31,KEF-1,26.9314907649364,801.107158,Sedge,Kiln,Fan
2025-08-01,KEF-1,27.415788291477536,807.571156,Sedge,Kiln,Fan
2025-08-02,KEF-1,25.787775081557363,817.321688,Sedge,Kiln,Fan
2025-08-03,KEF-1,25.16212101981118,822.409113,Sedge,Kiln,Fan
2025-08-04,KEF-1,25.54405262406791,825.159437,Sedge,Kiln,Fan
2025-08-05,KEF-1,24.955843710505487,831.869544,Sedge,Kiln,Fan
2025-08-06,KEF-1,26.138429402836564,840.577055,Sedge,Kiln,Fan
2025-08-07,KEF-1,26.677254657320773,862.915033,Sedge,Kiln,Fan
2025-08-08,KEF-1,27.53517614443358,877.043065,Sedge,Kiln,Fan
2025-08-09,KEF-1,28.231332385897893,905.743541,Sedge,Kiln,Fan
2025-08-10,KEF-1,27.625532136421295,934.361609,Sedge,Kiln,Fan
2025-08-11,KEF-1,28.112573765310998,943.816724,Sedge,Kiln,Fan
2025-08-12,KEF-1,28.27285079501823,969.388026,Sedge,Kiln,Fan
2025-08-13,KEF-1,25.172799777006887,984.851529,Sedge,Kiln,Fan
2025-08-14,KEF-1,24.769032733416743,1007.692357,Sedge,Kiln,Fan
2025-08-15,KEF-1,26.37067205117088,1018.708815,Sedge,Kiln,Fan
2025-08-16,KEF-1,26.73501518089909,1053.341338,Sedge,Kiln,Fan
2025-08-17,KEF-1,27.20520330673286,1055.336629,Sedge,Kiln,Fan
2025-08-18,KEF-1,26.61099542647164,1093.6639499999999,Sedge,Kiln,Fan
2025-08-19,KEF-1,25.154513971554163,1097.667695,Sedge,Kiln,Fan
2025-08-20,KEF-1,23.396849449948053,1109.064003,Sedge,Kiln,Fan
2025-08-21,KEF-1,24.932289440746352,1175.467157,Sedge,Kiln,Fan
2025-08-22,KEF-1,26.65197410984148,1203.746082,Sedge,Kiln,Fan
2025-08-23,KEF-1,28.13419853234183,1257.5693,Sedge,Kiln,Fan
2025-08-24,KEF-1,29.995424512587967,1242.76557,Sedge,Kiln,Fan
2025-08-25,KEF-1,30.8500520655444,721.051482,Sedge,Kiln,Fan
2025-08-26,KEF-1,29.517457023347372,147.9219167,Sedge,Kiln,Fan
2025-08-27,KEF-1,29.530177347789362,136.7694058,Sedge,Kiln,Fan
2025-08-28,KEF-1,21.798900935052032,42.866732999999996,Sedge,Kiln,Fan
2025-08-29,KEF-1,26.62849209812695,0,Sedge,Kiln,Fan
2025-08-30,KEF-1,27.143376939189363,0,Sedge,Kiln,Fan
2025-08-31,KEF-1,26.485834870276147,0,Sedge,Kiln,Fan
2025-09-01,KEF-1,26.616200702578436,0,Sedge,Kiln,Fan
2025-09-02,KEF-1,28.064385912392442,0,Sedge,Kiln,Fan
2025-09-03,KEF-1,29.443966167430816,0,Sedge,Kiln,Fan
2025-09-04,KEF-1,27.558356763917075,0,Sedge,Kiln,Fan
2025-09-05,KEF-1,25.067670488898266,0,Sedge,Kiln,Fan
2025-09-06,KEF-1,26.457779670196167,0,Sedge,Kiln,Fan
2025-09-07,KEF-1,24.633808688526948,0,Sedge,Kiln,Fan
2025-09-08,KEF-1,25.12614291230308,0,Sedge,Kiln,Fan
2025-09-09,KEF-1,26.952331204120185,0,Sedge,Kiln,Fan
2025-09-10,KEF-1,24.206830513277026,0,Sedge,Kiln,Fan
2025-09-11,KEF-1,23.807582874898905,0,Sedge,Kiln,Fan
2025-09-12,KEF-1,24.419382780267032,0,Sedge,Kiln,Fan
2025-09-13,KEF-1,23.7580333344116,0,Sedge,Kiln,Fan
2025-09-14,KEF-1,22.748773699045664,0,Sedge,Kiln,Fan
2025-09-15,KEF-1,21.50829429495749,0,Sedge,Kiln,Fan
2025-09-16,KEF-1,22.333697249886463,0,Sedge,Kiln,Fan
2025-09-17,KEF-1,22.11785339945475,0,Sedge,Kiln,Fan
2025-09-18,KEF-1,23.606158213158025,0,Sedge,Kiln,Fan
2025-09-19,KEF-1,26.27218096871972,0,Sedge,Kiln,Fan
2025-09-20,KEF-1,24.532987834411134,0,Sedge,Kiln,Fan
2025-09-21,KEF-1,22.103011876085226,0,Sedge,Kiln,Fan
2025-09-22,KEF-1,21.985397142137508,0,Sedge,Kiln,Fan
2025-09-23,KEF-1,20.981020006002545,0,Sedge,Kiln,Fan
2025-09-24,KEF-1,19.564861175442182,0,Sedge,Kiln,Fan
2025-09-25,KEF-1,21.825984566939667,0,Sedge,Kiln,Fan
2025-09-26,KEF-1,19.950907410443126,0,Sedge,Kiln,Fan
2025-09-27,KEF-1,19.9608418806578,0,Sedge,Kiln,Fan
2025-09-28,KEF-1,21.547415000379726,0,Sedge,Kiln,Fan
2025-09-29,KEF-1,22.568816864192144,0,Sedge,Kiln,Fan
2025-09-30,KEF-1,20.64931496115318,0,Sedge,Kiln,Fan
2025-10-01,KEF-1,21.097350214161274,0,Sedge,Kiln,Fan
2025-10-02,KEF-1,16.57058467061023,0,Sedge,Kiln,Fan
2025-10-03,KEF-1,12.067957891486786,0,Sedge,Kiln,Fan
2025-10-04,KEF-1,11.078838807093655,0,Sedge,Kiln,Fan
2025-10-05,KEF-1,11.645845331919832,0,Sedge,Kiln,Fan
2025-10-06,KEF-1,11.427100599097662,0,Sedge,Kiln,Fan
2025-10-07,KEF-1,11.534411279818553,0,Sedge,Kiln,Fan
2025-10-08,KEF-1,10.80660113159493,0,Sedge,Kiln,Fan
2025-10-09,KEF-1,10.994810369854884,0,Sedge,Kiln,Fan
2025-10-10,KEF-1,11.022601886208836,0,Sedge,Kiln,Fan
2025-10-11,KEF-1,9.522451125692024,0,Sedge,Kiln,Fan
2025-10-12,KEF-1,8.472495836809443,0,Sedge,Kiln,Fan
2025-10-13,KEF-1,9.31080466574597,0,Sedge,Kiln,Fan
2025-10-14,KEF-1,10.327287717582362,0,Sedge,Kiln,Fan
2025-10-15,KEF-1,10.091215234587162,0,Sedge,Kiln,Fan
2025-10-16,KEF-1,9.528001967264288,0,Sedge,Kiln,Fan
2025-10-17,KEF-1,8.433921459649207,0,Sedge,Kiln,Fan
2025-10-18,KEF-1,10.222774062473547,0,Sedge,Kiln,Fan
2025-10-19,KEF-1,9.447135007341107,0,Sedge,Kiln,Fan
2025-10-20,KEF-1,9.315881396590553,0,Sedge,Kiln,Fan
2025-10-21,KEF-1,7.613444545489395,0,Sedge,Kiln,Fan
2025-10-22,KEF-1,9.34188105420563,0,Sedge,Kiln,Fan
2025-10-23,KEF-1,8.193434235134976,0,Sedge,Kiln,Fan
2025-10-24,KEF-1,6.293153788005627,0,Sedge,Kiln,Fan
2025-10-25,KEF-1,7.804799919264591,0,Sedge,Kiln,Fan
2025-10-26,KEF-1,8.358507155405391,0,Sedge,Kiln,Fan
2025-10-27,KEF-1,7.821626839382317,0,Sedge,Kiln,Fan
2025-10-28,KEF-1,7.8881325793619785,0,Sedge,Kiln,Fan
2025-10-29,KEF-1,7.3962828141849135,0,Sedge,Kiln,Fan
2025-10-30,KEF-1,6.639777586096343,0,Sedge,Kiln,Fan
2025-10-31,KEF-1,6.291818383971123,0,Sedge,Kiln,Fan
2025-11-01,KEF-1,6.316722249842957,0,Sedge,Kiln,Fan
2025-11-02,KEF-1,12.338379487537875,0,Sedge,Kiln,Fan
2025-07-01,KER-1,29.988977213994517,671.931874,Sedge,Kiln,Riparian
2025-07-02,KER-1,29.315017356330557,679.437398,Sedge,Kiln,Riparian
2025-07-03,KER-1,28.883711885021096,683.500689,Sedge,Kiln,Riparian
2025-07-04,KER-1,26.746315564932388,686.470759,Sedge,Kiln,Riparian
2025-07-05,KER-1,26.31196520566631,684.585796,Sedge,Kiln,Riparian
2025-07-06,KER-1,27.89876481044484,687.467993,Sedge,Kiln,Riparian
2025-07-07,KER-1,28.364686678294557,693.344284,Sedge,Kiln,Riparian
2025-07-08,KER-1,28.968155022312835,701.343461,Sedge,Kiln,Riparian
2025-07-09,KER-1,27.905572245569065,706.995957,Sedge,Kiln,Riparian
2025-07-10,KER-1,27.4956427171613,705.923086,Sedge,Kiln,Riparian
2025-07-11,KER-1,29.237915867940753,708.304653,Sedge,Kiln,Riparian
2025-07-12,KER-1,29.768606731237103,716.514989,Sedge,Kiln,Riparian
2025-07-13,KER-1,30.99879416889025,725.687448,Sedge,Kiln,Riparian
2025-07-14,KER-1,31.20674690331838,737.152365,Sedge,Kiln,Riparian
2025-07-15,KER-1,28.589050142517014,738.2957719999999,Sedge,Kiln,Riparian
2025-07-16,KER-1,28.96219579964879,740.030564,Sedge,Kiln,Riparian
2025-07-17,KER-1,28.9801536631881,744.82836,Sedge,Kiln,Riparian
2025-07-18,KER-1,27.582511398197745,747.396292,Sedge,Kiln,Riparian
2025-07-19,KER-1,27.597389802471415,749.129568,Sedge,Kiln,Riparian
2025-07-20,KER-1,27.28440849260743,752.461179,Sedge,Kiln,Riparian
2025-07-21,KER-1,27.011288447896995,756.250579,Sedge,Kiln,Riparian
2025-07-22,KER-1,28.561259978791107,765.388277,Sedge,Kiln,Riparian
2025-07-23,KER-1,26.968543052545368,758.180873,Sedge,Kiln,Riparian
2025-07-24,KER-1,28.849779007180725,755.020958,Sedge,Kiln,Riparian
2025-07-25,KER-1,29.181173102155373,758.70875,Sedge,Kiln,Riparian
2025-07-26,KER-1,28.04183135509295,754.836875,Sedge,Kiln,Riparian
2025-07-27,KER-1,28.165959755119236,754.096817,Sedge,Kiln,Riparian
2025-07-28,KER-1,27.80876542901695,762.008884,Sedge,Kiln,Riparian
2025-07-29,KER-1,28.182205934303845,775.711177,Sedge,Kiln,Riparian
2025-07-30,KER-1,28.738278887763705,793.229024,Sedge,Kiln,Riparian
2025-07-31,KER-1,27.357581292028645,801.107158,Sedge,Kiln,Riparian
2025-08-01,KER-1,27.78126469123911,807.571156,Sedge,Kiln,Riparian
2025-08-02,KER-1,25.845024928287923,817.321688,Sedge,Kiln,Riparian
2025-08-03,KER-1,25.352777333264477,822.409113,Sedge,Kiln,Riparian
2025-08-04,KER-1,25.565485662646577,825.159437,Sedge,Kiln,Riparian
2025-08-05,KER-1,25.22002246387978,831.869544,Sedge,Kiln,Riparian
2025-08-06,KER-1,26.063245289692375,840.577055,Sedge,Kiln,Riparian
2025-08-07,KER-1,26.81217438902254,862.915033,Sedge,Kiln,Riparian
2025-08-08,KER-1,27.74331209153264,877.043065,Sedge,Kiln,Riparian
2025-08-09,KER-1,27.330571772430435,905.743541,Sedge,Kiln,Riparian
2025-08-10,KER-1,27.2935609383383,934.361609,Sedge,Kiln,Riparian
2025-08-11,KER-1,27.639984704323354,943.816724,Sedge,Kiln,Riparian
2025-08-12,KER-1,27.871612745538236,969.388026,Sedge,Kiln,Riparian
2025-08-13,KER-1,25.20147644915389,984.851529,Sedge,Kiln,Riparian
2025-08-14,KER-1,24.785831844819487,1007.692357,Sedge,Kiln,Riparian
2025-08-15,KER-1,26.058555069467516,1018.708815,Sedge,Kiln,Riparian
2025-08-16,KER-1,26.35917958941824,1053.341338,Sedge,Kiln,Riparian
2025-08-17,KER-1,27.4546431306607,1055.336629,Sedge,Kiln,Riparian
2025-08-18,KER-1,25.953327799218,1093.6639499999999,Sedge,Kiln,Riparian
2025-08-19,KER-1,25.22615783352922,1097.667695,Sedge,Kiln,Riparian
2025-08-20,KER-1,23.817502476753422,1109.064003,Sedge,Kiln,Riparian
2025-08-21,KER-1,24.80669699265383,1175.467157,Sedge,Kiln,Riparian
2025-08-22,KER-1,27.03584707254751,1203.746082,Sedge,Kiln,Riparian
2025-08-23,KER-1,28.64105167241433,1257.5693,Sedge,Kiln,Riparian
2025-08-24,KER-1,29.60629863943145,1242.76557,Sedge,Kiln,Riparian
2025-08-25,KER-1,29.26831799975388,721.051482,Sedge,Kiln,Riparian
2025-08-26,KER-1,30.274848184432553,147.9219167,Sedge,Kiln,Riparian
2025-08-27,KER-1,30.20485479133757,136.7694058,Sedge,Kiln,Riparian
2025-08-28,KER-1,21.619527974604168,42.866732999999996,Sedge,Kiln,Riparian
2025-08-29,KER-1,26.662175781098984,0,Sedge,Kiln,Riparian
2025-08-30,KER-1,26.93328861047661,0,Sedge,Kiln,Riparian
2025-08-31,KER-1,26.648249163113242,0,Sedge,Kiln,Riparian
2025-09-01,KER-1,26.586044680674377,0,Sedge,Kiln,Riparian
2025-09-02,KER-1,27.062222103983054,0,Sedge,Kiln,Riparian
2025-09-03,KER-1,29.232880291628856,0,Sedge,Kiln,Riparian
2025-09-04,KER-1,27.189451892733814,0,Sedge,Kiln,Riparian
2025-09-05,KER-1,25.0922037626393,0,Sedge,Kiln,Riparian
2025-09-06,KER-1,25.695215871825745,0,Sedge,Kiln,Riparian
2025-09-07,KER-1,24.900020625464876,0,Sedge,Kiln,Riparian
2025-09-08,KER-1,24.74003193366598,0,Sedge,Kiln,Riparian
2025-09-09,KER-1,26.668589822293274,0,Sedge,Kiln,Riparian
2025-09-10,KER-1,23.827075612258824,0,Sedge,Kiln,Riparian
2025-09-11,KER-1,23.421283018353755,0,Sedge,Kiln,Riparian
2025-09-12,KER-1,24.064962331426376,0,Sedge,Kiln,Riparian
2025-09-13,KER-1,23.923442386114225,0,Sedge,Kiln,Riparian
2025-09-14,KER-1,22.475112390727894,0,Sedge,Kiln,Riparian
2025-09-15,KER-1,21.497965428388927,0,Sedge,Kiln,Riparian
2025-09-16,KER-1,22.207104308802933,0,Sedge,Kiln,Riparian
2025-09-17,KER-1,21.26230989916163,0,Sedge,Kiln,Riparian
2025-09-18,KER-1,22.39774912359834,0,Sedge,Kiln,Riparian
2025-09-19,KER-1,25.304833225214306,0,Sedge,Kiln,Riparian
2025-09-20,KER-1,23.876387809695476,0,Sedge,Kiln,Riparian
2025-09-21,KER-1,22.94749261405664,0,Sedge,Kiln,Riparian
2025-09-22,KER-1,21.682051738511618,0,Sedge,Kiln,Riparian
2025-09-23,KER-1,19.882850112566615,0,Sedge,Kiln,Riparian
2025-09-24,KER-1,18.645198321282557,0,Sedge,Kiln,Riparian
2025-09-25,KER-1,21.67614015230061,0,Sedge,Kiln,Riparian
2025-09-26,KER-1,19.430686888415217,0,Sedge,Kiln,Riparian
2025-09-27,KER-1,18.5334170941543,0,Sedge,Kiln,Riparian
2025-09-28,KER-1,20.72608391203539,0,Sedge,Kiln,Riparian
2025-09-29,KER-1,22.64494745740508,0,Sedge,Kiln,Riparian
2025-09-30,KER-1,20.550822445334752,0,Sedge,Kiln,Riparian
2025-10-01,KER-1,21.585271999455937,0,Sedge,Kiln,Riparian
2025-10-02,KER-1,16.11584612885019,0,Sedge,Kiln,Riparian
2025-10-03,KER-1,12.336615004580606,0,Sedge,Kiln,Riparian
2025-10-04,KER-1,10.795898301596193,0,Sedge,Kiln,Riparian
2025-10-05,KER-1,11.385381677195141,0,Sedge,Kiln,Riparian
2025-10-06,KER-1,10.976043605139761,0,Sedge,Kiln,Riparian
2025-10-07,KER-1,11.518526313672297,0,Sedge,Kiln,Riparian
2025-10-08,KER-1,10.267276481783533,0,Sedge,Kiln,Riparian
2025-10-09,KER-1,10.625928135224504,0,Sedge,Kiln,Riparian
2025-10-10,KER-1,10.581482688132859,0,Sedge,Kiln,Riparian
2025-10-11,KER-1,9.328912384672366,0,Sedge,Kiln,Riparian
2025-10-12,KER-1,7.775355292387391,0,Sedge,Kiln,Riparian
2025-10-13,KER-1,9.844424734079896,0,Sedge,Kiln,Riparian
2025-10-14,KER-1,10.046094066119768,0,Sedge,Kiln,Riparian
2025-10-15,KER-1,9.91007702605555,0,Sedge,Kiln,Riparian
2025-10-16,KER-1,8.791049001695283,0,Sedge,Kiln,Riparian
2025-10-17,KER-1,7.875100957852919,0,Sedge,Kiln,Riparian
2025-10-18,KER-1,9.166326056164504,0,Sedge,Kiln,Riparian
2025-10-19,KER-1,8.599447672343535,0,Sedge,Kiln,Riparian
2025-10-20,KER-1,8.778047083037372,0,Sedge,Kiln,Riparian
2025-10-21,KER-1,6.685067843562134,0,Sedge,Kiln,Riparian
2025-10-22,KER-1,8.664389537465492,0,Sedge,Kiln,Riparian
2025-10-23,KER-1,7.090301400110607,0,Sedge,Kiln,Riparian
2025-10-24,KER-1,4.911738842384361,0,Sedge,Kiln,Riparian
2025-10-25,KER-1,7.784461698489649,0,Sedge,Kiln,Riparian
2025-10-26,KER-1,8.720621072204509,0,Sedge,Kiln,Riparian
2025-10-27,KER-1,5.464940995960697,0,Sedge,Kiln,Riparian
2025-10-28,KER-1,6.5316263543061455,0,Sedge,Kiln,Riparian
2025-10-29,KER-1,5.47967309240448,0,Sedge,Kiln,Riparian
2025-10-30,KER-1,4.4186533633774685,0,Sedge,Kiln,Riparian
2025-10-31,KER-1,4.210898041824598,0,Sedge,Kiln,Riparian
2025-11-01,KER-1,2.006083353599062,0,Sedge,Kiln,Riparian
2025-11-02,KER-1,11.940883415288015,0,Sedge,Kiln,Riparian
2025-07-01,KET-1,30.17750817735779,671.931874,Sedge,Kiln,Terrace
2025-07-02,KET-1,29.851199601559117,679.437398,Sedge,Kiln,Terrace
2025-07-03,KET-1,28.120021281371276,683.500689,Sedge,Kiln,Terrace
2025-07-04,KET-1,26.45602794824254,686.470759,Sedge,Kiln,Terrace
2025-07-05,KET-1,26.6555095352705,684.585796,Sedge,Kiln,Terrace
2025-07-06,KET-1,28.225441522580688,687.467993,Sedge,Kiln,Terrace
2025-07-07,KET-1,28.75705278281164,693.344284,Sedge,Kiln,Terrace
2025-07-08,KET-1,28.462884181718866,701.343461,Sedge,Kiln,Terrace
2025-07-09,KET-1,27.535848259299925,706.995957,Sedge,Kiln,Terrace
2025-07-10,KET-1,28.553682317456513,705.923086,Sedge,Kiln,Terrace
2025-07-11,KET-1,29.811488783851228,708.304653,Sedge,Kiln,Terrace
2025-07-12,KET-1,30.570702688444854,716.514989,Sedge,Kiln,Terrace
2025-07-13,KET-1,31.058433037616,725.687448,Sedge,Kiln,Terrace
2025-07-14,KET-1,30.866925759353812,737.152365,Sedge,Kiln,Terrace
2025-07-15,KET-1,28.03629858100055,738.2957719999999,Sedge,Kiln,Terrace
2025-07-16,KET-1,28.72341695610301,740.030564,Sedge,Kiln,Terrace
2025-07-17,KET-1,28.751824900702772,744.82836,Sedge,Kiln,Terrace
2025-07-18,KET-1,27.073597754794697,747.396292,Sedge,Kiln,Terrace
2025-07-19,KET-1,27.29658272191644,749.129568,Sedge,Kiln,Terrace
2025-07-20,KET-1,27.2867555350166,752.461179,Sedge,Kiln,Terrace
2025-07-21,KET-1,26.463159880455983,756.250579,Sedge,Kiln,Terrace
2025-07-22,KET-1,28.5070713221001,765.388277,Sedge,Kiln,Terrace
2025-07-23,KET-1,27.338327164458263,758.180873,Sedge,Kiln,Terrace
2025-07-24,KET-1,29.157086390076778,755.020958,Sedge,Kiln,Terrace
2025-07-25,KET-1,29.889834474515617,758.70875,Sedge,Kiln,Terrace
2025-07-26,KET-1,28.429779193439717,754.836875,Sedge,Kiln,Terrace
2025-07-27,KET-1,27.387451618348262,754.096817,Sedge,Kiln,Terrace
2025-07-28,KET-1,27.31102483877972,762.008884,Sedge,Kiln,Terrace
2025-07-29,KET-1,28.03547210937452,775.711177,Sedge,Kiln,Terrace
2025-07-30,KET-1,28.510790369598443,793.229024,Sedge,Kiln,Terrace
2025-07-31,KET-1,26.87032691317614,801.107158,Sedge,Kiln,Terrace
2025-08-01,KET-1,27.41384884250365,807.571156,Sedge,Kiln,Terrace
2025-08-02,KET-1,25.165559343027017,817.321688,Sedge,Kiln,Terrace
2025-08-03,KET-1,24.34532567454644,822.409113,Sedge,Kiln,Terrace
2025-08-04,KET-1,25.288783710442324,825.159437,Sedge,Kiln,Terrace
2025-08-05,KET-1,24.66655867280274,831.869544,Sedge,Kiln,Terrace
2025-08-06,KET-1,25.793564622452916,840.577055,Sedge,Kiln,Terrace
2025-08-07,KET-1,26.35231527668726,862.915033,Sedge,Kiln,Terrace
2025-08-08,KET-1,27.372920951690304,877.043065,Sedge,Kiln,Terrace
2025-08-09,KET-1,28.707439376251127,905.743541,Sedge,Kiln,Terrace
2025-08-10,KET-1,27.54820593658776,934.361609,Sedge,Kiln,Terrace
2025-08-11,KET-1,27.974347434794467,943.816724,Sedge,Kiln,Terrace
2025-08-12,KET-1,27.701656170542165,969.388026,Sedge,Kiln,Terrace
2025-08-13,KET-1,24.31810432009854,984.851529,Sedge,Kiln,Terrace
2025-08-14,KET-1,23.888383248925628,1007.692357,Sedge,Kiln,Terrace
2025-08-15,KET-1,25.952743081489213,1018.708815,Sedge,Kiln,Terrace
2025-08-16,KET-1,26.631394492952055,1053.341338,Sedge,Kiln,Terrace
2025-08-17,KET-1,27.044989003750924,1055.336629,Sedge,Kiln,Terrace
2025-08-18,KET-1,25.477823568106864,1093.6639499999999,Sedge,Kiln,Terrace
2025-08-19,KET-1,24.792375712251566,1097.667695,Sedge,Kiln,Terrace
2025-08-20,KET-1,22.84271858703692,1109.064003,Sedge,Kiln,Terrace
2025-08-21,KET-1,23.876779221489272,1175.467157,Sedge,Kiln,Terrace
2025-08-22,KET-1,25.641504666829952,1203.746082,Sedge,Kiln,Terrace
2025-08-23,KET-1,28.305052037517456,1257.5693,Sedge,Kiln,Terrace
2025-08-24,KET-1,29.58931334881906,1242.76557,Sedge,Kiln,Terrace
2025-08-25,KET-1,29.88782859294615,721.051482,Sedge,Kiln,Terrace
2025-08-26,KET-1,29.92819659635544,147.9219167,Sedge,Kiln,Terrace
2025-08-27,KET-1,29.453681424263554,136.7694058,Sedge,Kiln,Terrace
2025-08-28,KET-1,21.475963941925425,42.866732999999996,Sedge,Kiln,Terrace
2025-08-29,KET-1,26.690840806015718,0,Sedge,Kiln,Terrace
2025-08-30,KET-1,26.799343436135928,0,Sedge,Kiln,Terrace
2025-08-31,KET-1,26.308988454420135,0,Sedge,Kiln,Terrace
2025-09-01,KET-1,25.911199569532315,0,Sedge,Kiln,Terrace
2025-09-02,KET-1,27.676195799193398,0,Sedge,Kiln,Terrace
2025-09-03,KET-1,29.326615084474742,0,Sedge,Kiln,Terrace
2025-09-04,KET-1,27.148592119321027,0,Sedge,Kiln,Terrace
2025-09-05,KET-1,24.863183353595595,0,Sedge,Kiln,Terrace
2025-09-06,KET-1,26.006229003397614,0,Sedge,Kiln,Terrace
2025-09-07,KET-1,24.033038501072273,0,Sedge,Kiln,Terrace
2025-09-08,KET-1,24.331555697084603,0,Sedge,Kiln,Terrace
2025-09-09,KET-1,27.029179078153554,0,Sedge,Kiln,Terrace
2025-09-10,KET-1,24.284363244977555,0,Sedge,Kiln,Terrace
2025-09-11,KET-1,23.403184905167873,0,Sedge,Kiln,Terrace
2025-09-12,KET-1,24.73613708033852,0,Sedge,Kiln,Terrace
2025-09-13,KET-1,24.42856047679374,0,Sedge,Kiln,Terrace
2025-09-14,KET-1,22.20955100859607,0,Sedge,Kiln,Terrace
2025-09-15,KET-1,21.081301453791497,0,Sedge,Kiln,Terrace
2025-09-16,KET-1,22.145356280870654,0,Sedge,Kiln,Terrace
2025-09-17,KET-1,21.691958890753856,0,Sedge,Kiln,Terrace
2025-09-18,KET-1,22.352756795077998,0,Sedge,Kiln,Terrace
2025-09-19,KET-1,26.803269460076567,0,Sedge,Kiln,Terrace
2025-09-20,KET-1,23.711346838181754,0,Sedge,Kiln,Terrace
2025-09-21,KET-1,21.468870661419288,0,Sedge,Kiln,Terrace
2025-09-22,KET-1,21.880234024902144,0,Sedge,Kiln,Terrace
2025-09-23,KET-1,20.300014364966156,0,Sedge,Kiln,Terrace
2025-09-24,KET-1,19.71435520424707,0,Sedge,Kiln,Terrace
2025-09-25,KET-1,21.650009546099465,0,Sedge,Kiln,Terrace
2025-09-26,KET-1,19.376113843939052,0,Sedge,Kiln,Terrace
2025-09-27,KET-1,18.86462858257359,0,Sedge,Kiln,Terrace
2025-09-28,KET-1,21.192698373544374,0,Sedge,Kiln,Terrace
2025-09-29,KET-1,22.88080016231495,0,Sedge,Kiln,Terrace
2025-09-30,KET-1,20.49827719140468,0,Sedge,Kiln,Terrace
2025-10-01,KET-1,21.426934483906493,0,Sedge,Kiln,Terrace
2025-10-02,KET-1,16.398591813788993,0,Sedge,Kiln,Terrace
2025-10-03,KET-1,11.868162148051171,0,Sedge,Kiln,Terrace
2025-10-04,KET-1,10.906575393217139,0,Sedge,Kiln,Terrace
2025-10-05,KET-1,11.609592264469232,0,Sedge,Kiln,Terrace
2025-10-06,KET-1,11.284237877047525,0,Sedge,Kiln,Terrace
2025-10-07,KET-1,11.728279295063405,0,Sedge,Kiln,Terrace
2025-10-08,KET-1,10.557941072536815,0,Sedge,Kiln,Terrace
2025-10-09,KET-1,11.030748483176396,0,Sedge,Kiln,Terrace
2025-10-10,KET-1,10.624064059357773,0,Sedge,Kiln,Terrace
2025-10-11,KET-1,9.500071173909136,0,Sedge,Kiln,Terrace
2025-10-12,KET-1,7.778896808978454,0,Sedge,Kiln,Terrace
2025-10-13,KET-1,9.237594738194085,0,Sedge,Kiln,Terrace
2025-10-14,KET-1,10.417940441189897,0,Sedge,Kiln,Terrace
2025-10-15,KET-1,10.247748089967832,0,Sedge,Kiln,Terrace
2025-10-16,KET-1,9.056699004138775,0,Sedge,Kiln,Terrace
2025-10-17,KET-1,7.925815041052206,0,Sedge,Kiln,Terrace
2025-10-18,KET-1,9.49179300640443,0,Sedge,Kiln,Terrace
2025-10-19,KET-1,8.959557859688092,0,Sedge,Kiln,Terrace
2025-10-20,KET-1,8.948690224097254,0,Sedge,Kiln,Terrace
2025-10-21,KET-1,7.019266854805802,0,Sedge,Kiln,Terrace
2025-10-22,KET-1,9.261475855973286,0,Sedge,Kiln,Terrace
2025-10-23,KET-1,7.247302036666443,0,Sedge,Kiln,Terrace
2025-10-24,KET-1,5.22930815743991,0,Sedge,Kiln,Terrace
2025-10-25,KET-1,7.687546069628307,0,Sedge,Kiln,Terrace
2025-10-26,KET-1,8.47030687208959,0,Sedge,Kiln,Terrace
2025-10-27,KET-1,6.1429676860677365,0,Sedge,Kiln,Terrace
2025-10-28,KET-1,7.185579428718783,0,Sedge,Kiln,Terrace
2025-10-29,KET-1,5.959564754113143,0,Sedge,Kiln,Terrace
2025-10-30,KET-1,5.244928391882154,0,Sedge,Kiln,Terrace
2025-10-31,KET-1,4.868959391949789,0,Sedge,Kiln,Terrace
2025-11-01,KET-1,3.030721007165105,0,Sedge,Kiln,Terrace
2025-11-02,KET-1,12.16852909804081,0,Sedge,Kiln,Terrace
2025-07-01,KHF-1,29.40080125163018,671.931874,Herbaceous,Kiln,Fan
2025-07-02,KHF-1,29.19936817744134,679.437398,Herbaceous,Kiln,Fan
2025-07-03,KHF-1,28.299177855791566,683.500689,Herbaceous,Kiln,Fan
2025-07-04,KHF-1,26.800764032726228,686.470759,Herbaceous,Kiln,Fan
2025-07-05,KHF-1,26.50782502582354,684.585796,Herbaceous,Kiln,Fan
2025-07-06,KHF-1,27.70072902849052,687.467993,Herbaceous,Kiln,Fan
2025-07-07,KHF-1,28.780136934638787,693.344284,Herbaceous,Kiln,Fan
2025-07-08,KHF-1,28.13927696533942,701.343461,Herbaceous,Kiln,Fan
2025-07-09,KHF-1,27.469169036474717,706.995957,Herbaceous,Kiln,Fan
2025-07-10,KHF-1,28.404663946019554,705.923086,Herbaceous,Kiln,Fan
2025-07-11,KHF-1,29.65246971212046,708.304653,Herbaceous,Kiln,Fan
2025-07-12,KHF-1,30.193979294298398,716.514989,Herbaceous,Kiln,Fan
2025-07-13,KHF-1,30.185945479824884,725.687448,Herbaceous,Kiln,Fan
2025-07-14,KHF-1,30.646585712133064,737.152365,Herbaceous,Kiln,Fan
2025-07-15,KHF-1,27.64582335145197,738.2957719999999,Herbaceous,Kiln,Fan
2025-07-16,KHF-1,28.28159977410447,740.030564,Herbaceous,Kiln,Fan
2025-07-17,KHF-1,28.61919575283493,744.82836,Herbaceous,Kiln,Fan
2025-07-18,KHF-1,27.1309802157973,747.396292,Herbaceous,Kiln,Fan
2025-07-19,KHF-1,27.367748952257053,749.129568,Herbaceous,Kiln,Fan
2025-07-20,KHF-1,27.10655155324096,752.461179,Herbaceous,Kiln,Fan
2025-07-21,KHF-1,27.02952373269173,756.250579,Herbaceous,Kiln,Fan
2025-07-22,KHF-1,27.932190805487146,765.388277,Herbaceous,Kiln,Fan
2025-07-23,KHF-1,27.64206211083535,758.180873,Herbaceous,Kiln,Fan
2025-07-24,KHF-1,28.59541699166711,755.020958,Herbaceous,Kiln,Fan
2025-07-25,KHF-1,28.762890452493174,758.70875,Herbaceous,Kiln,Fan
2025-07-26,KHF-1,27.72162282382035,754.836875,Herbaceous,Kiln,Fan
2025-07-27,KHF-1,28.713258388229217,754.096817,Herbaceous,Kiln,Fan
2025-07-28,KHF-1,27.22364863942754,762.008884,Herbaceous,Kiln,Fan
2025-07-29,KHF-1,27.839608173148704,775.711177,Herbaceous,Kiln,Fan
2025-07-30,KHF-1,28.227093138040196,793.229024,Herbaceous,Kiln,Fan
2025-07-31,KHF-1,26.462253853248097,801.107158,Herbaceous,Kiln,Fan
2025-08-01,KHF-1,26.700208782359088,807.571156,Herbaceous,Kiln,Fan
2025-08-02,KHF-1,25.306232727914107,817.321688,Herbaceous,Kiln,Fan
2025-08-03,KHF-1,24.161984850248995,822.409113,Herbaceous,Kiln,Fan
2025-08-04,KHF-1,25.251438788703695,825.159437,Herbaceous,Kiln,Fan
2025-08-05,KHF-1,24.62060337890457,831.869544,Herbaceous,Kiln,Fan
2025-08-06,KHF-1,25.68445085251044,840.577055,Herbaceous,Kiln,Fan
2025-08-07,KHF-1,26.079590313341676,862.915033,Herbaceous,Kiln,Fan
2025-08-08,KHF-1,26.784293553830654,877.043065,Herbaceous,Kiln,Fan
2025-08-09,KHF-1,27.362864736154435,905.743541,Herbaceous,Kiln,Fan
2025-08-10,KHF-1,26.825674418979013,934.361609,Herbaceous,Kiln,Fan
2025-08-11,KHF-1,27.12827880271017,943.816724,Herbaceous,Kiln,Fan
2025-08-12,KHF-1,27.026959746317743,969.388026,Herbaceous,Kiln,Fan
2025-08-13,KHF-1,24.632605340546515,984.851529,Herbaceous,Kiln,Fan
2025-08-14,KHF-1,23.470099850962544,1007.692357,Herbaceous,Kiln,Fan
2025-08-15,KHF-1,25.206682012310466,1018.708815,Herbaceous,Kiln,Fan
2025-08-16,KHF-1,26.34485787142264,1053.341338,Herbaceous,Kiln,Fan
2025-08-17,KHF-1,27.20776754528767,1055.336629,Herbaceous,Kiln,Fan
2025-08-18,KHF-1,25.59687739400618,1093.6639499999999,Herbaceous,Kiln,Fan
2025-08-19,KHF-1,24.0525985436231,1097.667695,Herbaceous,Kiln,Fan
2025-08-20,KHF-1,21.734034461668195,1109.064003,Herbaceous,Kiln,Fan
2025-08-21,KHF-1,23.502765214962263,1175.467157,Herbaceous,Kiln,Fan
2025-08-22,KHF-1,25.002727200836247,1203.746082,Herbaceous,Kiln,Fan
2025-08-23,KHF-1,27.09995891931765,1257.5693,Herbaceous,Kiln,Fan
2025-08-24,KHF-1,29.24291203513024,1242.76557,Herbaceous,Kiln,Fan
2025-08-25,KHF-1,29.40999483174403,721.051482,Herbaceous,Kiln,Fan
2025-08-26,KHF-1,28.739558384703262,147.9219167,Herbaceous,Kiln,Fan
2025-08-27,KHF-1,29.32524886037259,136.7694058,Herbaceous,Kiln,Fan
2025-08-28,KHF-1,20.86463669810702,42.866732999999996,Herbaceous,Kiln,Fan
2025-08-29,KHF-1,26.179859101990147,0,Herbaceous,Kiln,Fan
2025-08-30,KHF-1,25.328597395293677,0,Herbaceous,Kiln,Fan
2025-08-31,KHF-1,25.308880006002894,0,Herbaceous,Kiln,Fan
2025-09-01,KHF-1,25.95423774981505,0,Herbaceous,Kiln,Fan
2025-09-02,KHF-1,27.379174838531068,0,Herbaceous,Kiln,Fan
2025-09-03,KHF-1,29.113563921145516,0,Herbaceous,Kiln,Fan
2025-09-04,KHF-1,25.95452119478237,0,Herbaceous,Kiln,Fan
2025-09-05,KHF-1,24.40838901552416,0,Herbaceous,Kiln,Fan
2025-09-06,KHF-1,25.621608253811296,0,Herbaceous,Kiln,Fan
2025-09-07,KHF-1,23.91337703139983,0,Herbaceous,Kiln,Fan
2025-09-08,KHF-1,24.41648622122759,0,Herbaceous,Kiln,Fan
2025-09-09,KHF-1,26.63585516110895,0,Herbaceous,Kiln,Fan
2025-09-10,KHF-1,23.032859439753796,0,Herbaceous,Kiln,Fan
2025-09-11,KHF-1,22.95366415389305,0,Herbaceous,Kiln,Fan
2025-09-12,KHF-1,23.82144642563659,0,Herbaceous,Kiln,Fan
2025-09-13,KHF-1,24.20731986245876,0,Herbaceous,Kiln,Fan
2025-09-14,KHF-1,22.143653532791838,0,Herbaceous,Kiln,Fan
2025-09-15,KHF-1,20.659455226552616,0,Herbaceous,Kiln,Fan
2025-09-16,KHF-1,21.34701046522032,0,Herbaceous,Kiln,Fan
2025-09-17,KHF-1,21.152046750508077,0,Herbaceous,Kiln,Fan
2025-09-18,KHF-1,22.139144167981033,0,Herbaceous,Kiln,Fan
2025-09-19,KHF-1,25.67139919035146,0,Herbaceous,Kiln,Fan
2025-09-20,KHF-1,23.879631676011112,0,Herbaceous,Kiln,Fan
2025-09-21,KHF-1,21.524797848314456,0,Herbaceous,Kiln,Fan
2025-09-22,KHF-1,21.084413867390428,0,Herbaceous,Kiln,Fan
2025-09-23,KHF-1,19.312596776962984,0,Herbaceous,Kiln,Fan
2025-09-24,KHF-1,19.076091517278485,0,Herbaceous,Kiln,Fan
2025-09-25,KHF-1,21.6014321679465,0,Herbaceous,Kiln,Fan
2025-09-26,KHF-1,19.21679299948896,0,Herbaceous,Kiln,Fan
2025-09-27,KHF-1,18.60521045365686,0,Herbaceous,Kiln,Fan
2025-09-28,KHF-1,21.02552029218631,0,Herbaceous,Kiln,Fan
2025-09-29,KHF-1,21.989459424819504,0,Herbaceous,Kiln,Fan
2025-09-30,KHF-1,20.63745701005936,0,Herbaceous,Kiln,Fan
2025-10-01,KHF-1,21.103868459222678,0,Herbaceous,Kiln,Fan
2025-10-02,KHF-1,16.9925453295941,0,Herbaceous,Kiln,Fan
2025-10-03,KHF-1,11.999297166412042,0,Herbaceous,Kiln,Fan
2025-10-04,KHF-1,11.008419008486463,0,Herbaceous,Kiln,Fan
2025-10-05,KHF-1,11.701044503479459,0,Herbaceous,Kiln,Fan
2025-10-06,KHF-1,11.385225020703022,0,Herbaceous,Kiln,Fan
2025-10-07,KHF-1,11.412267323809381,0,Herbaceous,Kiln,Fan
2025-10-08,KHF-1,10.505271821628948,0,Herbaceous,Kiln,Fan
2025-10-09,KHF-1,10.729852102203491,0,Herbaceous,Kiln,Fan
2025-10-10,KHF-1,10.830267759782513,0,Herbaceous,Kiln,Fan
2025-10-11,KHF-1,9.338023491244192,0,Herbaceous,Kiln,Fan
2025-10-12,KHF-1,8.012283064162414,0,Herbaceous,Kiln,Fan
2025-10-13,KHF-1,9.242808705522648,0,Herbaceous,Kiln,Fan
2025-10-14,KHF-1,10.297133738355248,0,Herbaceous,Kiln,Fan
2025-10-15,KHF-1,10.180448660181526,0,Herbaceous,Kiln,Fan
2025-10-16,KHF-1,9.760492714154761,0,Herbaceous,Kiln,Fan
2025-10-17,KHF-1,8.744525618544435,0,Herbaceous,Kiln,Fan
2025-10-18,KHF-1,9.536809212020277,0,Herbaceous,Kiln,Fan
2025-10-19,KHF-1,8.96888296475078,0,Herbaceous,Kiln,Fan
2025-10-20,KHF-1,9.627178425913323,0,Herbaceous,Kiln,Fan
2025-10-21,KHF-1,7.272827372988372,0,Herbaceous,Kiln,Fan
2025-10-22,KHF-1,9.111585145278388,0,Herbaceous,Kiln,Fan
2025-10-23,KHF-1,8.09811848366783,0,Herbaceous,Kiln,Fan
2025-10-24,KHF-1,5.938362847558952,0,Herbaceous,Kiln,Fan
2025-10-25,KHF-1,7.642124787490426,0,Herbaceous,Kiln,Fan
2025-10-26,KHF-1,8.373585350511872,0,Herbaceous,Kiln,Fan
2025-10-27,KHF-1,6.5796624172970235,0,Herbaceous,Kiln,Fan
2025-10-28,KHF-1,8.234149911179362,0,Herbaceous,Kiln,Fan
2025-10-29,KHF-1,6.981575584034207,0,Herbaceous,Kiln,Fan
2025-10-30,KHF-1,5.859913800001725,0,Herbaceous,Kiln,Fan
2025-10-31,KHF-1,6.435589307592275,0,Herbaceous,Kiln,Fan
2025-11-01,KHF-1,6.295230420113415,0,Herbaceous,Kiln,Fan
2025-11-02,KHF-1,12.373575220760946,0,Herbaceous,Kiln,Fan
2025-07-01,KHR-1,29.251617998645717,671.931874,Herbaceous,Kiln,Riparian
2025-07-02,KHR-1,29.536991209054367,679.437398,Herbaceous,Kiln,Riparian
2025-07-03,KHR-1,27.624871925454826,683.500689,Herbaceous,Kiln,Riparian
2025-07-04,KHR-1,26.02903732674121,686.470759,Herbaceous,Kiln,Riparian
2025-07-05,KHR-1,26.53605115348899,684.585796,Herbaceous,Kiln,Riparian
2025-07-06,KHR-1,27.92570190251197,687.467993,Herbaceous,Kiln,Riparian
2025-07-07,KHR-1,28.44022935679431,693.344284,Herbaceous,Kiln,Riparian
2025-07-08,KHR-1,27.92072429673142,701.343461,Herbaceous,Kiln,Riparian
2025-07-09,KHR-1,27.421192115750006,706.995957,Herbaceous,Kiln,Riparian
2025-07-10,KHR-1,28.024574778378764,705.923086,Herbaceous,Kiln,Riparian
2025-07-11,KHR-1,29.761019930671385,708.304653,Herbaceous,Kiln,Riparian
2025-07-12,KHR-1,30.758753057929475,716.514989,Herbaceous,Kiln,Riparian
2025-07-13,KHR-1,31.122791240364037,725.687448,Herbaceous,Kiln,Riparian
2025-07-14,KHR-1,30.228172904013352,737.152365,Herbaceous,Kiln,Riparian
2025-07-15,KHR-1,27.696082666786683,738.2957719999999,Herbaceous,Kiln,Riparian
2025-07-16,KHR-1,27.93979511556508,740.030564,Herbaceous,Kiln,Riparian
2025-07-17,KHR-1,28.4288371777849,744.82836,Herbaceous,Kiln,Riparian
2025-07-18,KHR-1,27.051635725944266,747.396292,Herbaceous,Kiln,Riparian
2025-07-19,KHR-1,27.147100599003345,749.129568,Herbaceous,Kiln,Riparian
2025-07-20,KHR-1,26.781187713659865,752.461179,Herbaceous,Kiln,Riparian
2025-07-21,KHR-1,26.20873045939431,756.250579,Herbaceous,Kiln,Riparian
2025-07-22,KHR-1,27.945198393762478,765.388277,Herbaceous,Kiln,Riparian
2025-07-23,KHR-1,27.37556232751013,758.180873,Herbaceous,Kiln,Riparian
2025-07-24,KHR-1,28.620874000024777,755.020958,Herbaceous,Kiln,Riparian
2025-07-25,KHR-1,28.992532019280986,758.70875,Herbaceous,Kiln,Riparian
2025-07-26,KHR-1,27.695242078352067,754.836875,Herbaceous,Kiln,Riparian
2025-07-27,KHR-1,27.406003861886898,754.096817,Herbaceous,Kiln,Riparian
2025-07-28,KHR-1,27.089529654932726,762.008884,Herbaceous,Kiln,Riparian
2025-07-29,KHR-1,28.03184177163632,775.711177,Herbaceous,Kiln,Riparian
2025-07-30,KHR-1,28.43051328014757,793.229024,Herbaceous,Kiln,Riparian
2025-07-31,KHR-1,26.905458587008578,801.107158,Herbaceous,Kiln,Riparian
2025-08-01,KHR-1,26.868153158413364,807.571156,Herbaceous,Kiln,Riparian
2025-08-02,KHR-1,25.360029158907583,817.321688,Herbaceous,Kiln,Riparian
2025-08-03,KHR-1,24.26115390970607,822.409113,Herbaceous,Kiln,Riparian
2025-08-04,KHR-1,24.881805697288833,825.159437,Herbaceous,Kiln,Riparian
2025-08-05,KHR-1,24.61901168272353,831.869544,Herbaceous,Kiln,Riparian
2025-08-06,KHR-1,25.740510930993114,840.577055,Herbaceous,Kiln,Riparian
2025-08-07,KHR-1,25.74255140585851,862.915033,Herbaceous,Kiln,Riparian
2025-08-08,KHR-1,27.351342375561696,877.043065,Herbaceous,Kiln,Riparian
2025-08-09,KHR-1,28.160877572912597,905.743541,Herbaceous,Kiln,Riparian
2025-08-10,KHR-1,27.330016947110025,934.361609,Herbaceous,Kiln,Riparian
2025-08-11,KHR-1,28.028255718271193,943.816724,Herbaceous,Kiln,Riparian
2025-08-12,KHR-1,28.04393309303476,969.388026,Herbaceous,Kiln,Riparian
2025-08-13,KHR-1,25.059104447147586,984.851529,Herbaceous,Kiln,Riparian
2025-08-14,KHR-1,24.06234920427679,1007.692357,Herbaceous,Kiln,Riparian
2025-08-15,KHR-1,25.876774437150175,1018.708815,Herbaceous,Kiln,Riparian
2025-08-16,KHR-1,26.325478385144056,1053.341338,Herbaceous,Kiln,Riparian
2025-08-17,KHR-1,27.00017144162693,1055.336629,Herbaceous,Kiln,Riparian
2025-08-18,KHR-1,25.343395030400117,1093.6639499999999,Herbaceous,Kiln,Riparian
2025-08-19,KHR-1,24.58627898069012,1097.667695,Herbaceous,Kiln,Riparian
2025-08-20,KHR-1,23.385222393944996,1109.064003,Herbaceous,Kiln,Riparian
2025-08-21,KHR-1,23.670499419249527,1175.467157,Herbaceous,Kiln,Riparian
2025-08-22,KHR-1,26.489645126574867,1203.746082,Herbaceous,Kiln,Riparian
2025-08-23,KHR-1,28.15442116085779,1257.5693,Herbaceous,Kiln,Riparian
2025-08-24,KHR-1,29.238078465946142,1242.76557,Herbaceous,Kiln,Riparian
2025-08-25,KHR-1,30.210335911967963,721.051482,Herbaceous,Kiln,Riparian
2025-08-26,KHR-1,29.013570693552776,147.9219167,Herbaceous,Kiln,Riparian
2025-08-27,KHR-1,29.394503351340955,136.7694058,Herbaceous,Kiln,Riparian
2025-08-28,KHR-1,21.44116952504912,42.866732999999996,Herbaceous,Kiln,Riparian
2025-08-29,KHR-1,25.683925845026135,0,Herbaceous,Kiln,Riparian
2025-08-30,KHR-1,26.146870961835543,0,Herbaceous,Kiln,Riparian
2025-08-31,KHR-1,26.002347527787737,0,Herbaceous,Kiln,Riparian
2025-09-01,KHR-1,25.923864308207133,0,Herbaceous,Kiln,Riparian
2025-09-02,KHR-1,27.50557765799532,0,Herbaceous,Kiln,Riparian
2025-09-03,KHR-1,29.00342461772915,0,Herbaceous,Kiln,Riparian
2025-09-04,KHR-1,26.641660645945596,0,Herbaceous,Kiln,Riparian
2025-09-05,KHR-1,25.329354581599294,0,Herbaceous,Kiln,Riparian
2025-09-06,KHR-1,25.786054786003294,0,Herbaceous,Kiln,Riparian
2025-09-07,KHR-1,23.694199464181615,0,Herbaceous,Kiln,Riparian
2025-09-08,KHR-1,24.40090268917433,0,Herbaceous,Kiln,Riparian
2025-09-09,KHR-1,26.8750976012398,0,Herbaceous,Kiln,Riparian
2025-09-10,KHR-1,23.298809641907464,0,Herbaceous,Kiln,Riparian
2025-09-11,KHR-1,22.909093619110276,0,Herbaceous,Kiln,Riparian
2025-09-12,KHR-1,24.133292803260115,0,Herbaceous,Kiln,Riparian
2025-09-13,KHR-1,24.39420590549703,0,Herbaceous,Kiln,Riparian
2025-09-14,KHR-1,22.238737473466692,0,Herbaceous,Kiln,Riparian
2025-09-15,KHR-1,21.058623339987587,0,Herbaceous,Kiln,Riparian
2025-09-16,KHR-1,21.676678365096873,0,Herbaceous,Kiln,Riparian
2025-09-17,KHR-1,22.219860779960644,0,Herbaceous,Kiln,Riparian
2025-09-18,KHR-1,23.35886803562504,0,Herbaceous,Kiln,Riparian
2025-09-19,KHR-1,25.35477410292184,0,Herbaceous,Kiln,Riparian
2025-09-20,KHR-1,23.33524819079523,0,Herbaceous,Kiln,Riparian
2025-09-21,KHR-1,21.774568869410583,0,Herbaceous,Kiln,Riparian
2025-09-22,KHR-1,21.05785139671705,0,Herbaceous,Kiln,Riparian
2025-09-23,KHR-1,20.368220860806126,0,Herbaceous,Kiln,Riparian
2025-09-24,KHR-1,20.134274189527133,0,Herbaceous,Kiln,Riparian
2025-09-25,KHR-1,21.473769527130706,0,Herbaceous,Kiln,Riparian
2025-09-26,KHR-1,19.449238562461634,0,Herbaceous,Kiln,Riparian
2025-09-27,KHR-1,19.601811861296813,0,Herbaceous,Kiln,Riparian
2025-09-28,KHR-1,20.823793130474087,0,Herbaceous,Kiln,Riparian
2025-09-29,KHR-1,22.354440573210102,0,Herbaceous,Kiln,Riparian
2025-09-30,KHR-1,20.1512203160712,0,Herbaceous,Kiln,Riparian
2025-10-01,KHR-1,21.361950297199847,0,Herbaceous,Kiln,Riparian
2025-10-02,KHR-1,16.43306667520118,0,Herbaceous,Kiln,Riparian
2025-10-03,KHR-1,12.042207749194795,0,Herbaceous,Kiln,Riparian
2025-10-04,KHR-1,10.837652298523123,0,Herbaceous,Kiln,Riparian
2025-10-05,KHR-1,11.494492133984663,0,Herbaceous,Kiln,Riparian
2025-10-06,KHR-1,11.18084006760934,0,Herbaceous,Kiln,Riparian
2025-10-07,KHR-1,11.643483021454479,0,Herbaceous,Kiln,Riparian
2025-10-08,KHR-1,10.178865972119306,0,Herbaceous,Kiln,Riparian
2025-10-09,KHR-1,10.890994610755195,0,Herbaceous,Kiln,Riparian
2025-10-10,KHR-1,10.702849658558362,0,Herbaceous,Kiln,Riparian
2025-10-11,KHR-1,9.110085549427476,0,Herbaceous,Kiln,Riparian
2025-10-12,KHR-1,7.789167243730773,0,Herbaceous,Kiln,Riparian
2025-10-13,KHR-1,9.07728819024401,0,Herbaceous,Kiln,Riparian
2025-10-14,KHR-1,10.297461838980317,0,Herbaceous,Kiln,Riparian
2025-10-15,KHR-1,10.2043274282078,0,Herbaceous,Kiln,Riparian
2025-10-16,KHR-1,9.430245419870166,0,Herbaceous,Kiln,Riparian
2025-10-17,KHR-1,7.948817660980363,0,Herbaceous,Kiln,Riparian
2025-10-18,KHR-1,9.411626420405694,0,Herbaceous,Kiln,Riparian
2025-10-19,KHR-1,8.884734620161543,0,Herbaceous,Kiln,Riparian
2025-10-20,KHR-1,8.82262500895108,0,Herbaceous,Kiln,Riparian
2025-10-21,KHR-1,6.9089956462859625,0,Herbaceous,Kiln,Riparian
2025-10-22,KHR-1,9.090024135653707,0,Herbaceous,Kiln,Riparian
2025-10-23,KHR-1,6.843080349231735,0,Herbaceous,Kiln,Riparian
2025-10-24,KHR-1,5.326103425218627,0,Herbaceous,Kiln,Riparian
2025-10-25,KHR-1,7.4187215934526956,0,Herbaceous,Kiln,Riparian
2025-10-26,KHR-1,8.348873681620493,0,Herbaceous,Kiln,Riparian
2025-10-27,KHR-1,5.680188683435607,0,Herbaceous,Kiln,Riparian
2025-10-28,KHR-1,7.007810664261591,0,Herbaceous,Kiln,Riparian
2025-10-29,KHR-1,5.934178012656422,0,Herbaceous,Kiln,Riparian
2025-10-30,KHR-1,4.925380491766114,0,Herbaceous,Kiln,Riparian
2025-10-31,KHR-1,4.56332590554288,0,Herbaceous,Kiln,Riparian
2025-11-01,KHR-1,3.16145089060609,0,Herbaceous,Kiln,Riparian
2025-11-02,KHR-1,12.201261564069757,0,Herbaceous,Kiln,Riparian
2025-07-01,KHT-XE5S,29.33178710985071,671.931874,Herbaceous,Kiln,Terrace
2025-07-02,KHT-XE5S,29.307502652508294,679.437398,Herbaceous,Kiln,Terrace
2025-07-03,KHT-XE5S,27.937116080480404,683.500689,Herbaceous,Kiln,Terrace
2025-07-04,KHT-XE5S,26.484823448151236,686.470759,Herbaceous,Kiln,Terrace
2025-07-05,KHT-XE5S,26.10761762491211,684.585796,Herbaceous,Kiln,Terrace
2025-07-06,KHT-XE5S,27.54376808339755,687.467993,Herbaceous,Kiln,Terrace
2025-07-07,KHT-XE5S,27.839017500630398,693.344284,Herbaceous,Kiln,Terrace
2025-07-08,KHT-XE5S,28.029406581215255,701.343461,Herbaceous,Kiln,Terrace
2025-07-09,KHT-XE5S,27.24039426740439,706.995957,Herbaceous,Kiln,Terrace
2025-07-10,KHT-XE5S,28.116318406237557,705.923086,Herbaceous,Kiln,Terrace
2025-07-11,KHT-XE5S,29.110476499454514,708.304653,Herbaceous,Kiln,Terrace
2025-07-12,KHT-XE5S,29.885173912135404,716.514989,Herbaceous,Kiln,Terrace
2025-07-13,KHT-XE5S,30.485823492157255,725.687448,Herbaceous,Kiln,Terrace
2025-07-14,KHT-XE5S,30.650080607439467,737.152365,Herbaceous,Kiln,Terrace
2025-07-15,KHT-XE5S,27.407951622704562,738.2957719999999,Herbaceous,Kiln,Terrace
2025-07-16,KHT-XE5S,28.029128706109812,740.030564,Herbaceous,Kiln,Terrace
2025-07-17,KHT-XE5S,28.65103922638624,744.82836,Herbaceous,Kiln,Terrace
2025-07-18,KHT-XE5S,26.422117088031285,747.396292,Herbaceous,Kiln,Terrace
2025-07-19,KHT-XE5S,26.60202519732721,749.129568,Herbaceous,Kiln,Terrace
2025-07-20,KHT-XE5S,26.49519428132189,752.461179,Herbaceous,Kiln,Terrace
2025-07-21,KHT-XE5S,26.156999928265417,756.250579,Herbaceous,Kiln,Terrace
2025-07-22,KHT-XE5S,27.91753086059691,765.388277,Herbaceous,Kiln,Terrace
2025-07-23,KHT-XE5S,27.11749476208647,758.180873,Herbaceous,Kiln,Terrace
2025-07-24,KHT-XE5S,28.895848278117775,755.020958,Herbaceous,Kiln,Terrace
2025-07-25,KHT-XE5S,28.98714828692089,758.70875,Herbaceous,Kiln,Terrace
2025-07-26,KHT-XE5S,27.61649859953148,754.836875,Herbaceous,Kiln,Terrace
2025-07-27,KHT-XE5S,27.255582897943942,754.096817,Herbaceous,Kiln,Terrace
2025-07-28,KHT-XE5S,27.134132482209377,762.008884,Herbaceous,Kiln,Terrace
2025-07-29,KHT-XE5S,27.521016914866554,775.711177,Herbaceous,Kiln,Terrace
2025-07-30,KHT-XE5S,27.844763052884158,793.229024,Herbaceous,Kiln,Terrace
2025-07-31,KHT-XE5S,26.48694491926318,801.107158,Herbaceous,Kiln,Terrace
2025-08-01,KHT-XE5S,26.73269008022996,807.571156,Herbaceous,Kiln,Terrace
2025-08-02,KHT-XE5S,24.67649580305618,817.321688,Herbaceous,Kiln,Terrace
2025-08-03,KHT-XE5S,23.919457264086375,822.409113,Herbaceous,Kiln,Terrace
2025-08-04,KHT-XE5S,24.68285345436849,825.159437,Herbaceous,Kiln,Terrace
2025-08-05,KHT-XE5S,23.885941379754648,831.869544,Herbaceous,Kiln,Terrace
2025-08-06,KHT-XE5S,25.131353430329607,840.577055,Herbaceous,Kiln,Terrace
2025-08-07,KHT-XE5S,25.9828524470716,862.915033,Herbaceous,Kiln,Terrace
2025-08-08,KHT-XE5S,26.985443799874837,877.043065,Herbaceous,Kiln,Terrace
2025-08-09,KHT-XE5S,27.654743228622714,905.743541,Herbaceous,Kiln,Terrace
2025-08-10,KHT-XE5S,27.032805896741383,934.361609,Herbaceous,Kiln,Terrace
2025-08-11,KHT-XE5S,26.969728784067943,943.816724,Herbaceous,Kiln,Terrace
2025-08-12,KHT-XE5S,26.95422125495719,969.388026,Herbaceous,Kiln,Terrace
2025-08-13,KHT-XE5S,24.43223722707902,984.851529,Herbaceous,Kiln,Terrace
2025-08-14,KHT-XE5S,23.346944142983478,1007.692357,Herbaceous,Kiln,Terrace
2025-08-15,KHT-XE5S,25.336631926493336,1018.708815,Herbaceous,Kiln,Terrace
2025-08-16,KHT-XE5S,26.318139873625213,1053.341338,Herbaceous,Kiln,Terrace
2025-08-17,KHT-XE5S,26.88451644217132,1055.336629,Herbaceous,Kiln,Terrace
2025-08-18,KHT-XE5S,25.051188017099058,1093.6639499999999,Herbaceous,Kiln,Terrace
2025-08-19,KHT-XE5S,24.374316541933847,1097.667695,Herbaceous,Kiln,Terrace
2025-08-20,KHT-XE5S,22.27015901453889,1109.064003,Herbaceous,Kiln,Terrace
2025-08-21,KHT-XE5S,23.655097592073254,1175.467157,Herbaceous,Kiln,Terrace
2025-08-22,KHT-XE5S,25.642255027281696,1203.746082,Herbaceous,Kiln,Terrace
2025-08-23,KHT-XE5S,27.713836191760276,1257.5693,Herbaceous,Kiln,Terrace
2025-08-24,KHT-XE5S,28.866748729814606,1242.76557,Herbaceous,Kiln,Terrace
2025-08-25,KHT-XE5S,29.566457179625793,721.051482,Herbaceous,Kiln,Terrace
2025-08-26,KHT-XE5S,28.95180861457586,147.9219167,Herbaceous,Kiln,Terrace
2025-08-27,KHT-XE5S,29.22290200623478,136.7694058,Herbaceous,Kiln,Terrace
2025-08-28,KHT-XE5S,20.867588291889483,42.866732999999996,Herbaceous,Kiln,Terrace
2025-08-29,KHT-XE5S,25.775839286256755,0,Herbaceous,Kiln,Terrace
2025-08-30,KHT-XE5S,26.126623120900952,0,Herbaceous,Kiln,Terrace
2025-08-31,KHT-XE5S,25.877972144505968,0,Herbaceous,Kiln,Terrace
2025-09-01,KHT-XE5S,25.83090742008416,0,Herbaceous,Kiln,Terrace
2025-09-02,KHT-XE5S,26.877000881002505,0,Herbaceous,Kiln,Terrace
2025-09-03,KHT-XE5S,29.20773474940864,0,Herbaceous,Kiln,Terrace
2025-09-04,KHT-XE5S,26.443090808141026,0,Herbaceous,Kiln,Terrace
2025-09-05,KHT-XE5S,24.244607274429864,0,Herbaceous,Kiln,Terrace
2025-09-06,KHT-XE5S,25.57648985698407,0,Herbaceous,Kiln,Terrace
2025-09-07,KHT-XE5S,23.88067013841978,0,Herbaceous,Kiln,Terrace
2025-09-08,KHT-XE5S,23.844005482907274,0,Herbaceous,Kiln,Terrace
2025-09-09,KHT-XE5S,25.86187195158031,0,Herbaceous,Kiln,Terrace
2025-09-10,KHT-XE5S,23.339276187194304,0,Herbaceous,Kiln,Terrace
2025-09-11,KHT-XE5S,22.458974321605805,0,Herbaceous,Kiln,Terrace
2025-09-12,KHT-XE5S,24.179602590549134,0,Herbaceous,Kiln,Terrace
2025-09-13,KHT-XE5S,24.047487078176083,0,Herbaceous,Kiln,Terrace
2025-09-14,KHT-XE5S,21.842135786263082,0,Herbaceous,Kiln,Terrace
2025-09-15,KHT-XE5S,20.708159018908116,0,Herbaceous,Kiln,Terrace
2025-09-16,KHT-XE5S,21.651316113708205,0,Herbaceous,Kiln,Terrace
2025-09-17,KHT-XE5S,21.591776559325762,0,Herbaceous,Kiln,Terrace
2025-09-18,KHT-XE5S,22.252387520599417,0,Herbaceous,Kiln,Terrace
2025-09-19,KHT-XE5S,25.489414213850743,0,Herbaceous,Kiln,Terrace
2025-09-20,KHT-XE5S,23.7785500879721,0,Herbaceous,Kiln,Terrace
2025-09-21,KHT-XE5S,21.944449326401692,0,Herbaceous,Kiln,Terrace
2025-09-22,KHT-XE5S,20.973960210637927,0,Herbaceous,Kiln,Terrace
2025-09-23,KHT-XE5S,19.84353776757814,0,Herbaceous,Kiln,Terrace
2025-09-24,KHT-XE5S,19.465588412953558,0,Herbaceous,Kiln,Terrace
2025-09-25,KHT-XE5S,21.040385591432234,0,Herbaceous,Kiln,Terrace
2025-09-26,KHT-XE5S,19.396230931251544,0,Herbaceous,Kiln,Terrace
2025-09-27,KHT-XE5S,19.041265704923312,0,Herbaceous,Kiln,Terrace
2025-09-28,KHT-XE5S,20.939177155824886,0,Herbaceous,Kiln,Terrace
2025-09-29,KHT-XE5S,22.16174886059462,0,Herbaceous,Kiln,Terrace
2025-09-30,KHT-XE5S,20.7481221422425,0,Herbaceous,Kiln,Terrace
2025-10-01,KHT-XE5S,20.811623592496602,0,Herbaceous,Kiln,Terrace
2025-10-02,KHT-XE5S,16.416437388742143,0,Herbaceous,Kiln,Terrace
2025-10-03,KHT-XE5S,11.751461823839657,0,Herbaceous,Kiln,Terrace
2025-10-04,KHT-XE5S,10.671979856423993,0,Herbaceous,Kiln,Terrace
2025-10-05,KHT-XE5S,11.513777838777377,0,Herbaceous,Kiln,Terrace
2025-10-06,KHT-XE5S,11.158561504787375,0,Herbaceous,Kiln,Terrace
2025-10-07,KHT-XE5S,11.721196023752078,0,Herbaceous,Kiln,Terrace
2025-10-08,KHT-XE5S,10.473810730267205,0,Herbaceous,Kiln,Terrace
2025-10-09,KHT-XE5S,10.81622035777421,0,Herbaceous,Kiln,Terrace
2025-10-10,KHT-XE5S,10.608597648822018,0,Herbaceous,Kiln,Terrace
2025-10-11,KHT-XE5S,9.54039903305381,0,Herbaceous,Kiln,Terrace
2025-10-12,KHT-XE5S,7.493454668259306,0,Herbaceous,Kiln,Terrace
2025-10-13,KHT-XE5S,9.207211519914695,0,Herbaceous,Kiln,Terrace
2025-10-14,KHT-XE5S,10.105300063626496,0,Herbaceous,Kiln,Terrace
2025-10-15,KHT-XE5S,10.0866215673298,0,Herbaceous,Kiln,Terrace
2025-10-16,KHT-XE5S,8.945663314014546,0,Herbaceous,Kiln,Terrace
2025-10-17,KHT-XE5S,7.8645336141442845,0,Herbaceous,Kiln,Terrace
2025-10-18,KHT-XE5S,9.287653696737564,0,Herbaceous,Kiln,Terrace
2025-10-19,KHT-XE5S,9.272518426136019,0,Herbaceous,Kiln,Terrace
2025-10-20,KHT-XE5S,8.939534900820941,0,Herbaceous,Kiln,Terrace
2025-10-21,KHT-XE5S,6.9254954617113125,0,Herbaceous,Kiln,Terrace
2025-10-22,KHT-XE5S,9.05967338568466,0,Herbaceous,Kiln,Terrace
2025-10-23,KHT-XE5S,6.978793595642364,0,Herbaceous,Kiln,Terrace
2025-10-24,KHT-XE5S,5.359175796851896,0,Herbaceous,Kiln,Terrace
2025-10-25,KHT-XE5S,7.552808262065879,0,Herbaceous,Kiln,Terrace
2025-10-26,KHT-XE5S,8.234970431720686,0,Herbaceous,Kiln,Terrace
2025-10-27,KHT-XE5S,5.787241964827716,0,Herbaceous,Kiln,Terrace
2025-10-28,KHT-XE5S,7.120125147522926,0,Herbaceous,Kiln,Terrace
2025-10-29,KHT-XE5S,6.062574212063195,0,Herbaceous,Kiln,Terrace
2025-10-30,KHT-XE5S,5.148452987588184,0,Herbaceous,Kiln,Terrace
2025-10-31,KHT-XE5S,4.697525014524313,0,Herbaceous,Kiln,Terrace
2025-11-01,KHT-XE5S,2.914719552492706,0,Herbaceous,Kiln,Terrace
2025-11-02,KHT-XE5S,12.197101632144147,0,Herbaceous,Kiln,Terrace
2025-07-02,KWR-1,29.225906915642607,679.437398,Willow,Kiln,Riparian
2025-07-03,KWR-1,28.00577038460581,683.500689,Willow,Kiln,Riparian
2025-07-04,KWR-1,26.72259963691265,686.470759,Willow,Kiln,Riparian
2025-07-05,KWR-1,26.020013174558738,684.585796,Willow,Kiln,Riparian
2025-07-06,KWR-1,27.744088583418936,687.467993,Willow,Kiln,Riparian
2025-07-07,KWR-1,28.669546177852567,693.344284,Willow,Kiln,Riparian
2025-07-08,KWR-1,28.207867301545186,701.343461,Willow,Kiln,Riparian
2025-07-09,KWR-1,27.327037158171343,706.995957,Willow,Kiln,Riparian
2025-07-10,KWR-1,28.215372901068356,705.923086,Willow,Kiln,Riparian
2025-07-11,KWR-1,29.137655079875774,708.304653,Willow,Kiln,Riparian
2025-07-12,KWR-1,30.14925747509928,716.514989,Willow,Kiln,Riparian
2025-07-13,KWR-1,31.11307104387395,725.687448,Willow,Kiln,Riparian
2025-07-14,KWR-1,30.279058329144583,737.152365,Willow,Kiln,Riparian
2025-07-15,KWR-1,28.083355800938147,738.2957719999999,Willow,Kiln,Riparian
2025-07-16,KWR-1,28.005039103311354,740.030564,Willow,Kiln,Riparian
2025-07-17,KWR-1,28.30423940247266,744.82836,Willow,Kiln,Riparian
2025-07-18,KWR-1,27.05184282437314,747.396292,Willow,Kiln,Riparian
2025-07-19,KWR-1,27.378530258947176,749.129568,Willow,Kiln,Riparian
2025-07-20,KWR-1,26.929731041721006,752.461179,Willow,Kiln,Riparian
2025-07-21,KWR-1,26.546743034894206,756.250579,Willow,Kiln,Riparian
2025-07-22,KWR-1,27.86727275082169,765.388277,Willow,Kiln,Riparian
2025-07-23,KWR-1,27.80691113382842,758.180873,Willow,Kiln,Riparian
2025-07-24,KWR-1,29.10227581715051,755.020958,Willow,Kiln,Riparian
2025-07-25,KWR-1,28.48535300431053,758.70875,Willow,Kiln,Riparian
2025-07-26,KWR-1,28.784916279048105,754.836875,Willow,Kiln,Riparian
2025-07-27,KWR-1,27.84292308199586,754.096817,Willow,Kiln,Riparian
2025-07-28,KWR-1,29.461747191775455,762.008884,Willow,Kiln,Riparian
2025-07-29,KWR-1,27.283102760733605,775.711177,Willow,Kiln,Riparian
2025-07-30,KWR-1,28.35153939518103,793.229024,Willow,Kiln,Riparian
2025-07-31,KWR-1,26.857895780861806,801.107158,Willow,Kiln,Riparian
2025-08-01,KWR-1,26.98509992708282,807.571156,Willow,Kiln,Riparian
2025-08-02,KWR-1,25.430302168021548,817.321688,Willow,Kiln,Riparian
2025-08-03,KWR-1,24.50113720943363,822.409113,Willow,Kiln,Riparian
2025-08-04,KWR-1,25.217162157583424,825.159437,Willow,Kiln,Riparian
2025-08-05,KWR-1,24.6910186429017,831.869544,Willow,Kiln,Riparian
2025-08-06,KWR-1,25.5656684392565,840.577055,Willow,Kiln,Riparian
2025-08-07,KWR-1,26.252069457193013,862.915033,Willow,Kiln,Riparian
2025-08-08,KWR-1,27.4294374518334,877.043065,Willow,Kiln,Riparian
2025-08-09,KWR-1,27.70644129671789,905.743541,Willow,Kiln,Riparian
2025-08-10,KWR-1,27.96728302029786,934.361609,Willow,Kiln,Riparian
2025-08-11,KWR-1,27.814990103433846,943.816724,Willow,Kiln,Riparian
2025-08-12,KWR-1,27.49556317700348,969.388026,Willow,Kiln,Riparian
2025-08-13,KWR-1,25.16674293672071,984.851529,Willow,Kiln,Riparian
2025-08-14,KWR-1,24.424523665041313,1007.692357,Willow,Kiln,Riparian
2025-08-15,KWR-1,25.73883240536809,1018.708815,Willow,Kiln,Riparian
2025-08-16,KWR-1,26.138129970409704,1053.341338,Willow,Kiln,Riparian
2025-08-17,KWR-1,27.110611974231563,1055.336629,Willow,Kiln,Riparian
2025-08-18,KWR-1,25.981532438085324,1093.6639499999999,Willow,Kiln,Riparian
2025-08-19,KWR-1,24.900833647458814,1097.667695,Willow,Kiln,Riparian
2025-08-20,KWR-1,23.091463685184312,1109.064003,Willow,Kiln,Riparian
2025-08-21,KWR-1,24.366983024440543,1175.467157,Willow,Kiln,Riparian
2025-08-22,KWR-1,26.250905611062482,1203.746082,Willow,Kiln,Riparian
2025-08-23,KWR-1,28.930633291695955,1257.5693,Willow,Kiln,Riparian
2025-08-24,KWR-1,29.783890058559866,1242.76557,Willow,Kiln,Riparian
2025-08-25,KWR-1,30.105888230490493,721.051482,Willow,Kiln,Riparian
2025-08-26,KWR-1,29.498268967873962,147.9219167,Willow,Kiln,Riparian
2025-08-27,KWR-1,29.82079111767256,136.7694058,Willow,Kiln,Riparian
2025-08-28,KWR-1,21.28963612917835,42.866732999999996,Willow,Kiln,Riparian
2025-08-29,KWR-1,26.1748696228507,0,Willow,Kiln,Riparian
2025-08-30,KWR-1,26.309676244078073,0,Willow,Kiln,Riparian
2025-08-31,KWR-1,25.967714368136207,0,Willow,Kiln,Riparian
2025-09-01,KWR-1,26.483861742887868,0,Willow,Kiln,Riparian
2025-09-02,KWR-1,26.960575658350468,0,Willow,Kiln,Riparian
2025-09-03,KWR-1,29.79114491903372,0,Willow,Kiln,Riparian
2025-09-04,KWR-1,26.96278995188175,0,Willow,Kiln,Riparian
2025-09-05,KWR-1,25.18208041539609,0,Willow,Kiln,Riparian
2025-09-06,KWR-1,25.85178778649769,0,Willow,Kiln,Riparian
2025-09-07,KWR-1,24.07662054722206,0,Willow,Kiln,Riparian
2025-09-08,KWR-1,24.88794246942683,0,Willow,Kiln,Riparian
2025-09-09,KWR-1,26.709851465212974,0,Willow,Kiln,Riparian
2025-09-10,KWR-1,23.72016468667306,0,Willow,Kiln,Riparian
2025-09-11,KWR-1,22.965874015720573,0,Willow,Kiln,Riparian
2025-09-12,KWR-1,23.9826638633691,0,Willow,Kiln,Riparian
2025-09-13,KWR-1,23.987816211959107,0,Willow,Kiln,Riparian
2025-09-14,KWR-1,22.209245074655172,0,Willow,Kiln,Riparian
2025-09-15,KWR-1,21.189946738633854,0,Willow,Kiln,Riparian
2025-09-16,KWR-1,22.299829964665673,0,Willow,Kiln,Riparian
2025-09-17,KWR-1,22.063306641943456,0,Willow,Kiln,Riparian
2025-09-18,KWR-1,22.5450506540417,0,Willow,Kiln,Riparian
2025-09-19,KWR-1,25.82002005637884,0,Willow,Kiln,Riparian
2025-09-20,KWR-1,23.63616128952252,0,Willow,Kiln,Riparian
2025-09-21,KWR-1,21.853215659383782,0,Willow,Kiln,Riparian
2025-09-22,KWR-1,21.47868369622144,0,Willow,Kiln,Riparian
2025-09-23,KWR-1,20.164650845131753,0,Willow,Kiln,Riparian
2025-09-24,KWR-1,19.453346211623654,0,Willow,Kiln,Riparian
2025-09-25,KWR-1,21.459386896288265,0,Willow,Kiln,Riparian
2025-09-26,KWR-1,19.535527958128384,0,Willow,Kiln,Riparian
2025-09-27,KWR-1,19.672566166209762,0,Willow,Kiln,Riparian
2025-09-28,KWR-1,21.165685305731728,0,Willow,Kiln,Riparian
2025-09-29,KWR-1,22.17704873551114,0,Willow,Kiln,Riparian
2025-09-30,KWR-1,20.33697579011467,0,Willow,Kiln,Riparian
2025-10-01,KWR-1,21.335363633703288,0,Willow,Kiln,Riparian
2025-10-02,KWR-1,16.452176860362304,0,Willow,Kiln,Riparian
2025-10-03,KWR-1,11.917311986800993,0,Willow,Kiln,Riparian
2025-10-04,KWR-1,11.050360399940423,0,Willow,Kiln,Riparian
2025-10-05,KWR-1,11.398679840228201,0,Willow,Kiln,Riparian
2025-10-06,KWR-1,11.16873207724985,0,Willow,Kiln,Riparian
2025-10-07,KWR-1,11.67766793398122,0,Willow,Kiln,Riparian
2025-10-08,KWR-1,10.319486336208442,0,Willow,Kiln,Riparian
2025-10-09,KWR-1,10.583888617098307,0,Willow,Kiln,Riparian
2025-10-10,KWR-1,10.62661203314429,0,Willow,Kiln,Riparian
2025-10-11,KWR-1,9.236059448568284,0,Willow,Kiln,Riparian
2025-10-12,KWR-1,7.831748889750412,0,Willow,Kiln,Riparian
2025-10-13,KWR-1,9.252905889425714,0,Willow,Kiln,Riparian
2025-10-14,KWR-1,10.204857247546721,0,Willow,Kiln,Riparian
2025-10-15,KWR-1,9.975729394377838,0,Willow,Kiln,Riparian
2025-10-16,KWR-1,9.387386765935297,0,Willow,Kiln,Riparian
2025-10-17,KWR-1,8.124782235018667,0,Willow,Kiln,Riparian
2025-10-18,KWR-1,9.478785246362238,0,Willow,Kiln,Riparian
2025-10-19,KWR-1,9.27063537065789,0,Willow,Kiln,Riparian
2025-10-20,KWR-1,9.00283001249899,0,Willow,Kiln,Riparian
2025-10-21,KWR-1,7.09710313223379,0,Willow,Kiln,Riparian
2025-10-22,KWR-1,8.960221459527192,0,Willow,Kiln,Riparian
2025-10-23,KWR-1,7.285352597910828,0,Willow,Kiln,Riparian
2025-10-24,KWR-1,5.701020439466278,0,Willow,Kiln,Riparian
2025-10-25,KWR-1,7.6368560935581025,0,Willow,Kiln,Riparian
2025-10-26,KWR-1,8.235428149968888,0,Willow,Kiln,Riparian
2025-10-27,KWR-1,5.911363614454393,0,Willow,Kiln,Riparian
2025-10-28,KWR-1,7.245479469550048,0,Willow,Kiln,Riparian
2025-10-29,KWR-1,6.05885111269295,0,Willow,Kiln,Riparian
2025-10-30,KWR-1,5.262617154696989,0,Willow,Kiln,Riparian
2025-10-31,KWR-1,4.794590950097784,0,Willow,Kiln,Riparian
2025-11-01,KWR-1,4.896401631453862,0,Willow,Kiln,Riparian
2025-11-02,KWR-1,12.310408543250736,0,Willow,Kiln,Riparian
2025-07-01,KWT-1,29.16827038790394,671.931874,Willow,Kiln,Terrace
2025-07-02,KWT-1,29.31919778990924,679.437398,Willow,Kiln,Terrace
2025-07-03,KWT-1,28.41799031895417,683.500689,Willow,Kiln,Terrace
2025-07-04,KWT-1,26.568057285519426,686.470759,Willow,Kiln,Terrace
2025-07-05,KWT-1,25.977945189382744,684.585796,Willow,Kiln,Terrace
2025-07-06,KWT-1,27.786759362803206,687.467993,Willow,Kiln,Terrace
2025-07-07,KWT-1,27.82527820793091,693.344284,Willow,Kiln,Terrace
2025-07-08,KWT-1,27.9217200829351,701.343461,Willow,Kiln,Terrace
2025-07-09,KWT-1,27.258693192690636,706.995957,Willow,Kiln,Terrace
2025-07-10,KWT-1,28.108528130322657,705.923086,Willow,Kiln,Terrace
2025-07-11,KWT-1,29.191812277039112,708.304653,Willow,Kiln,Terrace
2025-07-12,KWT-1,30.408700656775377,716.514989,Willow,Kiln,Terrace
2025-07-13,KWT-1,30.53355939447463,725.687448,Willow,Kiln,Terrace
2025-07-14,KWT-1,30.56009452861962,737.152365,Willow,Kiln,Terrace
2025-07-15,KWT-1,27.81846102689953,738.2957719999999,Willow,Kiln,Terrace
2025-07-16,KWT-1,28.36108537536956,740.030564,Willow,Kiln,Terrace
2025-07-17,KWT-1,28.799183993886448,744.82836,Willow,Kiln,Terrace
2025-07-18,KWT-1,27.079280698050045,747.396292,Willow,Kiln,Terrace
2025-07-19,KWT-1,26.96225777123984,749.129568,Willow,Kiln,Terrace
2025-07-20,KWT-1,26.6129771335245,752.461179,Willow,Kiln,Terrace
2025-07-21,KWT-1,26.479834165263885,756.250579,Willow,Kiln,Terrace
2025-07-22,KWT-1,28.353147562611756,765.388277,Willow,Kiln,Terrace
2025-07-23,KWT-1,27.17608284987296,758.180873,Willow,Kiln,Terrace
2025-07-24,KWT-1,29.39416091615081,755.020958,Willow,Kiln,Terrace
2025-07-25,KWT-1,29.07932830168372,758.70875,Willow,Kiln,Terrace
2025-07-26,KWT-1,28.354998698533315,754.836875,Willow,Kiln,Terrace
2025-07-27,KWT-1,28.089942181425243,754.096817,Willow,Kiln,Terrace
2025-07-28,KWT-1,27.748634121991376,762.008884,Willow,Kiln,Terrace
2025-07-29,KWT-1,27.64907220779562,775.711177,Willow,Kiln,Terrace
2025-07-30,KWT-1,28.18122419877107,793.229024,Willow,Kiln,Terrace
2025-07-31,KWT-1,27.045715613244973,801.107158,Willow,Kiln,Terrace
2025-08-01,KWT-1,27.726778613875823,807.571156,Willow,Kiln,Terrace
2025-08-02,KWT-1,25.396762213281804,817.321688,Willow,Kiln,Terrace
2025-08-03,KWT-1,24.495075417527303,822.409113,Willow,Kiln,Terrace
2025-08-04,KWT-1,25.087429104103062,825.159437,Willow,Kiln,Terrace
2025-08-05,KWT-1,24.499897751040564,831.869544,Willow,Kiln,Terrace
2025-08-06,KWT-1,25.616481858323244,840.577055,Willow,Kiln,Terrace
2025-08-07,KWT-1,26.00443117925385,862.915033,Willow,Kiln,Terrace
2025-08-08,KWT-1,27.37691060138883,877.043065,Willow,Kiln,Terrace
2025-08-09,KWT-1,28.110751870384714,905.743541,Willow,Kiln,Terrace
2025-08-10,KWT-1,27.39393775527149,934.361609,Willow,Kiln,Terrace
2025-08-11,KWT-1,27.602840044837162,943.816724,Willow,Kiln,Terrace
2025-08-12,KWT-1,27.35807396184579,969.388026,Willow,Kiln,Terrace
2025-08-13,KWT-1,24.526263321016927,984.851529,Willow,Kiln,Terrace
2025-08-14,KWT-1,23.622265844424348,1007.692357,Willow,Kiln,Terrace
2025-08-15,KWT-1,25.995897843064586,1018.708815,Willow,Kiln,Terrace
2025-08-16,KWT-1,26.731312774536114,1053.341338,Willow,Kiln,Terrace
2025-08-17,KWT-1,27.31196322544716,1055.336629,Willow,Kiln,Terrace
2025-08-18,KWT-1,26.08884328056127,1093.6639499999999,Willow,Kiln,Terrace
2025-08-19,KWT-1,24.65536801026466,1097.667695,Willow,Kiln,Terrace
2025-08-20,KWT-1,22.704668771769807,1109.064003,Willow,Kiln,Terrace
2025-08-21,KWT-1,23.474077574480145,1175.467157,Willow,Kiln,Terrace
2025-08-22,KWT-1,25.73109415066086,1203.746082,Willow,Kiln,Terrace
2025-08-23,KWT-1,28.281251893906614,1257.5693,Willow,Kiln,Terrace
2025-08-24,KWT-1,30.026407307652605,1242.76557,Willow,Kiln,Terrace
2025-08-25,KWT-1,30.66496918432572,721.051482,Willow,Kiln,Terrace
2025-08-26,KWT-1,29.51100203448984,147.9219167,Willow,Kiln,Terrace
2025-08-27,KWT-1,29.581596271789525,136.7694058,Willow,Kiln,Terrace
2025-08-28,KWT-1,21.56916292315349,42.866732999999996,Willow,Kiln,Terrace
2025-08-29,KWT-1,26.281003338229468,0,Willow,Kiln,Terrace
2025-08-30,KWT-1,26.53632534908575,0,Willow,Kiln,Terrace
2025-08-31,KWT-1,26.364153257705354,0,Willow,Kiln,Terrace
2025-09-01,KWT-1,26.662301633799036,0,Willow,Kiln,Terrace
2025-09-02,KWT-1,27.960222178893194,0,Willow,Kiln,Terrace
2025-09-03,KWT-1,28.783491007950722,0,Willow,Kiln,Terrace
2025-09-04,KWT-1,26.676705384722485,0,Willow,Kiln,Terrace
2025-09-05,KWT-1,24.912539953200497,0,Willow,Kiln,Terrace
2025-09-06,KWT-1,25.83734477618017,0,Willow,Kiln,Terrace
2025-09-07,KWT-1,24.432579352780433,0,Willow,Kiln,Terrace
2025-09-08,KWT-1,24.093020648119207,0,Willow,Kiln,Terrace
2025-09-09,KWT-1,26.02572566105384,0,Willow,Kiln,Terrace
2025-09-10,KWT-1,23.895190523430163,0,Willow,Kiln,Terrace
2025-09-11,KWT-1,22.794971687675968,0,Willow,Kiln,Terrace
2025-09-12,KWT-1,24.360648181746257,0,Willow,Kiln,Terrace
2025-09-13,KWT-1,24.444972752256696,0,Willow,Kiln,Terrace
2025-09-14,KWT-1,22.42039772079679,0,Willow,Kiln,Terrace
2025-09-15,KWT-1,20.944494034292124,0,Willow,Kiln,Terrace
2025-09-16,KWT-1,22.00455823834097,0,Willow,Kiln,Terrace
2025-09-17,KWT-1,22.013906846716985,0,Willow,Kiln,Terrace
2025-09-18,KWT-1,22.463864305021822,0,Willow,Kiln,Terrace
2025-09-19,KWT-1,25.70856081927854,0,Willow,Kiln,Terrace
2025-09-20,KWT-1,23.91972087197702,0,Willow,Kiln,Terrace
2025-09-21,KWT-1,22.284375544026407,0,Willow,Kiln,Terrace
2025-09-22,KWT-1,21.66170450818738,0,Willow,Kiln,Terrace
2025-09-23,KWT-1,20.360397545092976,0,Willow,Kiln,Terrace
2025-09-24,KWT-1,19.221804185445162,0,Willow,Kiln,Terrace
2025-09-25,KWT-1,21.612352761297327,0,Willow,Kiln,Terrace
2025-09-26,KWT-1,19.916471223970287,0,Willow,Kiln,Terrace
2025-09-27,KWT-1,18.929441086995592,0,Willow,Kiln,Terrace
2025-09-28,KWT-1,21.260671690654203,0,Willow,Kiln,Terrace
2025-09-29,KWT-1,21.694926835143995,0,Willow,Kiln,Terrace
2025-09-30,KWT-1,20.461486353346796,0,Willow,Kiln,Terrace
2025-10-01,KWT-1,20.86118649707289,0,Willow,Kiln,Terrace
2025-10-02,KWT-1,16.281994167879194,0,Willow,Kiln,Terrace
2025-10-03,KWT-1,11.71520036653811,0,Willow,Kiln,Terrace
2025-10-04,KWT-1,10.695961946082779,0,Willow,Kiln,Terrace
2025-10-05,KWT-1,11.42032879189679,0,Willow,Kiln,Terrace
2025-10-06,KWT-1,11.07921885441005,0,Willow,Kiln,Terrace
2025-10-07,KWT-1,11.462922400514719,0,Willow,Kiln,Terrace
2025-10-08,KWT-1,10.456586968755976,0,Willow,Kiln,Terrace
2025-10-09,KWT-1,10.993488198789912,0,Willow,Kiln,Terrace
2025-10-10,KWT-1,10.416650931111086,0,Willow,Kiln,Terrace
2025-10-11,KWT-1,9.342215641402191,0,Willow,Kiln,Terrace
2025-10-12,KWT-1,7.941283307169732,0,Willow,Kiln,Terrace
2025-10-13,KWT-1,9.249999090354876,0,Willow,Kiln,Terrace
2025-10-14,KWT-1,10.083625133922723,0,Willow,Kiln,Terrace
2025-10-15,KWT-1,10.077771459662127,0,Willow,Kiln,Terrace
2025-10-16,KWT-1,8.936600901556957,0,Willow,Kiln,Terrace
2025-10-17,KWT-1,9.01330517110638,0,Willow,Kiln,Terrace
2025-10-18,KWT-1,9.823109451011991,0,Willow,Kiln,Terrace
2025-10-19,KWT-1,10.573692146624166,0,Willow,Kiln,Terrace
2025-10-20,KWT-1,9.419399927229362,0,Willow,Kiln,Terrace
2025-10-21,KWT-1,7.627947508033783,0,Willow,Kiln,Terrace
2025-10-22,KWT-1,9.374727962726249,0,Willow,Kiln,Terrace
2025-10-23,KWT-1,7.969189813218783,0,Willow,Kiln,Terrace
2025-10-24,KWT-1,5.903973517929438,0,Willow,Kiln,Terrace
2025-10-25,KWT-1,7.676304460952137,0,Willow,Kiln,Terrace
2025-10-26,KWT-1,8.355041124312933,0,Willow,Kiln,Terrace
2025-10-27,KWT-1,6.600136434002906,0,Willow,Kiln,Terrace
2025-10-28,KWT-1,8.143318883078265,0,Willow,Kiln,Terrace
2025-10-29,KWT-1,7.125050813678206,0,Willow,Kiln,Terrace
2025-10-30,KWT-1,5.4761219891282344,0,Willow,Kiln,Terrace
2025-10-31,KWT-1,6.8142504573505205,0,Willow,Kiln,Terrace
2025-11-01,KWT-1,4.9995727129641665,0,Willow,Kiln,Terrace
2025-11-02,KWT-1,12.1176130887662,0,Willow,Kiln,Terrace
2025-07-02,KWT-2,29.08094691607847,679.437398,Willow,Kiln,Terrace
2025-07-03,KWT-2,27.974336061964664,683.500689,Willow,Kiln,Terrace
2025-07-04,KWT-2,26.27210661702846,686.470759,Willow,Kiln,Terrace
2025-07-05,KWT-2,26.26460430561038,684.585796,Willow,Kiln,Terrace
2025-07-06,KWT-2,27.86510938706587,687.467993,Willow,Kiln,Terrace
2025-07-07,KWT-2,27.697302212600587,693.344284,Willow,Kiln,Terrace
2025-07-08,KWT-2,27.88195202419717,701.343461,Willow,Kiln,Terrace
2025-07-09,KWT-2,26.97724931660253,706.995957,Willow,Kiln,Terrace
2025-07-10,KWT-2,28.297317044395676,705.923086,Willow,Kiln,Terrace
2025-07-11,KWT-2,29.60782870666545,708.304653,Willow,Kiln,Terrace
2025-07-12,KWT-2,29.879936070967943,716.514989,Willow,Kiln,Terrace
2025-07-13,KWT-2,30.46105121930702,725.687448,Willow,Kiln,Terrace
2025-07-14,KWT-2,29.969681902477646,737.152365,Willow,Kiln,Terrace
2025-07-15,KWT-2,27.535817810359223,738.2957719999999,Willow,Kiln,Terrace
2025-07-16,KWT-2,28.257247365752207,740.030564,Willow,Kiln,Terrace
2025-07-17,KWT-2,28.324055959059205,744.82836,Willow,Kiln,Terrace
2025-07-18,KWT-2,26.48558001155903,747.396292,Willow,Kiln,Terrace
2025-07-19,KWT-2,26.655815626726987,749.129568,Willow,Kiln,Terrace
2025-07-20,KWT-2,26.391316497714342,752.461179,Willow,Kiln,Terrace
2025-07-21,KWT-2,26.607264252935142,756.250579,Willow,Kiln,Terrace
2025-07-22,KWT-2,27.363183001784265,765.388277,Willow,Kiln,Terrace
2025-07-23,KWT-2,27.425749644786023,758.180873,Willow,Kiln,Terrace
2025-07-24,KWT-2,28.486914369647327,755.020958,Willow,Kiln,Terrace
2025-07-25,KWT-2,28.666601200471792,758.70875,Willow,Kiln,Terrace
2025-07-26,KWT-2,27.8625869339993,754.836875,Willow,Kiln,Terrace
2025-07-27,KWT-2,27.711369480415758,754.096817,Willow,Kiln,Terrace
2025-07-28,KWT-2,27.88779656239657,762.008884,Willow,Kiln,Terrace
2025-07-29,KWT-2,27.391770181488262,775.711177,Willow,Kiln,Terrace
2025-07-30,KWT-2,27.575287042033082,793.229024,Willow,Kiln,Terrace
2025-07-31,KWT-2,26.424017728574643,801.107158,Willow,Kiln,Terrace
2025-08-01,KWT-2,26.79352112197921,807.571156,Willow,Kiln,Terrace
2025-08-02,KWT-2,25.013702590125252,817.321688,Willow,Kiln,Terrace
2025-08-03,KWT-2,23.970280405785658,822.409113,Willow,Kiln,Terrace
2025-08-04,KWT-2,24.941897753146137,825.159437,Willow,Kiln,Terrace
2025-08-05,KWT-2,24.480801184711343,831.869544,Willow,Kiln,Terrace
2025-08-06,KWT-2,25.29007957337077,840.577055,Willow,Kiln,Terrace
2025-08-07,KWT-2,26.27147624786747,862.915033,Willow,Kiln,Terrace
2025-08-08,KWT-2,27.092366433614504,877.043065,Willow,Kiln,Terrace
2025-08-09,KWT-2,27.906241870319388,905.743541,Willow,Kiln,Terrace
2025-08-10,KWT-2,27.259503706852737,934.361609,Willow,Kiln,Terrace
2025-08-11,KWT-2,27.477410932498678,943.816724,Willow,Kiln,Terrace
2025-08-12,KWT-2,27.502771934222675,969.388026,Willow,Kiln,Terrace
2025-08-13,KWT-2,24.31838659283743,984.851529,Willow,Kiln,Terrace
2025-08-14,KWT-2,23.245877442787947,1007.692357,Willow,Kiln,Terrace
2025-08-15,KWT-2,25.268916321378274,1018.708815,Willow,Kiln,Terrace
2025-08-16,KWT-2,26.1512275061027,1053.341338,Willow,Kiln,Terrace
2025-08-17,KWT-2,26.911300600403955,1055.336629,Willow,Kiln,Terrace
2025-08-18,KWT-2,25.62548328722342,1093.6639499999999,Willow,Kiln,Terrace
2025-08-19,KWT-2,24.472985385850308,1097.667695,Willow,Kiln,Terrace
2025-08-20,KWT-2,22.46798828055073,1109.064003,Willow,Kiln,Terrace
2025-08-21,KWT-2,23.163714959816815,1175.467157,Willow,Kiln,Terrace
2025-08-22,KWT-2,25.183005096764248,1203.746082,Willow,Kiln,Terrace
2025-08-23,KWT-2,27.32904499284514,1257.5693,Willow,Kiln,Terrace
2025-08-24,KWT-2,29.07866732098425,1242.76557,Willow,Kiln,Terrace
2025-08-25,KWT-2,28.745051746955934,721.051482,Willow,Kiln,Terrace
2025-08-26,KWT-2,29.1452215934697,147.9219167,Willow,Kiln,Terrace
2025-08-27,KWT-2,29.253217528918487,136.7694058,Willow,Kiln,Terrace
2025-08-28,KWT-2,21.782474782714527,42.866732999999996,Willow,Kiln,Terrace
2025-08-29,KWT-2,26.13897458212672,0,Willow,Kiln,Terrace
2025-08-30,KWT-2,26.30808045699509,0,Willow,Kiln,Terrace
2025-08-31,KWT-2,25.913952336068544,0,Willow,Kiln,Terrace
2025-09-01,KWT-2,26.02427920720763,0,Willow,Kiln,Terrace
2025-09-02,KWT-2,27.15291778542637,0,Willow,Kiln,Terrace
2025-09-03,KWT-2,28.49089748153339,0,Willow,Kiln,Terrace
2025-09-04,KWT-2,26.55145618641843,0,Willow,Kiln,Terrace
2025-09-05,KWT-2,24.73863143720664,0,Willow,Kiln,Terrace
2025-09-06,KWT-2,25.551831958767302,0,Willow,Kiln,Terrace
2025-09-07,KWT-2,23.909186877760717,0,Willow,Kiln,Terrace
2025-09-08,KWT-2,24.47458117241603,0,Willow,Kiln,Terrace
2025-09-09,KWT-2,25.741943326682403,0,Willow,Kiln,Terrace
2025-09-10,KWT-2,23.106532236783057,0,Willow,Kiln,Terrace
2025-09-11,KWT-2,22.79090677500389,0,Willow,Kiln,Terrace
2025-09-12,KWT-2,23.855277906557976,0,Willow,Kiln,Terrace
2025-09-13,KWT-2,24.229026292182482,0,Willow,Kiln,Terrace
2025-09-14,KWT-2,22.541833611002033,0,Willow,Kiln,Terrace
2025-09-15,KWT-2,21.25667562261248,0,Willow,Kiln,Terrace
2025-09-16,KWT-2,21.746259464227016,0,Willow,Kiln,Terrace
2025-09-17,KWT-2,21.639625704473307,0,Willow,Kiln,Terrace
2025-09-18,KWT-2,22.12327754936547,0,Willow,Kiln,Terrace
2025-09-19,KWT-2,25.48095377308825,0,Willow,Kiln,Terrace
2025-09-20,KWT-2,23.34653031084442,0,Willow,Kiln,Terrace
2025-09-21,KWT-2,21.736268924983992,0,Willow,Kiln,Terrace
2025-09-22,KWT-2,21.21007888900585,0,Willow,Kiln,Terrace
2025-09-23,KWT-2,20.060824192772444,0,Willow,Kiln,Terrace
2025-09-24,KWT-2,19.41721832667364,0,Willow,Kiln,Terrace
2025-09-25,KWT-2,21.055946356208096,0,Willow,Kiln,Terrace
2025-09-26,KWT-2,19.297851736577027,0,Willow,Kiln,Terrace
2025-09-27,KWT-2,18.987751108922723,0,Willow,Kiln,Terrace
2025-09-28,KWT-2,21.000079763492,0,Willow,Kiln,Terrace
2025-09-29,KWT-2,21.393141738428984,0,Willow,Kiln,Terrace
2025-09-30,KWT-2,20.189024175722626,0,Willow,Kiln,Terrace
2025-10-01,KWT-2,20.561650461414423,0,Willow,Kiln,Terrace
2025-10-02,KWT-2,16.13457254645211,0,Willow,Kiln,Terrace
2025-10-03,KWT-2,11.760923800951321,0,Willow,Kiln,Terrace
2025-10-04,KWT-2,10.934074196529686,0,Willow,Kiln,Terrace
2025-10-05,KWT-2,11.271882906910003,0,Willow,Kiln,Terrace
2025-10-06,KWT-2,11.165070875167148,0,Willow,Kiln,Terrace
2025-10-07,KWT-2,11.601024313770814,0,Willow,Kiln,Terrace
2025-10-08,KWT-2,10.447551644734217,0,Willow,Kiln,Terrace
2025-10-09,KWT-2,10.81798667892798,0,Willow,Kiln,Terrace
2025-10-10,KWT-2,10.42306556194367,0,Willow,Kiln,Terrace
2025-10-11,KWT-2,9.19372488946007,0,Willow,Kiln,Terrace
2025-10-12,KWT-2,7.9938220102567135,0,Willow,Kiln,Terrace
2025-10-13,KWT-2,9.034974256930438,0,Willow,Kiln,Terrace
2025-10-14,KWT-2,10.019598513078432,0,Willow,Kiln,Terrace
2025-10-15,KWT-2,10.088574923186991,0,Willow,Kiln,Terrace
2025-10-16,KWT-2,9.26080181229778,0,Willow,Kiln,Terrace
2025-10-17,KWT-2,8.488008855021594,0,Willow,Kiln,Terrace
2025-10-18,KWT-2,9.691707493530048,0,Willow,Kiln,Terrace
2025-10-19,KWT-2,10.166873257410714,0,Willow,Kiln,Terrace
2025-10-20,KWT-2,9.318431489254708,0,Willow,Kiln,Terrace
2025-10-21,KWT-2,7.341172129527446,0,Willow,Kiln,Terrace
2025-10-22,KWT-2,9.193894902346633,0,Willow,Kiln,Terrace
2025-10-23,KWT-2,8.057382022047875,0,Willow,Kiln,Terrace
2025-10-24,KWT-2,5.900490656070935,0,Willow,Kiln,Terrace
2025-10-25,KWT-2,7.664695701835985,0,Willow,Kiln,Terrace
2025-10-26,KWT-2,8.176935716102795,0,Willow,Kiln,Terrace
2025-10-27,KWT-2,6.828690498264033,0,Willow,Kiln,Terrace
2025-10-28,KWT-2,8.521395510342643,0,Willow,Kiln,Terrace
2025-10-29,KWT-2,7.697262910777032,0,Willow,Kiln,Terrace
2025-10-30,KWT-2,5.891521955029919,0,Willow,Kiln,Terrace
2025-10-31,KWT-2,6.780039202594361,0,Willow,Kiln,Terrace
2025-11-01,KWT-2,4.2442093993545855,0,Willow,Kiln,Terrace
2025-11-02,KWT-2,12.03034415292709,0,Willow,Kiln,Terrace
