date,doy,year,well_id,ET_gw_cm,R_cm,S_cm,Sy_star,method_id
2018-07-18,199,2018,EEF-1,0.0815219537069038,0.28611440347603434,1.7519344391965603,0.04,White_constantSy
2018-07-19,200,2018,EEF-1,0.077207962262504,2.165820022034694,-0.2356209654720942,0.04,White_constantSy
2018-07-20,201,2018,EEF-1,0.1894447708648653,5.60114771156033,-0.8650284399386976,0.04,White_constantSy
2018-07-21,202,2018,EEF-1,0.033527606948261165,1.1942459782314572,-0.356055804524928,0.04,White_constantSy
2018-07-22,203,2018,EEF-1,0.004232146538072357,0.6252164982150532,-0.5194128347632443,0.04,White_constantSy
2018-07-23,204,2018,EEF-1,0.14541259696665151,3.770875052894617,-0.13556012872832923,0.04,White_constantSy
2018-07-24,205,2018,EEF-1,0.029678764606984345,1.2156493474844154,-0.4736802323098068,0.04,White_constantSy
2018-07-25,206,2018,EEF-1,0.43202437274907396,-0.14981651121281914,10.950425829939668,0.04,White_constantSy
2018-07-28,209,2018,EEF-1,0.6425655312118499,16.131559722430545,-0.06742144213429668,0.04,White_constantSy
2018-07-29,210,2018,EEF-1,0.5681846621086983,17.998169331655212,-3.793552778937755,0.04,White_constantSy
2018-07-30,211,2018,EEF-1,0.4820808379299652,16.175464466294585,-4.123443518045455,0.04,White_constantSy
2018-07-31,212,2018,EEF-1,0.5830707958780222,18.25821734019968,-3.681447443249123,0.04,White_constantSy
2018-08-01,213,2018,EEF-1,0.5810361877782881,14.489516254628043,0.03638843982916029,0.04,White_constantSy
2018-08-02,214,2018,EEF-1,0.5547370873423167,15.01743336764141,-1.1490061840834898,0.04,White_constantSy
2018-08-03,215,2018,EEF-1,0.38584435407558093,15.828127553249892,-6.18201870136037,0.04,White_constantSy
2018-08-04,216,2018,EEF-1,0.29344910759369464,12.228886375602954,-4.892658685760589,0.04,White_constantSy
2018-08-05,217,2018,EEF-1,0.3879776838693368,10.49626880018797,-0.7968267034545509,0.04,White_constantSy
2018-08-06,218,2018,EEF-1,0.4176046735779553,10.690306704036,-0.250189864587119,0.04,White_constantSy
2018-08-07,219,2018,EEF-1,0.2965664330307834,6.110894113410847,1.303266712358738,0.04,White_constantSy
2018-08-08,220,2018,EEF-1,0.5019164770771734,13.302722913719812,-0.7548109867904795,0.04,White_constantSy
2018-08-09,221,2018,EEF-1,0.4146900648217558,9.446659888773844,0.9205917317700507,0.04,White_constantSy
2018-08-10,222,2018,EEF-1,0.545926890906848,13.45144090596192,0.1967313667092796,0.04,White_constantSy
2018-08-11,223,2018,EEF-1,0.2957772005975757,6.3909242632131615,1.0035057517262302,0.04,White_constantSy
2018-08-12,224,2018,EEF-1,0.2644854235400009,7.058625336724912,-0.44648974822488974,0.04,White_constantSy
2018-08-13,225,2018,EEF-1,0.37986948416826166,9.609718344525962,-0.1129812403194208,0.04,White_constantSy
2018-08-14,226,2018,EEF-1,0.414396322847019,12.223856380892094,-1.8639483097166192,0.04,White_constantSy
2018-08-15,227,2018,EEF-1,0.3715266892514591,7.905345989606218,1.3828212416802597,0.04,White_constantSy
2018-08-16,228,2018,EEF-1,0.35977342467846707,10.791891553745756,-1.7975559367840805,0.04,White_constantSy
2018-08-17,229,2018,EEF-1,0.2928807234367178,7.185181074228474,0.1368370116894706,0.04,White_constantSy
2018-08-18,230,2018,EEF-1,0.4382097000845279,11.236082981960038,-0.2808404798468409,0.04,White_constantSy
2018-08-19,231,2018,EEF-1,0.837426767829378,20.68527062587721,0.25039856985724107,0.04,White_constantSy
2018-08-20,232,2018,EEF-1,0.8721292797461974,23.59396413041886,-1.7907321367639293,0.04,White_constantSy
2018-08-21,233,2018,EEF-1,0.6576579767021178,19.996710581309408,-3.5552611637564606,0.04,White_constantSy
2018-08-22,234,2018,EEF-1,0.1813929962209488,5.1597004271574,-0.6248755216336805,0.04,White_constantSy
2018-08-23,235,2018,EEF-1,0.12864102222250268,2.909043590488017,0.30698196507455,0.04,White_constantSy
2018-08-24,236,2018,EEF-1,-0.019612202099270774,1.8549018934006805,-2.34520694588245,0.04,White_constantSy
2018-08-27,239,2018,EEF-1,0.08029566786744521,2.2595207414731204,-0.25212904478699016,0.04,White_constantSy
2018-08-28,240,2018,EEF-1,-0.008150421583058471,0.13920277323689811,-0.3429633128133599,0.04,White_constantSy
2018-08-29,241,2018,EEF-1,-0.003879322727072423,-0.8359706671338605,0.7389875989570499,0.04,White_constantSy
2018-08-30,242,2018,EEF-1,0.13277057749814955,4.526062554589319,-1.20679811713558,0.04,White_constantSy
2018-08-31,243,2018,EEF-1,0.022809651919934,0.005213018280480042,0.56502827971787,0.04,White_constantSy
2018-09-01,244,2018,EEF-1,0.0265003239814736,0.3064145374786198,0.3560935620582202,0.04,White_constantSy
2018-09-02,245,2018,EEF-1,0.03597572381955523,1.7672907602524208,-0.8678976647635401,0.04,White_constantSy
2018-09-03,246,2018,EEF-1,-0.0939560300944876,-2.5113255068553597,0.16242475449317,0.04,White_constantSy
2018-09-04,247,2018,EEF-1,0.040819218689251605,1.14920044433868,-0.12871997710739003,0.04,White_constantSy
2018-09-05,248,2018,EEF-1,-0.1089386427937012,-1.78470437537502,-0.9387616944675099,0.04,White_constantSy
2018-09-06,249,2018,EEF-1,-0.018564542655049584,-0.5311821988726796,0.06706863249644002,0.04,White_constantSy
2018-09-07,250,2018,EEF-1,-0.003409732260927183,-0.07943183385065944,-0.005811472672520135,0.04,White_constantSy
2018-09-08,251,2018,EEF-1,-0.11575748962958439,-3.45664126752354,0.5627040267839301,0.04,White_constantSy
2018-09-09,252,2018,EEF-1,-0.04858086493677281,-1.8609618972188402,0.6464402737995201,0.04,White_constantSy
2018-09-10,253,2018,EEF-1,0.07487759570460721,1.9328906184508803,-0.06095072583570005,0.04,White_constantSy
2018-09-11,254,2018,EEF-1,-0.005055677619879995,-0.8186762163898798,0.6922842758928799,0.04,White_constantSy
2018-09-12,255,2018,EEF-1,-0.08999794600601327,-2.901239266912322,0.6512906167619901,0.04,White_constantSy
2018-09-13,256,2018,EEF-1,0.0688500822555868,2.42228688308118,-0.7010348266915101,0.04,White_constantSy
2018-09-14,257,2018,EEF-1,-0.026642522441391234,-0.7139390207736609,0.047875959738880036,0.04,White_constantSy
2018-09-15,258,2018,EEF-1,-0.13371663001741,-3.43606293496242,0.09314718452717008,0.04,White_constantSy
2018-09-16,259,2018,EEF-1,-0.043057789697507606,-0.1360189063046402,-0.94042583613305,0.04,White_constantSy
2018-09-17,260,2018,EEF-1,-0.0037950514504108,-0.66828008086902,0.57340379460875,0.04,White_constantSy
2018-09-18,261,2018,EEF-1,-0.01321248891731159,-0.9166992496705797,0.58638702673779,0.04,White_constantSy
2018-09-19,262,2018,EEF-1,0.0666316131774908,2.4092631053011804,-0.74347277586391,0.04,White_constantSy
2018-09-20,263,2018,EEF-1,0.029813681819240403,1.27582126718298,-0.53047922170197,0.04,White_constantSy
2018-09-21,264,2018,EEF-1,-0.05528456433306442,-0.6557430204243003,-0.72637108790231,0.04,White_constantSy
2018-09-22,265,2018,EEF-1,-0.03503802276507201,-1.60877605084266,0.7328254817158599,0.04,White_constantSy
2018-09-23,266,2018,EEF-1,-0.0891465808457772,-2.9280578904454804,0.6993933693010501,0.04,White_constantSy
2018-09-24,267,2018,EEF-1,0.02398806576818765,1.8453914662348814,-1.2456898220301902,0.04,White_constantSy
2018-09-25,268,2018,EEF-1,-0.05511382938456606,-1.1312829878025914,-0.24656274681155999,0.04,White_constantSy
2018-09-26,269,2018,EEF-1,-0.017801369000935197,-0.13312987103333984,-0.3119043539900401,0.04,White_constantSy
2018-09-27,270,2018,EEF-1,-0.028955444487316014,-1.5593610187998603,0.83547490661696,0.04,White_constantSy
2018-09-28,271,2018,EEF-1,-0.050325951160849994,-2.6298121859720998,1.37166340695085,0.04,White_constantSy
2018-09-29,272,2018,EEF-1,-0.040826189989480455,-1.5261276190610413,0.50547286932403,0.04,White_constantSy
2018-09-30,273,2018,EEF-1,0.10350904818737,3.00404465987364,-0.4163184551893899,0.04,White_constantSy
2018-10-01,274,2018,EEF-1,0.005233217782809199,0.4488266441278199,-0.31799619955758995,0.04,White_constantSy
2018-10-02,275,2018,EEF-1,-0.22798400826165643,-5.678524015625161,-0.021076190916250015,0.04,White_constantSy
2018-10-03,276,2018,EEF-1,0.009599382750217612,0.3729924325700402,-0.13300786381459995,0.04,White_constantSy
2018-10-04,277,2018,EEF-1,-0.024848554222116803,-0.0018773433804599726,-0.6193365121724601,0.04,White_constantSy
2018-10-05,278,2018,EEF-1,-0.11369348923598523,-3.0184410017309404,0.17610377083131,0.04,White_constantSy
2018-10-06,279,2018,EEF-1,-0.07799485623279878,-2.2585942960290595,0.30872289020909005,0.04,White_constantSy
2018-10-07,280,2018,EEF-1,-0.16392507151005795,-3.7948960530318585,-0.30323073471959006,0.04,White_constantSy
2018-10-08,281,2018,EEF-1,-0.08384366352442679,-3.06430733483262,0.9682157467219501,0.04,White_constantSy
2018-10-09,282,2018,EEF-1,0.027268311331568446,0.5045338186203612,0.17717396466884994,0.04,White_constantSy
2018-10-10,283,2018,EEF-1,-0.0394535159638432,-1.07750444387736,0.09116654478127995,0.04,White_constantSy
2018-10-11,284,2018,EEF-1,-0.05877182881126001,-0.38089173115062014,-1.08840398913088,0.04,White_constantSy
2018-10-12,285,2018,EEF-1,0.034140913650759996,1.3159818388874998,-0.4624589976184999,0.04,White_constantSy
2018-10-13,286,2018,EEF-1,-0.04192216800042478,-1.4636344316339995,0.41558023162338004,0.04,White_constantSy
2018-10-14,287,2018,EEF-1,-0.043119964981862414,0.45729753835919973,-1.53529666290576,0.04,White_constantSy
2018-10-15,288,2018,EEF-1,-0.05012543729143278,-0.7109064799247997,-0.5422294523610199,0.04,White_constantSy
2018-10-16,289,2018,EEF-1,0.023243022597563594,-0.02007029728008014,0.60114586221917,0.04,White_constantSy
2018-10-17,290,2018,EEF-1,-0.045746382250299984,-0.8179007839537198,-0.3257587723037799,0.04,White_constantSy
2018-10-18,291,2018,EEF-1,0.0258281405185292,0.31853916559404016,0.32716434736918987,0.04,White_constantSy
2018-10-19,292,2018,EEF-1,0.08283352131118879,2.7020433658052396,-0.6312053330255198,0.04,White_constantSy
2018-10-20,293,2018,EEF-1,0.06914545436739561,0.9983497594000204,0.7302865997848699,0.04,White_constantSy
2018-10-21,294,2018,EEF-1,-0.04037416089773359,-1.8713711072588999,0.86201708481556,0.04,White_constantSy
2018-10-22,295,2018,EEF-1,0.09588864406360481,2.3046758934938403,0.09254020809627997,0.04,White_constantSy
2018-10-23,296,2018,EEF-1,0.015709751267600398,0.5605278183452399,-0.16778403665523,0.04,White_constantSy
2018-10-24,297,2018,EEF-1,0.029323420183585594,2.21110583915016,-1.47802033456052,0.04,White_constantSy
2018-10-25,298,2018,EEF-1,-0.08797748944496803,-2.1698474185779606,-0.029589817546239905,0.04,White_constantSy
2018-10-26,299,2018,EEF-1,-0.004353648646408806,-0.4443207895530601,0.33547957339283996,0.04,White_constantSy
2018-10-27,300,2018,EEF-1,-0.0862908893316648,-2.51519952674004,0.35792729344842,0.04,White_constantSy
2018-10-28,301,2018,EEF-1,0.06268428841003441,1.9995148802895601,-0.43240767003869995,0.04,White_constantSy
2018-10-29,302,2018,EEF-1,-0.18292627939671044,-4.8286143177232805,0.25545733280551997,0.04,White_constantSy
2018-10-30,303,2018,EEF-1,0.06320691839283636,2.317315771770719,-0.7371428119498099,0.04,White_constantSy
2018-10-31,304,2018,EEF-1,-0.01736056784103998,-0.4948543367867395,0.06084014076073996,0.04,White_constantSy
2018-11-01,305,2018,EEF-1,-0.05746344114350398,-0.4625465180378394,-0.9740395105497599,0.04,White_constantSy
2018-11-02,306,2018,EEF-1,-0.018954832251802733,-1.0621309697623182,0.58826016346725,0.04,White_constantSy
2018-11-03,307,2018,EEF-1,0.019006234910874876,0.49323016282014187,-0.018074290048269992,0.04,White_constantSy
2018-11-04,308,2018,EEF-1,-0.06064526912787277,-2.954751594337019,1.4386198661401999,0.04,White_constantSy
2018-11-05,309,2018,EEF-1,0.11222661481941319,2.98291743307254,-0.17725206258721005,0.04,White_constantSy
2018-11-06,310,2018,EEF-1,0.09395908630947396,2.873648446881539,-0.5246712891446899,0.04,White_constantSy
2018-11-07,311,2018,EEF-1,0.020281824796617984,1.1261937030617397,-0.6191480831462901,0.04,White_constantSy
2018-11-08,312,2018,EEF-1,-0.026407267812886853,0.8677863417833387,-1.52796803710551,0.04,White_constantSy
2018-11-09,313,2018,EEF-1,0.17297579209792321,3.6688621168121403,0.65553268563594,0.04,White_constantSy
2018-11-10,314,2018,EEF-1,-0.03896029074938641,-0.89500497773862,-0.07900229099604017,0.04,White_constantSy
2018-11-11,315,2018,EEF-1,0.02162621504054755,2.1732582902675386,-1.6326029142538498,0.04,White_constantSy
2018-11-12,316,2018,EEF-1,0.09565361445314849,4.117877151879062,-1.72653679055035,0.04,White_constantSy
2018-11-13,317,2018,EEF-1,0.037846410732378,0.9338922489433799,0.012268019366070249,0.04,White_constantSy
2018-11-14,318,2018,EEF-1,0.1500243515344477,3.277350641457483,0.47325814690371004,0.04,White_constantSy
2018-11-15,319,2018,EEF-1,0.1802662068358591,3.6872411714167175,0.8194139994797593,0.04,White_constantSy
2018-11-16,320,2018,EEF-1,0.014986371283349556,-0.1306697073840013,0.5053289894677402,0.04,White_constantSy
2018-11-17,321,2018,EEF-1,0.09331553830718235,3.3331986424887585,-1.0003101848091998,0.04,White_constantSy
2018-11-18,322,2018,EEF-1,0.5692104644935911,5.533351297138738,8.69691031520104,0.04,White_constantSy
2019-09-22,265,2019,EEF-1,0.08781731038064233,1.4405987355175185,0.7548340239985398,0.04,White_constantSy
2019-09-23,266,2019,EEF-1,0.12630089532966265,4.469393645556236,-1.3118712623146696,0.04,White_constantSy
2019-09-24,267,2019,EEF-1,0.24347121022469634,5.817224323044778,0.2695559325726302,0.04,White_constantSy
2019-09-25,268,2019,EEF-1,0.21161380780689767,4.626722044579502,0.6636231505929402,0.04,White_constantSy
2019-09-26,269,2019,EEF-1,0.1259758039528269,3.1430187370265426,0.0063763617941297035,0.04,White_constantSy
2019-09-27,270,2019,EEF-1,0.1814026106300009,2.7584065728880818,1.7766586928619401,0.04,White_constantSy
2019-09-28,271,2019,EEF-1,0.16183201103626613,3.659560861499463,0.3862394144071901,0.04,White_constantSy
2019-09-29,272,2019,EEF-1,-0.10096755499116324,-1.7622184819163405,-0.7619703928627404,0.04,White_constantSy
2019-09-30,273,2019,EEF-1,-0.09739566189654127,-2.1720019132416617,-0.26288963417187006,0.04,White_constantSy
2019-10-01,274,2019,EEF-1,-0.007334231479929443,0.09132327354815395,-0.27467906054639,0.04,White_constantSy
2019-10-02,275,2019,EEF-1,0.07679966920107997,2.517603658068179,-0.5976119280411796,0.04,White_constantSy
2019-10-03,276,2019,EEF-1,0.017721922422310323,-0.21565132956384225,0.6586993901216003,0.04,White_constantSy
2019-10-04,277,2019,EEF-1,0.047831170505547256,3.0661176238404018,-1.8703383612017204,0.04,White_constantSy
2019-10-05,278,2019,EEF-1,0.06971698906494274,1.7881370174879985,-0.04521229086443013,0.04,White_constantSy
2019-10-06,279,2019,EEF-1,0.012029819948635972,0.17665858940279922,0.12408690931310007,0.04,White_constantSy
2019-10-07,280,2019,EEF-1,0.050705223936562405,0.8630796189436802,0.4045509794703799,0.04,White_constantSy
2019-10-08,281,2019,EEF-1,0.03409876427031112,0.002788268912818026,0.8496808378449598,0.04,White_constantSy
2019-10-09,282,2019,EEF-1,-0.13333730085786794,-2.341256001124858,-0.99217652032184,0.04,White_constantSy
2019-10-10,283,2019,EEF-1,-0.219928618248112,-4.8375946974165,-0.6606207587862998,0.04,White_constantSy
2019-10-11,284,2019,EEF-1,-0.06635764235385562,-2.7072238051519806,1.0482827463055902,0.04,White_constantSy
2019-10-12,285,2019,EEF-1,-0.017538693035192097,-1.4512642545060626,1.0127969286262601,0.04,White_constantSy
2019-10-13,286,2019,EEF-1,0.007086196232493371,0.5434822895839844,-0.3663273837716501,0.04,White_constantSy
2019-10-14,287,2019,EEF-1,-0.07835959148940967,-0.8105289355239016,-1.1484608517113402,0.04,White_constantSy
2019-10-15,288,2019,EEF-1,-0.022832182649658483,-0.7241034087982818,0.1532988425568198,0.04,White_constantSy
2019-10-16,289,2019,EEF-1,0.05514813874473399,1.2784690535539793,0.10023441506437036,0.04,White_constantSy
2019-10-17,290,2019,EEF-1,-0.2703828227493336,-8.25405006165774,1.4944794929243996,0.04,White_constantSy
2019-10-18,291,2019,EEF-1,0.041787596319871445,2.550985858338356,-1.5062959503415696,0.04,White_constantSy
2019-10-19,292,2019,EEF-1,-0.10882900086306078,-3.1482231415988995,0.42749812002237997,0.04,White_constantSy
2019-10-20,293,2019,EEF-1,2.9742629642328176,1.8614964899164184,72.49507761590402,0.04,White_constantSy
2021-07-04,185,2021,EEF-1,0.1630984447837335,4.50481039898807,-0.42734927939473266,0.04,White_constantSy
2021-07-05,186,2021,EEF-1,-0.06892072373351482,-4.771621317588483,3.0486032242506127,0.04,White_constantSy
2024-07-15,197,2024,EEF-1,-0.02041437425922652,-1.133892046646821,0.623532690166158,0.04,White_constantSy
2024-07-16,198,2024,EEF-1,0.40622160790326406,9.41493489578815,0.7406053017934511,0.04,White_constantSy
2024-07-17,199,2024,EEF-1,0.5289864806212864,13.0358670242924,0.18879499123976018,0.04,White_constantSy
2024-07-18,200,2024,EEF-1,0.45133328125299216,9.892248699149064,1.3910833321757394,0.04,White_constantSy
2024-07-19,201,2024,EEF-1,0.5252378960799291,12.752392276613733,0.3785551253844943,0.04,White_constantSy
2024-07-20,202,2024,EEF-1,0.4941466062752369,11.95744132778458,0.3962238290963427,0.04,White_constantSy
2024-07-21,203,2024,EEF-1,0.5466881979412278,12.267752841070802,1.3994521074598936,0.04,White_constantSy
2024-07-22,204,2024,EEF-1,0.5519665019782082,13.95798582327896,-0.1588232738237565,0.04,White_constantSy
2024-07-23,205,2024,EEF-1,0.4562489204748687,11.333003417919542,0.07321959395217448,0.04,White_constantSy
2024-07-24,206,2024,EEF-1,0.4128263404460381,9.890965315172906,0.42969319597804656,0.04,White_constantSy
2024-07-25,207,2024,EEF-1,0.29008002735927224,6.695981845929879,0.5560188380519264,0.04,White_constantSy
2024-07-26,208,2024,EEF-1,-0.04322612611215106,-2.572875579057012,1.4922224262532353,0.04,White_constantSy
2024-07-27,209,2024,EEF-1,-0.11946293987524825,-2.4242183048258426,-0.5623551920553638,0.04,White_constantSy
2024-07-28,210,2024,EEF-1,-0.07506839579682606,-1.9271944838692434,0.05048458894859209,0.04,White_constantSy
2024-07-29,211,2024,EEF-1,-0.10780441987417078,-2.1808812184282544,-0.514229278426015,0.04,White_constantSy
2024-07-30,212,2024,EEF-1,-0.07171924217955279,-2.035410577136389,0.24242952264756923,0.04,White_constantSy
2024-07-31,213,2024,EEF-1,0.0637193296810068,1.7284615786756774,-0.13547833665050746,0.04,White_constantSy
2024-08-01,214,2024,EEF-1,-0.020743914309214802,0.6367109514741287,-1.1553088092044987,0.04,White_constantSy
2024-08-02,215,2024,EEF-1,0.04954319649810657,1.2032647994658419,0.03531511298682233,0.04,White_constantSy
2024-08-03,216,2024,EEF-1,-0.14114160319392965,-3.231090002770287,-0.29745007707795423,0.04,White_constantSy
2024-08-04,217,2024,EEF-1,0.10753930770103011,6.197196268129403,-3.5087135756036503,0.04,White_constantSy
2024-08-05,218,2024,EEF-1,0.14697616439078615,6.319383062314898,-2.6449789525452445,0.04,White_constantSy
2024-08-06,219,2024,EEF-1,0.20688709596237914,8.08084508828486,-2.908667689225382,0.04,White_constantSy
2024-08-07,220,2024,EEF-1,0.5001604749477128,14.796855298754963,-2.292843425062145,0.04,White_constantSy
2024-08-08,221,2024,EEF-1,0.326558612074258,10.770792948584074,-2.6068276467276235,0.04,White_constantSy
2024-08-09,222,2024,EEF-1,0.5063239187273542,12.110390283977068,0.5477076842067845,0.04,White_constantSy
2024-08-10,223,2024,EEF-1,0.5718683147282417,14.395566496695267,-0.098858628489225,0.04,White_constantSy
2024-08-11,224,2024,EEF-1,0.4274840049672764,9.82371233426278,0.8633877899191305,0.04,White_constantSy
2024-08-12,225,2024,EEF-1,0.4758394047818297,10.486335086288534,1.4096500332572077,0.04,White_constantSy
2024-08-13,226,2024,EEF-1,0.5660735107613545,13.551532260018064,0.6003055090157972,0.04,White_constantSy
2024-08-14,227,2024,EEF-1,0.5248172398244367,12.433242916758758,0.6871880788521594,0.04,White_constantSy
2024-08-15,228,2024,EEF-1,0.37948298907489575,8.059520675863439,1.4275540510089542,0.04,White_constantSy
2024-08-16,229,2024,EEF-1,0.47566651313495356,9.957868223086308,1.933794605287531,0.04,White_constantSy
2024-08-17,230,2024,EEF-1,0.4237540069436943,10.004649008139978,0.5892011654523799,0.04,White_constantSy
2024-08-18,231,2024,EEF-1,0.4891819894405603,11.784771810706474,0.4447779253075339,0.04,White_constantSy
2024-08-19,232,2024,EEF-1,0.49555022914601354,12.585862642376753,-0.1971069137264152,0.04,White_constantSy
2024-08-20,233,2024,EEF-1,0.6007598916013762,14.521193647607646,0.49780364242676,0.04,White_constantSy
2024-08-21,234,2024,EEF-1,0.5386119596533746,13.219082529389368,0.24621646194499647,0.04,White_constantSy
2024-08-22,235,2024,EEF-1,0.5105655207142076,11.13463723735211,1.6295007805030792,0.04,White_constantSy
2024-08-23,236,2024,EEF-1,0.440815682501281,14.84509378415737,-3.8247017216253454,0.04,White_constantSy
2024-08-24,237,2024,EEF-1,-0.09267849007545863,10.160935922790372,-12.477898174676838,0.04,White_constantSy
2024-08-25,238,2024,EEF-1,0.13930626633717794,14.768356450763022,-11.285699792333574,0.04,White_constantSy
2024-08-26,239,2024,EEF-1,0.2659553513643971,12.442574217672586,-5.793690433562659,0.04,White_constantSy
2024-08-27,240,2024,EEF-1,0.2596860094784805,8.783039137117441,-2.29088890015543,0.04,White_constantSy
2024-08-28,241,2024,EEF-1,0.15121071712701423,5.139952146026516,-1.3596842178511608,0.04,White_constantSy
2024-08-29,242,2024,EEF-1,0.26326532839129185,8.028862533580394,-1.4472293237980978,0.04,White_constantSy
2024-08-30,243,2024,EEF-1,0.2969952202409104,8.131430203073052,-0.706549697050292,0.04,White_constantSy
2024-08-31,244,2024,EEF-1,0.4150243979164742,10.667349620378943,-0.291739672467088,0.04,White_constantSy
2024-09-01,245,2024,EEF-1,0.4400353273354935,9.799753939786982,1.2011292436003558,0.04,White_constantSy
2024-09-02,246,2024,EEF-1,0.5625648191565702,13.796438058593452,0.2676824203208028,0.04,White_constantSy
2024-09-03,247,2024,EEF-1,0.6090825795373135,15.777756168179337,-0.5506916797464996,0.04,White_constantSy
2024-09-04,248,2024,EEF-1,0.646626723997002,16.17527429305099,-0.00960619312593991,0.04,White_constantSy
2024-09-05,249,2024,EEF-1,0.7611246214793027,19.247918518756137,-0.21980298177356872,0.04,White_constantSy
2024-09-06,250,2024,EEF-1,0.6924543440194469,17.108952998100378,0.2024056023857952,0.04,White_constantSy
2024-09-07,251,2024,EEF-1,0.7586162549325249,17.92548363108959,1.0399227422235313,0.04,White_constantSy
2024-09-08,252,2024,EEF-1,0.7571938562679111,19.353541408283093,-0.42369500158531537,0.04,White_constantSy
2024-09-09,253,2024,EEF-1,0.7170833589426591,18.599242082410328,-0.6721581088438526,0.04,White_constantSy
2024-09-10,254,2024,EEF-1,0.7413145683556625,17.173936525999878,1.3589276828916823,0.04,White_constantSy
2024-09-11,255,2024,EEF-1,0.6194333622340639,17.68813742621522,-2.202303370363623,0.04,White_constantSy
2024-09-12,256,2024,EEF-1,0.30428932346049636,9.737109910244655,-2.1298768237322463,0.04,White_constantSy
2024-09-13,257,2024,EEF-1,0.3131689425305115,9.992587119917971,-2.1633635566551845,0.04,White_constantSy
2024-09-14,258,2024,EEF-1,0.3780886325126289,10.362110470284591,-0.9098946574688682,0.04,White_constantSy
2024-09-15,259,2024,EEF-1,0.36397064142939684,9.575226871989173,-0.47596083625425223,0.04,White_constantSy
2024-09-16,260,2024,EEF-1,0.024000977475099036,3.617551038943432,-3.0175266020659564,0.04,White_constantSy
2024-09-17,261,2024,EEF-1,0.06367557340823353,3.885733879269914,-2.2938445440640756,0.04,White_constantSy
2024-09-18,262,2024,EEF-1,-0.03346095018215237,1.9567240692243573,-2.7932478237781666,0.04,White_constantSy
2024-09-19,263,2024,EEF-1,-0.030580790461506666,1.4354882783241152,-2.200008039861782,0.04,White_constantSy
2024-09-20,264,2024,EEF-1,0.038835643536650366,2.5605220508193582,-1.589630962403099,0.04,White_constantSy
2024-09-21,265,2024,EEF-1,0.09997665885438764,3.5778081240941617,-1.0783916527344708,0.04,White_constantSy
2024-09-22,266,2024,EEF-1,0.07633031458531306,3.114117839687225,-1.2058599750543983,0.04,White_constantSy
2024-09-23,267,2024,EEF-1,0.08092807858481166,2.4009852950133137,-0.37778333039302225,0.04,White_constantSy
2024-09-24,268,2024,EEF-1,0.1284955436069302,2.6997680231644736,0.5126205670087813,0.04,White_constantSy
2024-09-25,269,2024,EEF-1,0.2089751394967145,5.759338318211583,-0.5349598307937207,0.04,White_constantSy
2024-09-26,270,2024,EEF-1,-0.06007720318557134,-0.744363089836142,-0.7575669898031414,0.04,White_constantSy
2024-09-27,271,2024,EEF-1,0.09711487204456504,2.4775055558866157,-0.04963375477248988,0.04,White_constantSy
2024-09-28,272,2024,EEF-1,0.08703272311815781,1.707145409682596,0.4686726682713491,0.04,White_constantSy
2024-09-29,273,2024,EEF-1,0.17806508266295396,5.608254402278945,-1.156627335705096,0.04,White_constantSy
2024-09-30,274,2024,EEF-1,0.18581441922529593,6.249128712318729,-1.603768231686331,0.04,White_constantSy
2024-10-01,275,2024,EEF-1,0.20718459178488757,4.974708146639273,0.20490664798291647,0.04,White_constantSy
2024-10-02,276,2024,EEF-1,0.21296809909038913,4.4547781697389155,0.8694243075208128,0.04,White_constantSy
2024-10-03,277,2024,EEF-1,0.13138293568300624,3.607369591531274,-0.3227961994561177,0.04,White_constantSy
2024-10-04,278,2024,EEF-1,0.0996004710337239,3.852305152922831,-1.3622933770797339,0.04,White_constantSy
2024-10-05,279,2024,EEF-1,0.05443033664646336,2.2474187012424522,-0.8866602850808682,0.04,White_constantSy
2024-10-06,280,2024,EEF-1,0.0743956842508446,1.7397623897220669,0.12012971654904803,0.04,White_constantSy
2024-10-07,281,2024,EEF-1,0.0913397051440235,1.1323531960233382,1.1511394325772493,0.04,White_constantSy
2024-10-08,282,2024,EEF-1,0.05321959593852924,1.2785632139507896,0.05192668451244131,0.04,White_constantSy
2024-10-09,283,2024,EEF-1,0.08249957604659372,2.9535962542723837,-0.8911068531075408,0.04,White_constantSy
2024-10-10,284,2024,EEF-1,0.13345953664718124,3.4299479647384103,-0.09345954855887939,0.04,White_constantSy
2024-10-11,285,2024,EEF-1,0.14001148382420447,4.418956248388671,-0.9186691527835595,0.04,White_constantSy
2024-10-12,286,2024,EEF-1,0.048903855333891355,1.4412850408202935,-0.21868865747300958,0.04,White_constantSy
2024-10-13,287,2024,EEF-1,0.020778438008562716,0.667743282632216,-0.14828233241814814,0.04,White_constantSy
2024-10-14,288,2024,EEF-1,0.04220582167999389,1.2859465813637492,-0.23080103936390195,0.04,White_constantSy
2024-10-15,289,2024,EEF-1,0.0714132592623426,1.849523285494925,-0.06419180393636026,0.04,White_constantSy
2024-10-16,290,2024,EEF-1,-0.020938011875779525,2.1090897220176004,-2.6325400189120884,0.04,White_constantSy
2024-10-17,291,2024,EEF-1,-0.07519181832008023,-0.951493629099474,-0.9283018289025318,0.04,White_constantSy
2024-10-18,292,2024,EEF-1,-0.05557355622685371,0.2884713960163765,-1.6778103016877193,0.04,White_constantSy
2024-10-19,293,2024,EEF-1,-0.0798639691971426,-3.1784140232911753,1.1818147933626104,0.04,White_constantSy
2024-10-20,294,2024,EEF-1,0.07121900991096233,1.687844748396838,0.09263049937722023,0.04,White_constantSy
2024-10-21,295,2024,EEF-1,0.0488797133879612,0.45985638803322004,0.76213644666581,0.04,White_constantSy
2024-10-22,296,2024,EEF-1,-0.04329155748099183,-0.4840340628298847,-0.598254874194911,0.04,White_constantSy
2024-10-23,297,2024,EEF-1,-0.022440533382300388,-0.9330380396533791,0.3720247050958694,0.04,White_constantSy
2024-10-24,298,2024,EEF-1,-0.012199065200724987,-0.3877235527273264,0.0827469227092017,0.04,White_constantSy
2024-10-25,299,2024,EEF-1,-0.1336348026433928,-2.122186845103979,-1.2186832209808411,0.04,White_constantSy
2024-10-26,300,2024,EEF-1,-0.10942777231343825,-2.4859111789428567,-0.24978312889309962,0.04,White_constantSy
2024-10-27,301,2024,EEF-1,-0.04512942013439435,-2.8445082307971603,1.7162727274373015,0.04,White_constantSy
2024-10-28,302,2024,EEF-1,-0.16243614224099986,-3.3179290771912164,-0.74297447883378,0.04,White_constantSy
2024-10-29,303,2024,EEF-1,-0.15640713633997202,-4.345119667818409,0.43494125931910865,0.04,White_constantSy
2024-10-30,304,2024,EEF-1,-0.1388650323316881,-2.854755203555513,-0.6168706047366896,0.04,White_constantSy
2024-10-31,305,2024,EEF-1,-6.102281718426639e-05,1.2724646647587647,-1.2739902351883714,0.04,White_constantSy
2024-11-01,306,2024,EEF-1,0.04633918934315915,0.3015572641090074,0.8569224694699713,0.04,White_constantSy
2024-11-02,307,2024,EEF-1,-0.0855935499178532,-0.026281971811680904,-2.113556776134649,0.04,White_constantSy
2024-11-03,308,2024,EEF-1,-0.3083969403796305,-8.12802197939747,0.41809846990670785,0.04,White_constantSy
2024-11-04,309,2024,EEF-1,-0.12512028006015904,-2.7339905382763874,-0.39401646322758843,0.04,White_constantSy
2024-11-05,310,2024,EEF-1,-0.219369619148352,-6.344393649128211,0.8601531704194105,0.04,White_constantSy
2024-11-06,311,2024,EEF-1,0.06406339461615701,1.5270134697157864,0.07457139568813886,0.04,White_constantSy
2024-11-07,312,2024,EEF-1,0.09823338744896468,2.6308091618297382,-0.1749744756056213,0.04,White_constantSy
2024-11-08,313,2024,EEF-1,0.22760179292642158,5.456027362963667,0.2340174601968723,0.04,White_constantSy
2019-07-27,208,2019,EEF-2,-0.030965105806778297,-2.015310940771542,1.2411832956020845,0.04,White_constantSy
2019-07-28,209,2019,EEF-2,-0.15697360048422695,-5.933806191478965,2.009466179373291,0.04,White_constantSy
2019-07-29,210,2019,EEF-2,-0.14684843925923077,-5.45126789088539,1.780056909404621,0.04,White_constantSy
2019-07-30,211,2019,EEF-2,-0.11683592172934766,-3.9528856604262046,1.031987617192513,0.04,White_constantSy
2019-07-31,212,2019,EEF-2,-0.033124565050736694,-1.315411404180054,0.4872972779116367,0.04,White_constantSy
2019-08-01,213,2019,EEF-2,0.012475325897517564,-0.6748439551909939,0.986727102628933,0.04,White_constantSy
2019-08-02,214,2019,EEF-2,-0.11466200711817749,-3.1280618501881463,0.2615116722337092,0.04,White_constantSy
2019-08-03,215,2019,EEF-2,0.006054877913454675,-1.3770499972640664,1.5284219451004333,0.04,White_constantSy
2019-08-04,216,2019,EEF-2,-0.03594865866097905,-1.879673307246719,0.9809568407222429,0.04,White_constantSy
2019-08-05,217,2019,EEF-2,-0.09103292717254022,-3.669218453721925,1.3933952744084195,0.04,White_constantSy
2019-08-06,218,2019,EEF-2,-0.03778028728417837,-1.8302548754732584,0.8857476933687991,0.04,White_constantSy
2019-08-07,219,2019,EEF-2,-0.08858367267134214,-3.4718969971163176,1.2573051803327644,0.04,White_constantSy
2019-08-08,220,2019,EEF-2,-0.04511655524253172,-2.183006665669268,1.055092784605975,0.04,White_constantSy
2019-08-09,221,2019,EEF-2,-0.029246330679654875,-2.185107353164284,1.453949086172912,0.04,White_constantSy
2019-08-10,222,2019,EEF-2,-0.03008085555200637,-1.5566282348691232,0.8046068460689639,0.04,White_constantSy
2019-08-11,223,2019,EEF-2,0.0024176808362483372,0.24260405941967633,-0.1821620385134679,0.04,White_constantSy
2019-08-12,224,2019,EEF-2,0.08831211038887148,1.8146860111198464,0.39311674860194046,0.04,White_constantSy
2019-08-13,225,2019,EEF-2,0.01776693906057119,0.20234054862555695,0.2418329278887228,0.04,White_constantSy
2019-08-14,226,2019,EEF-2,0.16073036099692048,3.8190168988922153,0.19924212603079638,0.04,White_constantSy
2019-08-15,227,2019,EEF-2,0.09005625412694031,1.5042165721257845,0.747189781047723,0.04,White_constantSy
2019-08-16,228,2019,EEF-2,0.05442863704619072,0.2590536877682439,1.101662238386524,0.04,White_constantSy
2019-08-17,229,2019,EEF-2,-0.015688516584607442,-1.8480413167401935,1.4558284021250074,0.04,White_constantSy
2019-08-18,230,2019,EEF-2,0.06520011304089621,0.9770135863423661,0.6529892396800392,0.04,White_constantSy
2019-08-19,231,2019,EEF-2,0.013911739804813123,0.19141500967418779,0.1563784854461403,0.04,White_constantSy
2019-08-20,232,2019,EEF-2,-0.02395158511544196,-0.28694295730429076,-0.3118466705817582,0.04,White_constantSy
2019-08-21,233,2019,EEF-2,0.06088306440204178,-0.2590663871724814,1.781142997223526,0.04,White_constantSy
2019-08-22,234,2019,EEF-2,0.01824951659527187,-1.0638164395783747,1.5200543544601715,0.04,White_constantSy
2019-08-23,235,2019,EEF-2,0.0,-1.6146099657490254,0.6554834827008733,0.04,White_constantSy
2019-08-24,236,2019,EEF-2,0.0,-0.00945798450646862,0.6989143699323392,0.04,White_constantSy
2019-08-25,237,2019,EEF-2,0.0,1.270208799938871,0.48227574874212564,0.04,White_constantSy
2019-08-26,238,2019,EEF-2,0.0,0.011085138751411705,1.3213212351979848,0.04,White_constantSy
2019-08-27,239,2019,EEF-2,0.0,-2.729300500007298,1.0077787954108146,0.04,White_constantSy
2019-08-28,240,2019,EEF-2,0.0,0.9875237572007904,-0.8961311234561151,0.04,White_constantSy
2019-08-29,241,2019,EEF-2,0.0,-3.4704061030510047,0.8190128566172064,0.04,White_constantSy
2019-08-30,242,2019,EEF-2,0.0,-1.7698746589985603,1.4753535531479258,0.04,White_constantSy
2019-08-31,243,2019,EEF-2,0.0,-6.117571954221376,1.4109731104364016,0.04,White_constantSy
2019-09-01,244,2019,EEF-2,0.0,-2.1416201888712294,1.7105215971700147,0.04,White_constantSy
2019-09-02,245,2019,EEF-2,0.0,-0.21913932646424428,0.958203346848677,0.04,White_constantSy
2019-09-03,246,2019,EEF-2,0.0,3.2326176419492185,-4.001037127426002,0.04,White_constantSy
2019-09-04,247,2019,EEF-2,0.0,-6.949701458256641,4.717235101094616,0.04,White_constantSy
2019-09-05,248,2019,EEF-2,0.0,-2.202794866242016,2.3924937009278153,0.04,White_constantSy
2019-09-06,249,2019,EEF-2,0.0,2.575639746395723,1.1264800247886626,0.04,White_constantSy
2019-09-07,250,2019,EEF-2,0.0,-1.9273185385919192,3.04300860969596,0.04,White_constantSy
2019-09-08,251,2019,EEF-2,0.0,1.7376012958986848,-0.9546610164251774,0.04,White_constantSy
2019-09-09,252,2019,EEF-2,0.0,-4.141899773489399,-7.525946042659939,0.04,White_constantSy
2019-09-10,253,2019,EEF-2,0.0,-20.320058373680354,-1.220203875875967,0.04,White_constantSy
2019-09-11,254,2019,EEF-2,0.0,-27.490283355476834,-9.750399776149266,0.04,White_constantSy
2019-09-12,255,2019,EEF-2,0.14808075081997119,4.260321036365156,-0.5583022658658763,0.04,White_constantSy
2019-09-13,256,2019,EEF-2,-0.010206157135111199,-0.30515847193379386,0.050004543556013914,0.04,White_constantSy
2019-09-14,257,2019,EEF-2,-0.01816487400479332,-1.4659259388856185,1.0118040887657855,0.04,White_constantSy
2019-09-15,258,2019,EEF-2,0.052202570484938635,0.056988605308958995,1.2480756568145068,0.04,White_constantSy
2019-09-16,259,2019,EEF-2,0.0,-3.849086791918978,-0.6250967504429923,0.04,White_constantSy
2019-09-17,260,2019,EEF-2,-0.03736771093069706,-0.6199670195830436,-0.3142257536843829,0.04,White_constantSy
2019-09-18,261,2019,EEF-2,-0.1444927145229599,-3.8868650314124693,0.27454716833847215,0.04,White_constantSy
2019-09-19,262,2019,EEF-2,-0.1761903536291561,-4.853182291866972,0.44842345113806914,0.04,White_constantSy
2019-09-20,263,2019,EEF-2,0.0,1.6892854890489843,-0.7638628552483056,0.04,White_constantSy
2019-09-21,264,2019,EEF-2,0.09405903743148657,2.6479717642899914,-0.2964958285028274,0.04,White_constantSy
2019-09-22,265,2019,EEF-2,-0.06622089105792042,-2.24859636176609,0.5930740853180794,0.04,White_constantSy
2019-09-23,266,2019,EEF-2,0.013423072547392395,1.8158961978365937,-1.4803193841517839,0.04,White_constantSy
2019-09-24,267,2019,EEF-2,0.12709492216563945,3.1381681707173925,0.03920488342359363,0.04,White_constantSy
2019-09-25,268,2019,EEF-2,-0.016791677193604075,-1.0403373236148354,0.6205453937747336,0.04,White_constantSy
2019-09-26,269,2019,EEF-2,-0.07162779452814562,-2.06196848915954,0.27127362595589943,0.04,White_constantSy
2019-09-27,270,2019,EEF-2,0.01599133916748315,-1.7688373734760603,2.168620852663139,0.04,White_constantSy
2019-09-28,271,2019,EEF-2,0.0,0.2779727758735362,0.7187268765528927,0.04,White_constantSy
2019-09-29,272,2019,EEF-2,0.0,-0.48274373194669806,-0.8020181928690988,0.04,White_constantSy
2019-09-30,273,2019,EEF-2,0.0,-2.8863171199319027,-0.575658140995813,0.04,White_constantSy
2019-10-01,274,2019,EEF-2,0.0,-0.41308480345026055,-0.5335142501137113,0.04,White_constantSy
2019-10-02,275,2019,EEF-2,0.0,1.7567638912000803,-0.4918702885630353,0.04,White_constantSy
2019-10-03,276,2019,EEF-2,0.05760340282546963,4.097048171689323,-2.6569631010525825,0.04,White_constantSy
2019-10-04,277,2019,EEF-2,-4.292702291372404,3.829448541946647,-111.14700582625673,0.04,White_constantSy
2024-06-03,155,2024,EEF-2,-0.15942596448495835,-6.990310583562788,3.00466147143883,0.04,White_constantSy
2024-06-04,156,2024,EEF-2,0.023773772515562827,-3.195322137847569,3.7896664507366395,0.04,White_constantSy
2024-06-05,157,2024,EEF-2,0.07086683460665626,-0.6776224068974841,2.4492932720638905,0.04,White_constantSy
2024-06-06,158,2024,EEF-2,0.16687475231409551,-0.04936564785107578,4.221234455703463,0.04,White_constantSy
2024-06-07,159,2024,EEF-2,0.17153446082299126,-0.6371807220208154,4.925542242595597,0.04,White_constantSy
2024-06-08,160,2024,EEF-2,0.0991644556004357,-1.2637572248376898,3.7428686148485824,0.04,White_constantSy
2024-06-09,161,2024,EEF-2,0.10816508483915784,-1.073656631061226,3.777783752040172,0.04,White_constantSy
2024-06-10,162,2024,EEF-2,0.06250196056341792,-1.224520775444617,2.787069789530065,0.04,White_constantSy
2024-06-11,163,2024,EEF-2,0.0670962412727772,-1.3883352992327218,3.065741331052152,0.04,White_constantSy
2024-06-12,164,2024,EEF-2,0.15792963553967185,0.8048976950941551,3.143343193397641,0.04,White_constantSy
2024-06-13,165,2024,EEF-2,0.10993271015131086,0.07680683385618181,2.6715109199265896,0.04,White_constantSy
2024-06-14,166,2024,EEF-2,0.09331807373142283,-0.40952026864755453,2.7424721119331252,0.04,White_constantSy
2024-06-15,167,2024,EEF-2,0.02947070293160266,-0.5947025485835127,1.3314701218735792,0.04,White_constantSy
2024-06-16,168,2024,EEF-2,0.06713883023017105,-2.59748719715418,4.275957952908456,0.04,White_constantSy
2024-06-17,169,2024,EEF-2,-0.1954233914560871,-6.019829999014405,1.1342452126122282,0.04,White_constantSy
2024-06-18,170,2024,EEF-2,-0.0862130360395014,-4.105246438333012,1.949920537345477,0.04,White_constantSy
2024-06-19,171,2024,EEF-2,-0.0427478524112189,-3.022629701055422,1.9539333907749494,0.04,White_constantSy
2024-06-20,172,2024,EEF-2,0.13687106939653404,1.6279816269310743,1.7937951079822767,0.04,White_constantSy
2024-06-21,173,2024,EEF-2,0.06275618810200001,-0.03560074322166429,1.6045054457716645,0.04,White_constantSy
2024-06-22,174,2024,EEF-2,0.093189369792604,1.1377417027979675,1.1919925420171325,0.04,White_constantSy
2024-06-23,175,2024,EEF-2,0.0035091383735363023,-2.137094772981783,2.2248232323201904,0.04,White_constantSy
2024-06-24,176,2024,EEF-2,0.03679952459545859,-1.142696782299879,2.062684897186344,0.04,White_constantSy
2024-06-25,177,2024,EEF-2,-0.00589134972346244,-2.2753229130913155,2.1280391700047545,0.04,White_constantSy
2024-06-26,178,2024,EEF-2,0.00938543106143868,-3.318824575563184,3.553460352099151,0.04,White_constantSy
2024-06-27,179,2024,EEF-2,-0.0034579370624584272,-2.73431686382861,2.6478684372671495,0.04,White_constantSy
2024-06-28,180,2024,EEF-2,-0.12560882215058086,-6.223757752153915,3.0835371983893936,0.04,White_constantSy
2024-06-29,181,2024,EEF-2,0.03416131865302362,-0.7497284095628629,1.6037613758884532,0.04,White_constantSy
2024-06-30,182,2024,EEF-2,0.0929610028392176,0.8318796613160373,1.4921454096644027,0.04,White_constantSy
2024-07-01,183,2024,EEF-2,-0.023245803059311926,-3.1754618102891357,2.5943167338063375,0.04,White_constantSy
2024-07-02,184,2024,EEF-2,0.10391986675707415,0.5280342770603852,2.0699623918664685,0.04,White_constantSy
2024-07-03,185,2024,EEF-2,0.0073190896582991626,-2.350520437234934,2.533497678692413,0.04,White_constantSy
2024-07-04,186,2024,EEF-2,0.08408878982083252,0.5726583849337885,1.5295613605870244,0.04,White_constantSy
2024-07-05,187,2024,EEF-2,0.17709532252955457,2.3850976458480204,2.0422854173908433,0.04,White_constantSy
2024-07-06,188,2024,EEF-2,-0.04029270856018684,-1.2448769221851137,0.23755920818044274,0.04,White_constantSy
2024-07-07,189,2024,EEF-2,0.05492792461088982,1.2207030980818558,0.1524950171903896,0.04,White_constantSy
2024-07-08,190,2024,EEF-2,0.07189544579822268,1.4718445907967634,0.3255415541588036,0.04,White_constantSy
2024-07-09,191,2024,EEF-2,-0.07968640247120334,-1.844832757617354,-0.14732730416272943,0.04,White_constantSy
2024-07-10,192,2024,EEF-2,0.017762373173675884,0.6991552132195693,-0.25509588387767224,0.04,White_constantSy
2024-07-11,193,2024,EEF-2,-0.12252778192594747,-2.617473772031474,-0.44572077611721284,0.04,White_constantSy
2024-07-12,194,2024,EEF-2,-2.9175062286624667,-2.459060344475006,-70.47859537208666,0.04,White_constantSy
2025-05-27,147,2025,EEF-2,0.012144138987322606,-3.555534457845198,3.859137932528263,0.04,White_constantSy
2025-05-28,148,2025,EEF-2,0.008850727509064881,-3.9341051271751155,4.155373314901738,0.04,White_constantSy
2025-05-29,149,2025,EEF-2,0.06021934534022762,-1.6363118222273414,3.141795455733032,0.04,White_constantSy
2025-05-30,150,2025,EEF-2,0.09386620962958717,-0.8898489086395216,3.2365041493792006,0.04,White_constantSy
2025-05-31,151,2025,EEF-2,0.08508230684313389,-1.7813208943032066,3.908378565381554,0.04,White_constantSy
2025-06-01,152,2025,EEF-2,-0.04420347653454115,-4.836039871183928,3.7309529578203993,0.04,White_constantSy
2025-06-02,153,2025,EEF-2,0.04727563855100669,-1.2993058421397308,2.481196805914898,0.04,White_constantSy
2025-06-03,154,2025,EEF-2,0.11801188460425749,0.13501789977468093,2.8152792153317563,0.04,White_constantSy
2025-06-04,155,2025,EEF-2,0.007003738416933913,-2.4410679890156217,2.6161614494389696,0.04,White_constantSy
2025-06-05,156,2025,EEF-2,0.047950064095473977,-0.6106334285043147,1.809385030891164,0.04,White_constantSy
2025-06-06,157,2025,EEF-2,-0.03515362967853093,-2.355155968876545,1.4763152269132718,0.04,White_constantSy
2025-06-07,158,2025,EEF-2,0.06337188223759654,0.14097088320568218,1.4433261727342312,0.04,White_constantSy
2025-06-08,159,2025,EEF-2,-0.026476627405871797,-1.953823716280965,1.2919080311341702,0.04,White_constantSy
2025-06-09,160,2025,EEF-2,-0.009559729188424626,-2.564758460300709,2.3257652305900933,0.04,White_constantSy
2025-06-10,161,2025,EEF-2,0.06922184423362239,-0.9282693465256102,2.65881545236617,0.04,White_constantSy
2025-06-11,162,2025,EEF-2,0.06419741523260428,-0.356229951242824,1.9611653320579308,0.04,White_constantSy
2025-06-12,163,2025,EEF-2,0.024829643821135505,-1.3048259056084532,1.9255670011368409,0.04,White_constantSy
2025-06-13,164,2025,EEF-2,-0.0840530995481646,-4.2991703091558975,2.1978428204517826,0.04,White_constantSy
2025-06-14,165,2025,EEF-2,-0.023477935754847294,-2.1197889683257642,1.5328405744545819,0.04,White_constantSy
2025-06-15,166,2025,EEF-2,0.03687613252168376,-1.7840919694847912,2.705995282526885,0.04,White_constantSy
2025-06-16,167,2025,EEF-2,-0.0034200957423848877,-2.0155015019767575,1.9299991084171353,0.04,White_constantSy
2025-06-17,168,2025,EEF-2,-0.003354313081324563,-2.819383949755405,2.735526122722291,0.04,White_constantSy
2025-06-18,169,2025,EEF-2,0.10367321748307574,-0.21999538230699045,2.811825819383884,0.04,White_constantSy
2025-06-19,170,2025,EEF-2,0.07703032159057614,-1.7550831888325718,3.680841228596975,0.04,White_constantSy
2025-06-20,171,2025,EEF-2,-0.04468393851346434,-3.2853161352004463,2.168217672363838,0.04,White_constantSy
2025-06-21,172,2025,EEF-2,-0.043424334325139854,-1.2306382721565683,0.14502991402807197,0.04,White_constantSy
2025-06-22,173,2025,EEF-2,-0.04812101501428231,-1.783732396461744,0.5807070211046863,0.04,White_constantSy
2025-06-23,174,2025,EEF-2,-0.0015114570982859732,-1.7297277413937309,1.6919413139365815,0.04,White_constantSy
2025-06-24,175,2025,EEF-2,0.044834409884637126,0.36260978615811723,0.7582504609578109,0.04,White_constantSy
2025-06-25,176,2025,EEF-2,0.062090866779972775,-0.40745289204915025,1.9597245615484695,0.04,White_constantSy
2025-06-26,177,2025,EEF-2,0.1975253334508193,3.3895188753191974,1.5486144609512849,0.04,White_constantSy
2025-06-27,178,2025,EEF-2,0.23566341487391015,5.109116512016556,0.782468859831198,0.04,White_constantSy
2025-06-28,179,2025,EEF-2,0.21957557089127305,4.242569062200374,1.2468202100814523,0.04,White_constantSy
2025-06-29,180,2025,EEF-2,0.3273761138334226,5.748809934186738,2.4355929116488255,0.04,White_constantSy
2025-06-30,181,2025,EEF-2,0.24058970294760343,3.90367874565527,2.1110638280348155,0.04,White_constantSy
2025-07-01,182,2025,EEF-2,0.21979765708528873,3.9105658998910258,1.5843755272411926,0.04,White_constantSy
2025-07-02,183,2025,EEF-2,0.17160586515809598,1.3892634918328781,2.9008831371195214,0.04,White_constantSy
2025-07-03,184,2025,EEF-2,0.2128118070641722,2.3727590281812354,2.947536148423069,0.04,White_constantSy
2025-07-04,185,2025,EEF-2,0.08089683848810467,0.4238691192234114,1.5985518429792052,0.04,White_constantSy
2025-07-05,186,2025,EEF-2,0.1467486769833414,0.9182943358840419,2.750422588699493,0.04,White_constantSy
2025-07-06,187,2025,EEF-2,0.23670525203802015,1.698034744238214,4.21959655671229,0.04,White_constantSy
2025-07-07,188,2025,EEF-2,0.20993250233669414,2.3516200142554737,2.89669254416188,0.04,White_constantSy
2025-07-08,189,2025,EEF-2,0.36422238388713934,6.650043308459885,2.4555162887185986,0.04,White_constantSy
2025-07-09,190,2025,EEF-2,0.1881720894533362,2.275049003860147,2.4292532324732576,0.04,White_constantSy
2025-07-10,191,2025,EEF-2,0.0,-0.22132184903966845,3.575900243439264,0.04,White_constantSy
2025-07-11,192,2025,EEF-2,0.0,0.17305622371384288,2.7059167032792573,0.04,White_constantSy
2025-07-12,193,2025,EEF-2,0.0,-2.740587061087979,0.5814691033105248,0.04,White_constantSy
2025-07-13,194,2025,EEF-2,0.0,4.918612803076485,-0.10912687108231012,0.04,White_constantSy
2025-07-14,195,2025,EEF-2,0.0,-2.2781935373852775,0.40729178501433694,0.04,White_constantSy
2025-07-15,196,2025,EEF-2,0.0,1.2840277206336737,0.5563859829090063,0.04,White_constantSy
2025-07-16,197,2025,EEF-2,0.0,-0.09687993094047442,-1.4829462517471939,0.04,White_constantSy
2025-07-17,198,2025,EEF-2,0.0,-9.250372681484635,-0.6618295275000605,0.04,White_constantSy
2025-07-18,199,2025,EEF-2,0.0,-6.471627789911906,-0.7963032834046828,0.04,White_constantSy
2025-07-19,200,2025,EEF-2,0.0,0.8660774352459839,0.35936176085922966,0.04,White_constantSy
2025-07-20,201,2025,EEF-2,0.0,-1.2250972131645312,0.5206468795387593,0.04,White_constantSy
2025-07-21,202,2025,EEF-2,0.0,0.1536207115539696,0.23421271781813857,0.04,White_constantSy
2025-07-22,203,2025,EEF-2,0.0,-1.4684533686680084,-0.48337224924708266,0.04,White_constantSy
2025-07-23,204,2025,EEF-2,0.0,-2.639230321589764,-0.26343848607035625,0.04,White_constantSy
2025-07-24,205,2025,EEF-2,0.0,2.8461117749362757,-0.0514945596584937,0.04,White_constantSy
2025-07-25,206,2025,EEF-2,0.0,0.9415070306350231,0.5123987195936763,0.04,White_constantSy
2025-07-26,207,2025,EEF-2,0.0,0.4945892788378501,0.08988185552831851,0.04,White_constantSy
2025-07-27,208,2025,EEF-2,0.0,-0.7187726521304398,-0.920934299510094,0.04,White_constantSy
2025-07-28,209,2025,EEF-2,0.0,-0.6751763351788895,0.00724534362532836,0.04,White_constantSy
2025-07-29,210,2025,EEF-2,0.0,-0.17975472590956088,-0.1382795931007763,0.04,White_constantSy
2025-07-30,211,2025,EEF-2,0.0,-2.811914793758774,0.576264690620576,0.04,White_constantSy
2025-07-31,212,2025,EEF-2,0.0,-0.5066029056276307,-1.0484601289592206,0.04,White_constantSy
2025-08-01,213,2025,EEF-2,0.0,-0.7439091657143422,-0.3073776443567908,0.04,White_constantSy
2025-08-02,214,2025,EEF-2,0.0,-3.0822687466155685,0.622745217503109,0.04,White_constantSy
2025-08-03,215,2025,EEF-2,0.0,1.4570202511849857,0.7079803618500478,0.04,White_constantSy
2025-08-04,216,2025,EEF-2,0.0,-2.5199686384608526,0.26976566523373435,0.04,White_constantSy
2025-08-05,217,2025,EEF-2,0.0,0.02017222117132178,-0.9099081573653507,0.04,White_constantSy
2025-08-06,218,2025,EEF-2,0.0,-0.8417051681241219,-0.11948029836173646,0.04,White_constantSy
2025-08-07,219,2025,EEF-2,0.0,0.1565835917663776,0.7316639692735407,0.04,White_constantSy
2025-08-08,220,2025,EEF-2,0.0,2.092066068329814,-0.12045013966428542,0.04,White_constantSy
2025-08-09,221,2025,EEF-2,0.0,1.0400754578536748,-0.32543875992874405,0.04,White_constantSy
2025-08-10,222,2025,EEF-2,0.0,-2.3575041467514097,-0.03169184853999241,0.04,White_constantSy
2025-08-11,223,2025,EEF-2,0.0,3.5363945699273813,0.3765599072668522,0.04,White_constantSy
2025-08-12,224,2025,EEF-2,0.0,0.05564754555189211,0.07274377266935517,0.04,White_constantSy
2025-08-13,225,2025,EEF-2,0.0,-1.677492536685861,0.05902134173589957,0.04,White_constantSy
2025-08-14,226,2025,EEF-2,0.0,-1.8813713970903905,0.6367495814126869,0.04,White_constantSy
2025-08-15,227,2025,EEF-2,0.0,-0.6560724952566375,-0.014476108455085068,0.04,White_constantSy
2025-08-16,228,2025,EEF-2,0.0,3.1925959126212433,-0.27579816944418667,0.04,White_constantSy
2025-08-17,229,2025,EEF-2,0.0,-0.851256729862996,0.49961541369683005,0.04,White_constantSy
2025-08-18,230,2025,EEF-2,0.0,0.5070144374251981,-1.0194645416730168,0.04,White_constantSy
2025-08-19,231,2025,EEF-2,0.0,-1.6975751044526532,-0.4473390424149102,0.04,White_constantSy
2025-08-20,232,2025,EEF-2,0.0,-0.3616203695498257,-0.1420219511480525,0.04,White_constantSy
2025-08-21,233,2025,EEF-2,0.0,-1.170306224745275,0.559682429285516,0.04,White_constantSy
2025-08-22,234,2025,EEF-2,0.0,0.7992244359560345,0.2613969245363137,0.04,White_constantSy
2025-08-23,235,2025,EEF-2,0.0,2.125883744103078,-0.7829821024905925,0.04,White_constantSy
2025-08-24,236,2025,EEF-2,0.0,-4.588257383512712,0.6892090564608964,0.04,White_constantSy
2025-08-25,237,2025,EEF-2,0.0,-0.6341737227056683,0.16021454818292113,0.04,White_constantSy
2025-08-26,238,2025,EEF-2,0.0,1.0718048204724937,-0.5485633042331415,0.04,White_constantSy
2025-08-27,239,2025,EEF-2,0.0,-2.653444312719216,-0.3102719137146437,0.04,White_constantSy
2025-08-28,240,2025,EEF-2,0.0,-1.6746597465458422,0.36527255933387437,0.04,White_constantSy
2025-08-29,241,2025,EEF-2,0.0,-0.057661449500074013,-0.11929490138749088,0.04,White_constantSy
2025-08-30,242,2025,EEF-2,0.0,0.4329440206670938,0.34468522992571593,0.04,White_constantSy
2025-08-31,243,2025,EEF-2,0.0,1.6496853847268085,-0.06695620371033328,0.04,White_constantSy
2025-09-01,244,2025,EEF-2,0.0,0.5472880734225214,0.12943736430682407,0.04,White_constantSy
2025-09-02,245,2025,EEF-2,0.0,1.6441037953697446,-0.24226154706104808,0.04,White_constantSy
2025-09-03,246,2025,EEF-2,0.0,1.0800087569841708,0.09151478090936394,0.04,White_constantSy
2025-09-04,247,2025,EEF-2,0.0,0.0822475740804407,0.9685147700750463,0.04,White_constantSy
2025-09-05,248,2025,EEF-2,0.0,-0.581279444891436,-0.35992359010350583,0.04,White_constantSy
2025-09-06,249,2025,EEF-2,0.0,-1.2703396206372304,-0.5605865029799872,0.04,White_constantSy
2025-09-07,250,2025,EEF-2,0.0,-2.085398567506445,-0.22288192478649194,0.04,White_constantSy
2025-09-08,251,2025,EEF-2,0.0,-1.778238059708542,1.0276690115269105,0.04,White_constantSy
2025-09-09,252,2025,EEF-2,0.0,-0.13064538631084588,1.1062387036640189,0.04,White_constantSy
2025-09-10,253,2025,EEF-2,0.0,2.9335752011202203,-0.45677525642102523,0.04,White_constantSy
2025-09-11,254,2025,EEF-2,0.0,1.1917166860294515,-0.8371517934021142,0.04,White_constantSy
2025-09-12,255,2025,EEF-2,0.0,0.7284101864515833,-0.09502722180110368,0.04,White_constantSy
2025-09-13,256,2025,EEF-2,0.0,0.3230651969666951,0.1655988980068912,0.04,White_constantSy
2025-09-14,257,2025,EEF-2,0.0,-1.507790596296843,0.4151115993401788,0.04,White_constantSy
2025-09-15,258,2025,EEF-2,0.0,3.175159674329109,-1.1593784459977599,0.04,White_constantSy
2025-09-16,259,2025,EEF-2,0.0,-2.1799161683714487,-0.5385478650346442,0.04,White_constantSy
2025-09-17,260,2025,EEF-2,0.0,-2.300322965151963,0.9349286948435065,0.04,White_constantSy
2025-09-18,261,2025,EEF-2,0.0,-1.3635958774191863,0.8600326215267842,0.04,White_constantSy
2025-09-19,262,2025,EEF-2,0.0,-1.9488504753300049,-0.3906347960704579,0.04,White_constantSy
2025-09-20,263,2025,EEF-2,0.0,0.8050281427990171,-0.6983507631373413,0.04,White_constantSy
2025-09-21,264,2025,EEF-2,0.0,-2.831580856537073,0.29453755261866377,0.04,White_constantSy
2025-09-22,265,2025,EEF-2,0.0,-0.18344115254546978,0.25107231803590935,0.04,White_constantSy
2025-09-23,266,2025,EEF-2,0.0,4.2499332114851995,-0.6723809652321222,0.04,White_constantSy
2025-09-24,267,2025,EEF-2,0.0,1.7772898162365323,-0.32734728511397293,0.04,White_constantSy
2025-09-25,268,2025,EEF-2,0.0,-4.9955682609387395,1.4154990938518495,0.04,White_constantSy
2025-09-26,269,2025,EEF-2,0.0,4.341867893457163,-0.5949824548215759,0.04,White_constantSy
2025-09-27,270,2025,EEF-2,0.0,-3.6677671671473604,0.4203243124287326,0.04,White_constantSy
2025-09-28,271,2025,EEF-2,0.0,-3.160894298198741,0.020298122820435083,0.04,White_constantSy
2025-09-29,272,2025,EEF-2,0.0,-1.2085755877986344,0.9484505352041595,0.04,White_constantSy
2025-09-30,273,2025,EEF-2,0.0,0.5004320439744561,-0.7193340798396548,0.04,White_constantSy
2025-10-01,274,2025,EEF-2,0.0,0.2387119434014835,-0.2762460533091371,0.04,White_constantSy
2025-10-02,275,2025,EEF-2,0.0,-2.85079292430828,0.27784269324638444,0.04,White_constantSy
2025-10-03,276,2025,EEF-2,0.0,-1.6292924672825393,0.09153673030758114,0.04,White_constantSy
2025-10-04,277,2025,EEF-2,0.0,-0.8847499457033337,0.3775134183241562,0.04,White_constantSy
2025-10-05,278,2025,EEF-2,0.0,1.4931834514442244,-0.64086618746515,0.04,White_constantSy
2025-10-06,279,2025,EEF-2,0.0,-3.0634287026980473,-0.2981834540852617,0.04,White_constantSy
2025-10-07,280,2025,EEF-2,0.0,-0.15468432224605522,0.13101874744592124,0.04,White_constantSy
2025-10-08,281,2025,EEF-2,0.0,-1.7495001636969505,1.3389035372537137,0.04,White_constantSy
2025-10-09,282,2025,EEF-2,0.0,-0.9574967582685758,-0.07902511509618648,0.04,White_constantSy
2025-10-10,283,2025,EEF-2,0.0,2.134098660054917,-0.29139404537124847,0.04,White_constantSy
2025-10-11,284,2025,EEF-2,0.0,-3.5148635736186407,-0.2127975782558451,0.04,White_constantSy
2025-10-12,285,2025,EEF-2,0.0,2.6091097165021893,1.6104967351212736,0.04,White_constantSy
2025-10-13,286,2025,EEF-2,0.0,-4.413569178144883,0.7980743691083774,0.04,White_constantSy
2025-10-14,287,2025,EEF-2,0.0,1.888026002561901,-1.5812102854577006,0.04,White_constantSy
2025-10-15,288,2025,EEF-2,0.0,0.5230345968533925,-1.7270693583238597,0.04,White_constantSy
2025-10-16,289,2025,EEF-2,0.0,-2.760246012210075,-0.15921885952644743,0.04,White_constantSy
2025-10-17,290,2025,EEF-2,0.0,-1.7335724245971278,0.22084059671405498,0.04,White_constantSy
2025-10-18,291,2025,EEF-2,0.0,-0.08699403489833912,-0.28209865085904084,0.04,White_constantSy
2025-10-19,292,2025,EEF-2,0.0,-2.5665930075423375,-0.10433918790653252,0.04,White_constantSy
2025-10-20,293,2025,EEF-2,0.0,2.618858420647996,-1.1276608165005086,0.04,White_constantSy
2025-10-21,294,2025,EEF-2,0.0,-4.167181260981806,1.2710977576453786,0.04,White_constantSy
2025-10-22,295,2025,EEF-2,0.0,0.8886478149678965,-0.2081247290193744,0.04,White_constantSy
2025-10-23,296,2025,EEF-2,0.0,1.5446781255797646,0.033580121334409796,0.04,White_constantSy
2025-10-24,297,2025,EEF-2,0.0,-0.3093997675875926,1.1841045984164396,0.04,White_constantSy
2025-10-25,298,2025,EEF-2,0.0,2.049704497785058,0.08982569888723901,0.04,White_constantSy
2025-10-26,299,2025,EEF-2,0.0,1.5732933239314093,-0.7257152767556079,0.04,White_constantSy
2025-10-27,300,2025,EEF-2,0.0,2.535820399545628,-1.0397410004800918,0.04,White_constantSy
2025-10-28,301,2025,EEF-2,0.0,31.376199297951814,-52.57944252819567,0.04,White_constantSy
2025-10-29,302,2025,EEF-2,0.14116510422289424,11.719225909124418,-8.190098303552062,0.04,White_constantSy
2025-10-30,303,2025,EEF-2,-0.0023299003100146366,3.694607441353213,-3.752854949103579,0.04,White_constantSy
2018-07-18,199,2018,EER-1,0.7555539872466369,18.372021935675107,0.516827745490815,0.04,White_constantSy
2018-07-19,200,2018,EER-1,0.7871767077590025,18.66280694494762,1.0166107490274428,0.04,White_constantSy
2018-07-20,201,2018,EER-1,0.7055707025771073,17.692540347553674,-0.053272783125990486,0.04,White_constantSy
2018-07-21,202,2018,EER-1,0.757682617944441,18.659874144555786,0.28219130405523885,0.04,White_constantSy
2018-07-22,203,2018,EER-1,0.6663586019758373,18.87115697571815,-2.2121919263222196,0.04,White_constantSy
2018-07-23,204,2018,EER-1,0.6705802986854167,19.315506459764407,-2.5509989926289904,0.04,White_constantSy
2018-07-24,205,2018,EER-1,0.6113177800309001,13.223991595852482,2.0589529049200195,0.04,White_constantSy
2018-07-25,206,2018,EER-1,0.7060990309869402,16.69558093677597,0.9568948378975364,0.04,White_constantSy
2018-07-28,209,2018,EER-1,0.8393903646290466,20.978459077437606,0.00630003828855763,0.04,White_constantSy
2018-07-29,210,2018,EER-1,0.7473053588117082,19.842499640596856,-1.1598656703041499,0.04,White_constantSy
2018-07-30,211,2018,EER-1,0.6889289519657836,16.880428596163057,0.34279520298153443,0.04,White_constantSy
2018-07-31,212,2018,EER-1,0.8084183101173463,19.64157839786438,0.5688793550692779,0.04,White_constantSy
2018-08-01,213,2018,EER-1,0.7943856518951975,18.49292596913088,1.3667153282490574,0.04,White_constantSy
2018-08-02,214,2018,EER-1,0.8806022367149211,21.65837300263931,0.3566829152337192,0.04,White_constantSy
2018-08-03,215,2018,EER-1,0.8309985459110507,22.043391305352245,-1.2684276575759768,0.04,White_constantSy
2018-08-04,216,2018,EER-1,0.7147856673816338,17.044508297390593,0.8251333871502524,0.04,White_constantSy
2018-08-05,217,2018,EER-1,0.9214900866882673,24.332145934076664,-1.2948937668699827,0.04,White_constantSy
2018-08-06,218,2018,EER-1,0.8019764826419049,20.414860198012263,-0.36544813196464077,0.04,White_constantSy
2018-08-07,219,2018,EER-1,0.6711567041676364,15.753645327465549,1.0252722767253601,0.04,White_constantSy
2018-08-08,220,2018,EER-1,0.8026689108746027,20.47450900515817,-0.40778623329310193,0.04,White_constantSy
2018-08-09,221,2018,EER-1,0.6987422578719403,17.16233733896391,0.3062191078346004,0.04,White_constantSy
2018-08-10,222,2018,EER-1,0.9022244234515071,22.509064385972266,0.04654620031541157,0.04,White_constantSy
2018-08-11,223,2018,EER-1,0.7700784104000957,18.560408426039743,0.6915518339626487,0.04,White_constantSy
2018-08-12,224,2018,EER-1,0.7827419191721816,19.64282431122193,-0.07427633191738892,0.04,White_constantSy
2018-08-13,225,2018,EER-1,0.7113194063139104,16.896837422087742,0.8861477357600194,0.04,White_constantSy
2018-08-14,226,2018,EER-1,0.8069003354631775,21.58777055394343,-1.4152621673639914,0.04,White_constantSy
2018-08-15,227,2018,EER-1,0.6649016813880434,15.813118884515333,0.8094231501857507,0.04,White_constantSy
2018-08-16,228,2018,EER-1,0.7216519755458947,19.318312387645832,-1.2770129989984653,0.04,White_constantSy
2018-08-17,229,2018,EER-1,0.6082949306093556,14.920342078940905,0.2870311862929853,0.04,White_constantSy
2018-08-18,230,2018,EER-1,0.7820253844845624,19.543432876202615,0.007201735911444018,0.04,White_constantSy
2018-08-19,231,2018,EER-1,0.8183490468040375,19.48400470889382,0.9747214612071176,0.04,White_constantSy
2018-08-20,232,2018,EER-1,0.70997217214437,17.62580676856662,0.12349753504263106,0.04,White_constantSy
2018-08-21,233,2018,EER-1,0.6787711579354226,18.106064213152706,-1.1367852647671413,0.04,White_constantSy
2018-08-22,234,2018,EER-1,0.6803298209030328,17.31028878820524,-0.30204326562942185,0.04,White_constantSy
2018-08-23,235,2018,EER-1,0.7368430589587266,18.027637508196293,0.3934389657718711,0.04,White_constantSy
2018-08-24,236,2018,EER-1,0.6925295269956342,18.489117727292737,-1.1758795524018808,0.04,White_constantSy
2018-08-27,239,2018,EER-1,0.6801707443012006,17.51229226365716,-0.5080236561271434,0.04,White_constantSy
2018-08-28,240,2018,EER-1,0.5345248510514935,14.723756558552736,-1.3606352822653989,0.04,White_constantSy
2018-08-29,241,2018,EER-1,0.5342762703731694,12.179862539251474,1.1770442200777609,0.04,White_constantSy
2018-08-30,242,2018,EER-1,0.6384050687216956,17.10000078185523,-1.1398740638128402,0.04,White_constantSy
2018-08-31,243,2018,EER-1,0.47892934340231363,12.834759169309962,-0.8615255842521208,0.04,White_constantSy
2018-09-01,244,2018,EER-1,0.5052457616649093,12.004160599854785,0.6269834417679476,0.04,White_constantSy
2018-09-02,245,2018,EER-1,0.49858991239056394,12.618922108243424,-0.15417429847932596,0.04,White_constantSy
2018-09-03,246,2018,EER-1,0.3963888030374747,10.604802663835855,-0.6950825878989875,0.04,White_constantSy
2018-09-04,247,2018,EER-1,0.4659113655961775,12.727456883528987,-1.079672743624549,0.04,White_constantSy
2018-09-05,248,2018,EER-1,0.30274040469944197,8.223955479227385,-0.6554453617413358,0.04,White_constantSy
2018-09-06,249,2018,EER-1,0.44147338305268846,10.451750297886875,0.5850842784303367,0.04,White_constantSy
2018-09-07,250,2018,EER-1,0.46228336388364966,11.545198522908606,0.011885574182635139,0.04,White_constantSy
2018-09-08,251,2018,EER-1,0.3841796188690978,9.22387429655096,0.3806161751764847,0.04,White_constantSy
2018-09-09,252,2018,EER-1,0.3983094692822462,10.362125283711876,-0.4043885516557211,0.04,White_constantSy
2018-09-10,253,2018,EER-1,0.5121061686158797,13.256121084970829,-0.4534668695738375,0.04,White_constantSy
2018-09-11,254,2018,EER-1,0.41385504981401056,10.148392314949461,0.19798393040080242,0.04,White_constantSy
2018-09-12,255,2018,EER-1,0.29201524625356257,7.0902616929540585,0.21011946338500564,0.04,White_constantSy
2018-09-13,256,2018,EER-1,0.3916029284064919,11.081277264208111,-1.2912040540458136,0.04,White_constantSy
2018-09-14,257,2018,EER-1,0.3357518351374722,8.350202130457518,0.043593747979286945,0.04,White_constantSy
2018-09-15,258,2018,EER-1,0.17146814215244177,5.1413656533867425,-0.8546620995756982,0.04,White_constantSy
2018-09-16,259,2018,EER-1,0.25439517118472565,7.1913663062105115,-0.8314870265923702,0.04,White_constantSy
2018-09-17,260,2018,EER-1,0.29784626043378637,7.625678285628723,-0.17952177478406384,0.04,White_constantSy
2018-09-18,261,2018,EER-1,0.2789980631923896,6.8476479827698,0.12730359703994054,0.04,White_constantSy
2018-09-19,262,2018,EER-1,0.33111584730794164,9.735650728000778,-1.4577545453022367,0.04,White_constantSy
2018-09-20,263,2018,EER-1,0.29842911791354965,8.28012096916737,-0.8193930213286293,0.04,White_constantSy
2018-09-21,264,2018,EER-1,0.21114524944891855,5.996496702868015,-0.7178654666450512,0.04,White_constantSy
2018-09-22,265,2018,EER-1,0.24181231366770817,5.855105063283261,0.19020277840944289,0.04,White_constantSy
2018-09-23,266,2018,EER-1,0.14492995253377927,3.2955483785176654,0.32770043482681643,0.04,White_constantSy
2018-09-24,267,2018,EER-1,0.26025624585733453,8.452714113485627,-1.9463079670522632,0.04,White_constantSy
2018-09-25,268,2018,EER-1,0.14646576210903817,4.435334095652621,-0.7736900429266669,0.04,White_constantSy
2018-09-26,269,2018,EER-1,0.20788905017263204,5.740114557698561,-0.5428883033827603,0.04,White_constantSy
2018-09-27,270,2018,EER-1,0.196598777662671,4.485517924411276,0.4294515171554991,0.04,White_constantSy
2018-09-28,271,2018,EER-1,0.15820009495597276,3.3588332929550546,0.5961690809442644,0.04,White_constantSy
2018-09-29,272,2018,EER-1,0.11405278846036992,3.291663914134446,-0.440344202625198,0.04,White_constantSy
2018-09-30,273,2018,EER-1,0.2405213426006796,6.765608598935202,-0.7525750339182125,0.04,White_constantSy
2018-10-01,274,2018,EER-1,0.15014957454800906,3.904797871242117,-0.1510585075418902,0.04,White_constantSy
2018-10-02,275,2018,EER-1,-0.07397948140477681,-0.7469795273092217,-1.1025075078101985,0.04,White_constantSy
2018-10-03,276,2018,EER-1,-0.03300550997700782,3.724374236175308,-4.549511985600503,0.04,White_constantSy
2018-10-04,277,2018,EER-1,-0.1517219127751744,-4.1678342150703855,0.3747863956910251,0.04,White_constantSy
2018-10-05,278,2018,EER-1,-0.08945173384958593,-3.5171066059632494,1.280813259723601,0.04,White_constantSy
2018-10-06,279,2018,EER-1,0.24142201092373455,6.712699570606517,-0.6771492975131537,0.04,White_constantSy
2018-10-07,280,2018,EER-1,-0.1205752930662186,-3.0365125448004164,0.02213021814495164,0.04,White_constantSy
2018-10-08,281,2018,EER-1,-0.025856819078398985,-2.056900142886775,1.4104796659268004,0.04,White_constantSy
2018-10-09,282,2018,EER-1,0.11988797415392015,2.832073113938847,0.16512623990915642,0.04,White_constantSy
2018-10-10,283,2018,EER-1,0.025426861477491514,1.0330269186912489,-0.397355381753961,0.04,White_constantSy
2018-10-11,284,2018,EER-1,0.04037490703113491,2.095660191469719,-1.086287515691346,0.04,White_constantSy
2018-10-12,285,2018,EER-1,0.08412771041101763,2.6167250060360914,-0.5135322457606506,0.04,White_constantSy
2018-10-13,286,2018,EER-1,0.0142133570213349,-0.03287238473741638,0.3882063102707889,0.04,White_constantSy
2018-10-14,287,2018,EER-1,-0.00833507233627273,1.677475946690521,-1.8858527550973392,0.04,White_constantSy
2018-10-15,288,2018,EER-1,-0.05651116444639698,-0.551048519648802,-0.8617305915111224,0.04,White_constantSy
2018-10-16,289,2018,EER-1,0.0022569259859024273,-0.24036104932218905,0.2967841989697497,0.04,White_constantSy
2018-10-17,290,2018,EER-1,-0.0828942698147742,-1.5137085932917387,-0.5586481520776161,0.04,White_constantSy
2018-10-18,291,2018,EER-1,-0.011482053655496146,-0.5565707910036437,0.2695194496162401,0.04,White_constantSy
2018-10-19,292,2018,EER-1,0.05941748499169904,2.1394247073498676,-0.6539875825573915,0.04,White_constantSy
2018-10-20,293,2018,EER-1,0.055513466220476745,0.5606274589247988,0.8272091965871198,0.04,White_constantSy
2018-10-21,294,2018,EER-1,-0.0473321119055683,-2.014134686229241,0.8308318885900334,0.04,White_constantSy
2018-10-22,295,2018,EER-1,0.1015977283116169,2.7680352587697854,-0.22809205097936314,0.04,White_constantSy
2018-10-23,296,2018,EER-1,-0.016614941788768364,-0.3106887379463501,-0.10468480677285896,0.04,White_constantSy
2018-10-24,297,2018,EER-1,0.013110876338414812,1.8276346583675291,-1.4998627499071588,0.04,White_constantSy
2018-10-25,298,2018,EER-1,-0.10131829343280473,-2.4438039869824735,-0.08915334883764459,0.04,White_constantSy
2018-10-26,299,2018,EER-1,8.173109922807954e-05,-0.22897440039601946,0.23101767787672145,0.04,White_constantSy
2018-10-27,300,2018,EER-1,-0.029119585230880034,-1.1940028109105327,0.4660131801385319,0.04,White_constantSy
2018-10-28,301,2018,EER-1,0.07515939942328487,2.2683153861709826,-0.3893304005888609,0.04,White_constantSy
2018-10-29,302,2018,EER-1,-0.153270283506493,-3.958506824760356,0.12674973709803083,0.04,White_constantSy
2018-10-30,303,2018,EER-1,0.026238045299294157,1.3652664229301337,-0.7093152904477797,0.04,White_constantSy
2018-10-31,304,2018,EER-1,-0.10979300902661905,-2.280103872636417,-0.46472135302905926,0.04,White_constantSy
2018-11-01,305,2018,EER-1,-0.050853412015328704,-0.25081109635678445,-1.020524204026433,0.04,White_constantSy
2018-11-02,306,2018,EER-1,-0.038923395125436716,-1.5034703628511892,0.5303854847152714,0.04,White_constantSy
2018-11-03,307,2018,EER-1,-0.02389405374427781,-0.430436212477737,-0.1669151311292083,0.04,White_constantSy
2018-11-04,308,2018,EER-1,-0.07370534833771174,-3.447747847656423,1.6051141392136294,0.04,White_constantSy
2018-11-05,309,2018,EER-1,0.12591086937416734,3.181726611686763,-0.033954877332579514,0.04,White_constantSy
2018-11-06,310,2018,EER-1,0.006195542335355242,0.029383814274552833,0.12550474410932821,0.04,White_constantSy
2018-11-07,311,2018,EER-1,-0.016374802908558195,0.20035050017952472,-0.6097205728934796,0.04,White_constantSy
2018-11-08,312,2018,EER-1,-0.08709415867184618,-1.3738158104768416,-0.8035381563193127,0.04,White_constantSy
2018-11-09,313,2018,EER-1,0.07746767292855437,0.9176411127050272,1.0190507105088322,0.04,White_constantSy
2018-11-10,314,2018,EER-1,-0.08549702662442556,-1.8758641470487873,-0.2615615185618516,0.04,White_constantSy
2018-11-11,315,2018,EER-1,-0.002412508605083019,0.9071983257264549,-0.9675110408535303,0.04,White_constantSy
2018-11-12,316,2018,EER-1,-0.013111705834469092,0.39385053552683047,-0.7216431813885578,0.04,White_constantSy
2018-11-13,317,2018,EER-1,-0.062110146083199286,-1.1966867642069445,-0.35606688787303753,0.04,White_constantSy
2018-11-14,318,2018,EER-1,0.12721562180645835,3.11264206893793,0.06774847622352809,0.04,White_constantSy
2018-11-15,319,2018,EER-1,0.10323798687517155,2.0878108182991184,0.4931388535801702,0.04,White_constantSy
2018-11-16,320,2018,EER-1,-0.04351813745503904,-1.970460356583125,0.8825069202071489,0.04,White_constantSy
2018-11-17,321,2018,EER-1,0.010334568493567531,0.8803940853961763,-0.622029873056988,0.04,White_constantSy
2018-11-18,322,2018,EER-1,0.948895196441567,1.6276694897946697,22.094710421244503,0.04,White_constantSy
2021-07-04,185,2021,EER-1,0.685871345749284,16.752961297500235,0.39382234623186463,0.04,White_constantSy
2021-07-05,186,2021,EER-1,-0.3299144882030734,10.394841101530972,-18.642703306607807,0.04,White_constantSy
2024-10-07,281,2024,EER-1,0.13679899078802293,2.480089813710862,0.9398849559897116,0.04,White_constantSy
2024-10-08,282,2024,EER-1,0.10091554779383927,2.313215955817327,0.20967273902865458,0.04,White_constantSy
2024-10-09,283,2024,EER-1,0.15283933389744106,4.509734393397167,-0.6887510459611406,0.04,White_constantSy
2024-10-10,284,2024,EER-1,0.16490876740750196,4.234425027527024,-0.11170584233947523,0.04,White_constantSy
2024-10-11,285,2024,EER-1,0.2255188830255662,6.51741096371876,-0.8794388880796049,0.04,White_constantSy
2024-10-12,286,2024,EER-1,0.09784543636495442,2.961247900538268,-0.5151119914144076,0.04,White_constantSy
2024-10-13,287,2024,EER-1,0.06329525655066007,1.8606958332213708,-0.278314419454869,0.04,White_constantSy
2024-10-14,288,2024,EER-1,0.07703862208472032,2.2370638178116806,-0.3110982656936727,0.04,White_constantSy
2024-10-15,289,2024,EER-1,0.10731190585098929,2.926302670865091,-0.24350502459035894,0.04,White_constantSy
2024-10-16,290,2024,EER-1,-0.024230368018656776,2.416850992469932,-3.0226101929363516,0.04,White_constantSy
2024-10-17,291,2024,EER-1,-0.08466810393864109,-1.9525081190242304,-0.16419447944179666,0.04,White_constantSy
2024-10-18,292,2024,EER-1,0.02771388112776677,2.6534413547175006,-1.9605943265233314,0.04,White_constantSy
2024-10-19,293,2024,EER-1,-0.04196462142275536,-2.305325875595045,1.2562103400261613,0.04,White_constantSy
2024-10-20,294,2024,EER-1,0.14218963228544354,3.1631501853738087,0.39159062176227977,0.04,White_constantSy
2024-10-21,295,2024,EER-1,0.047286263090909844,0.6883806826962555,0.4937758945764905,0.04,White_constantSy
2024-10-22,296,2024,EER-1,-0.002840681928495883,0.14354662669513374,-0.2145636749075308,0.04,White_constantSy
2024-10-23,297,2024,EER-1,0.04028713279180238,0.856262520064611,0.15091579973044844,0.04,White_constantSy
2024-10-24,298,2024,EER-1,0.06998744156697755,1.7214563316979152,0.028229707476523203,0.04,White_constantSy
2024-10-25,299,2024,EER-1,-0.04075383308832272,-0.05846214486058443,-0.9603836823474836,0.04,White_constantSy
2024-10-26,300,2024,EER-1,-0.013760805012189507,-0.7176739593997894,0.3736538340950517,0.04,White_constantSy
2024-10-27,301,2024,EER-1,-0.062143819436732035,-3.0146475965813906,1.4610521106630898,0.04,White_constantSy
2024-10-28,302,2024,EER-1,-0.17174065616181608,-3.738576186465181,-0.5549402175802207,0.04,White_constantSy
2024-10-29,303,2024,EER-1,-0.2218518045383469,-5.072502634578434,-0.4737924788802381,0.04,White_constantSy
2024-10-30,304,2024,EER-1,-0.042877171420662566,-1.274120146931402,0.202190861414838,0.04,White_constantSy
2024-10-31,305,2024,EER-1,-0.08960180756679463,-0.1394203515900685,-2.1006248375797973,0.04,White_constantSy
2024-11-01,306,2024,EER-1,0.08468256590305828,-0.1887945741064101,2.305858721682867,0.04,White_constantSy
2024-11-02,307,2024,EER-1,-0.1558560758735527,-0.19815225190495767,-3.6982496449338598,0.04,White_constantSy
2024-11-03,308,2024,EER-1,-0.241686809093452,-7.164139363689181,1.121969136352881,0.04,White_constantSy
2024-11-04,309,2024,EER-1,-0.11639066770636775,-3.0814732176277744,0.17170652496858096,0.04,White_constantSy
2024-11-05,310,2024,EER-1,-0.2503558913807132,-7.348200780898729,1.0893034963809,0.04,White_constantSy
2024-11-06,311,2024,EER-1,0.04751526989417854,1.0674863842400555,0.12039536311440813,0.04,White_constantSy
2024-11-07,312,2024,EER-1,0.11616719938384563,3.064707501762598,-0.1605275171664573,0.04,White_constantSy
2024-11-08,313,2024,EER-1,0.10022787994236765,2.112549511771576,0.39314748678761546,0.04,White_constantSy
2024-11-09,314,2024,EER-1,0.06536100744033405,-0.17519378220145398,1.8092189682098052,0.04,White_constantSy
2025-05-27,147,2025,EER-1,0.2561279020971554,5.7958274156789,0.6073701367499851,0.04,White_constantSy
2025-05-28,148,2025,EER-1,0.2779430502912277,5.532167087650919,1.4164091696297731,0.04,White_constantSy
2025-05-29,149,2025,EER-1,0.3617398704885852,8.132861380791233,0.910635381423397,0.04,White_constantSy
2025-05-30,150,2025,EER-1,0.33944274181023276,7.620021374821249,0.8660471704345696,0.04,White_constantSy
2025-05-31,151,2025,EER-1,0.3605561334112366,6.906437483153383,2.1074658521275325,0.04,White_constantSy
2025-06-01,152,2025,EER-1,0.27891449515870986,5.589658995010559,1.3832033839571878,0.04,White_constantSy
2025-06-02,153,2025,EER-1,0.3757186907113166,9.072684884375093,0.32028238340782167,0.04,White_constantSy
2025-06-03,154,2025,EER-1,0.4879203543421794,11.402714555651272,0.795294302903212,0.04,White_constantSy
2025-06-04,155,2025,EER-1,0.39689059778195385,9.3062919371256,0.6159730074232463,0.04,White_constantSy
2025-06-05,156,2025,EER-1,0.43194368533084315,10.599588870102039,0.1990032631690397,0.04,White_constantSy
2025-06-06,157,2025,EER-1,0.3472289099086446,9.154677726616733,-0.47395497890061833,0.04,White_constantSy
2025-06-07,158,2025,EER-1,0.4897010678849442,12.249734697378045,-0.00720800025444035,0.04,White_constantSy
2025-06-08,159,2025,EER-1,0.34069057966188854,10.21683538455811,-1.6995708930108968,0.04,White_constantSy
2025-06-09,160,2025,EER-1,0.4031033499484595,9.720468270954541,0.3571154777569454,0.04,White_constantSy
2025-06-10,161,2025,EER-1,0.528854631965679,10.281192634696268,2.9401731644457065,0.04,White_constantSy
2025-06-11,162,2025,EER-1,0.4843428366137076,11.215084203657753,0.8934867116849361,0.04,White_constantSy
2025-06-12,163,2025,EER-1,0.4166680741118816,9.84213357076802,0.5745682820290199,0.04,White_constantSy
2025-06-13,164,2025,EER-1,0.3540133428229791,7.507787548622559,1.342546021951918,0.04,White_constantSy
2025-06-14,165,2025,EER-1,0.3996184752061896,10.922796596029016,-0.9323347158742763,0.04,White_constantSy
2025-06-15,166,2025,EER-1,0.48143723551410206,11.460149616967328,0.5757812708852228,0.04,White_constantSy
2025-06-16,167,2025,EER-1,0.442632050833289,11.234142939251157,-0.1683416684189325,0.04,White_constantSy
2025-06-17,168,2025,EER-1,0.41155836552886743,9.945582518396947,0.3433766198247383,0.04,White_constantSy
2025-06-18,169,2025,EER-1,0.5800892527296568,13.57078702584893,0.9314442923924915,0.04,White_constantSy
2025-06-19,170,2025,EER-1,0.5596643278403588,11.854994208844971,2.1366139871639973,0.04,White_constantSy
2025-06-20,171,2025,EER-1,0.4244191984053174,11.024506522501554,-0.414026562368619,0.04,White_constantSy
2025-06-21,172,2025,EER-1,0.267506944438415,12.091224728331042,-5.403551117370668,0.04,White_constantSy
2025-06-22,173,2025,EER-1,0.15049705755488746,4.753145977285577,-0.9907195384133907,0.04,White_constantSy
2025-06-23,174,2025,EER-1,0.3204700929959471,6.301435414631129,1.7103169102675473,0.04,White_constantSy
2025-06-24,175,2025,EER-1,0.44716957085453346,9.771568174834023,1.407671096529313,0.04,White_constantSy
2025-06-25,176,2025,EER-1,0.4784597348053694,9.901258816261205,2.0602345538730304,0.04,White_constantSy
2025-06-26,177,2025,EER-1,0.5998218830246029,14.236970030043494,0.7585770455715775,0.04,White_constantSy
2025-06-27,178,2025,EER-1,0.592379335619562,14.937990643809584,-0.12850725332053514,0.04,White_constantSy
2025-06-28,179,2025,EER-1,0.5118946365477953,12.631684887406578,0.16568102628830417,0.04,White_constantSy
2025-06-29,180,2025,EER-1,0.5937281273839247,13.839494534175103,1.0037086504230146,0.04,White_constantSy
2025-06-30,181,2025,EER-1,0.5138376913173007,12.533392459189628,0.3125498237428914,0.04,White_constantSy
2025-07-01,182,2025,EER-1,0.49863911657424753,13.381453120368334,-0.9154752060121467,0.04,White_constantSy
2025-07-02,183,2025,EER-1,0.4261279908680538,9.362025817508979,1.2911739541923666,0.04,White_constantSy
2025-07-03,184,2025,EER-1,0.5430019449259618,12.980763031126585,0.5942855920224588,0.04,White_constantSy
2025-07-04,185,2025,EER-1,0.43898794674583996,12.269620410638638,-1.2949217419926384,0.04,White_constantSy
2025-07-05,186,2025,EER-1,0.4641926475579527,11.586115231094539,0.0187009578542785,0.04,White_constantSy
2025-07-06,187,2025,EER-1,0.5770480895970138,13.088600420388019,1.3376018195373263,0.04,White_constantSy
2025-07-07,188,2025,EER-1,0.5402372172146118,13.618582975112446,-0.11265254474714936,0.04,White_constantSy
2025-07-08,189,2025,EER-1,0.7120628600292278,17.737599830993034,0.06397166973766133,0.04,White_constantSy
2025-07-09,190,2025,EER-1,0.6301729955609472,16.30187376819947,-0.5475488791757925,0.04,White_constantSy
2025-07-10,191,2025,EER-1,0.6101241349857247,14.410073370701326,0.8430300039417915,0.04,White_constantSy
2025-07-11,192,2025,EER-1,0.6382328727738465,15.880882041299273,0.07493977804688967,0.04,White_constantSy
2025-07-12,193,2025,EER-1,0.509602895617013,11.888745901739341,0.8513264886859844,0.04,White_constantSy
2025-07-13,194,2025,EER-1,0.7220245131827255,17.80961008811883,0.24100274144930722,0.04,White_constantSy
2025-07-14,195,2025,EER-1,0.8068830505310328,19.67304758454911,0.49902867872670953,0.04,White_constantSy
2025-07-15,196,2025,EER-1,0.6267865967884209,14.652790970565377,1.0168739491451433,0.04,White_constantSy
2025-07-16,197,2025,EER-1,0.6895008503820037,17.051024578789864,0.18649668076022863,0.04,White_constantSy
2025-07-17,198,2025,EER-1,0.6544143561258423,16.420004865962,-0.059645962815942255,0.04,White_constantSy
2025-07-18,199,2025,EER-1,0.6895349552046994,17.214753724575615,0.023620155541870247,0.04,White_constantSy
2025-07-19,200,2025,EER-1,0.863037911980966,20.717332798762868,0.8586150007612829,0.04,White_constantSy
2025-07-20,201,2025,EER-1,0.8124996919557663,19.58170139167916,0.7307909072149954,0.04,White_constantSy
2025-07-21,202,2025,EER-1,0.7694579326413393,21.08751969606648,-1.851071380032998,0.04,White_constantSy
2025-07-22,203,2025,EER-1,0.5454119359478113,15.153202664424725,-1.5179042657294417,0.04,White_constantSy
2025-07-23,204,2025,EER-1,0.6593332686836249,14.448116151097068,2.0352155659935534,0.04,White_constantSy
2025-07-24,205,2025,EER-1,0.8374189940205611,22.336750574806928,-1.4012757242929013,0.04,White_constantSy
2025-07-25,206,2025,EER-1,0.6211609747102926,18.635557775575506,-3.1065334078181905,0.04,White_constantSy
2025-07-26,207,2025,EER-1,0.4475637261814927,12.489223789937398,-1.3001306354000803,0.04,White_constantSy
2025-07-27,208,2025,EER-1,0.4280078936508446,8.092076371085753,2.608120970185361,0.04,White_constantSy
2025-07-28,209,2025,EER-1,0.7135709273679877,15.391416141967753,2.447857042231938,0.04,White_constantSy
2025-07-29,210,2025,EER-1,0.784675889786769,18.70698630254921,0.909910942120014,0.04,White_constantSy
2025-07-30,211,2025,EER-1,0.7188015668098601,17.173356151822404,0.7966830184240976,0.04,White_constantSy
2025-07-31,212,2025,EER-1,0.763701139387976,19.578802167121623,-0.48627368242222246,0.04,White_constantSy
2025-08-01,213,2025,EER-1,0.7999843566005115,20.186796320663092,-0.187187405650306,0.04,White_constantSy
2025-08-02,214,2025,EER-1,0.741362775044891,17.780639685200583,0.753429690921692,0.04,White_constantSy
2025-08-03,215,2025,EER-1,0.9467921407647726,22.802324610487233,0.86747890863208,0.04,White_constantSy
2025-08-04,216,2025,EER-1,0.7919693286240221,19.668930256517612,0.13030295908293965,0.04,White_constantSy
2025-08-05,217,2025,EER-1,0.8030709374265967,20.76769284944504,-0.6909194137801222,0.04,White_constantSy
2025-08-06,218,2025,EER-1,0.8283131266473447,20.867449154836137,-0.15962098865252017,0.04,White_constantSy
2025-08-07,219,2025,EER-1,0.9030974381490819,21.506759257938057,1.0706766957889897,0.04,White_constantSy
2025-08-08,220,2025,EER-1,0.9808323926784067,24.343047256116847,0.17776256084331976,0.04,White_constantSy
2025-08-09,221,2025,EER-1,0.9397597140364252,23.34981162243497,0.1441812284756594,0.04,White_constantSy
2025-08-10,222,2025,EER-1,0.8147326130726341,19.82978620320064,0.5385291236152128,0.04,White_constantSy
2025-08-11,223,2025,EER-1,1.088470338923395,26.805546251798916,0.4062122212859549,0.04,White_constantSy
2025-08-12,224,2025,EER-1,0.9451386335890319,23.145184489675685,0.4832813500501132,0.04,White_constantSy
2025-08-13,225,2025,EER-1,0.8696623097248221,22.06981208954093,-0.32825434642037976,0.04,White_constantSy
2025-08-14,226,2025,EER-1,0.8616843703542415,21.1457946888125,0.3963145700435362,0.04,White_constantSy
2025-08-15,227,2025,EER-1,0.8679863677726871,21.955378017513638,-0.2557188231964602,0.04,White_constantSy
2025-08-16,228,2025,EER-1,0.9754761422192061,25.32284062262309,-0.9359370671429375,0.04,White_constantSy
2025-08-17,229,2025,EER-1,0.8053282849246344,20.257194715832938,-0.1239875927170786,0.04,White_constantSy
2025-08-18,230,2025,EER-1,0.7992088505744821,20.224557967265298,-0.24433670290324727,0.04,White_constantSy
2025-08-19,231,2025,EER-1,0.7517589237085005,19.050014083580535,-0.2560409908680228,0.04,White_constantSy
2025-08-20,232,2025,EER-1,0.8469348964729517,21.287427913549095,-0.11405550172530354,0.04,White_constantSy
2025-08-21,233,2025,EER-1,0.8762543894023463,20.658159618953988,1.2482001161046696,0.04,White_constantSy
2025-08-22,234,2025,EER-1,0.9608056310804526,23.89045261419045,0.12968816282086237,0.04,White_constantSy
2025-08-23,235,2025,EER-1,0.7944801197379906,25.03489916248327,-5.172896169033507,0.04,White_constantSy
2025-08-24,236,2025,EER-1,0.0,11.907768970055699,-6.53867954088998,0.04,White_constantSy
2025-08-25,237,2025,EER-1,0.0,-3.9396229484587764,-10.519179022828784,0.04,White_constantSy
2025-08-26,238,2025,EER-1,0.0,-5.829992768914536,0.9598610854086012,0.04,White_constantSy
2025-08-27,239,2025,EER-1,0.0,-6.6157463039861355,3.3722602349657294,0.04,White_constantSy
2025-08-28,240,2025,EER-1,0.0,-0.9638257052234422,2.3172943794882883,0.04,White_constantSy
2025-08-29,241,2025,EER-1,0.15070458189352834,3.248563321309561,0.5190512260286475,0.04,White_constantSy
2025-08-30,242,2025,EER-1,0.24474322795171688,4.8049866938221655,1.3135940049707564,0.04,White_constantSy
2025-08-31,243,2025,EER-1,0.3101362912707316,7.10070431528149,0.6527029664867996,0.04,White_constantSy
2025-09-01,244,2025,EER-1,0.2779071626979985,6.178254245808603,0.7694248216413584,0.04,White_constantSy
2025-09-02,245,2025,EER-1,0.0,7.816173813331815,-7.682534447082293,0.04,White_constantSy
2025-09-03,246,2025,EER-1,0.0,5.034681793268447,0.5712723108866022,0.04,White_constantSy
2025-09-04,247,2025,EER-1,0.0,3.916862407478284,2.7787033180507272,0.04,White_constantSy
2025-09-05,248,2025,EER-1,0.0,4.332429683588067,1.4098851767448295,0.04,White_constantSy
2025-09-06,249,2025,EER-1,0.1871932901969096,4.359801928406547,0.3200303265161928,0.04,White_constantSy
2025-09-07,250,2025,EER-1,0.162975198965093,3.90036569086476,0.17401428326256507,0.04,White_constantSy
2025-09-08,251,2025,EER-1,0.22432294537204514,4.210068104214692,1.3980055300864365,0.04,White_constantSy
2025-09-09,252,2025,EER-1,0.2622573685428318,6.348224236408086,0.20820997716270995,0.04,White_constantSy
2025-09-10,253,2025,EER-1,0.2797704187193091,9.037786416423899,-2.0435259484411716,0.04,White_constantSy
2025-09-11,254,2025,EER-1,0.15236836755286035,5.447772395080008,-1.6385632062584996,0.04,White_constantSy
2025-09-12,255,2025,EER-1,0.17840895174313773,5.585274207550505,-1.1250504139720618,0.04,White_constantSy
2025-09-13,256,2025,EER-1,0.18800173067985157,4.634135796741056,0.06590747025523314,0.04,White_constantSy
2025-09-14,257,2025,EER-1,0.20321428366592983,3.2236635509797154,1.8566935406685303,0.04,White_constantSy
2025-09-15,258,2025,EER-1,0.3542392416019098,9.04731521711959,-0.19133417707184464,0.04,White_constantSy
2025-09-16,259,2025,EER-1,0.19645290920747357,4.709892959476058,0.2014297707107815,0.04,White_constantSy
2025-09-17,260,2025,EER-1,0.2253778458291727,4.411005916118803,1.2234402296105138,0.04,White_constantSy
2025-09-18,261,2025,EER-1,0.21736820959686212,5.348596592366285,0.08560864755526865,0.04,White_constantSy
2025-09-19,262,2025,EER-1,0.06876111229211546,4.996445831923069,-3.2774180246201823,0.04,White_constantSy
2025-09-20,263,2025,EER-1,0.1631783903347561,3.975229112362989,0.10423064600591303,0.04,White_constantSy
2025-09-21,264,2025,EER-1,0.08652426285330961,2.7380312396200424,-0.5749246682873022,0.04,White_constantSy
2025-09-22,265,2025,EER-1,0.23083609563863733,4.429135730644184,1.341766660321749,0.04,White_constantSy
2025-09-23,266,2025,EER-1,0.4043596652555613,9.82104978178453,0.28794184960450053,0.04,White_constantSy
2025-09-24,267,2025,EER-1,0.33044543393580655,8.190173953164482,0.0709618952306812,0.04,White_constantSy
2025-09-25,268,2025,EER-1,0.049542767865027315,1.4826373274882343,-0.2440681308625514,0.04,White_constantSy
2025-09-26,269,2025,EER-1,0.38562977022796474,9.495375094072855,0.14536916162626312,0.04,White_constantSy
2025-09-27,270,2025,EER-1,0.10124941034079185,2.62477651013846,-0.09354125161866378,0.04,White_constantSy
2025-09-28,271,2025,EER-1,0.1328902839244462,3.1234145960642223,0.19884250204693288,0.04,White_constantSy
2025-09-29,272,2025,EER-1,0.15372290202468264,4.912308883005778,-1.0692363323887122,0.04,White_constantSy
2025-09-30,273,2025,EER-1,0.08248464281761883,3.98127839286353,-1.919162322423059,0.04,White_constantSy
2025-10-01,274,2025,EER-1,-0.022866875891260748,3.3552313163042413,-3.92690321358576,0.04,White_constantSy
2025-10-02,275,2025,EER-1,0.0,-0.8677387104509364,-11.13706363216096,0.04,White_constantSy
2025-10-03,276,2025,EER-1,0.0,-16.093285635322374,7.621042708357532,0.04,White_constantSy
2025-10-04,277,2025,EER-1,0.0,-3.824533255047058,3.0291896514041774,0.04,White_constantSy
2025-10-05,278,2025,EER-1,0.0,0.291494807726167,0.7091814966752708,0.04,White_constantSy
2025-10-06,279,2025,EER-1,-0.1213919560540316,-3.486997897829582,0.452198996478792,0.04,White_constantSy
2025-10-07,280,2025,EER-1,0.012897276090740206,-0.21651805563394078,0.5389499579024459,0.04,White_constantSy
2025-10-08,281,2025,EER-1,0.03538767454530572,-0.6188312497133595,1.5035231133460023,0.04,White_constantSy
2025-10-09,282,2025,EER-1,0.04165642478014249,0.3590973927270156,0.6823132267765466,0.04,White_constantSy
2025-10-10,283,2025,EER-1,0.20933879430054234,5.733881922650497,-0.5004120651369384,0.04,White_constantSy
2025-10-11,284,2025,EER-1,-0.05633897645118054,-0.3418514728348967,-1.0666229384446169,0.04,White_constantSy
2025-10-12,285,2025,EER-1,0.20077295794107572,4.2225166984298355,0.7968072500970571,0.04,White_constantSy
2025-10-13,286,2025,EER-1,-0.18583760564587237,-2.243085316102622,-2.4028548250441872,0.04,White_constantSy
2025-10-14,287,2025,EER-1,0.0,3.922095585927842,-7.070019924025139,0.04,White_constantSy
2025-10-15,288,2025,EER-1,0.0,7.541378472632953,-6.374578088964363,0.04,White_constantSy
2025-10-16,289,2025,EER-1,0.0,-14.098233008656557,3.5714354159298,0.04,White_constantSy
2025-10-17,290,2025,EER-1,0.0,-8.999325597041231,4.4702165078431815,0.04,White_constantSy
2025-10-18,291,2025,EER-1,-0.03293199104753896,-2.3692319602037344,1.5459321840152604,0.04,White_constantSy
2025-10-19,292,2025,EER-1,-0.09102238825279571,-3.2936730072620435,1.0181133009421508,0.04,White_constantSy
2025-10-20,293,2025,EER-1,0.054361283098259605,1.9564225530992019,-0.5973904756427117,0.04,White_constantSy
2025-10-21,294,2025,EER-1,-0.11040697805069058,-4.229710473435944,1.469536022168679,0.04,White_constantSy
2025-10-22,295,2025,EER-1,0.05504654043924163,2.0944757449651306,-0.7183122339840899,0.04,White_constantSy
2025-10-23,296,2025,EER-1,0.11088969006709562,2.377170830323962,0.3950714213534283,0.04,White_constantSy
2025-10-24,297,2025,EER-1,0.059477556090940596,0.3495587481829645,1.1373801540905504,0.04,White_constantSy
2025-10-25,298,2025,EER-1,-0.13178626625973777,2.7040310553253732,-5.9986877118188175,0.04,White_constantSy
2025-10-26,299,2025,EER-1,-0.20310021129890232,1.5646398779939332,-6.642145160466491,0.04,White_constantSy
2025-10-27,300,2025,EER-1,-0.12838241609881712,-8.151937529820717,4.942377127350289,0.04,White_constantSy
2025-10-28,301,2025,EER-1,-0.10307450050195364,-4.206821077261214,1.629958564712373,0.04,White_constantSy
2025-10-29,302,2025,EER-1,-0.0681862815069404,-3.4645575653904572,1.7599005277169475,0.04,White_constantSy
2025-10-30,303,2025,EER-1,-0.041645998274022274,-2.727961461875637,1.68681150502508,0.04,White_constantSy
2025-05-27,147,2025,EET-1,0.16045696928117623,2.2875599260153052,1.7238643060141001,0.04,White_constantSy
2025-05-28,148,2025,EET-1,0.1554080317218177,1.26259699749194,2.622603795553502,0.04,White_constantSy
2025-05-29,149,2025,EET-1,0.22830123455094764,3.612634211468091,2.0948966523056,0.04,White_constantSy
2025-05-30,150,2025,EET-1,0.24899840335218953,3.6972341881327253,2.5277258956720132,0.04,White_constantSy
2025-05-31,151,2025,EET-1,0.22208907611998002,2.751407599407372,2.800819303592128,0.04,White_constantSy
2025-06-01,152,2025,EET-1,0.02628525045838586,-1.1378051309161918,1.7949363923758384,0.04,White_constantSy
2025-06-02,153,2025,EET-1,0.06822996769011354,1.1821078303654105,0.523641361887428,0.04,White_constantSy
2025-06-03,154,2025,EET-1,0.12092601354191715,2.1479112929462048,0.8752390456017238,0.04,White_constantSy
2025-06-04,155,2025,EET-1,0.012775660847722747,-0.8472739685657871,1.1666654897588558,0.04,White_constantSy
2025-06-05,156,2025,EET-1,0.07023651542658627,0.9155073324848217,0.8404055531798349,0.04,White_constantSy
2025-06-06,157,2025,EET-1,-3.752971882420297e-05,-0.8879755352204199,0.8870372922498149,0.04,White_constantSy
2025-06-07,158,2025,EET-1,0.09023062386942371,1.0710113522609532,1.1847542444746395,0.04,White_constantSy
2025-06-08,159,2025,EET-1,0.0294804729034297,-0.5488502436630682,1.2858620662488107,0.04,White_constantSy
2025-06-09,160,2025,EET-1,0.05467574195927938,-0.8452616670702184,2.212155216052203,0.04,White_constantSy
2025-06-10,161,2025,EET-1,0.13820360114688413,0.2999043332277296,3.1551856954443736,0.04,White_constantSy
2025-06-11,162,2025,EET-1,0.1696780269652436,1.5269915329454875,2.714959141185602,0.04,White_constantSy
2025-06-12,163,2025,EET-1,0.15113101576680804,0.9500381055726592,2.828237288597542,0.04,White_constantSy
2025-06-13,164,2025,EET-1,0.10830810870335654,-1.144301540700667,3.8520042582845804,0.04,White_constantSy
2025-06-14,165,2025,EET-1,0.19160730574865567,2.360241610898271,2.429941032818121,0.04,White_constantSy
2025-06-15,166,2025,EET-1,0.32218425789224114,4.318039132422456,3.7365673148835725,0.04,White_constantSy
2025-06-16,167,2025,EET-1,0.34230990201681494,5.152184461017839,3.405563089402534,0.04,White_constantSy
2025-06-17,168,2025,EET-1,0.4184832921529221,6.520809312064955,3.9412729917580975,0.04,White_constantSy
2025-06-18,169,2025,EET-1,0.6582997736041211,11.0246482204019,5.432846119701125,0.04,White_constantSy
2025-06-19,170,2025,EET-1,0.7041435301182657,16.811444595350622,0.7921436576060188,0.04,White_constantSy
2025-06-20,171,2025,EET-1,-0.09868611518623595,-2.1246349476151636,-0.3425179320407352,0.04,White_constantSy
2025-06-21,172,2025,EET-1,-0.10177535732746719,-1.6556197123481127,-0.8887642208385671,0.04,White_constantSy
2025-06-22,173,2025,EET-1,-0.11363465606840635,-2.7353872118254685,-0.10547918988469007,0.04,White_constantSy
2025-06-23,174,2025,EET-1,-0.09039271338803757,-2.726102073916877,0.46628423921593765,0.04,White_constantSy
2025-06-24,175,2025,EET-1,0.1560771604150017,4.532129854960232,-0.6302008445851897,0.04,White_constantSy
2025-06-25,176,2025,EET-1,0.07444352473261574,1.6027269983965198,0.2583611199188738,0.04,White_constantSy
2025-06-26,177,2025,EET-1,0.011271299905574779,0.6030679258405485,-0.321285428201179,0.04,White_constantSy
2025-06-27,178,2025,EET-1,-0.020242409814129586,-0.2011386705052871,-0.30492157484795257,0.04,White_constantSy
2025-06-28,179,2025,EET-1,-0.08513861434856836,-1.6083312033154016,-0.5201341553988073,0.04,White_constantSy
2025-06-29,180,2025,EET-1,0.012173843082663324,-0.7662848577965065,1.0706309348630896,0.04,White_constantSy
2025-06-30,181,2025,EET-1,-0.10566917030266154,-1.8288201826607065,-0.8129090749058321,0.04,White_constantSy
2025-07-01,182,2025,EET-1,-0.03284378651136535,-1.585071147410531,0.7639764846263972,0.04,White_constantSy
2025-07-02,183,2025,EET-1,-0.12725122134369712,-2.9713861908074364,-0.20989434278499175,0.04,White_constantSy
2025-07-03,184,2025,EET-1,-0.12795768625061216,-2.335169140396374,-0.8637730158689294,0.04,White_constantSy
2025-07-04,185,2025,EET-1,-0.31853844002324083,-8.184563288454115,0.22110228787309438,0.04,White_constantSy
2025-07-05,186,2025,EET-1,0.05543525197657573,2.8708558396097317,-1.4849745401953385,0.04,White_constantSy
2025-07-06,187,2025,EET-1,-0.029672508415835637,-1.8167426422380117,1.0749299318421208,0.04,White_constantSy
2025-07-07,188,2025,EET-1,-0.08154333006555135,-1.5135245774385169,-0.5250586742002668,0.04,White_constantSy
2025-07-08,189,2025,EET-1,0.06851829867450476,2.0033116753950253,-0.29035420853240623,0.04,White_constantSy
2025-07-09,190,2025,EET-1,-0.019960909602027073,0.09027392942613233,-0.5892966694768091,0.04,White_constantSy
2025-07-10,191,2025,EET-1,-0.05098969072863611,-1.8783166509682019,0.6035743827522992,0.04,White_constantSy
2025-07-11,192,2025,EET-1,-0.047834664145725014,-1.2343952465052155,0.03852864286209012,0.04,White_constantSy
2025-07-12,193,2025,EET-1,-0.17000868053675333,-4.2720672280538,0.02185021463496639,0.04,White_constantSy
2025-07-13,194,2025,EET-1,-0.017071643168115998,-0.2773176327977467,-0.14947344640515325,0.04,White_constantSy
2025-07-14,195,2025,EET-1,0.05431486339370508,1.165223185946786,0.19264839889584096,0.04,White_constantSy
2025-07-15,196,2025,EET-1,-0.1408339535739441,-4.145930312183623,0.6250814728350207,0.04,White_constantSy
2025-07-16,197,2025,EET-1,-0.08343994685755945,-2.04454180374114,-0.04145686769784618,0.04,White_constantSy
2025-07-17,198,2025,EET-1,-0.13129255501451667,-2.984646237758028,-0.29766763760488857,0.04,White_constantSy
2025-07-18,199,2025,EET-1,-0.0936526489949381,-1.9952174295422083,-0.346098795331244,0.04,White_constantSy
2025-07-19,200,2025,EET-1,0.054832597600220655,1.0094565852505752,0.36135835475494105,0.04,White_constantSy
2025-07-20,201,2025,EET-1,-0.022381616273092392,-1.0098025726374544,0.45026216581014467,0.04,White_constantSy
2025-07-21,202,2025,EET-1,0.0031308554944399704,-0.25006915810195096,0.3283405454629502,0.04,White_constantSy
2025-07-22,203,2025,EET-1,-0.06923490863103325,-1.232880914957633,-0.49799180081819827,0.04,White_constantSy
2025-07-23,204,2025,EET-1,-0.11140960804156351,-2.4853999441571943,-0.2998402568818932,0.04,White_constantSy
2025-07-24,205,2025,EET-1,0.11676238507255278,2.991139312819115,-0.07207968600529568,0.04,White_constantSy
2025-07-25,206,2025,EET-1,0.059478217690623295,0.9574114316289979,0.5295440106365845,0.04,White_constantSy
2025-07-26,207,2025,EET-1,0.03475393361247711,0.8089331294978592,0.05991521081406859,0.04,White_constantSy
2025-07-27,208,2025,EET-1,-0.06130861719776363,-0.6343067357568657,-0.8984086941872249,0.04,White_constantSy
2025-07-28,209,2025,EET-1,-0.026948823874788558,-0.6993303295121507,0.02560973264243671,0.04,White_constantSy
2025-07-29,210,2025,EET-1,-0.008309893673263673,-0.08430561119183722,-0.12344173063975461,0.04,White_constantSy
2025-07-30,211,2025,EET-1,-0.07243444337807319,-2.3460073753522863,0.5351462909004567,0.04,White_constantSy
2025-07-31,212,2025,EET-1,-0.06047552724981358,-0.46758223341853977,-1.0443059478267998,0.04,White_constantSy
2025-08-01,213,2025,EET-1,-0.0410778437893282,-0.7190596249436112,-0.3078864697895938,0.04,White_constantSy
2025-08-02,214,2025,EET-1,-0.10102631060410659,-3.156573037027897,0.6309152719252324,0.04,White_constantSy
2025-08-03,215,2025,EET-1,0.08582521134159436,1.4363087486398456,0.7093215349000133,0.04,White_constantSy
2025-08-04,216,2025,EET-1,-0.078878427110306,-2.190289789859577,0.21832911210192663,0.04,White_constantSy
2025-08-05,217,2025,EET-1,-0.04654672819237817,-0.30646348661144884,-0.8572047181980054,0.04,White_constantSy
2025-08-06,218,2025,EET-1,-0.03607251947479995,-0.7527087966188617,-0.14910419025113697,0.04,White_constantSy
2025-08-07,219,2025,EET-1,0.031086111726745004,0.002849171312789167,0.7743036218558359,0.04,White_constantSy
2025-08-08,220,2025,EET-1,0.08722023680806387,2.296177502209275,-0.11567158200767835,0.04,White_constantSy
2025-08-09,221,2025,EET-1,0.041323737520787066,1.427516201526032,-0.3944227635063555,0.04,White_constantSy
2025-08-10,222,2025,EET-1,-0.10783224174619477,-2.6835231557356565,-0.012282887919212726,0.04,White_constantSy
2025-08-11,223,2025,EET-1,0.15051551300822893,3.38539820868138,0.3774896165243433,0.04,White_constantSy
2025-08-12,224,2025,EET-1,-0.0018028905116324269,-0.09637895908869609,0.051306696297885424,0.04,White_constantSy
2025-08-13,225,2025,EET-1,-0.07047249604515571,-1.8235501800866416,0.0617377789577489,0.04,White_constantSy
2025-08-14,226,2025,EET-1,-0.05636585432595211,-2.087059046592856,0.677912688444053,0.04,White_constantSy
2025-08-15,227,2025,EET-1,-0.028174754931775396,-0.6932152184674578,-0.011153654826927095,0.04,White_constantSy
2025-08-16,228,2025,EET-1,0.12852999901921294,3.518676807835732,-0.30542683235540835,0.04,White_constantSy
2025-08-17,229,2025,EET-1,-0.01204528951807447,-0.8203807630343931,0.5192485250825314,0.04,White_constantSy
2025-08-18,230,2025,EET-1,-0.03384481265564261,0.2070542437440963,-1.0531745601351616,0.04,White_constantSy
2025-08-19,231,2025,EET-1,-0.09660812954154552,-1.9643934345890273,-0.45080980394961045,0.04,White_constantSy
2025-08-20,232,2025,EET-1,-0.028757017546483896,-0.572340419632809,-0.14658501902928833,0.04,White_constantSy
2025-08-21,233,2025,EET-1,-0.024232926574810562,-1.1994689304216877,0.5936457660514236,0.04,White_constantSy
2025-08-22,234,2025,EET-1,0.041945663921698045,0.7626762301705412,0.28596536787190985,0.04,White_constantSy
2025-08-23,235,2025,EET-1,0.060081603935283855,2.3352519669494995,-0.8332118685674033,0.04,White_constantSy
2025-08-24,236,2025,EET-1,0.0,-4.517633908650254,0.7635640503737733,0.04,White_constantSy
2025-08-25,237,2025,EET-1,0.0,-0.619605421353242,0.13859325842418002,0.04,White_constantSy
2025-08-26,238,2025,EET-1,0.0,1.136609585908218,-0.5143509498166736,0.04,White_constantSy
2025-08-27,239,2025,EET-1,0.0,-2.5872905770405907,-0.3270420430663279,0.04,White_constantSy
2025-08-28,240,2025,EET-1,0.0,-1.5301540689182787,0.40660331045359044,0.04,White_constantSy
2025-08-29,241,2025,EET-1,-0.005836558887544356,-0.014304642138540657,-0.13160933005006825,0.04,White_constantSy
2025-08-30,242,2025,EET-1,0.04807283727551919,0.8742180339766037,0.3276028979113761,0.04,White_constantSy
2025-08-31,243,2025,EET-1,0.06790606488944889,1.7936965468358324,-0.09604492459961023,0.04,White_constantSy
2025-09-01,244,2025,EET-1,0.023636465090494312,0.45144084528408257,0.13947078197827523,0.04,White_constantSy
2025-09-02,245,2025,EET-1,0.0,1.9053051163059536,-0.24153206940499672,0.04,White_constantSy
2025-09-03,246,2025,EET-1,0.0,1.094250021158416,0.08216334607719489,0.04,White_constantSy
2025-09-04,247,2025,EET-1,0.0,-0.08335516090798478,0.9780110590970281,0.04,White_constantSy
2025-09-05,248,2025,EET-1,0.0,-0.5644608060876521,-0.33941222714216224,0.04,White_constantSy
2025-09-06,249,2025,EET-1,-0.06104872922362461,-0.9439822357117009,-0.5822359948789142,0.04,White_constantSy
2025-09-07,250,2025,EET-1,-0.09007685482572299,-2.047337729085143,-0.20458364155793163,0.04,White_constantSy
2025-09-08,251,2025,EET-1,-0.03160815336664598,-1.806973502064892,1.0167696678987426,0.04,White_constantSy
2025-09-09,252,2025,EET-1,0.050133782604922315,0.17237585393093013,1.0809687111921278,0.04,White_constantSy
2025-09-10,253,2025,EET-1,0.09681297021403452,2.8557870507946745,-0.4354627954438115,0.04,White_constantSy
2025-09-11,254,2025,EET-1,0.017555352919457617,1.3222622788890988,-0.8833784559026583,0.04,White_constantSy
2025-09-12,255,2025,EET-1,0.004873153233270955,0.196794115293784,-0.07496528446201012,0.04,White_constantSy
2025-09-13,256,2025,EET-1,0.016868495075655687,0.22693836916118926,0.19477400773020292,0.04,White_constantSy
2025-09-14,257,2025,EET-1,-0.039762452083865016,-1.4249432735230698,0.43088197142644447,0.04,White_constantSy
2025-09-15,258,2025,EET-1,0.081679276997898,3.196131724440619,-1.1541497994931689,0.04,White_constantSy
2025-09-16,259,2025,EET-1,-0.09564632207965815,-1.8526698013811256,-0.5384882506103281,0.04,White_constantSy
2025-09-17,260,2025,EET-1,-0.05072925709353058,-2.1571399862257294,0.888908558887465,0.04,White_constantSy
2025-09-18,261,2025,EET-1,-0.02523447417947523,-1.5227226619767293,0.8918608074898486,0.04,White_constantSy
2025-09-19,262,2025,EET-1,-0.08835099270497267,-1.7895393692650714,-0.4192354483592453,0.04,White_constantSy
2025-09-20,263,2025,EET-1,0.006238965083271069,0.8312265126822354,-0.6752523856004586,0.04,White_constantSy
2025-09-21,264,2025,EET-1,-0.08482833802664118,-2.4438083173553764,0.323099866689347,0.04,White_constantSy
2025-09-22,265,2025,EET-1,0.018624831257693587,0.2564050984651658,0.20921568297717386,0.04,White_constantSy
2025-09-23,266,2025,EET-1,0.14441756354553265,4.27368328257711,-0.6632441939387945,0.04,White_constantSy
2025-09-24,267,2025,EET-1,0.06173949951329405,1.9163140634859133,-0.37282657565356203,0.04,White_constantSy
2025-09-25,268,2025,EET-1,-0.15425714232608811,-5.290770749331841,1.4343421911796383,0.04,White_constantSy
2025-09-26,269,2025,EET-1,0.1469321627212878,4.239226409615867,-0.565922341583672,0.04,White_constantSy
2025-09-27,270,2025,EET-1,-0.1162869133509048,-3.347832257837524,0.4406594240649042,0.04,White_constantSy
2025-09-28,271,2025,EET-1,-0.10299010509470805,-2.518942340525939,-0.055810286841762036,0.04,White_constantSy
2025-09-29,272,2025,EET-1,-0.03834699436366009,-1.9309412378015054,0.9722663787100032,0.04,White_constantSy
2025-09-30,273,2025,EET-1,-0.0016649901573725855,0.6781687831377781,-0.7197935370720927,0.04,White_constantSy
2025-10-01,274,2025,EET-1,-0.0022588680262072103,0.12801746587820162,-0.18448916653338188,0.04,White_constantSy
2025-10-02,275,2025,EET-1,0.0,-2.738959112494001,0.2042246846048812,0.04,White_constantSy
2025-10-03,276,2025,EET-1,0.0,-1.6186171373175,0.0728573274699329,0.04,White_constantSy
2025-10-04,277,2025,EET-1,0.0,-0.8253293125182211,0.4230321077930199,0.04,White_constantSy
2025-10-05,278,2025,EET-1,0.0,1.4376971822680957,-0.6209937648526136,0.04,White_constantSy
2025-10-06,279,2025,EET-1,-0.1277236891629923,-2.873885937590302,-0.3192062914845053,0.04,White_constantSy
2025-10-07,280,2025,EET-1,-0.00292928295490583,-0.20978207894648904,0.1365500050738433,0.04,White_constantSy
2025-10-08,281,2025,EET-1,-0.018050586478917694,-1.7245536564806798,1.2732889945077375,0.04,White_constantSy
2025-10-09,282,2025,EET-1,-0.050439774278556795,-1.308390856309984,0.04739649934606405,0.04,White_constantSy
2025-10-10,283,2025,EET-1,0.08882633790896365,2.6146776432416345,-0.3940191955175436,0.04,White_constantSy
2025-10-11,284,2025,EET-1,-0.16101949197558157,-3.7961810899983277,-0.22930620939121127,0.04,White_constantSy
2025-10-12,285,2025,EET-1,0.16148389552820847,2.3867355407898287,1.6503618474153825,0.04,White_constantSy
2025-10-13,286,2025,EET-1,-0.1416416156061473,-4.321599093813688,0.7805587036600059,0.04,White_constantSy
2025-10-14,287,2025,EET-1,0.0,1.8438811549668515,-1.544393373877469,0.04,White_constantSy
2025-10-15,288,2025,EET-1,0.0,0.5274633796691148,-1.7137306997476287,0.04,White_constantSy
2025-10-16,289,2025,EET-1,0.0,-2.585627537773803,-0.17096834612270584,0.04,White_constantSy
2025-10-17,290,2025,EET-1,0.0,-1.4181915807543817,0.21250913587529396,0.04,White_constantSy
2025-10-18,291,2025,EET-1,-0.010313784859990278,0.03898943156275436,-0.2968340530625113,0.04,White_constantSy
2025-10-19,292,2025,EET-1,-0.08434243742867238,-2.007664692745294,-0.10089624297151545,0.04,White_constantSy
2025-10-20,293,2025,EET-1,0.060279467028747716,2.6253703897441767,-1.1183837140254838,0.04,White_constantSy
2025-10-21,294,2025,EET-1,-0.10420584181525953,-3.86041958650236,1.2552735411208715,0.04,White_constantSy
2025-10-22,295,2025,EET-1,0.03221767711310804,0.9930655752089308,-0.18762364738122983,0.04,White_constantSy
2025-10-23,296,2025,EET-1,0.06777366936182716,1.6847486944854495,0.0095930395602295,0.04,White_constantSy
2025-10-24,297,2025,EET-1,0.02861868601625872,-0.30661626632877415,1.0220834167352422,0.04,White_constantSy
2025-10-25,298,2025,EET-1,0.2060289261119249,7.2248717409901815,-2.0741485881920596,0.04,White_constantSy
2025-10-26,299,2025,EET-1,-0.10555326298254102,0.816428919244629,-3.4552604938081544,0.04,White_constantSy
2025-10-27,300,2025,EET-1,0.1588462961455474,4.416562106168698,-0.44540470253001274,0.04,White_constantSy
2025-10-28,301,2025,EET-1,0.08345730712091325,2.884274157027903,-0.7978414790050721,0.04,White_constantSy
2025-10-29,302,2025,EET-1,0.05876986160403419,1.5893414814073026,-0.12009494130644782,0.04,White_constantSy
2025-10-30,303,2025,EET-1,0.09518048941942539,1.7814751153177895,0.5980371201678452,0.04,White_constantSy
2019-06-03,154,2019,EHF-XA5S,-0.10087077400722035,-1.6409518860037187,-0.8808174641767899,0.04,White_constantSy
2019-06-04,155,2019,EHF-XA5S,-0.12379013097717759,-2.7018480652582797,-0.3929052091711598,0.04,White_constantSy
2019-06-05,156,2019,EHF-XA5S,0.07776572346431732,0.7690845874105232,1.1750584991974096,0.04,White_constantSy
2019-06-06,157,2019,EHF-XA5S,0.029632792640086798,-0.07963072159745987,0.8204505375996298,0.04,White_constantSy
2019-06-07,158,2019,EHF-XA5S,-0.17544974281747563,-3.875552483908921,-0.5106910865279697,0.04,White_constantSy
2019-06-08,159,2019,EHF-XA5S,-0.01824141893600757,0.5054811736297209,-0.9615166470299101,0.04,White_constantSy
2019-06-09,160,2019,EHF-XA5S,-0.0075413909607820176,-0.28199245233936043,0.09345767831981,0.04,White_constantSy
2019-06-10,161,2019,EHF-XA5S,0.07429269524486352,2.0667330117749385,-0.20941563065335034,0.04,White_constantSy
2019-06-11,162,2019,EHF-XA5S,-0.015659973648502915,-1.109878332364623,0.7183789911520502,0.04,White_constantSy
2019-06-12,163,2019,EHF-XA5S,0.03438680094118993,0.23971778047589787,0.6199522430538502,0.04,White_constantSy
2019-06-13,164,2019,EHF-XA5S,-0.14630164917981922,-4.8464089809712805,1.1888677514758,0.04,White_constantSy
2019-06-14,165,2019,EHF-XA5S,0.019308293356622392,-0.2706940825390802,0.75340141645464,0.04,White_constantSy
2019-06-15,166,2019,EHF-XA5S,0.05980440873677839,0.52665833694114,0.96845188147832,0.04,White_constantSy
2019-06-16,167,2019,EHF-XA5S,-0.047681105220144016,-1.3564585867002004,0.16443095619659998,0.04,White_constantSy
2019-06-17,168,2019,EHF-XA5S,-0.06848435095531681,-1.6864446096047403,-0.025664164278179857,0.04,White_constantSy
2019-06-18,169,2019,EHF-XA5S,0.05260561802161599,1.0715927032357797,0.24354774730461992,0.04,White_constantSy
2019-06-19,170,2019,EHF-XA5S,0.1754142930956632,2.2926695594346596,2.09268776795692,0.04,White_constantSy
2019-06-20,171,2019,EHF-XA5S,0.04398612323705486,-3.5933087501344776,4.692961831060849,0.04,White_constantSy
2019-06-21,172,2019,EHF-XA5S,0.1255089107156013,-0.6349300708205483,3.772652838710581,0.04,White_constantSy
2019-06-22,173,2019,EHF-XA5S,0.09882472514964832,-0.9374063957824816,3.4080245245236895,0.04,White_constantSy
2019-06-23,174,2019,EHF-XA5S,0.07913416479462378,-2.115233141863026,4.09358726172862,0.04,White_constantSy
2019-06-24,175,2019,EHF-XA5S,0.08048463076791251,-3.012302019851276,5.024417789049089,0.04,White_constantSy
2019-06-25,176,2019,EHF-XA5S,0.09083248052962574,-1.3197508605817347,3.5905628738223783,0.04,White_constantSy
2019-06-26,177,2019,EHF-XA5S,0.025863209111994936,-2.430233752387821,3.076813980187694,0.04,White_constantSy
2019-06-27,178,2019,EHF-XA5S,0.020734061400467567,-2.148297634487406,2.6666491694990953,0.04,White_constantSy
2019-06-28,179,2019,EHF-XA5S,0.05267382284672834,-1.1775931783958526,2.494438749564061,0.04,White_constantSy
2019-06-29,180,2019,EHF-XA5S,0.04262819771376201,-1.2932181651446513,2.3589231079887014,0.04,White_constantSy
2019-06-30,181,2019,EHF-XA5S,0.10538573899608963,-0.21699342511855946,2.8516369000208,0.04,White_constantSy
2019-07-01,182,2019,EHF-XA5S,0.03960974134989357,-2.234080935052731,3.22432446880007,0.04,White_constantSy
2019-07-02,183,2019,EHF-XA5S,-0.0319614944066015,-3.5890822690397783,2.7900449088747408,0.04,White_constantSy
2019-07-03,184,2019,EHF-XA5S,0.03538531744511886,-1.7953157970012512,2.6799487331292227,0.04,White_constantSy
2019-07-04,185,2019,EHF-XA5S,0.12226114625596551,1.5543197095535533,1.5022089468455846,0.04,White_constantSy
2019-07-05,186,2019,EHF-XA5S,0.03913376700555915,-0.6573484631449134,1.635692638283892,0.04,White_constantSy
2019-07-06,187,2019,EHF-XA5S,0.16101334753975038,1.7690095185859178,2.256324169907842,0.04,White_constantSy
2019-07-07,188,2019,EHF-XA5S,-0.03933023574980865,-3.7626064729757047,2.7793505792304884,0.04,White_constantSy
2019-07-08,189,2019,EHF-XA5S,0.02118277890657083,-0.7671544769454641,1.296723949609735,0.04,White_constantSy
2019-07-09,190,2019,EHF-XA5S,-0.019487205038409172,-1.8207646750344253,1.333584549074196,0.04,White_constantSy
2019-07-10,191,2019,EHF-XA5S,0.010837071497526551,-0.7156376426653566,0.9865644301035204,0.04,White_constantSy
2019-07-11,192,2019,EHF-XA5S,0.07092050323931431,-0.879839755020484,2.652852336003342,0.04,White_constantSy
2019-07-12,193,2019,EHF-XA5S,0.04165271231593522,-1.101587222410359,2.1429050303087394,0.04,White_constantSy
2019-07-13,194,2019,EHF-XA5S,-0.019974492080377788,-2.5488230568707877,2.049460754861343,0.04,White_constantSy
2019-07-14,195,2019,EHF-XA5S,0.0776841112287275,0.043600614730365805,1.8985021659878214,0.04,White_constantSy
2019-07-15,196,2019,EHF-XA5S,0.11919528542660032,0.3675573602397435,2.6123247754252645,0.04,White_constantSy
2019-07-16,197,2019,EHF-XA5S,-0.017372726663319328,-2.6996685811984094,2.265350414615426,0.04,White_constantSy
2019-07-17,198,2019,EHF-XA5S,0.11104960701586265,1.1547751512277955,1.6214650241687707,0.04,White_constantSy
2019-07-18,199,2019,EHF-XA5S,0.10714294357196195,0.5453530948748266,2.133220494424222,0.04,White_constantSy
2019-07-19,200,2019,EHF-XA5S,0.014040893518903204,-1.2953162888067027,1.6463386267792828,0.04,White_constantSy
2019-07-20,201,2019,EHF-XA5S,0.06558632631447381,-0.3892797513671553,2.0289379092290005,0.04,White_constantSy
2019-07-21,202,2019,EHF-XA5S,-0.005087301969969076,-1.3405032613639492,1.2133207121147223,0.04,White_constantSy
2019-07-22,203,2019,EHF-XA5S,-0.06979575662888465,-3.400924447149123,1.6560305314270067,0.04,White_constantSy
2019-07-23,204,2019,EHF-XA5S,-0.10938232147315433,-4.054208015087426,1.3196499782585676,0.04,White_constantSy
2019-07-24,205,2019,EHF-XA5S,-0.15561785269299663,-6.4386220518119615,2.548175734487046,0.04,White_constantSy
2019-07-25,206,2019,EHF-XA5S,-0.10451657026838178,-5.089294810232701,2.476380553523157,0.04,White_constantSy
2019-07-26,207,2019,EHF-XA5S,-0.021054562893109505,-2.300655739093486,1.7742916667657482,0.04,White_constantSy
2019-07-27,208,2019,EHF-XA5S,-0.025068000626840784,-2.137760108416529,1.5110600927455096,0.04,White_constantSy
2019-07-28,209,2019,EHF-XA5S,-0.08985115003370311,-4.795980591083946,2.5497018402413687,0.04,White_constantSy
2019-07-29,210,2019,EHF-XA5S,-0.08016178835391088,-4.314620822198691,2.310576113350919,0.04,White_constantSy
2019-07-30,211,2019,EHF-XA5S,-0.07656545534314319,-3.4162981605085463,1.5021617769299667,0.04,White_constantSy
2019-07-31,212,2019,EHF-XA5S,-0.010453824594523554,-1.0186482208173402,0.7573026059542514,0.04,White_constantSy
2019-08-01,213,2019,EHF-XA5S,0.030731600605462293,-0.8584903298937263,1.6267803450302836,0.04,White_constantSy
2019-08-02,214,2019,EHF-XA5S,-0.08481841105207366,-3.011553226806768,0.8910929505049268,0.04,White_constantSy
2019-08-03,215,2019,EHF-XA5S,0.021518862870785256,-1.3801578299720063,1.9181294017416377,0.04,White_constantSy
2019-08-04,216,2019,EHF-XA5S,0.0055188378324703535,-1.1035016865622822,1.241472632374041,0.04,White_constantSy
2019-08-05,217,2019,EHF-XA5S,-0.03362494342711557,-2.7127739420504042,1.872150356372515,0.04,White_constantSy
2019-08-06,218,2019,EHF-XA5S,-0.021071715529992048,-2.133010289581705,1.6062174013319037,0.04,White_constantSy
2019-08-07,219,2019,EHF-XA5S,-0.03429706221348397,-2.454853084242046,1.597426528904947,0.04,White_constantSy
2019-08-08,220,2019,EHF-XA5S,-0.15480731368299813,-2.245606120367597,-1.6245767217073563,0.04,White_constantSy
2019-08-09,221,2019,EHF-XA5S,-0.08845811807232223,-2.7856825204464144,0.5742295686383585,0.04,White_constantSy
2019-08-10,222,2019,EHF-XA5S,-0.031003116363697816,-0.6599026176647556,-0.11517529142768979,0.04,White_constantSy
2019-08-11,223,2019,EHF-XA5S,-0.0333816980250748,-0.12225791537758823,-0.7122845352492817,0.04,White_constantSy
2019-08-12,224,2019,EHF-XA5S,0.04142123118752579,1.3325270738934876,-0.2969962942053428,0.04,White_constantSy
2019-08-13,225,2019,EHF-XA5S,-0.0987209711777723,-2.2600138363736164,-0.20801044307069105,0.04,White_constantSy
2019-08-14,226,2019,EHF-XA5S,0.056198851807880035,1.5361785012121913,-0.13120720601519054,0.04,White_constantSy
2019-08-15,227,2019,EHF-XA5S,-0.018494853581498206,-1.0195550295477176,0.5571836900102625,0.04,White_constantSy
2019-08-16,228,2019,EHF-XA5S,0.04592143167017184,-0.10337368358221966,1.2514094753365157,0.04,White_constantSy
2019-08-17,229,2019,EHF-XA5S,-0.19626227063759985,-6.412642971188859,1.506086205248863,0.04,White_constantSy
2019-08-18,230,2019,EHF-XA5S,0.37147456081560565,11.354003311889642,-2.067139291499501,0.04,White_constantSy
2019-08-19,231,2019,EHF-XA5S,-0.006146091985272051,0.3698946761176103,-0.5235469757494116,0.04,White_constantSy
2019-08-20,232,2019,EHF-XA5S,0.035936172537185486,1.5098653304701486,-0.6114610170405115,0.04,White_constantSy
2019-08-21,233,2019,EHF-XA5S,-0.015726994971289515,-1.5239030234971267,1.1307281492148888,0.04,White_constantSy
2019-08-22,234,2019,EHF-XA5S,-0.05057280939348346,-1.5441169641126464,0.2797967292755601,0.04,White_constantSy
2019-08-23,235,2019,EHF-XA5S,-0.06571964455488398,-1.258167318379975,-0.38482379549212453,0.04,White_constantSy
2019-08-24,236,2019,EHF-XA5S,0.04027032423335299,1.6672468743248032,-0.6604887684909784,0.04,White_constantSy
2019-08-25,237,2019,EHF-XA5S,0.032410386183840956,1.0276249550585703,-0.21736530046254643,0.04,White_constantSy
2019-08-26,238,2019,EHF-XA5S,0.024767072996477284,0.12844500367958744,0.4907318212323446,0.04,White_constantSy
2019-08-27,239,2019,EHF-XA5S,-0.09299318062472253,-2.3723617801099124,0.04753226449184922,0.04,White_constantSy
2019-08-28,240,2019,EHF-XA5S,0.0360192831356494,1.406415747298297,-0.5059336689070619,0.04,White_constantSy
2019-08-29,241,2019,EHF-XA5S,-0.11655564417412848,-3.1128556194144323,0.19896451506122048,0.04,White_constantSy
2019-08-30,242,2019,EHF-XA5S,-0.02909632041326347,-0.6937301588499736,-0.033677851481613175,0.04,White_constantSy
2019-08-31,243,2019,EHF-XA5S,-0.027992499797363166,-1.2006152857567827,0.5008027908227035,0.04,White_constantSy
2019-09-01,244,2019,EHF-XA5S,-0.0025915866094817375,0.19549878482902727,-0.2602884500660707,0.04,White_constantSy
2019-09-02,245,2019,EHF-XA5S,0.014696140463038887,0.6190383074422527,-0.25163479586628057,0.04,White_constantSy
2019-09-03,246,2019,EHF-XA5S,-1.268827907203131,1.0730896362261433,-32.79378731630442,0.04,White_constantSy
2021-06-06,157,2021,EHF-XA5S,0.05463188639907173,-1.78100668787593,3.1468038478527234,0.04,White_constantSy
2021-06-07,158,2021,EHF-XA5S,-0.04992358148042968,-4.68923632692335,3.441146789912608,0.04,White_constantSy
2021-06-08,159,2021,EHF-XA5S,-0.13338341560624656,-6.07547848726071,2.7408930971045464,0.04,White_constantSy
2021-06-09,160,2021,EHF-XA5S,0.125611934125601,1.1779877642169367,1.9623105889230885,0.04,White_constantSy
2021-06-10,161,2021,EHF-XA5S,0.0009402957578788574,-0.06650475518981125,0.09001214913678268,0.04,White_constantSy
2021-06-11,162,2021,EHF-XA5S,0.09287205796199259,0.22813484077101975,2.093666608278795,0.04,White_constantSy
2021-06-12,163,2021,EHF-XA5S,-0.0048659248083464494,-1.8505682010697058,1.7289200808610445,0.04,White_constantSy
2021-06-13,164,2021,EHF-XA5S,-0.05102080129589865,-2.861322436966418,1.5858024045689518,0.04,White_constantSy
2021-06-14,165,2021,EHF-XA5S,-0.08084213962222066,-2.4243436046390343,0.4032901140835179,0.04,White_constantSy
2021-06-15,166,2021,EHF-XA5S,0.005638631110726351,-0.12832865935874338,0.26929443712690215,0.04,White_constantSy
2021-06-16,167,2021,EHF-XA5S,-0.06638909120565757,-3.103634107421982,1.4439068272805429,0.04,White_constantSy
2021-06-17,168,2021,EHF-XA5S,-0.060606449929014164,-3.758020162470018,2.242858914244664,0.04,White_constantSy
2021-06-18,169,2021,EHF-XA5S,-0.09211371951954561,-4.632509517257688,2.3296665292690477,0.04,White_constantSy
2021-06-19,170,2021,EHF-XA5S,0.022286394764257693,-1.6182041457042828,2.175364014810725,0.04,White_constantSy
2021-06-20,171,2021,EHF-XA5S,-0.031718927024904246,-2.219565611535927,1.4265924359133209,0.04,White_constantSy
2021-06-21,172,2021,EHF-XA5S,-0.16521617901364039,-6.631227115992289,2.500822640651279,0.04,White_constantSy
2021-06-22,173,2021,EHF-XA5S,-0.17429393792941994,-7.385504190432357,3.0281557421968586,0.04,White_constantSy
2021-06-23,174,2021,EHF-XA5S,0.12330803150670817,1.2553156158471097,1.8273851718205947,0.04,White_constantSy
2021-06-24,175,2021,EHF-XA5S,-0.02796335830073815,1.0831083680159281,-1.782192325534382,0.04,White_constantSy
2021-06-25,176,2021,EHF-XA5S,0.09586445117437677,2.282227277671069,0.11438400168835017,0.04,White_constantSy
2021-06-26,177,2021,EHF-XA5S,0.002267085805497686,0.3429074343610523,-0.28623028922361016,0.04,White_constantSy
2021-06-27,178,2021,EHF-XA5S,0.018851227441578546,0.008825273801306821,0.4624554122381568,0.04,White_constantSy
2021-06-28,179,2021,EHF-XA5S,-0.10898017985002013,-3.2503041924794047,0.5257996962289013,0.04,White_constantSy
2021-06-29,180,2021,EHF-XA5S,-0.026826821285048937,0.39977273700912974,-1.0704432691353531,0.04,White_constantSy
2021-06-30,181,2021,EHF-XA5S,-0.21774674433108884,-5.428400785809771,-0.015267822467450287,0.04,White_constantSy
2021-07-01,182,2021,EHF-XA5S,-0.11723840517877307,-3.4201339485274502,0.4891738190581236,0.04,White_constantSy
2021-07-02,183,2021,EHF-XA5S,0.07430762558935385,1.7725331445315646,0.08515749520228155,0.04,White_constantSy
2021-07-03,184,2021,EHF-XA5S,-3.7182595019498366,1.775571943370835,-94.73205949211675,0.04,White_constantSy
2024-06-03,155,2024,EHF-XA5S,0.019907457919190394,-2.18795775257621,2.68564420055597,0.04,White_constantSy
2024-06-04,156,2024,EHF-XA5S,-0.041964861469765684,-3.3183586076259033,2.2692370708817613,0.04,White_constantSy
2024-06-05,157,2024,EHF-XA5S,0.07394189522855016,-1.5200307951673153,3.368578175881069,0.04,White_constantSy
2024-06-06,158,2024,EHF-XA5S,0.08596212631168527,-1.4927728929343687,3.6418260507265003,0.04,White_constantSy
2024-06-07,159,2024,EHF-XA5S,0.08901786307323235,-2.620524073960297,4.845970650791106,0.04,White_constantSy
2024-06-08,160,2024,EHF-XA5S,0.06220394377842098,-3.1875252572717727,4.742623851732297,0.04,White_constantSy
2024-06-09,161,2024,EHF-XA5S,0.06651792156997516,-2.335205111153371,3.99815315040275,0.04,White_constantSy
2024-06-10,162,2024,EHF-XA5S,0.0848013498203386,-1.0462821907168518,3.166315936225317,0.04,White_constantSy
2024-06-11,163,2024,EHF-XA5S,0.037372562942742604,-2.411605863326116,3.3459199368946813,0.04,White_constantSy
2024-06-12,164,2024,EHF-XA5S,0.09702203436977896,-1.1780512797681553,3.6036021390126294,0.04,White_constantSy
2024-06-13,165,2024,EHF-XA5S,0.047000234359295234,-1.6066772167622645,2.7816830757446454,0.04,White_constantSy
2024-06-14,166,2024,EHF-XA5S,0.024351599658174905,-2.632900558706197,3.2416905501605697,0.04,White_constantSy
2024-06-15,167,2024,EHF-XA5S,0.0631718103763319,-0.7232720922413449,2.3025673516496425,0.04,White_constantSy
2024-06-16,168,2024,EHF-XA5S,0.006982527301964865,-3.2011957727615226,3.375758955310644,0.04,White_constantSy
2024-06-17,169,2024,EHF-XA5S,-0.0778191113109159,-4.520930977201232,2.5754531944283343,0.04,White_constantSy
2024-06-18,170,2024,EHF-XA5S,-0.04389210216022661,-3.2665936845471606,2.1692911305414952,0.04,White_constantSy
2024-06-19,171,2024,EHF-XA5S,-0.03128779393865784,-3.2655749450437384,2.4833800965772923,0.04,White_constantSy
2024-06-20,172,2024,EHF-XA5S,0.1407331746104103,1.4447024041267298,2.0736269611335274,0.04,White_constantSy
2024-06-21,173,2024,EHF-XA5S,0.03943141307596534,-0.6983647476151305,1.684150074514264,0.04,White_constantSy
2024-06-22,174,2024,EHF-XA5S,0.07306196373056821,0.5944419728753019,1.2321071203889034,0.04,White_constantSy
2024-06-23,175,2024,EHF-XA5S,-0.017408975567887525,-3.1003019783927073,2.665077589195519,0.04,White_constantSy
2024-06-24,176,2024,EHF-XA5S,0.016684196065868948,-2.1052250493493148,2.5223299509960384,0.04,White_constantSy
2024-06-25,177,2024,EHF-XA5S,-0.042748629086018466,-3.355990590868487,2.287274863718025,0.04,White_constantSy
2024-06-26,178,2024,EHF-XA5S,-0.08096518818780965,-5.1172927798969,3.093163075201659,0.04,White_constantSy
2024-06-27,179,2024,EHF-XA5S,0.04661098558474919,-1.4741674750005984,2.639442114619328,0.04,White_constantSy
2024-06-28,180,2024,EHF-XA5S,-0.06695970027981105,-5.147203580180502,3.473211073185226,0.04,White_constantSy
2024-06-29,181,2024,EHF-XA5S,0.022429148276139586,-1.892965973005147,2.4536946799086365,0.04,White_constantSy
2024-06-30,182,2024,EHF-XA5S,0.07286227799457948,-0.010831955393484805,1.8323889052579716,0.04,White_constantSy
2024-07-01,183,2024,EHF-XA5S,-0.0881751559387726,-5.338634939817098,3.1342560413477827,0.04,White_constantSy
2024-07-02,184,2024,EHF-XA5S,0.04617579023704934,-1.2154185913470599,2.3698133472732934,0.04,White_constantSy
2024-07-03,185,2024,EHF-XA5S,-0.018857840641734926,-2.954850448843473,2.4834044328001,0.04,White_constantSy
2024-07-04,186,2024,EHF-XA5S,0.044723051866846504,-0.7514164622129726,1.8694927588841352,0.04,White_constantSy
2024-07-05,187,2024,EHF-XA5S,0.0949354370495405,0.28122111308141484,2.0921648131570976,0.04,White_constantSy
2024-07-06,188,2024,EHF-XA5S,-0.017671623451002462,-2.4492452627793853,2.0074546765043237,0.04,White_constantSy
2024-07-07,189,2024,EHF-XA5S,0.1011766897934018,0.676794957958208,1.8526222868768372,0.04,White_constantSy
2024-07-08,190,2024,EHF-XA5S,0.12575257739649714,1.0483180323795693,2.0954964025328593,0.04,White_constantSy
2024-07-09,191,2024,EHF-XA5S,-0.0026269717952243357,-1.9086752198845147,1.8430009250039063,0.04,White_constantSy
2024-07-10,192,2024,EHF-XA5S,0.08643194427565391,0.45611283910514544,1.7046857677862022,0.04,White_constantSy
2024-07-11,193,2024,EHF-XA5S,-0.04547149921616381,-2.740970757468375,1.6041832770642799,0.04,White_constantSy
2024-07-12,194,2024,EHF-XA5S,-3.765737009059851,-2.281584741472102,-91.86184048502417,0.04,White_constantSy
2025-05-27,147,2025,EHF-XA5S,0.011620951458724847,-3.438090955719609,3.7286147421877303,0.04,White_constantSy
2025-05-28,148,2025,EHF-XA5S,0.01950047765139118,-3.6981679426730807,4.18567988395786,0.04,White_constantSy
2025-05-29,149,2025,EHF-XA5S,0.069277442431856,-1.6395160715507302,3.3714521323471303,0.04,White_constantSy
2025-05-30,150,2025,EHF-XA5S,0.1089408814080457,-1.0128468690311365,3.736368904232279,0.04,White_constantSy
2025-05-31,151,2025,EHF-XA5S,0.11372658262469998,-1.544943865675208,4.388108431292707,0.04,White_constantSy
2025-06-01,152,2025,EHF-XA5S,-0.03234613538468665,-4.840272366742269,4.031618982125103,0.04,White_constantSy
2025-06-02,153,2025,EHF-XA5S,0.046369997697631504,-1.661676239465848,2.8209261819066356,0.04,White_constantSy
2025-06-03,154,2025,EHF-XA5S,0.11306641364240022,-0.22862333596407325,3.0552836770240788,0.04,White_constantSy
2025-06-04,155,2025,EHF-XA5S,-0.010748128612029006,-3.2248088894203164,2.9561056741195912,0.04,White_constantSy
2025-06-05,156,2025,EHF-XA5S,0.04422979461417498,-1.0335271825855585,2.139272047939933,0.04,White_constantSy
2025-06-06,157,2025,EHF-XA5S,-0.04767717928378062,-2.958164747438019,1.7662352653435036,0.04,White_constantSy
2025-06-07,158,2025,EHF-XA5S,0.05123254230786472,-0.3423545251045823,1.6231680828012003,0.04,White_constantSy
2025-06-08,159,2025,EHF-XA5S,-0.0322047149235442,-2.3165882075240063,1.5114703344354012,0.04,White_constantSy
2025-06-09,160,2025,EHF-XA5S,-0.02291863348953882,-2.989130681969243,2.4161648447307726,0.04,White_constantSy
2025-06-10,161,2025,EHF-XA5S,0.06271316587959291,-1.2313881242313585,2.799217271221181,0.04,White_constantSy
2025-06-11,162,2025,EHF-XA5S,0.05932207169298238,-0.7188005615681448,2.201852353892704,0.04,White_constantSy
2025-06-12,163,2025,EHF-XA5S,0.00826344454392256,-2.088685307864637,2.295271421462701,0.04,White_constantSy
2025-06-13,164,2025,EHF-XA5S,-0.08227019994803585,-4.423030199552301,2.3662752008514047,0.04,White_constantSy
2025-06-14,165,2025,EHF-XA5S,-0.030663740534023987,-2.5508619956475798,1.78426848229698,0.04,White_constantSy
2025-06-15,166,2025,EHF-XA5S,0.037887047500198605,-2.0287557600710215,2.9759319475759867,0.04,White_constantSy
2025-06-16,167,2025,EHF-XA5S,-0.00912304469455421,-2.4385662817785203,2.210490164414665,0.04,White_constantSy
2025-06-17,168,2025,EHF-XA5S,-0.024757729871849394,-3.4838332112943533,2.8648899644981185,0.04,White_constantSy
2025-06-18,169,2025,EHF-XA5S,0.10075958091702944,-0.7627233758124703,3.2817128987382063,0.04,White_constantSy
2025-06-19,170,2025,EHF-XA5S,0.06886281281063816,-2.53801981912747,4.259590139393424,0.04,White_constantSy
2025-06-20,171,2025,EHF-XA5S,-0.0521493702397072,-4.0742472921869535,2.7705130361942736,0.04,White_constantSy
2025-06-21,172,2025,EHF-XA5S,-0.06178548077116943,-2.310086894194143,0.765449874914907,0.04,White_constantSy
2025-06-22,173,2025,EHF-XA5S,-0.06897485670415676,-2.8046562448300563,1.0802848272261372,0.04,White_constantSy
2025-06-23,174,2025,EHF-XA5S,-0.03163529951283408,-2.812343050818413,2.021460562997561,0.04,White_constantSy
2025-06-24,175,2025,EHF-XA5S,-0.006103161281800454,-1.3206580326386756,1.1680790005936643,0.04,White_constantSy
2025-06-25,176,2025,EHF-XA5S,-0.009236729132048822,-2.630793723770182,2.3998754954689616,0.04,White_constantSy
2025-06-26,177,2025,EHF-XA5S,0.10017633532365665,0.7458049970954619,1.7586033859959542,0.04,White_constantSy
2025-06-27,178,2025,EHF-XA5S,0.08512014977666241,1.2058237678874946,0.9221799765290655,0.04,White_constantSy
2025-06-28,179,2025,EHF-XA5S,0.019433235539710835,-0.7406521747186332,1.226483063211404,0.04,White_constantSy
2025-06-29,180,2025,EHF-XA5S,0.0880435295371268,0.10605299148829772,2.0950352469398723,0.04,White_constantSy
2025-06-30,181,2025,EHF-XA5S,-0.009114476898238308,-1.4393655392429707,1.211503616787013,0.04,White_constantSy
2025-07-01,182,2025,EHF-XA5S,0.005291545525778929,-0.8921310647600933,1.0244197029045665,0.04,White_constantSy
2025-07-02,183,2025,EHF-XA5S,-0.04687637327576681,-2.6928785371535184,1.5209692052593482,0.04,White_constantSy
2025-07-03,184,2025,EHF-XA5S,0.014631314907957176,-1.1107912496531185,1.4765741223520479,0.04,White_constantSy
2025-07-04,185,2025,EHF-XA5S,-0.08783134486337645,-2.4662670100572086,0.2704833884727975,0.04,White_constantSy
2025-07-05,186,2025,EHF-XA5S,-0.036615882940956794,-2.325310136296821,1.409913062772901,0.04,White_constantSy
2025-07-06,187,2025,EHF-XA5S,0.047769952528213366,-1.6647573830866236,2.8590061962919577,0.04,White_constantSy
2025-07-07,188,2025,EHF-XA5S,0.014585920107019206,-1.1922383718665515,1.5568863745420316,0.04,White_constantSy
2025-07-08,189,2025,EHF-XA5S,0.191656789824944,3.106360592719909,1.6850591529036905,0.04,White_constantSy
2025-07-09,190,2025,EHF-XA5S,0.08885397541580346,0.7111497168498886,1.510199668545198,0.04,White_constantSy
2025-07-10,191,2025,EHF-XA5S,0.0,-0.8238684772233569,-0.534949227935229,0.04,White_constantSy
2025-07-11,192,2025,EHF-XA5S,-0.1001967688114661,-3.250546795618135,0.7456275753314827,0.04,White_constantSy
2025-07-12,193,2025,EHF-XA5S,0.0,-4.183744048259939,0.09142689948387783,0.04,White_constantSy
2025-07-13,194,2025,EHF-XA5S,0.0,0.475948394075715,-0.4090885105075017,0.04,White_constantSy
2025-07-14,195,2025,EHF-XA5S,0.0658808024030975,1.4392142381806252,0.2078058218968124,0.04,White_constantSy
2025-07-15,196,2025,EHF-XA5S,0.0,-4.299297854445342,0.506530397164795,0.04,White_constantSy
2025-07-16,197,2025,EHF-XA5S,0.0,-3.46045966059512,-0.1831111196072186,0.04,White_constantSy
2025-07-17,198,2025,EHF-XA5S,0.0,-4.093220504702799,-0.2511832847950757,0.04,White_constantSy
2025-07-18,199,2025,EHF-XA5S,0.0,-3.775658267215306,-0.43632593777881823,0.04,White_constantSy
2025-07-19,200,2025,EHF-XA5S,0.008105206651209187,-0.2765105849677525,0.47914075124798217,0.04,White_constantSy
2025-07-20,201,2025,EHF-XA5S,0.0,-1.2290042374697236,0.6106894978463799,0.04,White_constantSy
2025-07-21,202,2025,EHF-XA5S,0.0,1.7118151097960776,-0.3373511502848885,0.04,White_constantSy
2025-07-22,203,2025,EHF-XA5S,0.0,-2.907963255599725,-0.841753957157465,0.04,White_constantSy
2025-07-23,204,2025,EHF-XA5S,-0.1738724813403644,-4.802975211850139,0.45616317834102915,0.04,White_constantSy
2025-07-24,205,2025,EHF-XA5S,0.0,1.9433412799762664,0.30857020708569394,0.04,White_constantSy
2025-07-25,206,2025,EHF-XA5S,0.0,9.279746342975017,0.20271475577723663,0.04,White_constantSy
2025-07-26,207,2025,EHF-XA5S,0.0,1.3930013561176793,0.3498781596162246,0.04,White_constantSy
2025-07-27,208,2025,EHF-XA5S,0.0,4.318519060699714,-1.1812138936948031,0.04,White_constantSy
2025-07-28,209,2025,EHF-XA5S,-0.10486871945706241,-2.1791443698412536,-0.4425736165853067,0.04,White_constantSy
2025-07-29,210,2025,EHF-XA5S,-0.07369975676474781,-1.7436788017168396,-0.09881511740185545,0.04,White_constantSy
2025-07-30,211,2025,EHF-XA5S,-0.11255865293467253,-3.2903548198933947,0.47638849652658166,0.04,White_constantSy
2025-07-31,212,2025,EHF-XA5S,-0.07274941575807077,-1.3509223606818352,-0.46781303326993395,0.04,White_constantSy
2025-08-01,213,2025,EHF-XA5S,-0.08615925073367237,-1.3466599306546811,-0.807321337687128,0.04,White_constantSy
2025-08-02,214,2025,EHF-XA5S,-0.14777517233709034,-4.167327098884499,0.47294779045724056,0.04,White_constantSy
2025-08-03,215,2025,EHF-XA5S,0.10722011852592914,1.5726710199205058,1.1078319432277226,0.04,White_constantSy
2025-08-04,216,2025,EHF-XA5S,0.0,-1.9232540588067764,0.3199246817189305,0.04,White_constantSy
2025-08-05,217,2025,EHF-XA5S,0.0,-1.3635211168203227,-1.1302074397344057,0.04,White_constantSy
2025-08-06,218,2025,EHF-XA5S,-0.05017747751331911,-1.4449150021596893,0.19047806432671166,0.04,White_constantSy
2025-08-07,219,2025,EHF-XA5S,0.014601912449301153,-0.44632396648935924,0.8113717777218881,0.04,White_constantSy
2025-08-08,220,2025,EHF-XA5S,0.0,2.7493969200105255,-1.0309791030811937,0.04,White_constantSy
2025-08-09,221,2025,EHF-XA5S,-0.015140536112907626,-0.5229621760885834,0.14444877326589278,0.04,White_constantSy
2025-08-10,222,2025,EHF-XA5S,-0.18611568416040428,-3.921265658853514,-0.7316264451565928,0.04,White_constantSy
2025-08-11,223,2025,EHF-XA5S,0.07878563817509018,0.5931839498806823,1.3764570044965723,0.04,White_constantSy
2025-08-12,224,2025,EHF-XA5S,0.0,0.23255094857762515,-0.3670971319093752,0.04,White_constantSy
2025-08-13,225,2025,EHF-XA5S,-0.11365688791483251,-2.6412498137630394,-0.20017238410777338,0.04,White_constantSy
2025-08-14,226,2025,EHF-XA5S,-0.10194195326748513,-2.9051696674208927,0.35662083573376435,0.04,White_constantSy
2025-08-15,227,2025,EHF-XA5S,-0.06093786614307874,-1.9186027572079638,0.3951561036309954,0.04,White_constantSy
2025-08-16,228,2025,EHF-XA5S,0.0,2.2297087902061605,-0.12583927668609363,0.04,White_constantSy
2025-08-17,229,2025,EHF-XA5S,0.0,-1.8746745930243947,0.2085490785278239,0.04,White_constantSy
2025-08-18,230,2025,EHF-XA5S,0.0,-1.5396317023485153,-0.09794692018320461,0.04,White_constantSy
2025-08-19,231,2025,EHF-XA5S,0.0,4.178751833859053,-1.3769548696003824,0.04,White_constantSy
2025-08-20,232,2025,EHF-XA5S,-0.06189941529361818,-1.6848615882457523,0.13737620590529787,0.04,White_constantSy
2025-08-21,233,2025,EHF-XA5S,-0.06017904393901006,-1.833719822952105,0.32924372447685357,0.04,White_constantSy
2025-08-22,234,2025,EHF-XA5S,0.01830078314615264,-0.40337162909906965,0.8608912077528856,0.04,White_constantSy
2025-08-23,235,2025,EHF-XA5S,0.0,7.162632790280242,-1.0029566696294694,0.04,White_constantSy
2025-08-24,236,2025,EHF-XA5S,0.0,-3.749433399669357,-0.20016606128675107,0.04,White_constantSy
2025-08-25,237,2025,EHF-XA5S,0.0,-1.9557864400031804,0.7703940234698337,0.04,White_constantSy
2025-08-26,238,2025,EHF-XA5S,0.0,1.7312728393281702,-1.0290296119979558,0.04,White_constantSy
2025-08-27,239,2025,EHF-XA5S,0.0,-2.8341255833343553,-0.5195225043921994,0.04,White_constantSy
2025-08-28,240,2025,EHF-XA5S,0.0,-4.137372461460302,0.9329113599057024,0.04,White_constantSy
2025-08-29,241,2025,EHF-XA5S,-0.09010575928337801,-1.3158191751360846,-0.9368248069483656,0.04,White_constantSy
2025-08-30,242,2025,EHF-XA5S,-0.0802019485978019,-2.329410986293425,0.32436227134837736,0.04,White_constantSy
2025-08-31,243,2025,EHF-XA5S,0.057998812714600945,1.5270273931072609,-0.07705707524223726,0.04,White_constantSy
2025-09-01,244,2025,EHF-XA5S,0.03256192442412953,0.6646144559113054,0.14943365469193282,0.04,White_constantSy
2025-09-02,245,2025,EHF-XA5S,0.0,2.0017568724430816,-0.19234231043121497,0.04,White_constantSy
2025-09-03,246,2025,EHF-XA5S,0.0,1.4384322272530596,0.0514430140541009,0.04,White_constantSy
2025-09-04,247,2025,EHF-XA5S,0.0,0.200653810575119,0.9385705637663619,0.04,White_constantSy
2025-09-05,248,2025,EHF-XA5S,0.0,-0.8831412550293294,-0.29998018851580355,0.04,White_constantSy
2025-09-06,249,2025,EHF-XA5S,-0.05534644919181176,-0.793257288580179,-0.590403941215115,0.04,White_constantSy
2025-09-07,250,2025,EHF-XA5S,-0.08813648964362869,-2.0296117295667955,-0.17380051152392184,0.04,White_constantSy
2025-09-08,251,2025,EHF-XA5S,-0.023757212999869923,-1.6016989234453547,1.0077685984486067,0.04,White_constantSy
2025-09-09,252,2025,EHF-XA5S,0.04063368788946491,-0.07097990884000183,1.0868221060766246,0.04,White_constantSy
2025-09-10,253,2025,EHF-XA5S,0.0,2.8089024315857785,-0.43581359895661365,0.04,White_constantSy
2025-09-11,254,2025,EHF-XA5S,0.019719193582249092,1.3105493450322285,-0.8175695054760013,0.04,White_constantSy
2025-09-12,255,2025,EHF-XA5S,0.030097919930184958,0.8474820824588392,-0.09503408420421522,0.04,White_constantSy
2025-09-13,256,2025,EHF-XA5S,0.019044508543067877,0.26042249394180317,0.21569021963489377,0.04,White_constantSy
2025-09-14,257,2025,EHF-XA5S,-0.03538959957700172,-1.2703197775778108,0.38557978815276783,0.04,White_constantSy
2025-09-15,258,2025,EHF-XA5S,0.08251523292179855,3.232838075990287,-1.1699572529453235,0.04,White_constantSy
2025-09-16,259,2025,EHF-XA5S,-0.1080594681306053,-2.1829322231745607,-0.5185544800905717,0.04,White_constantSy
2025-09-17,260,2025,EHF-XA5S,-0.05913604271535689,-2.3628892355011146,0.8844881676171923,0.04,White_constantSy
2025-09-18,261,2025,EHF-XA5S,-0.03028732927323574,-1.6659065447186094,0.9087233128877159,0.04,White_constantSy
2025-09-19,262,2025,EHF-XA5S,-0.09571539513511425,-2.0132021125607764,-0.3796827658170798,0.04,White_constantSy
2025-09-20,263,2025,EHF-XA5S,0.0033816513830458917,0.7421280638884014,-0.6575867793122541,0.04,White_constantSy
2025-09-21,264,2025,EHF-XA5S,-0.09119834007709926,-2.5946552111548726,0.3146967092273911,0.04,White_constantSy
2025-09-22,265,2025,EHF-XA5S,0.015825590037018174,0.17436193273425715,0.22127781819119718,0.04,White_constantSy
2025-09-23,266,2025,EHF-XA5S,0.14100074779720728,4.127304117848496,-0.6022854229183139,0.04,White_constantSy
2025-09-24,267,2025,EHF-XA5S,0.06789344598523428,2.075183846464057,-0.3778476968332001,0.04,White_constantSy
2025-09-25,268,2025,EHF-XA5S,-0.1496188861987804,-5.176099327925954,1.435627172956444,0.04,White_constantSy
2025-09-26,269,2025,EHF-XA5S,0.1518027170234376,4.339946321406927,-0.5448783958209873,0.04,White_constantSy
2025-09-27,270,2025,EHF-XA5S,-0.11723174542832623,-3.3099739068044016,0.37918027109624575,0.04,White_constantSy
2025-09-28,271,2025,EHF-XA5S,-0.12182683439569815,-3.045538185782533,-0.00013267410992057194,0.04,White_constantSy
2025-09-29,272,2025,EHF-XA5S,-0.026767147471157954,-1.6883138033281284,1.0191351165491795,0.04,White_constantSy
2025-09-30,273,2025,EHF-XA5S,0.0,0.6206825361366555,-0.7292832419068276,0.04,White_constantSy
2025-10-01,274,2025,EHF-XA5S,0.008049651741027902,0.4176818355621208,-0.21644054203642327,0.04,White_constantSy
2025-10-02,275,2025,EHF-XA5S,0.0,-3.1498890008380442,0.14935018945733702,0.04,White_constantSy
2025-10-03,276,2025,EHF-XA5S,0.0,-1.5704742538287633,0.12139052601870048,0.04,White_constantSy
2025-10-04,277,2025,EHF-XA5S,0.0,-0.5846858142379858,0.32800950456692135,0.04,White_constantSy
2025-10-05,278,2025,EHF-XA5S,0.0,1.3726837083186467,-0.6008520731509037,0.04,White_constantSy
2025-10-06,279,2025,EHF-XA5S,-0.12490221163843501,-2.7644850322964487,-0.35807025866442643,0.04,White_constantSy
2025-10-07,280,2025,EHF-XA5S,-0.020592821814389595,-0.6352270183164421,0.12040647295670226,0.04,White_constantSy
2025-10-08,281,2025,EHF-XA5S,-0.026598023053431348,-2.112261735218908,1.4473111588831244,0.04,White_constantSy
2025-10-09,282,2025,EHF-XA5S,0.0,-0.47850474154853373,-0.15862902014075075,0.04,White_constantSy
2025-10-10,283,2025,EHF-XA5S,0.0,2.434034525540028,-0.30110342781915733,0.04,White_constantSy
2025-10-11,284,2025,EHF-XA5S,0.0,-3.3369316793198323,-0.2609701517412759,0.04,White_constantSy
2025-10-12,285,2025,EHF-XA5S,0.0,2.427158497587101,1.6294047892715753,0.04,White_constantSy
2025-10-13,286,2025,EHF-XA5S,0.0,-4.410466406651324,0.8077993672923753,0.04,White_constantSy
2025-10-14,287,2025,EHF-XA5S,0.0,2.0662708665580567,-1.5508579789799342,0.04,White_constantSy
2025-10-15,288,2025,EHF-XA5S,0.0,0.7625444357655624,-14.426332036749272,0.04,White_constantSy
2025-10-16,289,2025,EHF-XA5S,0.0,48.30034973970854,-25.17902521795179,0.04,White_constantSy
2025-10-17,290,2025,EHF-XA5S,0.0,11.04472490503565,-10.419344105847372,0.04,White_constantSy
2025-10-18,291,2025,EHF-XA5S,0.01518648796895377,8.192343633644583,-7.812681434420739,0.04,White_constantSy
2025-10-19,292,2025,EHF-XA5S,-0.019292068750510795,4.511311637688522,-4.9936133564512915,0.04,White_constantSy
2025-10-20,293,2025,EHF-XA5S,0.06722226868469648,6.758137522092198,-5.077580804974787,0.04,White_constantSy
2025-10-21,294,2025,EHF-XA5S,-0.09549176973519025,0.5720702115091569,-2.959364454888913,0.04,White_constantSy
2025-10-22,295,2025,EHF-XA5S,0.07568769700880296,5.270372642620913,-3.378180217400839,0.04,White_constantSy
2025-10-23,296,2025,EHF-XA5S,0.0882591117319862,4.902456313426384,-2.6959785201267294,0.04,White_constantSy
2025-10-24,297,2025,EHF-XA5S,0.05449625875235853,2.7502920199385272,-1.387885551129564,0.04,White_constantSy
2025-10-25,298,2025,EHF-XA5S,0.08513164368959451,4.448025433224998,-2.3197343409851356,0.04,White_constantSy
2025-10-26,299,2025,EHF-XA5S,-0.11655705551900837,3.2507322867914894,-6.164658674766699,0.04,White_constantSy
2025-10-27,300,2025,EHF-XA5S,0.12257641103334976,8.653524388531864,-5.58911411269812,0.04,White_constantSy
2025-10-28,301,2025,EHF-XA5S,-0.017772574685403983,2.9953054074372005,-3.4396197745723,0.04,White_constantSy
2025-10-29,302,2025,EHF-XA5S,-0.04967969961573147,0.3181061640883627,-1.5600986544816493,0.04,White_constantSy
2025-10-30,303,2025,EHF-XA5S,-0.037964260036623045,-0.5061528303993654,-0.4429536705162107,0.04,White_constantSy
2018-07-28,209,2018,EHR-1,0.4939775126233246,11.803388685785876,0.5460491297972396,0.04,White_constantSy
2018-07-29,210,2018,EHR-1,0.4659534725835499,12.167602458959692,-0.5187656443709443,0.04,White_constantSy
2018-07-30,211,2018,EHR-1,0.4703415000898815,11.065488663487997,0.6930488387590401,0.04,White_constantSy
2018-07-31,212,2018,EHR-1,0.5664083672727128,14.181351898282514,-0.0211427164646949,0.04,White_constantSy
2018-08-01,213,2018,EHR-1,0.5137643905553307,11.418090824734861,1.4260189391484062,0.04,White_constantSy
2018-08-02,214,2018,EHR-1,0.5728001526231753,13.743704570136515,0.5762992454428684,0.04,White_constantSy
2018-08-03,215,2018,EHR-1,0.5408174333710832,13.829105652628158,-0.30866981835107765,0.04,White_constantSy
2018-08-04,216,2018,EHR-1,0.500084360539239,12.367501128324278,0.1346078851566972,0.04,White_constantSy
2018-08-05,217,2018,EHR-1,0.6153117954240697,16.117818921978966,-0.7350240363772258,0.04,White_constantSy
2018-08-06,218,2018,EHR-1,0.5753672075166122,14.538599401045673,-0.15441921313036744,0.04,White_constantSy
2018-08-07,219,2018,EHR-1,0.4629866405671447,10.358854666764472,1.2158113474141459,0.04,White_constantSy
2018-08-08,220,2018,EHR-1,0.5880879142999834,14.960457746018108,-0.25825988851852344,0.04,White_constantSy
2018-08-09,221,2018,EHR-1,0.4845815036464103,11.768023580290077,0.3465140108701803,0.04,White_constantSy
2018-08-10,222,2018,EHR-1,0.6899931806307381,17.53327085048437,-0.28344133471591704,0.04,White_constantSy
2018-08-11,223,2018,EHR-1,0.5646738902937557,13.04516369733659,1.0716835600073011,0.04,White_constantSy
2018-08-12,224,2018,EHR-1,0.5641404144605957,14.187935974249655,-0.08442561273476201,0.04,White_constantSy
2018-08-13,225,2018,EHR-1,0.5010104485392975,11.499054759052285,1.0262064544301523,0.04,White_constantSy
2018-08-14,226,2018,EHR-1,0.6175091162599188,16.131552839479866,-0.6938249329818973,0.04,White_constantSy
2018-08-15,227,2018,EHR-1,0.5178247518452236,12.817989435063339,0.12762936106724965,0.04,White_constantSy
2018-08-16,228,2018,EHR-1,0.5089950349102407,14.401925404643691,-1.6770495318876755,0.04,White_constantSy
2018-08-17,229,2018,EHR-1,0.4200423277246568,10.304714410589668,0.19634378252675333,0.04,White_constantSy
2018-08-18,230,2018,EHR-1,0.5722805797383831,14.32968079178849,-0.022666298328914536,0.04,White_constantSy
2018-08-19,231,2018,EHR-1,0.6229296221374853,14.328136387980493,1.2451041654566382,0.04,White_constantSy
2018-08-20,232,2018,EHR-1,0.498198560872487,12.531751718551789,-0.07678769673961483,0.04,White_constantSy
2018-08-21,233,2018,EHR-1,0.5173928109983393,14.032177059955274,-1.0973567849967907,0.04,White_constantSy
2018-08-22,234,2018,EHR-1,0.5021633673636484,13.116318414283825,-0.5622342301926153,0.04,White_constantSy
2018-08-23,235,2018,EHR-1,0.5422452295931709,13.111778578605282,0.44435216122398913,0.04,White_constantSy
2018-08-24,236,2018,EHR-1,0.37061912125515845,13.096251479424524,-3.830773448045562,0.04,White_constantSy
2018-08-27,239,2018,EHR-1,0.47631405157905987,11.39547747693257,0.5123738125439274,0.04,White_constantSy
2018-08-28,240,2018,EHR-1,0.4290951064747418,11.96749553963383,-1.240117877765286,0.04,White_constantSy
2018-08-29,241,2018,EHR-1,0.43970854391475483,10.264189649593192,0.7285239482756793,0.04,White_constantSy
2018-08-30,242,2018,EHR-1,0.5415488036443958,14.401758437097811,-0.863038345987917,0.04,White_constantSy
2018-08-31,243,2018,EHR-1,0.3867640432459825,10.31951036970682,-0.6504092885572561,0.04,White_constantSy
2018-09-01,244,2018,EHR-1,0.4626112917386962,11.10835888102173,0.4569234124456756,0.04,White_constantSy
2018-09-02,245,2018,EHR-1,0.4691912637402993,11.903532615998813,-0.1737510224913308,0.04,White_constantSy
2018-09-03,246,2018,EHR-1,0.31220831050001835,8.270458449813134,-0.4652506873126754,0.04,White_constantSy
2018-09-04,247,2018,EHR-1,0.4116804872037818,11.651620637849902,-1.3596084577553569,0.04,White_constantSy
2018-09-05,248,2018,EHR-1,0.29332389495276207,9.06876628826825,-1.7356689144491995,0.04,White_constantSy
2018-09-06,249,2018,EHR-1,0.4572056999317127,10.695598695381392,0.7345438029114248,0.04,White_constantSy
2018-09-07,250,2018,EHR-1,0.4428928825469711,11.130281266269648,-0.05795920259537013,0.04,White_constantSy
2018-09-08,251,2018,EHR-1,0.30826478292986054,6.886537036103135,0.820082537143378,0.04,White_constantSy
2018-09-09,252,2018,EHR-1,0.34971917988484164,9.047312156896538,-0.30433265977549695,0.04,White_constantSy
2018-09-10,253,2018,EHR-1,0.4907200438265477,12.84129835390533,-0.573297258241638,0.04,White_constantSy
2018-09-11,254,2018,EHR-1,0.40974429966878745,10.21331066125235,0.030296830467335667,0.04,White_constantSy
2018-09-12,255,2018,EHR-1,0.3091064732586375,7.268137695596977,0.45952413586896057,0.04,White_constantSy
2018-09-13,256,2018,EHR-1,0.42326006090716817,12.164042795827967,-1.5825412731487631,0.04,White_constantSy
2018-09-14,257,2018,EHR-1,0.381994978096742,9.553968977069616,-0.004094524651065967,0.04,White_constantSy
2018-09-15,258,2018,EHR-1,0.18827377946497847,5.5136772785836285,-0.8068327919591667,0.04,White_constantSy
2018-09-16,259,2018,EHR-1,0.34536232067925,9.286822148330032,-0.652764131348782,0.04,White_constantSy
2018-09-17,260,2018,EHR-1,0.35437835145295793,8.888783288551494,-0.02932450222754568,0.04,White_constantSy
2018-09-18,261,2018,EHR-1,0.34189176457293513,8.170052354707735,0.377241759615643,0.04,White_constantSy
2018-09-19,262,2018,EHR-1,0.40887202327186145,11.29926633641567,-1.0774657546191335,0.04,White_constantSy
2018-09-20,263,2018,EHR-1,0.4006303939739482,10.625226036222202,-0.6094661868734974,0.04,White_constantSy
2018-09-21,264,2018,EHR-1,0.2745320587895179,7.501066146906865,-0.6377646771689172,0.04,White_constantSy
2018-09-22,265,2018,EHR-1,0.30420892246845455,6.993494820731172,0.6117282409801916,0.04,White_constantSy
2018-09-23,266,2018,EHR-1,0.1908978163288495,4.016653855594399,0.7557915526268388,0.04,White_constantSy
2018-09-24,267,2018,EHR-1,0.3136000127505554,9.296266536199127,-1.4562662174352425,0.04,White_constantSy
2018-09-25,268,2018,EHR-1,0.24585595879181454,6.6002826344316645,-0.4538836646363009,0.04,White_constantSy
2018-09-26,269,2018,EHR-1,0.3148987458121013,8.024616248257033,-0.15214760295449992,0.04,White_constantSy
2018-09-27,270,2018,EHR-1,0.270817658638137,5.990583878781663,0.7798575871717617,0.04,White_constantSy
2018-09-28,271,2018,EHR-1,0.2496613347151282,5.523645244216269,0.7178881236619361,0.04,White_constantSy
2018-09-29,272,2018,EHR-1,0.21343168066364626,5.206418319930961,0.1293736966601955,0.04,White_constantSy
2018-09-30,273,2018,EHR-1,0.3258149205986882,8.506851733123,-0.36147871815579435,0.04,White_constantSy
2018-10-01,274,2018,EHR-1,0.24336870272089328,6.126418296241809,-0.04220072821947696,0.04,White_constantSy
2018-10-02,275,2018,EHR-1,0.0302044227775653,1.5281958397437734,-0.7730852703046409,0.04,White_constantSy
2018-10-03,276,2018,EHR-1,0.10980830705914713,5.044955434991394,-2.2997477585127157,0.04,White_constantSy
2018-10-04,277,2018,EHR-1,-0.05505182654690799,-0.6901297602958323,-0.6861659033768674,0.04,White_constantSy
2018-10-05,278,2018,EHR-1,-0.08399830180981382,-2.491801881681255,0.3918443364359092,0.04,White_constantSy
2018-10-06,279,2018,EHR-1,0.03423437403360907,1.1946357417595976,-0.33877639091937084,0.04,White_constantSy
2018-10-07,280,2018,EHR-1,-0.09893144198628079,-1.8350547255117533,-0.6382313241452664,0.04,White_constantSy
2018-10-08,281,2018,EHR-1,-0.06857500890968282,-2.596050914248238,0.8816756915061674,0.04,White_constantSy
2018-10-09,282,2018,EHR-1,0.1468889612789539,3.9769597472155027,-0.3047357152416552,0.04,White_constantSy
2018-10-10,283,2018,EHR-1,0.03254513868375142,1.4004091913896843,-0.5867807242958989,0.04,White_constantSy
2018-10-11,284,2018,EHR-1,0.025605482554595937,2.578590202529085,-1.9384531386641868,0.04,White_constantSy
2018-10-12,285,2018,EHR-1,0.07938254970385117,3.2180236553134733,-1.2334599127171941,0.04,White_constantSy
2018-10-13,286,2018,EHR-1,0.02023120631638875,0.7477508924452536,-0.24197073453553486,0.04,White_constantSy
2018-10-14,287,2018,EHR-1,-0.008653122053566165,2.100161389023114,-2.3164894403622682,0.04,White_constantSy
2018-10-15,288,2018,EHR-1,-0.07269633089524603,-0.365644074839679,-1.451764197541472,0.04,White_constantSy
2018-10-16,289,2018,EHR-1,-0.0020226214151864495,0.06235618040371094,-0.11292171578337218,0.04,White_constantSy
2018-10-17,290,2018,EHR-1,-0.06518988580963167,-0.6112937946245438,-1.018453350616248,0.04,White_constantSy
2018-10-18,291,2018,EHR-1,0.004606304121261929,0.34579687500522027,-0.23063927197367207,0.04,White_constantSy
2018-10-19,292,2018,EHR-1,0.07388600216213206,3.040950031610336,-1.1937999775570347,0.04,White_constantSy
2018-10-20,293,2018,EHR-1,0.05316957695622165,0.9818228470834356,0.3474165768221056,0.04,White_constantSy
2018-10-21,294,2018,EHR-1,-0.04086751077019244,-1.5925995461234947,0.5709117768686838,0.04,White_constantSy
2018-10-22,295,2018,EHR-1,0.12364432732587148,3.429157625897659,-0.33804944275087223,0.04,White_constantSy
2018-10-23,296,2018,EHR-1,0.028260906894102506,1.1914164370412834,-0.4848937646887208,0.04,White_constantSy
2018-10-24,297,2018,EHR-1,0.036379163577059614,2.369217506886301,-1.4597384174598105,0.04,White_constantSy
2018-10-25,298,2018,EHR-1,-0.04802787686949188,-0.8215142149599046,-0.3791827067773923,0.04,White_constantSy
2018-10-26,299,2018,EHR-1,0.04138724095658688,0.9726881361543889,0.06199288776028311,0.04,White_constantSy
2018-10-27,300,2018,EHR-1,-0.01847488202429844,-0.6500372889913137,0.1881652383838528,0.04,White_constantSy
2018-10-28,301,2018,EHR-1,0.10939710236429762,3.0544655170931634,-0.31953795798572315,0.04,White_constantSy
2018-10-29,302,2018,EHR-1,-0.0986043208859985,-2.148398869783861,-0.3167091523661014,0.04,White_constantSy
2018-10-30,303,2018,EHR-1,0.07355734216223937,2.6287766552901104,-0.7898431012341263,0.04,White_constantSy
2018-10-31,304,2018,EHR-1,-0.047390815821998444,-0.7210985355733612,-0.4636718599765999,0.04,White_constantSy
2018-11-01,305,2018,EHR-1,-0.04038665245773217,0.05109492497372514,-1.0607612364170294,0.04,White_constantSy
2018-11-02,306,2018,EHR-1,0.02592843833039609,0.11796880861609793,0.5302421496438043,0.04,White_constantSy
2018-11-03,307,2018,EHR-1,0.017793633954007078,0.891159850528922,-0.44631900167874505,0.04,White_constantSy
2018-11-04,308,2018,EHR-1,-0.03606083111591147,-2.5468711827429047,1.645350404845118,0.04,White_constantSy
2018-11-05,309,2018,EHR-1,0.16758612279071458,4.264504662032877,-0.07485159226501281,0.04,White_constantSy
2018-11-06,310,2018,EHR-1,0.08642236886114887,2.7950663317347875,-0.6345071102060658,0.04,White_constantSy
2018-11-07,311,2018,EHR-1,0.03406948754150818,1.3420934759032832,-0.4903562873655787,0.04,White_constantSy
2018-11-08,312,2018,EHR-1,-0.032539940865689516,0.7916869708804342,-1.605185492522672,0.04,White_constantSy
2018-11-09,313,2018,EHR-1,0.14645030926007507,3.0210956920033283,0.6401620394985486,0.04,White_constantSy
2018-11-10,314,2018,EHR-1,-0.011033844360781302,-0.31445719021121477,0.03861108119168222,0.04,White_constantSy
2018-11-11,315,2018,EHR-1,0.044924983355364816,2.4116531920228113,-1.2885286081386909,0.04,White_constantSy
2018-11-12,316,2018,EHR-1,0.07547478263132348,2.9781682623709855,-1.0912986965878986,0.04,White_constantSy
2018-11-13,317,2018,EHR-1,0.03359482833603693,1.0853755577457918,-0.2455048493448686,0.04,White_constantSy
2018-11-14,318,2018,EHR-1,0.10575109528441971,2.275657454603717,0.36811992750677547,0.04,White_constantSy
2018-11-15,319,2018,EHR-1,0.1233612844350634,2.510470232837392,0.5735618780391931,0.04,White_constantSy
2018-11-16,320,2018,EHR-1,-0.03580318787606842,-1.7877768651096488,0.8926971682079383,0.04,White_constantSy
2018-11-17,321,2018,EHR-1,0.005654678882420683,0.823955182020299,-0.682588209959782,0.04,White_constantSy
2018-11-18,322,2018,EHR-1,1.0026440267476033,2.652098955509217,22.414001713180866,0.04,White_constantSy
2021-07-04,185,2021,EHR-1,0.6877922582383746,17.232411821353466,-0.03760536539409998,0.04,White_constantSy
2021-07-05,186,2021,EHR-1,0.24615559273504972,7.99980000038758,-1.8459101820113375,0.04,White_constantSy
2024-07-15,197,2024,EHR-1,-0.007326581562054457,-1.1874718227144143,1.0043072836630529,0.04,White_constantSy
2024-07-16,198,2024,EHR-1,0.24606294357670322,4.588192892440901,1.5633806969766795,0.04,White_constantSy
2024-07-17,199,2024,EHR-1,0.314303596047381,6.681435763153232,1.1761541380312934,0.04,White_constantSy
2024-07-18,200,2024,EHR-1,0.2024262132602317,3.203997875873199,1.8566574556325932,0.04,White_constantSy
2024-07-19,201,2024,EHR-1,0.26216183742455884,5.321429818453225,1.2326161171607453,0.04,White_constantSy
2024-07-20,202,2024,EHR-1,0.31325092360238216,6.49746563162239,1.333807458437164,0.04,White_constantSy
2024-07-21,203,2024,EHR-1,0.353209586382535,7.857873316349327,0.9723663432140484,0.04,White_constantSy
2024-07-22,204,2024,EHR-1,0.4563757239024329,12.051991476753443,-0.64259837919262,0.04,White_constantSy
2024-07-23,205,2024,EHR-1,0.32553330204762576,8.290962355293317,-0.15262980410267346,0.04,White_constantSy
2024-07-24,206,2024,EHR-1,0.43373521693157385,10.66885508872204,0.17452533456730634,0.04,White_constantSy
2024-07-25,207,2024,EHR-1,0.4061648758060801,9.25105702553077,0.9030648696212324,0.04,White_constantSy
2024-07-26,208,2024,EHR-1,0.4324500976366892,8.832231547741287,1.9790208931759423,0.04,White_constantSy
2024-07-27,209,2024,EHR-1,0.3249138864397895,9.594245967197821,-1.4713988062030836,0.04,White_constantSy
2024-07-28,210,2024,EHR-1,0.34716691325842647,8.928683008415561,-0.24951017695489952,0.04,White_constantSy
2024-07-29,211,2024,EHR-1,0.3364973594997014,8.677214529465573,-0.2647805419730389,0.04,White_constantSy
2024-07-30,212,2024,EHR-1,0.3719294558817478,8.634982743630815,0.6632536534128803,0.04,White_constantSy
2024-07-31,213,2024,EHR-1,0.5368592820792253,12.842289354277227,0.5791926977034052,0.04,White_constantSy
2024-08-01,214,2024,EHR-1,0.48118175986793743,12.501142991405345,-0.471598994706909,0.04,White_constantSy
2024-08-02,215,2024,EHR-1,0.526223675559645,13.787822290782344,-0.6322304017912188,0.04,White_constantSy
2024-08-03,216,2024,EHR-1,-0.030974601912575395,6.999893326859308,-7.774258374673693,0.04,White_constantSy
2024-08-04,217,2024,EHR-1,0.17479630388566392,3.4520284182583794,0.9178791788832186,0.04,White_constantSy
2024-08-05,218,2024,EHR-1,0.31551193311599945,6.656665097104764,1.2311332307952227,0.04,White_constantSy
2024-08-06,219,2024,EHR-1,0.3180738363828013,6.833524446313177,1.118321463256855,0.04,White_constantSy
2024-08-07,220,2024,EHR-1,0.46352327778350116,10.60442545083049,0.9836564937570387,0.04,White_constantSy
2024-08-08,221,2024,EHR-1,0.3316755476066351,8.25826298966308,0.03362570050279601,0.04,White_constantSy
2024-08-09,222,2024,EHR-1,0.42275090834081086,9.155469356954569,1.4133033515657019,0.04,White_constantSy
2024-08-10,223,2024,EHR-1,0.4377578420015937,10.4335623221981,0.5103837278417416,0.04,White_constantSy
2024-08-11,224,2024,EHR-1,0.3342904724694063,7.047161137643741,1.3101006740914158,0.04,White_constantSy
2024-08-12,225,2024,EHR-1,0.4098108345281912,9.178778488855869,1.0664923743489112,0.04,White_constantSy
2024-08-13,226,2024,EHR-1,0.5026545271571672,13.234987431853142,-0.6686242529239621,0.04,White_constantSy
2024-08-14,227,2024,EHR-1,0.45931808499276655,12.187377612448813,-0.7044254876296492,0.04,White_constantSy
2024-08-15,228,2024,EHR-1,0.40670866893276525,10.151362362732641,0.016354360586490202,0.04,White_constantSy
2024-08-16,229,2024,EHR-1,0.30082010654349917,6.459776200237542,1.060726463349937,0.04,White_constantSy
2024-08-17,230,2024,EHR-1,0.358942501045554,9.226926856030815,-0.25336432989196567,0.04,White_constantSy
2024-08-18,231,2024,EHR-1,0.43925345109995645,10.981438874511753,-0.0001025970128409881,0.04,White_constantSy
2024-08-19,232,2024,EHR-1,0.4604262691283896,11.597122030272146,-0.08646530206240755,0.04,White_constantSy
2024-08-20,233,2024,EHR-1,0.5485253644498653,13.837446133973685,-0.12431202272705377,0.04,White_constantSy
2024-08-21,234,2024,EHR-1,0.46167054047637635,11.595517480613182,-0.05375396870377358,0.04,White_constantSy
2024-08-22,235,2024,EHR-1,0.45128965500954793,9.553076672037662,1.729164703201036,0.04,White_constantSy
2024-08-23,236,2024,EHR-1,0.4538900308393448,14.649613887879866,-3.3023631168962453,0.04,White_constantSy
2024-08-24,237,2024,EHR-1,0.011089248563735055,9.726232849492789,-9.449001635399412,0.04,White_constantSy
2024-08-25,238,2024,EHR-1,0.10012645577155155,2.6211028101521094,-0.11794141586332074,0.04,White_constantSy
2024-08-26,239,2024,EHR-1,0.2810384781674884,5.554812840446033,1.471149113741177,0.04,White_constantSy
2024-08-27,240,2024,EHR-1,0.3473616367588903,7.285918186563478,1.3981227324087797,0.04,White_constantSy
2024-08-28,241,2024,EHR-1,0.3343711084585266,7.300263209339519,1.0590145021236452,0.04,White_constantSy
2024-08-29,242,2024,EHR-1,0.46264199681216667,10.918734479542636,0.6473154407615311,0.04,White_constantSy
2024-08-30,243,2024,EHR-1,0.442725613065555,10.821999016034312,0.246141310604564,0.04,White_constantSy
2024-08-31,244,2024,EHR-1,0.45456779396675984,10.781677163876324,0.5825176852926717,0.04,White_constantSy
2024-09-01,245,2024,EHR-1,0.424316908061499,9.073551520384981,1.534371181152494,0.04,White_constantSy
2024-09-02,246,2024,EHR-1,0.44482282610870527,10.731995509216219,0.38857514350141287,0.04,White_constantSy
2024-09-03,247,2024,EHR-1,0.45420313556893177,12.529094887469228,-1.1740164982459333,0.04,White_constantSy
2024-09-04,248,2024,EHR-1,0.43331547547378363,11.134803320673115,-0.3019164338285236,0.04,White_constantSy
2024-09-05,249,2024,EHR-1,0.5122394793951358,12.89331062804213,-0.0873236431637352,0.04,White_constantSy
2024-09-06,250,2024,EHR-1,0.4896730824427212,11.410874818088246,0.8309522429797838,0.04,White_constantSy
2024-09-07,251,2024,EHR-1,0.5461581543601938,12.173120350259879,1.4808335087449649,0.04,White_constantSy
2024-09-08,252,2024,EHR-1,0.5474862245330598,14.488838292144024,-0.801682678817528,0.04,White_constantSy
2024-09-09,253,2024,EHR-1,0.51370704102785,13.381146983991243,-0.5384709582949938,0.04,White_constantSy
2024-09-10,254,2024,EHR-1,0.5283406464908836,11.658833999465699,1.5496821628063913,0.04,White_constantSy
2024-09-11,255,2024,EHR-1,0.45144050733883034,12.130502506701646,-0.8444898232308873,0.04,White_constantSy
2024-09-12,256,2024,EHR-1,0.25598127571080737,8.10685692705735,-1.707325034287166,0.04,White_constantSy
2024-09-13,257,2024,EHR-1,0.33969827406137654,9.574296406428573,-1.0818395548941595,0.04,White_constantSy
2024-09-14,258,2024,EHR-1,0.3589850127941287,7.661932481654787,1.31269283819843,0.04,White_constantSy
2024-09-15,259,2024,EHR-1,0.49092780364959593,11.89781983418743,0.3753752570524682,0.04,White_constantSy
2024-09-16,260,2024,EHR-1,0.10076498369083567,6.269039439543491,-3.749914847272599,0.04,White_constantSy
2024-09-17,261,2024,EHR-1,0.1564691186288485,5.268971555251056,-1.357243589529844,0.04,White_constantSy
2024-09-18,262,2024,EHR-1,0.038455484935063566,1.798489150711191,-0.8371020273346019,0.04,White_constantSy
2024-09-19,263,2024,EHR-1,-0.021894998469775828,-0.5018478331031417,-0.04552712864125397,0.04,White_constantSy
2024-09-20,264,2024,EHR-1,0.1054427413126433,1.9101712034093055,0.7258973294067772,0.04,White_constantSy
2024-09-21,265,2024,EHR-1,0.2615810810936239,6.402477241746496,0.13704978559410108,0.04,White_constantSy
2024-09-22,266,2024,EHR-1,0.2358706839790088,6.533242688382757,-0.6364755889075369,0.04,White_constantSy
2024-09-23,267,2024,EHR-1,0.25450684400491497,6.363327450559453,-0.0006563504365786343,0.04,White_constantSy
2024-09-24,268,2024,EHR-1,0.30067679398135283,6.662403893776769,0.8545159557570514,0.04,White_constantSy
2024-09-25,269,2024,EHR-1,0.38272707424444974,9.84474653396532,-0.27656967785407716,0.04,White_constantSy
2024-09-26,270,2024,EHR-1,0.12368883058829994,3.751080786755878,-0.6588600220483798,0.04,White_constantSy
2024-09-27,271,2024,EHR-1,0.2809353232134697,6.796365799048942,0.2270172812878002,0.04,White_constantSy
2024-09-28,272,2024,EHR-1,0.2773158991833711,6.502182057468531,0.4307154221157461,0.04,White_constantSy
2024-09-29,273,2024,EHR-1,0.3428709099825511,9.745358513789881,-1.1735857642261038,0.04,White_constantSy
2024-09-30,274,2024,EHR-1,0.3625145757319288,10.511132378391963,-1.448267985093743,0.04,White_constantSy
2024-10-01,275,2024,EHR-1,0.38622826731047155,9.658799609201907,-0.003092926440118049,0.04,White_constantSy
2024-10-02,276,2024,EHR-1,0.3748803352961616,8.479335177245417,0.8926732051586228,0.04,White_constantSy
2024-10-03,277,2024,EHR-1,0.31779083228428817,8.168313924051773,-0.22354311694456896,0.04,White_constantSy
2024-10-04,278,2024,EHR-1,0.27855729753198233,8.429558623208422,-1.4656261849088636,0.04,White_constantSy
2024-10-05,279,2024,EHR-1,0.2277975713290772,6.813510963737457,-1.1185716805105272,0.04,White_constantSy
2024-10-06,280,2024,EHR-1,0.21096004243348432,6.231970146938437,-0.957969086101329,0.04,White_constantSy
2024-10-07,281,2024,EHR-1,0.21048940706437236,4.162265707700996,1.0999694689083128,0.04,White_constantSy
2024-10-08,282,2024,EHR-1,0.1942169797532145,4.7762741292263655,0.07915036460399705,0.04,White_constantSy
2024-10-09,283,2024,EHR-1,0.22145919133520664,6.314040986719149,-0.7775612033389834,0.04,White_constantSy
2024-10-10,284,2024,EHR-1,0.27030775658120376,6.9408666960345755,-0.18317278150448146,0.04,White_constantSy
2024-10-11,285,2024,EHR-1,0.3209678997876395,9.101561446052386,-1.0773639513613986,0.04,White_constantSy
2024-10-12,286,2024,EHR-1,0.1842628637416368,5.183947806718692,-0.5773762131777715,0.04,White_constantSy
2024-10-13,287,2024,EHR-1,0.1690762034413993,4.685217315093837,-0.4583122290588548,0.04,White_constantSy
2024-10-14,288,2024,EHR-1,0.1560252329971945,4.281709023014102,-0.38107819808423926,0.04,White_constantSy
2024-10-15,289,2024,EHR-1,0.23268058948013248,6.2305661840202475,-0.41355144701693547,0.04,White_constantSy
2024-10-16,290,2024,EHR-1,0.16054889505812014,5.896327989184869,-1.882605612731865,0.04,White_constantSy
2024-10-17,291,2024,EHR-1,-0.03915735268319935,-0.3337880728615943,-0.6451457442183894,0.04,White_constantSy
2024-10-18,292,2024,EHR-1,0.058988916585335005,4.455803635791256,-2.9810807211578805,0.04,White_constantSy
2024-10-19,293,2024,EHR-1,0.00012308684131141946,-0.323511069932934,0.3265882409657195,0.04,White_constantSy
2024-10-20,294,2024,EHR-1,0.1658860291034813,4.00481568500868,0.1423350425783525,0.04,White_constantSy
2024-10-21,295,2024,EHR-1,0.08995095766189792,1.8851086047078525,0.36366533683959545,0.04,White_constantSy
2024-10-22,296,2024,EHR-1,0.06446378649366864,2.065732837125722,-0.4541381747840063,0.04,White_constantSy
2024-10-23,297,2024,EHR-1,0.11245385462524553,3.0210302116014702,-0.20968384597033207,0.04,White_constantSy
2024-10-24,298,2024,EHR-1,0.11570973374782739,3.464883433930055,-0.5721400902343703,0.04,White_constantSy
2024-10-25,299,2024,EHR-1,-0.01025138896823023,0.7239841811518062,-0.980268905357562,0.04,White_constantSy
2024-10-26,300,2024,EHR-1,0.04405046716916445,1.2044679096884892,-0.10320623045937793,0.04,White_constantSy
2024-10-27,301,2024,EHR-1,0.0030166937251362926,-0.8553122180387618,0.9307295611671691,0.04,White_constantSy
2024-10-28,302,2024,EHR-1,-0.16725268818982073,-3.674486470162151,-0.5068307345833674,0.04,White_constantSy
2024-10-29,303,2024,EHR-1,-0.1827162295192437,-3.8120049087570607,-0.7559008292240321,0.04,White_constantSy
2024-10-30,304,2024,EHR-1,-0.04786055681077357,-0.37146544209139165,-0.8250484781779477,0.04,White_constantSy
2024-10-31,305,2024,EHR-1,-0.1711788195830124,-3.3772700848178516,-0.9022004047574583,0.04,White_constantSy
2024-11-01,306,2024,EHR-1,0.12532916485320017,2.1559501346026337,0.9772789867273701,0.04,White_constantSy
2024-11-02,307,2024,EHR-1,-0.12391928712042273,-0.25870037490456355,-2.8392818031060045,0.04,White_constantSy
2024-11-03,308,2024,EHR-1,-0.16437284077647263,-4.220354991633357,0.11103397222154143,0.04,White_constantSy
2024-11-04,309,2024,EHR-1,-0.05062408183604077,-0.25827135136253787,-1.0073306945384815,0.04,White_constantSy
2024-11-05,310,2024,EHR-1,-0.14623543276746717,-4.5252465401194115,0.8693607209327325,0.04,White_constantSy
2024-11-06,311,2024,EHR-1,0.10555224291010717,3.2901520899976333,-0.6513460172449541,0.04,White_constantSy
2024-11-07,312,2024,EHR-1,0.11990654048098122,3.547816460013877,-0.5501529479893463,0.04,White_constantSy
2024-11-08,313,2024,EHR-1,0.13677448442432222,3.4354817829420625,-0.016119672334006907,0.04,White_constantSy
2024-11-09,314,2024,EHR-1,-0.3893723742123774,0.007353001154129402,-9.741662356463564,0.04,White_constantSy
2025-05-27,147,2025,EHR-1,0.12310834359140586,2.7995721037218573,0.2781364860632891,0.04,White_constantSy
2025-05-28,148,2025,EHR-1,0.13776313169338836,2.778118169966916,0.6659601223677925,0.04,White_constantSy
2025-05-29,149,2025,EHR-1,0.232347726338773,4.777554869013656,1.0311382894556687,0.04,White_constantSy
2025-05-30,150,2025,EHR-1,0.2552263171821903,5.704412655422388,0.6762452741323699,0.04,White_constantSy
2025-05-31,151,2025,EHR-1,0.304784232684396,6.011744311466629,1.607861505643271,0.04,White_constantSy
2025-06-01,152,2025,EHR-1,0.19992345767444447,3.3758586343402897,1.6222278075208223,0.04,White_constantSy
2025-06-02,153,2025,EHR-1,0.2806734297256401,6.136156946455571,0.8806787966854301,0.04,White_constantSy
2025-06-03,154,2025,EHR-1,0.34293343606971405,7.268048143592765,1.3052877581500866,0.04,White_constantSy
2025-06-04,155,2025,EHR-1,0.2283130473250182,4.211771490592795,1.4960546925326597,0.04,White_constantSy
2025-06-05,156,2025,EHR-1,0.27091985383035705,5.983827579890644,0.7891687658682827,0.04,White_constantSy
2025-06-06,157,2025,EHR-1,0.16980988184549517,3.8190848804166677,0.4261621657207115,0.04,White_constantSy
2025-06-07,158,2025,EHR-1,0.2679051691828906,6.194605660573814,0.5030235689984508,0.04,White_constantSy
2025-06-08,159,2025,EHR-1,0.14287819814697542,4.100884724533358,-0.5289297708589729,0.04,White_constantSy
2025-06-09,160,2025,EHR-1,0.2533361091030247,4.866872589538929,1.4665301380366884,0.04,White_constantSy
2025-06-10,161,2025,EHR-1,0.29821382104586974,5.305760942894011,2.1495845832527323,0.04,White_constantSy
2025-06-11,162,2025,EHR-1,0.27005319858465554,5.218849589990171,1.5324803746262177,0.04,White_constantSy
2025-06-12,163,2025,EHR-1,0.23131151868583544,4.447786737697612,1.3350012294482738,0.04,White_constantSy
2025-06-13,164,2025,EHR-1,0.15233134486967942,1.8734414064805804,1.9348422152614049,0.04,White_constantSy
2025-06-14,165,2025,EHR-1,0.17378358906832858,4.159015975782765,0.1855737509254496,0.04,White_constantSy
2025-06-15,166,2025,EHR-1,0.2697142016177952,5.286980990611667,1.4558740498332128,0.04,White_constantSy
2025-06-16,167,2025,EHR-1,0.24398284778192192,5.418632147321745,0.6809390472263033,0.04,White_constantSy
2025-06-17,168,2025,EHR-1,0.2578563235575757,5.1520996467534275,1.2943084421859652,0.04,White_constantSy
2025-06-18,169,2025,EHR-1,0.40145570386030727,8.654782916309856,1.3816096801978262,0.04,White_constantSy
2025-06-19,170,2025,EHR-1,0.3735096900485857,6.519295743569842,2.8184465076448006,0.04,White_constantSy
2025-06-20,171,2025,EHR-1,0.2680079942220246,5.817588590001677,0.8826112655489382,0.04,White_constantSy
2025-06-21,172,2025,EHR-1,0.15985003527521968,8.610417120430114,-4.614166238549622,0.04,White_constantSy
2025-06-22,173,2025,EHR-1,0.11657592515079074,3.314499239286306,-0.4001011105165375,0.04,White_constantSy
2025-06-23,174,2025,EHR-1,0.24025149392753775,4.505266247999984,1.50102110018846,0.04,White_constantSy
2025-06-24,175,2025,EHR-1,0.3205710822042107,6.836354793561483,1.1779222615437845,0.04,White_constantSy
2025-06-25,176,2025,EHR-1,0.3394466332967241,6.306152364864204,2.1800134675538985,0.04,White_constantSy
2025-06-26,177,2025,EHR-1,0.4676401330140081,10.282410061931557,1.4085932634186449,0.04,White_constantSy
2025-06-27,178,2025,EHR-1,0.4597891881091627,10.982813801368962,0.5119159013601049,0.04,White_constantSy
2025-06-28,179,2025,EHR-1,0.3869031245098853,8.796403241846917,0.8761748709002148,0.04,White_constantSy
2025-06-29,180,2025,EHR-1,0.4879223321534951,10.42353282237869,1.7745254814586886,0.04,White_constantSy
2025-06-30,181,2025,EHR-1,0.39159029058104977,8.697851629464637,1.0919056350616074,0.04,White_constantSy
2025-07-01,182,2025,EHR-1,0.39279454679220294,9.665403584694232,0.1544600851108413,0.04,White_constantSy
2025-07-02,183,2025,EHR-1,0.3362484511792019,7.445163397301968,0.9610478821780788,0.04,White_constantSy
2025-07-03,184,2025,EHR-1,0.36766632403054417,7.645963378386256,1.5456947223773483,0.04,White_constantSy
2025-07-04,185,2025,EHR-1,0.3026686576938556,8.68446740781468,-1.1177509654682893,0.04,White_constantSy
2025-07-05,186,2025,EHR-1,0.37003368999967107,9.011394953682796,0.2394472963089811,0.04,White_constantSy
2025-07-06,187,2025,EHR-1,0.47324627277465087,10.632690276447534,1.1984665429187373,0.04,White_constantSy
2025-07-07,188,2025,EHR-1,0.5140519267028834,12.304234613676357,0.5470635538957254,0.04,White_constantSy
2025-07-08,189,2025,EHR-1,0.5323054173998031,13.242994159684287,0.064641275310791,0.04,White_constantSy
2025-07-09,190,2025,EHR-1,0.4451460053671849,11.207585314830482,-0.07893518065085914,0.04,White_constantSy
2025-07-10,191,2025,EHR-1,0.44952311462485856,10.393803603762166,0.8442742618592973,0.04,White_constantSy
2025-07-11,192,2025,EHR-1,0.4080609162016697,10.006159625346811,0.19536327969493072,0.04,White_constantSy
2025-07-12,193,2025,EHR-1,0.2945903370950447,6.493370109891572,0.8713883174845449,0.04,White_constantSy
2025-07-13,194,2025,EHR-1,0.46937837486589556,11.57351281686121,0.1609465547861788,0.04,White_constantSy
2025-07-14,195,2025,EHR-1,0.5554048139223494,13.496844631614692,0.388275716444042,0.04,White_constantSy
2025-07-15,196,2025,EHR-1,0.3905729835528433,8.597662178628696,1.1666624101923873,0.04,White_constantSy
2025-07-16,197,2025,EHR-1,0.5153202488805403,13.036268049644974,-0.1532618276314679,0.04,White_constantSy
2025-07-17,198,2025,EHR-1,0.3777433483527574,9.644176255632743,-0.20059254681380878,0.04,White_constantSy
2025-07-18,199,2025,EHR-1,0.4229724305491175,10.740657413412833,-0.16634664968489687,0.04,White_constantSy
2025-07-19,200,2025,EHR-1,0.6068024953368933,14.18112365945845,0.9889387239638836,0.04,White_constantSy
2025-07-20,201,2025,EHR-1,0.555126109827583,13.287424284224869,0.5907284614647068,0.04,White_constantSy
2025-07-21,202,2025,EHR-1,0.5008553542885039,13.770164558388132,-1.2487807011755336,0.04,White_constantSy
2025-07-22,203,2025,EHR-1,0.35768840426140286,10.052484764388936,-1.1102746578538643,0.04,White_constantSy
2025-07-23,204,2025,EHR-1,0.3975760230506893,8.453601527024546,1.4857990492426865,0.04,White_constantSy
2025-07-24,205,2025,EHR-1,0.6103775252488288,16.400808720645443,-1.1413705894247244,0.04,White_constantSy
2025-07-25,206,2025,EHR-1,0.4592456201260245,13.658136848475124,-2.176996345324511,0.04,White_constantSy
2025-07-26,207,2025,EHR-1,0.3820569828935379,12.55154979184141,-3.000125219502962,0.04,White_constantSy
2025-07-27,208,2025,EHR-1,0.40178295579053724,7.676043373164987,2.3685305215984442,0.04,White_constantSy
2025-07-28,209,2025,EHR-1,0.4669928102925826,8.917228385451324,2.757591871863241,0.04,White_constantSy
2025-07-29,210,2025,EHR-1,0.5229371797777292,11.692734141336956,1.380695353106276,0.04,White_constantSy
2025-07-30,211,2025,EHR-1,0.49790291369925116,10.811071172494422,1.6365016699868562,0.04,White_constantSy
2025-07-31,212,2025,EHR-1,0.5735163056304787,15.265129156385314,-0.9272215156233443,0.04,White_constantSy
2025-08-01,213,2025,EHR-1,0.668542227201529,17.25082555013526,-0.5372698700970346,0.04,White_constantSy
2025-08-02,214,2025,EHR-1,0.49924727791741363,11.248048981563528,1.2331329663718122,0.04,White_constantSy
2025-08-03,215,2025,EHR-1,0.7222556629914562,16.928695295615228,1.1276962791711753,0.04,White_constantSy
2025-08-04,216,2025,EHR-1,0.56775250854035,13.853742673154159,0.34007004035458976,0.04,White_constantSy
2025-08-05,217,2025,EHR-1,0.5993048686942956,16.03310273953116,-1.05048102217377,0.04,White_constantSy
2025-08-06,218,2025,EHR-1,0.5969036333423946,14.212150831162916,0.7104400023969504,0.04,White_constantSy
2025-08-07,219,2025,EHR-1,0.7296849144761592,17.491018179589446,0.7511046823145335,0.04,White_constantSy
2025-08-08,220,2025,EHR-1,0.7570197742577353,18.34695699229556,0.5785373641478202,0.04,White_constantSy
2025-08-09,221,2025,EHR-1,0.7123442813311215,17.17426106762443,0.6343459656536083,0.04,White_constantSy
2025-08-10,222,2025,EHR-1,0.6145491692689973,14.675295894550544,0.6884333371743878,0.04,White_constantSy
2025-08-11,223,2025,EHR-1,0.8158644803831675,19.550249067908567,0.8463629416706198,0.04,White_constantSy
2025-08-12,224,2025,EHR-1,0.6845107439070972,16.369720295134726,0.7430483025427037,0.04,White_constantSy
2025-08-13,225,2025,EHR-1,0.6270352099669981,16.135315603676048,-0.45943535450109607,0.04,White_constantSy
2025-08-14,226,2025,EHR-1,0.6259144567788935,14.851358271126003,0.7965031483463321,0.04,White_constantSy
2025-08-15,227,2025,EHR-1,0.697756167406672,17.639084282985664,-0.19518009781886292,0.04,White_constantSy
2025-08-16,228,2025,EHR-1,0.7736477104752453,20.16706961561283,-0.8258768537316996,0.04,White_constantSy
2025-08-17,229,2025,EHR-1,0.6403910164511205,16.002201083758337,0.0075743275196771265,0.04,White_constantSy
2025-08-18,230,2025,EHR-1,0.6591093328912211,18.25429296574339,-1.7765596434628605,0.04,White_constantSy
2025-08-19,231,2025,EHR-1,0.6263516215835966,14.97539423566434,0.6833963039255764,0.04,White_constantSy
2025-08-20,232,2025,EHR-1,0.6259600643928849,16.37217555698456,-0.7231739471624365,0.04,White_constantSy
2025-08-21,233,2025,EHR-1,0.7524800980447015,16.703159749709016,2.10884270140852,0.04,White_constantSy
2025-08-22,234,2025,EHR-1,0.7445873673507765,17.594255260810286,1.0204289229591268,0.04,White_constantSy
2025-08-23,235,2025,EHR-1,0.560669104860645,19.699661042816217,-5.682933421300092,0.04,White_constantSy
2025-08-24,236,2025,EHR-1,0.0,13.949491579257113,-9.739594846536896,0.04,White_constantSy
2025-08-25,237,2025,EHR-1,0.0,6.68273933953607,-6.929441914594214,0.04,White_constantSy
2025-08-26,238,2025,EHR-1,0.0,1.9707865276796355,-0.22945587391447475,0.04,White_constantSy
2025-08-27,239,2025,EHR-1,0.0,-2.4747483564439676,0.9111625390179512,0.04,White_constantSy
2025-08-28,240,2025,EHR-1,0.0,0.3001477989414525,1.6907529570417523,0.04,White_constantSy
2025-08-29,241,2025,EHR-1,0.15765192018420038,3.1858648650992194,0.75543313950579,0.04,White_constantSy
2025-08-30,242,2025,EHR-1,0.22850013235454725,4.508436256101334,1.2040670527623476,0.04,White_constantSy
2025-08-31,243,2025,EHR-1,0.25709793564007555,5.844597673836205,0.5828507171656838,0.04,White_constantSy
2025-09-01,244,2025,EHR-1,0.25886402893249283,5.882170461449121,0.5894302618631997,0.04,White_constantSy
2025-09-02,245,2025,EHR-1,0.0,7.399611511076287,-2.732416139730276,0.04,White_constantSy
2025-09-03,246,2025,EHR-1,0.0,4.556991083939721,0.18137741554493658,0.04,White_constantSy
2025-09-04,247,2025,EHR-1,0.0,2.2991969196858975,1.6386215717016483,0.04,White_constantSy
2025-09-05,248,2025,EHR-1,0.0,3.075156826821157,0.21996807531738938,0.04,White_constantSy
2025-09-06,249,2025,EHR-1,0.11335354244948093,3.944075625287624,-1.110237064050601,0.04,White_constantSy
2025-09-07,250,2025,EHR-1,0.11327587014246632,3.066536959066113,-0.23464020550445497,0.04,White_constantSy
2025-09-08,251,2025,EHR-1,0.19051988346350868,3.31513744844969,1.447859638138027,0.04,White_constantSy
2025-09-09,252,2025,EHR-1,0.20944278774934588,5.628714284562264,-0.3926445908286169,0.04,White_constantSy
2025-09-10,253,2025,EHR-1,0.22038785723434984,6.644630967430132,-1.1349345365713859,0.04,White_constantSy
2025-09-11,254,2025,EHR-1,0.13166123671307872,4.249482263465154,-0.9579513456381861,0.04,White_constantSy
2025-09-12,255,2025,EHR-1,0.14446373295695736,4.206633682232663,-0.5950403583087294,0.04,White_constantSy
2025-09-13,256,2025,EHR-1,0.12255121809464242,3.378006752585705,-0.31422630021964437,0.04,White_constantSy
2025-09-14,257,2025,EHR-1,0.10373504043763404,1.36736824679069,1.226007764150161,0.04,White_constantSy
2025-09-15,258,2025,EHR-1,0.2552091801062275,7.370715854664667,-0.990486352008979,0.04,White_constantSy
2025-09-16,259,2025,EHR-1,0.0822300090982111,2.7943107572539816,-0.7385605297987041,0.04,White_constantSy
2025-09-17,260,2025,EHR-1,0.1763540150681706,3.2147648968194886,1.1940854798847766,0.04,White_constantSy
2025-09-18,261,2025,EHR-1,0.21518030731462545,5.1119812245179475,0.26752645834768884,0.04,White_constantSy
2025-09-19,262,2025,EHR-1,0.0705602990097347,4.342819980657708,-2.5788125054143407,0.04,White_constantSy
2025-09-20,263,2025,EHR-1,0.12490354575842844,3.199477053823685,-0.07688840986297407,0.04,White_constantSy
2025-09-21,264,2025,EHR-1,0.06549506662066307,2.0225344669988488,-0.3851578014822721,0.04,White_constantSy
2025-09-22,265,2025,EHR-1,0.22255277450292255,4.552353697411604,1.0114656651614595,0.04,White_constantSy
2025-09-23,266,2025,EHR-1,0.3637081090155547,9.224900814018255,-0.1321980886293872,0.04,White_constantSy
2025-09-24,267,2025,EHR-1,0.30779814433907404,7.8932587369866525,-0.19830512850980142,0.04,White_constantSy
2025-09-25,268,2025,EHR-1,0.015166378799378322,0.8234152154411589,-0.4442557454567009,0.04,White_constantSy
2025-09-26,269,2025,EHR-1,0.3657362601263472,8.658189774065761,0.4852167290929188,0.04,White_constantSy
2025-09-27,270,2025,EHR-1,0.07664573452026247,1.6080088748644528,0.30813448814210886,0.04,White_constantSy
2025-09-28,271,2025,EHR-1,0.13038761186952286,3.250216771159131,0.009473525578940212,0.04,White_constantSy
2025-09-29,272,2025,EHR-1,0.11766745557632419,4.191925483254977,-1.2502390938468722,0.04,White_constantSy
2025-09-30,273,2025,EHR-1,0.07006698933906819,3.6209115075219955,-1.8692367740452909,0.04,White_constantSy
2025-10-01,274,2025,EHR-1,0.003204874629844312,2.876740194320959,-2.7966183285748514,0.04,White_constantSy
2025-10-02,275,2025,EHR-1,0.0,-0.5690627178992287,-14.059271779062499,0.04,White_constantSy
2025-10-03,276,2025,EHR-1,0.0,-8.231554554949128,5.141256875080906,0.04,White_constantSy
2025-10-04,277,2025,EHR-1,0.0,-3.2246271910732816,2.798462988504731,0.04,White_constantSy
2025-10-05,278,2025,EHR-1,0.0,1.312226869712461,0.4891608275640209,0.04,White_constantSy
2025-10-06,279,2025,EHR-1,-0.08293669705052197,-2.2854506362560016,0.21203320999295272,0.04,White_constantSy
2025-10-07,280,2025,EHR-1,0.08136494697994551,1.5242768885109115,0.509846785987726,0.04,White_constantSy
2025-10-08,281,2025,EHR-1,0.09324277608788918,0.9452138544247219,1.3858555477725076,0.04,White_constantSy
2025-10-09,282,2025,EHR-1,0.0672922759786431,0.9605738463772013,0.7217330530888759,0.04,White_constantSy
2025-10-10,283,2025,EHR-1,0.22172552503544551,5.853975891649199,-0.3108377657630612,0.04,White_constantSy
2025-10-11,284,2025,EHR-1,-0.04152487387685113,-0.2788221710516865,-0.7592996758695918,0.04,White_constantSy
2025-10-12,285,2025,EHR-1,0.2417512591676129,5.425374839682419,0.6184066395079029,0.04,White_constantSy
2025-10-13,286,2025,EHR-1,-0.12440328546550461,-2.187630121336781,-0.9224520153008342,0.04,White_constantSy
2025-10-14,287,2025,EHR-1,0.0,3.3246664643514094,-4.650535938801426,0.04,White_constantSy
2025-10-15,288,2025,EHR-1,0.0,12.522096387365522,-11.685658050835812,0.04,White_constantSy
2025-10-16,289,2025,EHR-1,0.0,-9.179105667771339,1.6211517893161371,0.04,White_constantSy
2025-10-17,290,2025,EHR-1,0.0,-5.696831544244674,4.220487054416999,0.04,White_constantSy
2025-10-18,291,2025,EHR-1,-0.02085903916264442,-2.308261811030121,1.7867858319640106,0.04,White_constantSy
2025-10-19,292,2025,EHR-1,-0.061342145344774224,-2.9906037691947773,1.4570501355754217,0.04,White_constantSy
2025-10-20,293,2025,EHR-1,0.10239883448708298,3.097478529212694,-0.5375076670356194,0.04,White_constantSy
2025-10-21,294,2025,EHR-1,-0.05113604001423653,-2.908614035249755,1.630213034893842,0.04,White_constantSy
2025-10-22,295,2025,EHR-1,0.0777487351471197,2.2719493224429215,-0.3282309437649289,0.04,White_constantSy
2025-10-23,296,2025,EHR-1,0.1305940096234309,2.9804253074296554,0.2844249331561173,0.04,White_constantSy
2025-10-24,297,2025,EHR-1,0.10721221966527679,1.4300102625827833,1.2502952290491365,0.04,White_constantSy
2025-10-25,298,2025,EHR-1,-0.0025136642918840834,2.7664905555937054,-2.8293321628908075,0.04,White_constantSy
2025-10-26,299,2025,EHR-1,-0.5338120648341375,0.9683912007837137,-14.31369282163715,0.04,White_constantSy
2025-10-27,300,2025,EHR-1,-0.047484620132424736,-6.108574427487021,4.921458924176402,0.04,White_constantSy
2025-10-28,301,2025,EHR-1,-0.06741174074703907,-3.7255117176197245,2.040218198943748,0.04,White_constantSy
2025-10-29,302,2025,EHR-1,-0.058520655273740375,-3.822917410277114,2.3599010284336046,0.04,White_constantSy
2025-10-30,303,2025,EHR-1,-0.02279566892444535,-2.9668478145833177,2.396956091472184,0.04,White_constantSy
2019-06-03,154,2019,EWF-1,-0.1303410065116624,-2.83781215354392,-0.42071300924764005,0.04,White_constantSy
2019-06-04,155,2019,EWF-1,-0.11000475349205761,-3.2976921205954204,0.54757328329398,0.04,White_constantSy
2019-06-05,156,2019,EWF-1,0.1395811789164708,0.6533506686355797,2.83617880427619,0.04,White_constantSy
2019-06-06,157,2019,EWF-1,0.09525521554367966,-1.7586829193270388,4.14006330791903,0.04,White_constantSy
2019-06-07,158,2019,EWF-1,-0.1203169680589167,-6.743900956504977,3.735976755032059,0.04,White_constantSy
2019-06-08,159,2019,EWF-1,0.018258674158525282,-2.5523826446484,3.008849498611532,0.04,White_constantSy
2019-06-09,160,2019,EWF-1,0.0367009387194566,-3.3366794679149834,4.254202935901398,0.04,White_constantSy
2019-06-10,161,2019,EWF-1,0.1260762172646898,-1.529808908949427,4.681714340566671,0.04,White_constantSy
2019-06-11,162,2019,EWF-1,0.052589001384368714,-4.943947449782392,6.25867248439161,0.04,White_constantSy
2019-06-12,163,2019,EWF-1,-0.028285084756717822,-4.13742716289498,3.4303000439770344,0.04,White_constantSy
2019-06-13,164,2019,EWF-1,-0.27291532292652365,-13.301757227058573,6.478874153895482,0.04,White_constantSy
2019-06-14,165,2019,EWF-1,0.06742148214283361,-3.027911476567269,4.713448530138109,0.04,White_constantSy
2019-06-15,166,2019,EWF-1,0.07276457921306616,-3.428645799998577,5.247760280325231,0.04,White_constantSy
2019-06-16,167,2019,EWF-1,-0.3131718381026673,-5.73443879945539,-2.094857153111292,0.04,White_constantSy
2019-06-17,168,2019,EWF-1,-0.015074268112556126,-2.1014668721388574,1.7246101693249543,0.04,White_constantSy
2019-06-18,169,2019,EWF-1,0.17606262827100666,1.4981274167816565,2.9034382899935096,0.04,White_constantSy
2019-06-19,170,2019,EWF-1,0.23562353998117658,1.2781117617365112,4.612476737792903,0.04,White_constantSy
2019-06-20,171,2019,EWF-1,-0.015481413633331442,-7.009055753889726,6.62202041305644,0.04,White_constantSy
2019-06-21,172,2019,EWF-1,-0.0074891173782205556,-3.688911509413728,3.5016835749582143,0.04,White_constantSy
2019-06-22,173,2019,EWF-1,-0.030184957924356583,-2.49270930219123,1.7380853540823153,0.04,White_constantSy
2019-06-23,174,2019,EWF-1,-0.04182187009910649,-2.8301489429573223,1.78460219047966,0.04,White_constantSy
2019-06-24,175,2019,EWF-1,-0.0408962433987125,-3.547057518066765,2.5246514330989527,0.04,White_constantSy
2019-06-25,176,2019,EWF-1,-0.0021236225689591492,-1.0135847606647985,0.9604941964408198,0.04,White_constantSy
2019-06-26,177,2019,EWF-1,-0.07275528161364549,-2.6068956889510275,0.7880136486098905,0.04,White_constantSy
2019-06-27,178,2019,EWF-1,-0.04519814401507631,-1.4255831359858178,0.29562953560891003,0.04,White_constantSy
2019-06-28,179,2019,EWF-1,-0.010199676328172131,-0.8177636065216802,0.562771698317377,0.04,White_constantSy
2019-06-29,180,2019,EWF-1,-0.029588914988053716,-0.92872337368064,0.18900049897929705,0.04,White_constantSy
2019-06-30,181,2019,EWF-1,0.04366126520628029,0.4994337136206468,0.5920979165363605,0.04,White_constantSy
2019-07-01,182,2019,EWF-1,-0.04733642651743253,-2.3478884334423356,1.1644777705065223,0.04,White_constantSy
2019-07-02,183,2019,EWF-1,-0.09094001151783175,-3.104049955267783,0.8305496673219892,0.04,White_constantSy
2019-07-03,184,2019,EWF-1,-0.037984750779360185,-1.9091056777778874,0.9594869082938828,0.04,White_constantSy
2019-07-04,185,2019,EWF-1,0.08004938319106714,1.9180653903369205,0.08316918943975793,0.04,White_constantSy
2019-07-05,186,2019,EWF-1,0.022136596814574434,0.48802804625967156,0.06538687410468924,0.04,White_constantSy
2019-07-06,187,2019,EWF-1,0.1400993261452669,2.7362225434319782,0.7662606101996943,0.04,White_constantSy
2019-07-07,188,2019,EWF-1,-0.04673170848613495,-2.55758920963558,1.3892964974822064,0.04,White_constantSy
2019-07-08,189,2019,EWF-1,0.041367444005745144,0.9779799287617834,0.05620617138184514,0.04,White_constantSy
2019-07-09,190,2019,EWF-1,-0.010418484752376571,-0.4948727487242195,0.2344106299148052,0.04,White_constantSy
2019-07-10,191,2019,EWF-1,0.025070636201577942,0.7901397050364949,-0.16337379999704638,0.04,White_constantSy
2019-07-11,192,2019,EWF-1,0.08475825238880362,0.6858263763480181,1.4331299333720722,0.04,White_constantSy
2019-07-12,193,2019,EWF-1,0.07307538459320995,1.0039815263759522,0.8229030884542965,0.04,White_constantSy
2019-07-13,194,2019,EWF-1,0.027859978213228942,0.03722830952099798,0.6592711458097256,0.04,White_constantSy
2019-07-14,195,2019,EWF-1,0.12310399454133687,2.6293690060004167,0.4482308575330052,0.04,White_constantSy
2019-07-15,196,2019,EWF-1,0.17948249595261076,3.374331857451864,1.1127305413634048,0.04,White_constantSy
2019-07-16,197,2019,EWF-1,0.06526708648492274,0.6661003498301454,0.9655768122929231,0.04,White_constantSy
2019-07-17,198,2019,EWF-1,0.19801974540843786,4.759109115416038,0.19138451979490867,0.04,White_constantSy
2019-07-18,199,2019,EWF-1,0.1957437007292185,4.090250660832282,0.8033418573981805,0.04,White_constantSy
2019-07-19,200,2019,EWF-1,0.1034069113500476,1.8888980463568146,0.6962747373943756,0.04,White_constantSy
2019-07-20,201,2019,EWF-1,0.1470319622996641,2.7957619427809277,0.8800371147106745,0.04,White_constantSy
2019-07-21,202,2019,EWF-1,0.10997696117198814,2.804297221743468,-0.05487319244376465,0.04,White_constantSy
2019-07-22,203,2019,EWF-1,0.061720667670430204,0.9786889631801614,0.5643277285805937,0.04,White_constantSy
2019-07-23,204,2019,EWF-1,0.06721040017070096,1.3515343971661764,0.32872560710134735,0.04,White_constantSy
2019-07-24,205,2019,EWF-1,-0.010175707268574,-1.51269802597551,1.25830534426116,0.04,White_constantSy
2019-07-25,206,2019,EWF-1,0.07731920083744513,0.43531458095071685,1.4976654399854112,0.04,White_constantSy
2019-07-26,207,2019,EWF-1,0.14408743680483496,3.941150332518049,-0.3389644123971749,0.04,White_constantSy
2021-06-06,157,2021,EWF-1,0.07732160653000221,0.3856541282927708,1.5473860349572846,0.04,White_constantSy
2021-06-07,158,2021,EWF-1,-0.01487375872133896,-1.9333238949429585,1.5614799269094846,0.04,White_constantSy
2021-06-08,159,2021,EWF-1,-0.04089757370137591,-2.171608718405963,1.1491693758715655,0.04,White_constantSy
2021-06-09,160,2021,EWF-1,0.0462894560627376,2.9163906413458562,-1.7591542397774163,0.04,White_constantSy
2021-06-10,161,2021,EWF-1,-0.018032084342918326,0.05925849671535843,-0.5100606052883165,0.04,White_constantSy
2021-06-11,162,2021,EWF-1,-0.055025969673999954,-1.5129862535740983,0.1373370117240995,0.04,White_constantSy
2021-06-12,163,2021,EWF-1,-0.05488374163644266,-1.7795184164636453,0.40742487555257867,0.04,White_constantSy
2021-06-13,164,2021,EWF-1,-0.07475101264381977,-2.0770663049325435,0.20829098883704944,0.04,White_constantSy
2021-06-14,165,2021,EWF-1,-0.08236592497393701,-1.4615043527517173,-0.597643771596708,0.04,White_constantSy
2021-06-15,166,2021,EWF-1,-0.06569106819660761,-0.5489517204293008,-1.0933249844858892,0.04,White_constantSy
2021-06-16,167,2021,EWF-1,-0.09767100243071183,-2.5570243499074365,0.11524928913964061,0.04,White_constantSy
2021-06-17,168,2021,EWF-1,-0.11621879339222858,-3.568801593733184,0.6633317589274697,0.04,White_constantSy
2021-06-18,169,2021,EWF-1,-0.10823373653546468,-3.0659906073181844,0.36014719393156724,0.04,White_constantSy
2021-06-19,170,2021,EWF-1,-0.09386618213662189,-2.3322414037416195,-0.014413149673927705,0.04,White_constantSy
2021-06-20,171,2021,EWF-1,-0.07264543591663994,-1.1320989109438813,-0.6840369869721172,0.04,White_constantSy
2021-06-21,172,2021,EWF-1,-0.19330159404653444,-5.124096485484216,0.2915566343208553,0.04,White_constantSy
2021-06-22,173,2021,EWF-1,-0.2114140276336883,-6.122676969095096,0.8373262782528883,0.04,White_constantSy
2021-06-23,174,2021,EWF-1,0.0727962276431822,2.1628627655854586,-0.34295707450590385,0.04,White_constantSy
2021-06-24,175,2021,EWF-1,0.04945322412440703,1.6886224545864081,-0.4522918514762324,0.04,White_constantSy
2021-06-25,176,2021,EWF-1,0.09730171747289319,2.3476073494426544,0.08493558737967533,0.04,White_constantSy
2021-06-26,177,2021,EWF-1,-0.0010511548255618664,0.28941494152707037,-0.315693812166117,0.04,White_constantSy
2021-06-27,178,2021,EWF-1,0.008273142418395878,-0.22619229725293621,0.43302085771283316,0.04,White_constantSy
2021-06-28,179,2021,EWF-1,-0.11552383159274769,-3.4237238949583286,0.5356281051396365,0.04,White_constantSy
2021-06-29,180,2021,EWF-1,-0.036170933382194334,0.16576228791933545,-1.0700356224741938,0.04,White_constantSy
2021-06-30,181,2021,EWF-1,-0.20674177824778212,-5.182734979951675,0.014190523757122264,0.04,White_constantSy
2021-07-01,182,2021,EWF-1,-0.11298484866213188,-3.2336312899115853,0.40901007335828865,0.04,White_constantSy
2021-07-02,183,2021,EWF-1,0.05851351406999356,1.357695561099348,0.10514229065049108,0.04,White_constantSy
2021-07-03,184,2021,EWF-1,-0.7769409492062681,1.6608910076876668,-21.08441473784437,0.04,White_constantSy
2024-06-03,155,2024,EWF-1,-0.21032549021159525,-6.632065668244991,1.3739284129551095,0.04,White_constantSy
2024-06-04,156,2024,EWF-1,-0.07092281475137839,-1.933057107980261,0.15998673919580142,0.04,White_constantSy
2024-06-05,157,2024,EWF-1,-0.032639968417726095,-2.475825902168083,1.6598266917249305,0.04,White_constantSy
2024-06-06,158,2024,EWF-1,-0.018641235574213513,-2.2668240532002244,1.8007931638448866,0.04,White_constantSy
2024-06-07,159,2024,EWF-1,-0.023578564585086496,-3.214686791093868,2.6252226764667057,0.04,White_constantSy
2024-06-08,160,2024,EWF-1,-0.03391581255693268,-2.760946508417163,1.9130511944938462,0.04,White_constantSy
2024-06-09,161,2024,EWF-1,-0.0345997345770445,-1.7925015645307667,0.9275082001046542,0.04,White_constantSy
2024-06-10,162,2024,EWF-1,0.0157770099715151,-0.8632068673783522,1.2576321166662296,0.04,White_constantSy
2024-06-11,163,2024,EWF-1,-0.02641150225437059,-2.1658956593189487,1.505608102959684,0.04,White_constantSy
2024-06-12,164,2024,EWF-1,0.04360989917678069,-0.8129025574180844,1.9031500368376015,0.04,White_constantSy
2024-06-13,165,2024,EWF-1,0.026431528653893113,-0.5205942831221648,1.1813824994694926,0.04,White_constantSy
2024-06-14,166,2024,EWF-1,-0.021357747037887977,-2.98699878842217,2.4530551124749707,0.04,White_constantSy
2024-06-15,167,2024,EWF-1,0.028493658263357702,-0.3483102027026064,1.060651659286549,0.04,White_constantSy
2024-06-16,168,2024,EWF-1,-0.031944577646032715,-3.314720839417703,2.516106398266885,0.04,White_constantSy
2024-06-17,169,2024,EWF-1,-0.1798265846822909,-4.459008746495073,-0.036655870562199766,0.04,White_constantSy
2024-06-18,170,2024,EWF-1,-0.08455405813805328,-2.6642414891810517,0.5503900357297198,0.04,White_constantSy
2024-06-19,171,2024,EWF-1,-0.015843464982474416,-1.0404327358294552,0.6443461112675948,0.04,White_constantSy
2024-06-20,172,2024,EWF-1,0.19617393006804607,4.390427716239657,0.5139205354614944,0.04,White_constantSy
2024-06-21,173,2024,EWF-1,0.12444926238921313,2.546461031619174,0.5647705281111541,0.04,White_constantSy
2024-06-22,174,2024,EWF-1,0.15448440669548233,3.180203095703547,0.6819070716835114,0.04,White_constantSy
2024-06-23,175,2024,EWF-1,0.027197244103829805,-1.114702394801668,1.7946334973974132,0.04,White_constantSy
2024-06-24,176,2024,EWF-1,0.06368555251815565,0.3591891475131206,1.2329496654407706,0.04,White_constantSy
2024-06-25,177,2024,EWF-1,0.019751377148865004,-0.3548248673013177,0.8486092960229428,0.04,White_constantSy
2024-06-26,178,2024,EWF-1,0.014148596007326547,-1.0399672051327116,1.3936821053158752,0.04,White_constantSy
2024-06-27,179,2024,EWF-1,0.13409065042581175,2.3055716881430044,1.0466945725022896,0.04,White_constantSy
2024-06-28,180,2024,EWF-1,0.03610372342956907,-0.7011873808941971,1.6037804666334239,0.04,White_constantSy
2024-06-29,181,2024,EWF-1,0.16985990943990545,3.752686612952118,0.4938111230455178,0.04,White_constantSy
2024-06-30,182,2024,EWF-1,0.22223464537485257,5.393902358567317,0.16196377580399712,0.04,White_constantSy
2024-07-01,183,2024,EWF-1,0.057650686219915315,-0.11309485094770366,1.5543620064455865,0.04,White_constantSy
2024-07-02,184,2024,EWF-1,0.24162733879133214,5.210609900580465,0.8300735692028383,0.04,White_constantSy
2024-07-03,185,2024,EWF-1,0.1730510687744186,3.472709488221028,0.8535672311394364,0.04,White_constantSy
2024-07-04,186,2024,EWF-1,0.23701242011316198,5.315697971373055,0.6096125314559941,0.04,White_constantSy
2024-07-05,187,2024,EWF-1,0.2864145871114744,5.387989295395499,1.7723753823913597,0.04,White_constantSy
2024-07-06,188,2024,EWF-1,0.19224075110197533,3.1383815940475586,1.6676371835018244,0.04,White_constantSy
2024-07-07,189,2024,EWF-1,0.29144073638848794,5.843618327342,1.4424000823701988,0.04,White_constantSy
2024-07-08,190,2024,EWF-1,0.3124020165531789,6.274475176766003,1.535575237063469,0.04,White_constantSy
2024-07-09,191,2024,EWF-1,0.1756184533831589,3.3180334794913335,1.0724278550876392,0.04,White_constantSy
2024-07-10,192,2024,EWF-1,0.25145966492041794,5.561424633165757,0.7250669898446915,0.04,White_constantSy
2024-07-11,193,2024,EWF-1,0.11277942246503869,2.2451347664379284,0.5743507951880389,0.04,White_constantSy
2024-07-12,194,2024,EWF-1,0.09129097758324065,2.522822699546623,-0.2405482599656068,0.04,White_constantSy
2024-07-15,197,2024,EWF-1,-0.004596683288354484,0.019564249708110992,-0.1344813319169731,0.04,White_constantSy
2024-07-16,198,2024,EWF-1,0.14453630954275754,2.9717047115811397,0.6417030269877984,0.04,White_constantSy
2024-07-17,199,2024,EWF-1,0.2997508658222449,8.36858388790165,-0.8748122423455271,0.04,White_constantSy
2024-07-18,200,2024,EWF-1,0.18505038632670506,4.107707729003977,0.5185519291636496,0.04,White_constantSy
2024-07-19,201,2024,EWF-1,0.24166072760000476,5.568122200461147,0.47339598953897166,0.04,White_constantSy
2024-07-20,202,2024,EWF-1,0.25003118251337525,5.425341706619065,0.8254378562153164,0.04,White_constantSy
2024-07-21,203,2024,EWF-1,0.2708663923601762,5.949676187924524,0.8219836210798803,0.04,White_constantSy
2024-07-22,204,2024,EWF-1,0.3633846293213651,8.458031521901034,0.6265842111330926,0.04,White_constantSy
2024-07-23,205,2024,EWF-1,0.2113848562331117,5.776482981638196,-0.4918615758104039,0.04,White_constantSy
2024-07-24,206,2024,EWF-1,0.21323607954998694,4.91701114085501,0.41389084789466324,0.04,White_constantSy
2024-07-25,207,2024,EWF-1,0.22500626268287305,4.694330288333987,0.9308262787378396,0.04,White_constantSy
2024-07-26,208,2024,EWF-1,0.2411471377172461,3.8879242590664944,2.140754183864658,0.04,White_constantSy
2024-07-27,209,2024,EWF-1,0.14822198922310123,3.599700463573498,0.1058492670040323,0.04,White_constantSy
2024-07-28,210,2024,EWF-1,0.15870371392725247,3.1171036004053576,0.850489247775954,0.04,White_constantSy
2024-07-29,211,2024,EWF-1,0.13242542707594396,3.2253437794139472,0.08529189748465171,0.04,White_constantSy
2024-07-30,212,2024,EWF-1,0.18594329014565858,3.9041235851208,0.7444586685206644,0.04,White_constantSy
2024-07-31,213,2024,EWF-1,0.32992982036897445,7.868352961195058,0.3798925480293036,0.04,White_constantSy
2024-08-01,214,2024,EWF-1,0.24841174126951443,6.331066352494474,-0.12077282075661344,0.04,White_constantSy
2024-08-02,215,2024,EWF-1,0.31871211491472595,8.037729340062015,-0.06992646719386642,0.04,White_constantSy
2024-08-03,216,2024,EWF-1,-0.05254401277065483,0.9437036073943545,-2.2573039266607253,0.04,White_constantSy
2024-08-04,217,2024,EWF-1,0.07505145678987049,1.957959835412339,-0.08167341566557695,0.04,White_constantSy
2024-08-05,218,2024,EWF-1,0.2680193789450698,7.2675275022781705,-0.5670430286514261,0.04,White_constantSy
2024-08-06,219,2024,EWF-1,0.2789483144102519,7.507617287383937,-0.5339094271276394,0.04,White_constantSy
2024-08-07,220,2024,EWF-1,0.4074170612311792,10.671310501150089,-0.48588397037060815,0.04,White_constantSy
2024-08-08,221,2024,EWF-1,0.3031490940302905,7.9651612054288705,-0.3864338546716084,0.04,White_constantSy
2024-08-09,222,2024,EWF-1,0.37231506533637176,9.465308089389652,-0.15743145598035824,0.04,White_constantSy
2024-08-10,223,2024,EWF-1,0.3532349908589197,9.061704748953531,-0.23082997748053913,0.04,White_constantSy
2024-08-11,224,2024,EWF-1,0.23590983980012767,5.497213750691145,0.40053224431204626,0.04,White_constantSy
2024-08-12,225,2024,EWF-1,0.26082469941326847,5.945023685051922,0.5755938002797905,0.04,White_constantSy
2024-08-13,226,2024,EWF-1,0.3302509877748014,8.445039382065772,-0.18876468769573762,0.04,White_constantSy
2024-08-14,227,2024,EWF-1,0.3172725461187071,8.296027211951042,-0.3642135589833657,0.04,White_constantSy
2024-08-15,228,2024,EWF-1,0.1790730008905041,4.220313211700244,0.2565118105623583,0.04,White_constantSy
2024-08-16,229,2024,EWF-1,0.16844642390869694,3.3500313190063764,0.8611292787110472,0.04,White_constantSy
2024-08-17,230,2024,EWF-1,0.2940591922035941,6.954507198829191,0.3969726062606611,0.04,White_constantSy
2024-08-18,231,2024,EWF-1,0.3230218787606378,8.472382240856518,-0.39683527184057255,0.04,White_constantSy
2024-08-19,232,2024,EWF-1,0.3216162883418548,8.420896204829148,-0.38048899628277866,0.04,White_constantSy
2024-08-20,233,2024,EWF-1,0.43940869990116654,10.720564883019051,0.264652614510112,0.04,White_constantSy
2024-08-21,234,2024,EWF-1,0.32645680540804395,8.303865001484041,-0.1424448662829434,0.04,White_constantSy
2024-08-22,235,2024,EWF-1,0.30590973030746227,6.315908250522995,1.331835007163562,0.04,White_constantSy
2024-08-23,236,2024,EWF-1,0.2779065490026477,10.151647064927346,-3.2039833398611535,0.04,White_constantSy
2024-08-24,237,2024,EWF-1,0.017014710098287082,5.648163822451835,-5.222796069994658,0.04,White_constantSy
2024-08-25,238,2024,EWF-1,-0.010918621040687526,2.024681283016605,-2.297646809033793,0.04,White_constantSy
2024-08-26,239,2024,EWF-1,0.19456900110480832,5.561085089486141,-0.6968600618659337,0.04,White_constantSy
2024-08-27,240,2024,EWF-1,0.35206688788694235,8.373419784027902,0.4282524131456569,0.04,White_constantSy
2024-08-28,241,2024,EWF-1,0.27789148104448885,6.588101653240614,0.35918537287160746,0.04,White_constantSy
2024-08-29,242,2024,EWF-1,0.36893396692193675,9.305317267044444,-0.081968093996025,0.04,White_constantSy
2024-08-30,243,2024,EWF-1,0.32987618556906284,8.611116666580187,-0.36421202735361646,0.04,White_constantSy
2024-08-31,244,2024,EWF-1,0.34694292244903807,8.75030136726025,-0.07672830603429759,0.04,White_constantSy
2024-09-01,245,2024,EWF-1,0.24805772943579826,5.9022452264354115,0.2991980094595448,0.04,White_constantSy
2024-09-02,246,2024,EWF-1,0.30160916529299303,7.988336991489177,-0.44810785916435236,0.04,White_constantSy
2024-09-03,247,2024,EWF-1,0.26978126665150626,8.09811142728023,-1.3535797609925737,0.04,White_constantSy
2024-09-04,248,2024,EWF-1,0.29004525737079406,7.72274436381619,-0.47161292954633893,0.04,White_constantSy
2024-09-05,249,2024,EWF-1,0.38616583165570945,10.08048190668731,-0.4263361152945748,0.04,White_constantSy
2024-09-06,250,2024,EWF-1,0.35598578946629406,8.17850175097621,0.7211429856811407,0.04,White_constantSy
2024-09-07,251,2024,EWF-1,0.41282843572058087,9.65999713061612,0.6607137623984016,0.04,White_constantSy
2024-09-08,252,2024,EWF-1,0.38656300713401154,10.777335230438382,-1.1132600520880942,0.04,White_constantSy
2024-09-09,253,2024,EWF-1,0.3628453655329906,9.96877617358436,-0.8976420352595937,0.04,White_constantSy
2024-09-10,254,2024,EWF-1,0.387026130644046,8.726070405043316,0.9495828610578343,0.04,White_constantSy
2024-09-11,255,2024,EWF-1,0.32888200552518354,9.607566154171337,-1.3855160160417483,0.04,White_constantSy
2024-09-12,256,2024,EWF-1,0.0799368977322314,2.2960824537783253,-0.29766001047254065,0.04,White_constantSy
2024-09-13,257,2024,EWF-1,0.22324899411404772,5.9219512566159835,-0.3407264037647906,0.04,White_constantSy
2024-09-14,258,2024,EWF-1,0.34648753080687417,8.809835297482095,-0.14764702731024215,0.04,White_constantSy
2024-09-15,259,2024,EWF-1,0.3987495975298003,10.63222721296242,-0.6634872747174114,0.04,White_constantSy
2024-09-16,260,2024,EWF-1,0.044147540556090804,2.92328958013681,-1.81960106623454,0.04,White_constantSy
2024-09-17,261,2024,EWF-1,0.08641744979376256,3.8885465748204524,-1.7281103299763885,0.04,White_constantSy
2024-09-18,262,2024,EWF-1,-0.010660774380304475,0.7913897017090221,-1.057909061216634,0.04,White_constantSy
2024-09-19,263,2024,EWF-1,-0.02222747077676388,0.5204287102793899,-1.0761154796984869,0.04,White_constantSy
2024-09-20,264,2024,EWF-1,0.017730715922103856,1.5567832971937037,-1.1135153991411073,0.04,White_constantSy
2024-09-21,265,2024,EWF-1,0.07664314618181607,2.9297433249126925,-1.013664670367291,0.04,White_constantSy
2024-09-22,266,2024,EWF-1,0.05699368202709081,3.1212367888933557,-1.6963947382160853,0.04,White_constantSy
2024-09-23,267,2024,EWF-1,0.014424794686318592,1.390898961805533,-1.0302790946475682,0.04,White_constantSy
2024-09-24,268,2024,EWF-1,0.044620690722093174,1.509937127677091,-0.39441985962476167,0.04,White_constantSy
2024-09-25,269,2024,EWF-1,0.1327273575908947,4.571915919760272,-1.2537319799879043,0.04,White_constantSy
2024-09-26,270,2024,EWF-1,-0.15363802424218534,-2.248321036971788,-1.5926295690828454,0.04,White_constantSy
2024-09-27,271,2024,EWF-1,-0.005925930958425169,0.6243947347439587,-0.7725430087045879,0.04,White_constantSy
2024-09-28,272,2024,EWF-1,-0.010353585952905746,0.2707131613618685,-0.5295528101845122,0.04,White_constantSy
2024-09-29,273,2024,EWF-1,0.0579853219935734,3.15361814046247,-1.703985090623135,0.04,White_constantSy
2024-09-30,274,2024,EWF-1,0.08959033566038442,4.218748447342563,-1.978990055832952,0.04,White_constantSy
2024-10-01,275,2024,EWF-1,0.10936396969097473,3.8461417185679636,-1.1120424762935954,0.04,White_constantSy
2024-10-02,276,2024,EWF-1,0.08355450986169899,2.0666163921085,0.022246354433974602,0.04,White_constantSy
2024-10-03,277,2024,EWF-1,0.030957499485105018,1.5760693989534502,-0.8021319118258248,0.04,White_constantSy
2024-10-04,278,2024,EWF-1,0.0287468310960719,2.135172290864773,-1.4165015134629755,0.04,White_constantSy
2024-10-05,279,2024,EWF-1,-0.025509223673401495,0.5205900083805375,-1.1583206002155748,0.04,White_constantSy
2024-10-06,280,2024,EWF-1,0.003306156719906994,0.8408727365658137,-0.7582188185681389,0.04,White_constantSy
2024-10-07,281,2024,EWF-1,-0.005746396420227029,-0.39378288774076964,0.2501229772350939,0.04,White_constantSy
2024-10-08,282,2024,EWF-1,-0.012398819417675781,-0.1981722108695294,-0.11179827457236513,0.04,White_constantSy
2024-10-09,283,2024,EWF-1,0.0026584573602423233,1.1618618529045648,-1.0954004188985067,0.04,White_constantSy
2024-10-10,284,2024,EWF-1,0.03146912488222824,1.4325649134427465,-0.6458367913870404,0.04,White_constantSy
2024-10-11,285,2024,EWF-1,0.09782011875594605,3.4090987707510862,-0.9635958018524349,0.04,White_constantSy
2024-10-12,286,2024,EWF-1,-0.02450548799390788,-0.09114909020522077,-0.5214881096424762,0.04,White_constantSy
2024-10-13,287,2024,EWF-1,-0.023395194462111135,-0.4065716004866715,-0.17830826106610687,0.04,White_constantSy
2024-10-14,288,2024,EWF-1,-0.005635878244227115,0.33014480757103115,-0.471041763676709,0.04,White_constantSy
2024-10-15,289,2024,EWF-1,0.05058692178044282,1.9783087554984036,-0.713635710987333,0.04,White_constantSy
2024-10-16,290,2024,EWF-1,0.03771123289814682,1.1553780612750586,-0.21259723882138815,0.04,White_constantSy
2024-10-17,291,2024,EWF-1,-0.05931943673610533,1.0438873724968118,-2.526873290899445,0.04,White_constantSy
2024-10-18,292,2024,EWF-1,0.03272517941554156,5.540093591819641,-4.721964106431102,0.04,White_constantSy
2024-10-19,293,2024,EWF-1,-0.0185176320959215,0.6397846651054806,-1.102725467503518,0.04,White_constantSy
2024-10-20,294,2024,EWF-1,0.12126108587921351,3.8878401960868985,-0.8563130491065607,0.04,White_constantSy
2024-10-21,295,2024,EWF-1,-0.007094763016096977,0.1991663630616074,-0.3765354384640318,0.04,White_constantSy
2024-10-22,296,2024,EWF-1,-0.03734649717461025,-0.3302969500424524,-0.6033654793228038,0.04,White_constantSy
2024-10-23,297,2024,EWF-1,0.01275662604595027,0.4496884425524854,-0.13077279140372866,0.04,White_constantSy
2024-10-24,298,2024,EWF-1,0.06273181997339179,1.7311071279304997,-0.16281162859570486,0.04,White_constantSy
2024-10-25,299,2024,EWF-1,-0.05126535070293585,-0.2315732610864245,-1.0500605064869717,0.04,White_constantSy
2024-10-26,300,2024,EWF-1,-0.02876585532322338,-0.35164237735938286,-0.36750400572120157,0.04,White_constantSy
2024-10-27,301,2024,EWF-1,-0.08185501661749583,-3.316519310871513,1.270143895434117,0.04,White_constantSy
2024-10-28,302,2024,EWF-1,-0.24069293522909732,-6.127059425244454,0.10973604451702101,0.04,White_constantSy
2024-10-29,303,2024,EWF-1,-0.19083322624619256,-3.9911009716459205,-0.7797296845088937,0.04,White_constantSy
2024-10-30,304,2024,EWF-1,-0.04706718022079144,-0.606644473282671,-0.570035032237115,0.04,White_constantSy
2024-10-31,305,2024,EWF-1,-0.16313707542002306,-3.4333651785825055,-0.6450617069180709,0.04,White_constantSy
2024-11-01,306,2024,EWF-1,0.14817698993471312,3.30456645903152,0.39985828933630785,0.04,White_constantSy
2024-11-02,307,2024,EWF-1,-0.0548340831801454,0.2203041800367771,-1.591156259540412,0.04,White_constantSy
2024-11-03,308,2024,EWF-1,-0.09136587562746172,-0.4934825037598216,-1.7906643869267214,0.04,White_constantSy
2024-11-04,309,2024,EWF-1,-0.023121555583978194,0.1675433729299698,-0.7455822625294246,0.04,White_constantSy
2024-11-05,310,2024,EWF-1,-0.15641667711915205,-4.759881597307782,0.8494646693289809,0.04,White_constantSy
2024-11-06,311,2024,EWF-1,0.08041938314443087,2.0349930120872273,-0.024508433476455593,0.04,White_constantSy
2024-11-07,312,2024,EWF-1,0.11335958488796109,2.293462379160303,0.5405272430387242,0.04,White_constantSy
2024-11-08,313,2024,EWF-1,0.11144071972329073,2.120806741361747,0.6652112517205211,0.04,White_constantSy
2024-11-09,314,2024,EWF-1,0.4000649085491426,-0.16802206054751423,10.16964477427608,0.04,White_constantSy
2025-05-27,147,2025,EWF-1,-0.04856397083261186,-2.233627471522624,1.0195282007073274,0.04,White_constantSy
2025-05-28,148,2025,EWF-1,-0.06743719546675778,-3.1510745189858653,1.465144632316921,0.04,White_constantSy
2025-05-29,149,2025,EWF-1,-0.004874804106053716,-0.8539216524038977,0.7320515497525548,0.04,White_constantSy
2025-05-30,150,2025,EWF-1,0.04875969699433824,0.07238739118733406,1.146605033671122,0.04,White_constantSy
2025-05-31,151,2025,EWF-1,0.06639846756581846,-0.39861838577053277,2.0585800749159944,0.04,White_constantSy
2025-06-01,152,2025,EWF-1,-0.065697061967727,-3.8728826953235966,2.2304561461304218,0.04,White_constantSy
2025-06-02,153,2025,EWF-1,0.028954440139335704,-0.5175376686832749,1.2413986721666674,0.04,White_constantSy
2025-06-03,154,2025,EWF-1,0.10532039680663445,1.0977340310315924,1.5352758891342688,0.04,White_constantSy
2025-06-04,155,2025,EWF-1,-0.01008297811716659,-1.7782775099458377,1.526203057016673,0.04,White_constantSy
2025-06-05,156,2025,EWF-1,0.03643977733047166,-0.008474874059061221,0.9194693073208526,0.04,White_constantSy
2025-06-06,157,2025,EWF-1,-0.0450614694292392,-1.8129116049776997,0.6863748692467198,0.04,White_constantSy
2025-06-07,158,2025,EWF-1,0.04267582104747078,0.6234514290384539,0.44344409714831556,0.04,White_constantSy
2025-06-08,159,2025,EWF-1,-0.0339810820644783,-1.2317615777277524,0.3822345261157949,0.04,White_constantSy
2025-06-09,160,2025,EWF-1,0.0033588033062341084,-1.0014970601112338,1.0854671427670866,0.04,White_constantSy
2025-06-10,161,2025,EWF-1,0.12490291143668003,1.8940570634509584,1.2285157224660423,0.04,White_constantSy
2025-06-11,162,2025,EWF-1,0.11505361659600738,1.8056875565356734,1.070652858364511,0.04,White_constantSy
2025-06-12,163,2025,EWF-1,0.05015361792093643,-0.22194703891278778,1.4757874869361984,0.04,White_constantSy
2025-06-13,164,2025,EWF-1,-0.06509115619095894,-3.2162910733454453,1.5890121685714718,0.04,White_constantSy
2025-06-14,165,2025,EWF-1,0.0036098507986395134,-0.791529169604388,0.8817754395703759,0.04,White_constantSy
2025-06-15,166,2025,EWF-1,0.0646171781273273,-0.16061307164036975,1.776042524823552,0.04,White_constantSy
2025-06-16,167,2025,EWF-1,0.018256697658780466,-0.5132153699063338,0.9696328113758454,0.04,White_constantSy
2025-06-17,168,2025,EWF-1,0.0387974232984817,-0.7160650751995661,1.6860006576616087,0.04,White_constantSy
2025-06-18,169,2025,EWF-1,0.19455798332485758,2.962039528890557,1.901910054230882,0.04,White_constantSy
2025-06-19,170,2025,EWF-1,0.18475527259799093,2.027107344208588,2.5917744707411856,0.04,White_constantSy
2025-06-20,171,2025,EWF-1,0.07711405709841017,0.9213459547692651,1.0065054726909892,0.04,White_constantSy
2025-06-21,172,2025,EWF-1,0.03374668286255769,2.128950427285588,-1.2852833557216456,0.04,White_constantSy
2025-06-22,173,2025,EWF-1,-0.0052808528717349645,1.2769567291165629,-1.408978050909937,0.04,White_constantSy
2025-06-23,174,2025,EWF-1,0.052580921548573085,1.632223114688486,-0.31770007597415884,0.04,White_constantSy
2025-06-24,175,2025,EWF-1,0.15973702912506668,4.205047371559402,-0.2116216434327356,0.04,White_constantSy
2025-06-25,176,2025,EWF-1,0.22418604539494255,4.395039160011606,1.2096119748619572,0.04,White_constantSy
2025-06-26,177,2025,EWF-1,0.3324364763302356,7.112289185166134,1.1986227230897555,0.04,White_constantSy
2025-06-27,178,2025,EWF-1,0.31097028125636317,7.2115726841508945,0.562684347258184,0.04,White_constantSy
2025-06-28,179,2025,EWF-1,0.22528174429369416,4.484971907170234,1.1470717001721198,0.04,White_constantSy
2025-06-29,180,2025,EWF-1,0.3090750135866858,5.57086644094511,2.1560088987220354,0.04,White_constantSy
2025-06-30,181,2025,EWF-1,0.21666741465568862,3.845949593434028,1.5707357729581872,0.04,White_constantSy
2025-07-01,182,2025,EWF-1,0.22067680943306017,4.752577660520217,0.7643425753062871,0.04,White_constantSy
2025-07-02,183,2025,EWF-1,0.11926720990835975,1.0308613116333447,1.950818936075649,0.04,White_constantSy
2025-07-03,184,2025,EWF-1,0.2209464430176098,4.295407312235966,1.228253763204279,0.04,White_constantSy
2025-07-04,185,2025,EWF-1,0.1019416432169544,2.531430059328386,0.01711102109547369,0.04,White_constantSy
2025-07-05,186,2025,EWF-1,0.15607142840604923,3.1409830469768565,0.7608026631743741,0.04,White_constantSy
2025-07-06,187,2025,EWF-1,0.27200617691288587,4.880117490212882,1.9200369326092641,0.04,White_constantSy
2025-07-07,188,2025,EWF-1,0.23244184347346505,5.294498131253846,0.5165479555827801,0.04,White_constantSy
2025-07-08,189,2025,EWF-1,0.35554590667987723,8.39279038491756,0.4958572820793705,0.04,White_constantSy
2025-07-09,190,2025,EWF-1,0.25386019516513725,5.877957630844179,0.46854724828425276,0.04,White_constantSy
2025-07-10,191,2025,EWF-1,0.22108446701430012,4.160577774730001,1.366533900627502,0.04,White_constantSy
2025-07-11,192,2025,EWF-1,0.23727504915127895,5.155743853227079,0.7761323755548943,0.04,White_constantSy
2025-07-12,193,2025,EWF-1,0.0853307379020481,1.1617678648732976,0.9715005826779048,0.04,White_constantSy
2025-07-13,194,2025,EWF-1,0.25645779212536185,5.700600289378116,0.71084451375593,0.04,White_constantSy
2025-07-14,195,2025,EWF-1,0.340025937679236,7.083740092954656,1.4169083490262437,0.04,White_constantSy
2025-07-15,196,2025,EWF-1,0.19891146602962068,3.6865083907494522,1.2862782599910645,0.04,White_constantSy
2025-07-16,197,2025,EWF-1,0.22051868222088047,4.705790325753242,0.80717672976877,0.04,White_constantSy
2025-07-17,198,2025,EWF-1,0.14917760132979765,3.231751620109378,0.4976884131355632,0.04,White_constantSy
2025-07-18,199,2025,EWF-1,0.13940369257103954,2.83137870127797,0.6537136129980183,0.04,White_constantSy
2025-07-19,200,2025,EWF-1,0.293101382263909,6.20800793533158,1.1195266212661465,0.04,White_constantSy
2025-07-20,201,2025,EWF-1,0.19193729103184295,3.6978171827645383,1.1006150930315357,0.04,White_constantSy
2025-07-21,202,2025,EWF-1,0.2156138733805585,4.534967562944473,0.8553792715694897,0.04,White_constantSy
2025-07-22,203,2025,EWF-1,0.10706406544010634,2.491181037004253,0.18542059899840524,0.04,White_constantSy
2025-07-23,204,2025,EWF-1,0.09201687131313634,1.9835631381756684,0.31685864465273994,0.04,White_constantSy
2025-07-24,205,2025,EWF-1,0.35706542068685393,9.50817838944937,-0.5815428722780212,0.04,White_constantSy
2025-07-25,206,2025,EWF-1,0.2529993343575904,7.122820379034067,-0.7978370200943061,0.04,White_constantSy
2025-07-26,207,2025,EWF-1,0.19782633477873673,5.835773757483537,-0.8901153880151185,0.04,White_constantSy
2025-07-27,208,2025,EWF-1,0.1869008728928361,4.743247564157514,-0.07072574183661118,0.04,White_constantSy
2025-07-28,209,2025,EWF-1,0.26579575482953827,6.1677835738247495,0.47711029691370754,0.04,White_constantSy
2025-07-29,210,2025,EWF-1,0.3102116908829055,7.683172395646579,0.07211987642605777,0.04,White_constantSy
2025-07-30,211,2025,EWF-1,0.22612375590900569,4.806921558314684,0.8461723394104581,0.04,White_constantSy
2025-07-31,212,2025,EWF-1,0.26510705269075174,6.996619141911651,-0.36894282464285766,0.04,White_constantSy
2025-08-01,213,2025,EWF-1,0.28242892347035875,6.998142734832641,0.0625803519263286,0.04,White_constantSy
2025-08-02,214,2025,EWF-1,0.2025639433884612,4.4215044736120035,0.6425941110995268,0.04,White_constantSy
2025-08-03,215,2025,EWF-1,0.40473422288094074,9.260264493225634,0.8580910787978837,0.04,White_constantSy
2025-08-04,216,2025,EWF-1,0.24408516485682413,5.582482073348899,0.5196470480717039,0.04,White_constantSy
2025-08-05,217,2025,EWF-1,0.2477296922738708,6.62292722070066,-0.4296849138538903,0.04,White_constantSy
2025-08-06,218,2025,EWF-1,0.27644959703986277,6.120689165932447,0.7905507600641215,0.04,White_constantSy
2025-08-07,219,2025,EWF-1,0.3556253748914969,7.9587524449420926,0.93188192734533,0.04,White_constantSy
2025-08-08,220,2025,EWF-1,0.4349600604662442,10.554057076323488,0.31994443533261574,0.04,White_constantSy
2025-08-09,221,2025,EWF-1,0.35587945897438544,9.022341340907758,-0.1253548665481219,0.04,White_constantSy
2025-08-10,222,2025,EWF-1,0.20374244320271032,5.145301718443648,-0.0517406383758896,0.04,White_constantSy
2025-08-11,223,2025,EWF-1,0.39221704643052135,8.938789492695548,0.8666366680674855,0.04,White_constantSy
2025-08-12,224,2025,EWF-1,0.2336233004857411,5.217957412790895,0.6226250993526321,0.04,White_constantSy
2025-08-13,225,2025,EWF-1,0.1417492030405606,2.8253101640373757,0.718419911976639,0.04,White_constantSy
2025-08-14,226,2025,EWF-1,0.14713229983849488,2.2014618773833945,1.4768456185789773,0.04,White_constantSy
2025-08-15,227,2025,EWF-1,0.19926452629862298,4.145814919254406,0.8357982382111686,0.04,White_constantSy
2025-08-16,228,2025,EWF-1,0.3399592805877944,8.2347495208611,0.26423249383375946,0.04,White_constantSy
2025-08-17,229,2025,EWF-1,0.19006814488295845,3.831292785742278,0.9204108363316834,0.04,White_constantSy
2025-08-18,230,2025,EWF-1,0.19365501834623047,5.61197205650825,-0.7705965978524887,0.04,White_constantSy
2025-08-19,231,2025,EWF-1,0.1483015665068865,4.305164778067763,-0.5976256153956001,0.04,White_constantSy
2025-08-20,232,2025,EWF-1,0.22356897455591365,5.880797376370651,-0.29157301247281,0.04,White_constantSy
2025-08-21,233,2025,EWF-1,0.2532899914577854,5.972240107394498,0.3600096790501368,0.04,White_constantSy
2025-08-22,234,2025,EWF-1,0.3273174037576166,7.761160936561453,0.4217741573789624,0.04,White_constantSy
2025-08-23,235,2025,EWF-1,0.2534123073009494,8.00830875655123,-1.6730010740274963,0.04,White_constantSy
2025-08-24,236,2025,EWF-1,0.0,2.43261984775404,-2.1712570673093694,0.04,White_constantSy
2025-08-25,237,2025,EWF-1,0.0,4.407029257828697,-4.369919328806333,0.04,White_constantSy
2025-08-26,238,2025,EWF-1,0.0,7.612201631381765,-5.55821546923346,0.04,White_constantSy
2025-08-27,239,2025,EWF-1,0.0,4.247063863734013,-4.150830929636314,0.04,White_constantSy
2025-08-28,240,2025,EWF-1,0.0,3.667363769157106,-1.6129661258382555,0.04,White_constantSy
2025-08-29,241,2025,EWF-1,0.20079307494546242,7.020964318142916,-2.0011374445063552,0.04,White_constantSy
2025-08-30,242,2025,EWF-1,0.23198507376962824,6.674700704855496,-0.8750738606147905,0.04,White_constantSy
2025-08-31,243,2025,EWF-1,0.2729914847461061,8.13166807789787,-1.3068809592452197,0.04,White_constantSy
2025-09-01,244,2025,EWF-1,0.22434890236458388,6.789282429012161,-1.1805598698975643,0.04,White_constantSy
2025-09-02,245,2025,EWF-1,0.0,7.465854454192339,-2.302201304204843,0.04,White_constantSy
2025-09-03,246,2025,EWF-1,0.0,5.341184741962479,-1.7284316819203838,0.04,White_constantSy
2025-09-04,247,2025,EWF-1,0.0,3.6234364189347446,-0.63152684409431,0.04,White_constantSy
2025-09-05,248,2025,EWF-1,0.0,3.6201093451045665,-1.8998813701715562,0.04,White_constantSy
2025-09-06,249,2025,EWF-1,0.05044456374860033,3.8918367805987657,-2.6307226868837574,0.04,White_constantSy
2025-09-07,250,2025,EWF-1,-0.005778100698855156,2.2377441975322654,-2.3821967150036443,0.04,White_constantSy
2025-09-08,251,2025,EWF-1,0.0108775305474893,1.2243435336372954,-0.9524052699500629,0.04,White_constantSy
2025-09-09,252,2025,EWF-1,0.11541630647538739,3.709604136317381,-0.8241964744326964,0.04,White_constantSy
2025-09-10,253,2025,EWF-1,0.14478272778944756,5.877060791457467,-2.2574925967212778,0.04,White_constantSy
2025-09-11,254,2025,EWF-1,0.011429889803936248,3.2925874531525494,-3.006840208054143,0.04,White_constantSy
2025-09-12,255,2025,EWF-1,0.020563215484170883,3.189102490772825,-2.675022103668553,0.04,White_constantSy
2025-09-13,256,2025,EWF-1,0.033222690657042905,4.2850364875516505,-3.454469221125578,0.04,White_constantSy
2025-09-14,257,2025,EWF-1,-0.004845665339537959,3.71409600934669,-3.835237642835139,0.04,White_constantSy
2025-09-15,258,2025,EWF-1,0.09631778968102367,6.776891435446686,-4.368946693421094,0.04,White_constantSy
2025-09-16,259,2025,EWF-1,-0.039448372265084686,2.0223336260507097,-3.008542932677827,0.04,White_constantSy
2025-09-17,260,2025,EWF-1,-0.04652605518911173,-0.01840868466729262,-1.1447426950605006,0.04,White_constantSy
2025-09-18,261,2025,EWF-1,-0.0036345192895055334,0.01812772856197853,-0.10899071079961686,0.04,White_constantSy
2025-09-19,262,2025,EWF-1,-0.055877975291451776,0.034395573964474124,-1.4313449562507685,0.04,White_constantSy
2025-09-20,263,2025,EWF-1,0.007930830945774119,2.0671914219647647,-1.8689206483204117,0.04,White_constantSy
2025-09-21,264,2025,EWF-1,-0.07779474992995859,-1.2092875810939745,-0.7355811671549901,0.04,White_constantSy
2025-09-22,265,2025,EWF-1,0.0335646653936567,1.4981976102529586,-0.6590809754115412,0.04,White_constantSy
2025-09-23,266,2025,EWF-1,0.1675776844913429,5.211894348035571,-1.0224522357519987,0.04,White_constantSy
2025-09-24,267,2025,EWF-1,0.09447546906724824,3.0988607334677454,-0.7369740067865393,0.04,White_constantSy
2025-09-25,268,2025,EWF-1,-0.15159074243907583,-4.935172117509268,1.1454035565323721,0.04,White_constantSy
2025-09-26,269,2025,EWF-1,0.16072964751944027,4.76330126224309,-0.7450600742570828,0.04,White_constantSy
2025-09-27,270,2025,EWF-1,-0.0941977351001043,-2.7061210769521153,0.35117769944950794,0.04,White_constantSy
2025-09-28,271,2025,EWF-1,-0.097472430720984,-1.9574302373818853,-0.4793805306427146,0.04,White_constantSy
2025-09-29,272,2025,EWF-1,0.007966760314973271,-0.24877087391561759,0.44793988178994937,0.04,White_constantSy
2025-09-30,273,2025,EWF-1,0.024834927277575504,1.820245186654688,-1.1993720047153005,0.04,White_constantSy
2025-10-01,274,2025,EWF-1,-0.013864825583645483,1.5594803380572841,-1.9061009776484212,0.04,White_constantSy
2025-10-02,275,2025,EWF-1,0.0,1.4085327985078777,-7.953281802328327,0.04,White_constantSy
2025-10-03,276,2025,EWF-1,0.0,4.011589064413812,-0.7483542127188159,0.04,White_constantSy
2025-10-04,277,2025,EWF-1,0.0,-1.8447977841468344,1.86714337118552,0.04,White_constantSy
2025-10-05,278,2025,EWF-1,0.0,-0.2464437824436061,1.4591232830793928,0.04,White_constantSy
2025-10-06,279,2025,EWF-1,-0.10763634550786493,-3.4826407430113875,0.7917321053147646,0.04,White_constantSy
2025-10-07,280,2025,EWF-1,0.030287838393767856,-0.03427950885708242,0.7914754687012788,0.04,White_constantSy
2025-10-08,281,2025,EWF-1,0.010106045898792786,-1.747440211535121,2.0000913590049407,0.04,White_constantSy
2025-10-09,282,2025,EWF-1,-0.009042617751719035,-1.0767448636397319,0.850679419846756,0.04,White_constantSy
2025-10-10,283,2025,EWF-1,0.1489014267841003,3.6941464948689884,0.028389174733518985,0.04,White_constantSy
2025-10-11,284,2025,EWF-1,-0.13429926501433273,-3.453320896507563,0.09583927114924506,0.04,White_constantSy
2025-10-12,285,2025,EWF-1,0.14727505854457945,3.5105651926535586,0.1713112709609277,0.04,White_constantSy
2025-10-13,286,2025,EWF-1,-0.14270416624658652,-3.0958836604145574,-0.47172049575010533,0.04,White_constantSy
2025-10-14,287,2025,EWF-1,0.0,4.349335222748607,-3.3314730909555834,0.04,White_constantSy
2025-10-15,288,2025,EWF-1,0.0,3.7034002385240683,-7.70761936340616,0.04,White_constantSy
2025-10-16,289,2025,EWF-1,0.0,2.9993095981357243,-1.9893633068928551,0.04,White_constantSy
2025-10-17,290,2025,EWF-1,0.0,-1.732302345571668,0.9809783733262023,0.04,White_constantSy
2025-10-18,291,2025,EWF-1,-0.012326556226909702,-1.2864999740990868,0.9783360684263442,0.04,White_constantSy
2025-10-19,292,2025,EWF-1,-0.06079642496334969,-3.525030009024377,2.0051193849406346,0.04,White_constantSy
2025-10-20,293,2025,EWF-1,0.05246702636296163,0.9993961606419077,0.3122794984321331,0.04,White_constantSy
2025-10-21,294,2025,EWF-1,-0.10460721463643097,-4.526622909855504,1.9114425439447302,0.04,White_constantSy
2025-10-22,295,2025,EWF-1,0.05637111398042549,1.0073611902548407,0.40191665925579656,0.04,White_constantSy
2025-10-23,296,2025,EWF-1,0.08918345388226356,1.9663354517312825,0.26325089532530654,0.04,White_constantSy
2025-10-24,297,2025,EWF-1,0.05145677046643726,0.4108301284766469,0.8755891331842847,0.04,White_constantSy
2025-10-25,298,2025,EWF-1,-0.06838182073607157,1.5709569632679887,-3.280502481669778,0.04,White_constantSy
2025-10-26,299,2025,EWF-1,-0.58565198961184,3.135203699205391,-17.77650343950139,0.04,White_constantSy
2025-10-27,300,2025,EWF-1,0.11909297828354654,-1.3024669143511858,4.279791371439849,0.04,White_constantSy
2025-10-28,301,2025,EWF-1,-0.14409776936609972,-6.783133918804694,3.180689684652201,0.04,White_constantSy
2025-10-29,302,2025,EWF-1,-0.10680147468755052,-5.979938828165743,3.3099019609769798,0.04,White_constantSy
2025-10-30,303,2025,EWF-1,-0.07470427015293524,-4.944825448396983,3.0772186945736024,0.04,White_constantSy
2018-07-18,199,2018,EWR-1,0.29901871137478025,7.269678379042396,0.20578940532710988,0.04,White_constantSy
2018-07-19,200,2018,EWR-1,0.32420958814355855,7.438475487368336,0.6667642162206278,0.04,White_constantSy
2018-07-20,201,2018,EWR-1,0.20610441369698337,5.146449799898512,0.006160542526071566,0.04,White_constantSy
2018-07-21,202,2018,EWR-1,0.24992830301021657,6.476136845599754,-0.2279292703443403,0.04,White_constantSy
2018-07-22,203,2018,EWR-1,0.2114298194558603,6.267441172103048,-0.9816956857065406,0.04,White_constantSy
2018-07-23,204,2018,EWR-1,0.2508130999136077,7.431700272499263,-1.1613727746590712,0.04,White_constantSy
2018-07-24,205,2018,EWR-1,0.16121047973196098,3.0204407979187025,1.0098211953803222,0.04,White_constantSy
2018-07-25,206,2018,EWR-1,0.27921298258207516,4.6904529374796695,2.289871627072209,0.04,White_constantSy
2018-07-28,209,2018,EWR-1,0.31559960367831663,8.193434309587786,-0.3034442176298704,0.04,White_constantSy
2018-07-29,210,2018,EWR-1,0.17225245603799622,5.197298324482013,-0.8909869235321075,0.04,White_constantSy
2018-07-30,211,2018,EWR-1,0.14831230120610486,2.655270857640012,1.052536672512609,0.04,White_constantSy
2018-07-31,212,2018,EWR-1,0.23242844416546235,6.081809246479921,-0.27109814234336227,0.04,White_constantSy
2018-08-01,213,2018,EWR-1,0.19020346331513424,3.907661424747346,0.8474251581310099,0.04,White_constantSy
2018-08-02,214,2018,EWR-1,0.23880050006726364,5.692938507419498,0.2770739942620928,0.04,White_constantSy
2018-08-03,215,2018,EWR-1,0.20077543260978886,5.477566638127151,-0.45818082288242934,0.04,White_constantSy
2018-08-04,216,2018,EWR-1,0.1694850683802467,3.6614576708256195,0.5756690386805481,0.04,White_constantSy
2018-08-05,217,2018,EWR-1,0.3020640971755249,8.546363423933933,-0.9947609945458105,0.04,White_constantSy
2018-08-06,218,2018,EWR-1,0.227782075594925,5.771048797187504,-0.07649690731437886,0.04,White_constantSy
2018-08-07,219,2018,EWR-1,0.0981223294144722,1.6483354292215822,0.804722806140223,0.04,White_constantSy
2018-08-08,220,2018,EWR-1,0.21924567975447973,6.008445438365605,-0.5273034445036124,0.04,White_constantSy
2018-08-09,221,2018,EWR-1,0.14849839434326315,3.53654135112469,0.1759185074568883,0.04,White_constantSy
2018-08-10,222,2018,EWR-1,0.3144524084895794,7.984776714259922,-0.12346650202043818,0.04,White_constantSy
2018-08-11,223,2018,EWR-1,0.20427915742250463,4.695561364767187,0.41141757079542884,0.04,White_constantSy
2018-08-12,224,2018,EWR-1,0.16413959258386512,4.277613981491157,-0.17412416689452925,0.04,White_constantSy
2018-08-13,225,2018,EWR-1,0.1092266068630805,1.8945772850574656,0.8360878865195467,0.04,White_constantSy
2018-08-14,226,2018,EWR-1,0.23868752442051233,6.163915243526553,-0.196727133013745,0.04,White_constantSy
2018-08-15,227,2018,EWR-1,0.1415762353099072,3.568154336758809,-0.028748454011129354,0.04,White_constantSy
2018-08-16,228,2018,EWR-1,0.14510615498032095,5.154629647377426,-1.5269757728694024,0.04,White_constantSy
2018-08-17,229,2018,EWR-1,0.03494468875518351,0.6958853667875502,0.17773185209203746,0.04,White_constantSy
2018-08-18,230,2018,EWR-1,0.17456526354764804,4.057064357165508,0.3070672315256928,0.04,White_constantSy
2018-08-19,231,2018,EWR-1,0.2093649855880382,4.299793250020635,0.9343313896803203,0.04,White_constantSy
2018-08-20,232,2018,EWR-1,0.0917414134131468,2.1397470624823214,0.15378827284634866,0.04,White_constantSy
2018-08-21,233,2018,EWR-1,0.12574522564195761,3.759833362024189,-0.6162027209752488,0.04,White_constantSy
2018-08-22,234,2018,EWR-1,0.11409176553183756,2.904142757679608,-0.05184861938366936,0.04,White_constantSy
2018-08-23,235,2018,EWR-1,0.1502369856511423,3.1434164857544005,0.6125081555241572,0.04,White_constantSy
2018-08-24,236,2018,EWR-1,0.009507881486761675,3.0018462526136815,-2.7641492154446397,0.04,White_constantSy
2018-08-27,239,2018,EWR-1,0.1720246690142922,4.669045516845593,-0.368428791488288,0.04,White_constantSy
2018-08-28,240,2018,EWR-1,0.10075130935041386,2.9599454140153867,-0.44116268025504013,0.04,White_constantSy
2018-08-29,241,2018,EWR-1,0.09643951357144757,1.3154519051234317,1.0955359341627577,0.04,White_constantSy
2018-08-30,242,2018,EWR-1,0.23126241849553253,6.8382091742584805,-1.0566487118701673,0.04,White_constantSy
2018-08-31,243,2018,EWR-1,0.11269011268204579,2.3299162412651953,0.4873365757859496,0.04,White_constantSy
2018-09-01,244,2018,EWR-1,0.16627703559504398,3.8398812571056595,0.3170446327704397,0.04,White_constantSy
2018-09-02,245,2018,EWR-1,0.15158467415588392,4.334222599959126,-0.5446057460620288,0.04,White_constantSy
2018-09-03,246,2018,EWR-1,0.02376505941572944,0.5790377282337786,0.015088757159457344,0.04,White_constantSy
2018-09-04,247,2018,EWR-1,0.13773897898640527,3.903212750335072,-0.4597382756749404,0.04,White_constantSy
2018-09-05,248,2018,EWR-1,-0.012646627640350516,0.41905181559549476,-0.7352175066042577,0.04,White_constantSy
2018-09-06,249,2018,EWR-1,0.09893851158373139,2.2878276124185035,0.18563517717478106,0.04,White_constantSy
2018-09-07,250,2018,EWR-1,0.11406980047701083,2.780017645675393,0.07172736624987763,0.04,White_constantSy
2018-09-08,251,2018,EWR-1,0.01129281085520958,-0.13883985416285327,0.4211601255430928,0.04,White_constantSy
2018-09-09,252,2018,EWR-1,0.07409570938649694,1.3568382570102742,0.4955544776521492,0.04,White_constantSy
2018-09-10,253,2018,EWR-1,0.20148816376781212,5.270843839249274,-0.23363974505397067,0.04,White_constantSy
2018-09-11,254,2018,EWR-1,0.10996021654521215,2.2233790047615045,0.5256264088687992,0.04,White_constantSy
2018-09-12,255,2018,EWR-1,0.011326116872319006,-0.40757335310670584,0.690726274914681,0.04,White_constantSy
2018-09-13,256,2018,EWR-1,0.14514469245816672,4.538458346102537,-0.9098410346483696,0.04,White_constantSy
2018-09-14,257,2018,EWR-1,0.08030399963965251,1.8663625766649048,0.14123741432640813,0.04,White_constantSy
2018-09-15,258,2018,EWR-1,-0.05734532469851757,-1.2311835950932206,-0.2024495223697187,0.04,White_constantSy
2018-09-16,259,2018,EWR-1,0.03343251610624435,1.7359981792757893,-0.9001852766196805,0.04,White_constantSy
2018-09-17,260,2018,EWR-1,0.09051161881459535,1.9225133234307634,0.34027714693412037,0.04,White_constantSy
2018-09-18,261,2018,EWR-1,0.07850255263038904,1.5051971834949782,0.4573666322647476,0.04,White_constantSy
2018-09-19,262,2018,EWR-1,0.14375665506094037,4.571965294013225,-0.9780489174897156,0.04,White_constantSy
2018-09-20,263,2018,EWR-1,0.1162239551082466,3.534917333514187,-0.629318455808022,0.04,White_constantSy
2018-09-21,264,2018,EWR-1,0.014554834104523452,0.9518390565237169,-0.5879682039106306,0.04,White_constantSy
2018-09-22,265,2018,EWR-1,0.05421576984178259,0.7567463593989743,0.5986478866455904,0.04,White_constantSy
2018-09-23,266,2018,EWR-1,-0.05023729080396947,-1.9855784310234057,0.7296461609241689,0.04,White_constantSy
2018-09-24,267,2018,EWR-1,0.08090970289175985,3.529093104461033,-1.506350532167037,0.04,White_constantSy
2018-09-25,268,2018,EWR-1,-0.01132810604848885,0.05029004750551991,-0.3334926987177411,0.04,White_constantSy
2018-09-26,269,2018,EWR-1,0.04647530690091543,1.5355259727584567,-0.373643300235571,0.04,White_constantSy
2018-09-27,270,2018,EWR-1,0.03757567163066355,0.16035416403143898,0.7790376267351498,0.04,White_constantSy
2018-09-28,271,2018,EWR-1,-0.0036661871177435046,-1.3260715606186366,1.234416882675049,0.04,White_constantSy
2018-09-29,272,2018,EWR-1,0.10898185384431158,-0.8429892842571007,3.5675356303648904,0.04,White_constantSy
2018-10-02,275,2018,EWR-1,-0.1593592147934487,-3.5620617663937963,-0.42191860344242116,0.04,White_constantSy
2018-10-03,276,2018,EWR-1,-0.133819593718938,2.2237818146909376,-5.5692716576643875,0.04,White_constantSy
2018-10-04,277,2018,EWR-1,-0.31078949283229834,-9.2054943847536,1.4357570639461414,0.04,White_constantSy
2018-10-05,278,2018,EWR-1,-0.1213100567790164,-3.8825137067689752,0.8497622872935651,0.04,White_constantSy
2018-10-06,279,2018,EWR-1,0.4258094071722097,10.73072597269018,-0.08549079338493826,0.04,White_constantSy
2018-10-07,280,2018,EWR-1,-0.14181999104884113,-3.27799851895314,-0.2675012572678881,0.04,White_constantSy
2018-10-08,281,2018,EWR-1,-0.09114020847207727,-3.43776576790804,1.1592605561061085,0.04,White_constantSy
2018-10-09,282,2018,EWR-1,0.08688310644082294,2.0470921239979845,0.12498553702258874,0.04,White_constantSy
2018-10-10,283,2018,EWR-1,-0.027697560414636512,-0.5344978820811761,-0.15794112828473672,0.04,White_constantSy
2018-10-11,284,2018,EWR-1,-5.6260085145964925e-05,1.1326736129568147,-1.1340801150854638,0.04,White_constantSy
2018-10-12,285,2018,EWR-1,0.040871812490102716,1.5954012810475149,-0.5736059687949471,0.04,White_constantSy
2018-10-13,286,2018,EWR-1,-0.06540483893828408,-2.0735077391353727,0.4383867656782705,0.04,White_constantSy
2018-10-14,287,2018,EWR-1,-0.09001860581032077,-0.6652613400436778,-1.5852038052143413,0.04,White_constantSy
2018-10-15,288,2018,EWR-1,-0.1927301452437993,-3.9165572891199716,-0.9016963419750113,0.04,White_constantSy
2018-10-16,289,2018,EWR-1,-0.11786585261496754,-3.3031307592270593,0.3564844438528709,0.04,White_constantSy
2018-10-17,290,2018,EWR-1,-0.18180066893317787,-4.036170016314955,-0.5088467070144915,0.04,White_constantSy
2018-10-18,291,2018,EWR-1,-0.07717211760261421,-2.1789841607876568,0.2496812207223016,0.04,White_constantSy
2018-10-19,292,2018,EWR-1,0.006547645212655482,0.9378699365871555,-0.7741788062707684,0.04,White_constantSy
2018-10-20,293,2018,EWR-1,-0.012543728379959873,-0.9405910445309473,0.6269978350319505,0.04,White_constantSy
2018-10-21,294,2018,EWR-1,-0.12299796020457876,-3.875699468714089,0.8007504635996199,0.04,White_constantSy
2018-10-22,295,2018,EWR-1,0.057150228802427705,1.5068911974928767,-0.07813547743218408,0.04,White_constantSy
2018-10-23,296,2018,EWR-1,-0.05309225522147898,-1.2128345591726486,-0.11447182136432588,0.04,White_constantSy
2018-10-24,297,2018,EWR-1,-0.022558729900346464,1.0460212479198816,-1.6099894954285432,0.04,White_constantSy
2018-10-25,298,2018,EWR-1,-0.12861045510415892,-3.106137942168985,-0.10912343543498793,0.04,White_constantSy
2018-10-26,299,2018,EWR-1,-0.027225815228391213,-0.8906690296942799,0.21002364898449954,0.04,White_constantSy
2018-10-27,300,2018,EWR-1,-0.07536901192940974,-2.2180448922209948,0.33381959398575134,0.04,White_constantSy
2018-10-28,301,2018,EWR-1,0.06491710811499118,2.202046533662049,-0.5791188307872694,0.04,White_constantSy
2018-10-29,302,2018,EWR-1,-0.17514137945577887,-4.868809873230219,0.4902753868357479,0.04,White_constantSy
2018-10-30,303,2018,EWR-1,-0.005483556109716403,0.4016883949560679,-0.538777297698978,0.04,White_constantSy
2018-10-31,304,2018,EWR-1,-0.14219524538569325,-2.579090016185148,-0.9757911184571828,0.04,White_constantSy
2018-11-01,305,2018,EWR-1,-0.0985214602727283,-1.5127539069862195,-0.9502825998319882,0.04,White_constantSy
2018-11-02,306,2018,EWR-1,-0.0685762298587838,-2.2849373349483457,0.570531588478751,0.04,White_constantSy
2018-11-03,307,2018,EWR-1,-0.07398343436704508,-1.5120631001302662,-0.3375227590458607,0.04,White_constantSy
2018-11-04,308,2018,EWR-1,-0.10055072552628971,-4.108641472678443,1.5948733345211998,0.04,White_constantSy
2018-11-05,309,2018,EWR-1,0.08143416149130986,1.7988948887303948,0.23695914855235145,0.04,White_constantSy
2018-11-06,310,2018,EWR-1,-0.060435663202937064,-1.3564084048564027,-0.15448317521702393,0.04,White_constantSy
2018-11-07,311,2018,EWR-1,-0.07201994983697801,-1.3014261534401328,-0.49907259248431757,0.04,White_constantSy
2018-11-08,312,2018,EWR-1,-0.15645135333526314,-3.299424795809337,-0.6118590375722412,0.04,White_constantSy
2018-11-09,313,2018,EWR-1,-0.003918490715954022,-0.765880218680703,0.6679179507818525,0.04,White_constantSy
2018-11-10,314,2018,EWR-1,-0.1639614304142959,-3.917298307867135,-0.18173745249026219,0.04,White_constantSy
2018-11-11,315,2018,EWR-1,-0.08695265596986658,-1.317342543657663,-0.8564738555890017,0.04,White_constantSy
2018-11-12,316,2018,EWR-1,-0.06370179519003415,-0.5705505443234564,-1.0219943354273973,0.04,White_constantSy
2018-11-13,317,2018,EWR-1,-0.1334171478738842,-2.698788926018704,-0.6366397708284008,0.04,White_constantSy
2018-11-14,318,2018,EWR-1,0.051477531266735,0.8895684124830652,0.3973698691853098,0.04,White_constantSy
2018-11-15,319,2018,EWR-1,-0.00048769224907978525,-0.4348999910735465,0.42270768484655186,0.04,White_constantSy
2018-11-16,320,2018,EWR-1,-0.10763530664919309,-3.653195674986165,0.9623130087563379,0.04,White_constantSy
2018-11-17,321,2018,EWR-1,-0.050587861814640006,-0.5032357792216793,-0.7614607661443209,0.04,White_constantSy
2018-11-18,322,2018,EWR-1,-0.5462694283863392,0.24315449633824926,-13.899890205996728,0.04,White_constantSy
2025-05-27,147,2025,EWR-1,-0.005256022671771217,-0.0879895637321404,-0.04341100306214002,0.04,White_constantSy
2025-05-28,148,2025,EWR-1,-0.00788127945958281,-0.5938988675577602,0.39686688106818996,0.04,White_constantSy
2025-05-29,149,2025,EWR-1,0.054328001721066776,1.5280772904688193,-0.16987724744214994,0.04,White_constantSy
2025-05-30,150,2025,EWR-1,0.085655623893536,2.27554535522214,-0.13415475788373998,0.04,White_constantSy
2025-05-31,151,2025,EWR-1,0.113923631581784,1.8610282069296598,0.9870625826149401,0.04,White_constantSy
2025-06-01,152,2025,EWR-1,-9.85012048599554e-05,-1.496660325661019,1.49419779553952,0.04,White_constantSy
2025-06-02,153,2025,EWR-1,0.08076096502488518,1.5691458157373397,0.44987830988478983,0.04,White_constantSy
2025-06-03,154,2025,EWR-1,0.17730315916993,3.71727799865658,0.7153009805916701,0.04,White_constantSy
2025-06-04,155,2025,EWR-1,0.08226385462744844,0.9607066111438805,1.0958897545423305,0.04,White_constantSy
2025-06-05,156,2025,EWR-1,0.12496411514793959,2.8552683191385597,0.26883455955992996,0.04,White_constantSy
2025-06-06,157,2025,EWR-1,0.03704444439956205,0.9901855084063218,-0.06407439841727047,0.04,White_constantSy
2025-06-07,158,2025,EWR-1,0.14189302641192153,3.4247697026803188,0.12255595761771954,0.04,White_constantSy
2025-06-08,159,2025,EWR-1,0.05009933961652948,2.352707879672156,-1.1002243892589192,0.04,White_constantSy
2025-06-09,160,2025,EWR-1,0.04526609702658416,-0.426059688924596,1.5577121145892,0.04,White_constantSy
2025-06-10,161,2025,EWR-1,0.18429236973094731,2.776536129472623,1.83077311380106,0.04,White_constantSy
2025-06-11,162,2025,EWR-1,0.20023034352622113,3.9512461076138994,1.0545124805416286,0.04,White_constantSy
2025-06-12,163,2025,EWR-1,0.15841992953097872,3.116371254999706,0.8441269832747622,0.04,White_constantSy
2025-06-13,164,2025,EWR-1,0.06808920220442709,0.7820245454990484,0.9202055096116286,0.04,White_constantSy
2025-06-14,165,2025,EWR-1,0.11784245348811019,3.166264161752995,-0.2202028245502401,0.04,White_constantSy
2025-06-15,166,2025,EWR-1,0.2031549228883398,4.253186376744775,0.8256866954637196,0.04,White_constantSy
2025-06-16,167,2025,EWR-1,0.1436783426418711,3.4895670650094566,0.10239150103732086,0.04,White_constantSy
2025-06-17,168,2025,EWR-1,0.14525465632964704,3.0989395962911956,0.5324268119499802,0.04,White_constantSy
2025-06-18,169,2025,EWR-1,0.27271958867285506,5.886713994340866,0.9312757224805104,0.04,White_constantSy
2025-06-19,170,2025,EWR-1,0.25621422894881946,4.590609605344266,1.8147461183762204,0.04,White_constantSy
2025-06-20,171,2025,EWR-1,0.10002289778382334,2.4311719378147245,0.06940050678085896,0.04,White_constantSy
2025-06-21,172,2025,EWR-1,0.07836495050989249,4.172047902265742,-2.21292413951843,0.04,White_constantSy
2025-06-22,173,2025,EWR-1,0.016416666178957016,0.9717665664891051,-0.5613499120151797,0.04,White_constantSy
2025-06-23,174,2025,EWR-1,0.06108519014363004,0.5375306270419813,0.9895991265487698,0.04,White_constantSy
2025-06-24,175,2025,EWR-1,0.15416416870596045,3.5866891451135423,0.2674150725354689,0.04,White_constantSy
2025-06-25,176,2025,EWR-1,0.17786922858534254,3.476270804643601,0.9704599099899625,0.04,White_constantSy
2025-06-26,177,2025,EWR-1,0.3043994185763381,7.1514249466499535,0.4585605177584995,0.04,White_constantSy
2025-06-27,178,2025,EWR-1,0.2857654307250924,7.373074349593622,-0.22893858146631274,0.04,White_constantSy
2025-06-28,179,2025,EWR-1,0.24208212439176244,5.90687546259149,0.14517764720257098,0.04,White_constantSy
2025-06-29,180,2025,EWR-1,0.2939301742375959,6.335378290799586,1.0128760651403113,0.04,White_constantSy
2025-06-30,181,2025,EWR-1,0.21168214648354663,4.908847214865375,0.3832064472232908,0.04,White_constantSy
2025-07-01,182,2025,EWR-1,0.20248068512823694,5.397426375025216,-0.3354092468192924,0.04,White_constantSy
2025-07-02,183,2025,EWR-1,0.12000520527156112,2.0988276705232174,0.9013024612658107,0.04,White_constantSy
2025-07-03,184,2025,EWR-1,0.21193246257527065,4.935462292640157,0.3628492717416094,0.04,White_constantSy
2025-07-04,185,2025,EWR-1,0.08729795778233118,3.374486880912599,-1.1920379363543194,0.04,White_constantSy
2025-07-05,186,2025,EWR-1,0.11954695208161838,2.9407335899210985,0.04794021211936084,0.04,White_constantSy
2025-07-06,187,2025,EWR-1,0.22884608037009094,4.324431592303334,1.3967204169489396,0.04,White_constantSy
2025-07-07,188,2025,EWR-1,0.18721836285306623,4.7928222452728875,-0.11236317394623185,0.04,White_constantSy
2025-07-08,189,2025,EWR-1,0.36301562027153894,9.09210137328882,-0.01671086650034681,0.04,White_constantSy
2025-07-09,190,2025,EWR-1,0.26239664607316415,6.936051975452894,-0.37613582362379105,0.04,White_constantSy
2025-07-10,191,2025,EWR-1,0.2359213146713522,5.226271124027104,0.6717617427567006,0.04,White_constantSy
2025-07-11,192,2025,EWR-1,0.6020004276597904,5.975502587267954,9.074508104226808,0.04,White_constantSy
2025-07-12,193,2025,EWR-1,0.4726118369880386,5.70403246529456,6.1112634594064055,0.04,White_constantSy
2025-07-13,194,2025,EWR-1,0.9890676818021572,21.94563203425701,2.781060010796921,0.04,White_constantSy
2025-07-14,195,2025,EWR-1,1.1359589361390838,27.529177215873823,0.8697961876032707,0.04,White_constantSy
2025-07-15,196,2025,EWR-1,0.9825966120472799,25.027825725870258,-0.4629104246882605,0.04,White_constantSy
2025-07-16,197,2025,EWR-1,0.8912772169862061,23.045679895881285,-0.7637494712261343,0.04,White_constantSy
2025-07-17,198,2025,EWR-1,0.8814828739553482,22.115752964115366,-0.07868111523166021,0.04,White_constantSy
2025-07-18,199,2025,EWR-1,0.7444928963047696,19.788736095586735,-1.1764136879674965,0.04,White_constantSy
2025-07-19,200,2025,EWR-1,0.8396701515058714,19.99346875563328,0.9982850320135057,0.04,White_constantSy
2025-07-20,201,2025,EWR-1,0.7122689038981909,17.47586802519654,0.33085457225823234,0.04,White_constantSy
2025-07-21,202,2025,EWR-1,0.6424566988052538,19.044823728002648,-2.9834062578713016,0.04,White_constantSy
2025-07-22,203,2025,EWR-1,0.45033785124076875,9.093934420633708,2.1645118603855096,0.04,White_constantSy
2025-07-23,204,2025,EWR-1,0.6642858286224547,15.642524905545606,0.9646208100157594,0.04,White_constantSy
2025-07-24,205,2025,EWR-1,0.6884574022240938,19.152614085790944,-1.9411790301886,0.04,White_constantSy
2025-07-25,206,2025,EWR-1,0.6418746938209087,21.15292886731799,-5.106061521795272,0.04,White_constantSy
2025-07-26,207,2025,EWR-1,0.7346686675039175,20.706852845012214,-2.3401361574142783,0.04,White_constantSy
2025-07-27,208,2025,EWR-1,0.19342945230114056,2.5680328018399905,2.267703505688523,0.04,White_constantSy
2025-07-28,209,2025,EWR-1,0.8225447613555018,16.225491710413564,4.33812732347398,0.04,White_constantSy
2025-07-29,210,2025,EWR-1,1.4208095569939667,35.38112752954492,0.13911139530424776,0.04,White_constantSy
2025-07-30,211,2025,EWR-1,1.3133021236731264,31.035685223369946,1.7968678684582144,0.04,White_constantSy
2025-07-31,212,2025,EWR-1,1.3286818197825816,33.49235305624172,-0.27530756167718096,0.04,White_constantSy
2025-08-01,213,2025,EWR-1,1.2446234384021855,32.0626893177163,-0.9471033576616605,0.04,White_constantSy
2025-08-02,214,2025,EWR-1,0.922672780975005,23.953087379755523,-0.886267855380396,0.04,White_constantSy
2025-08-03,215,2025,EWR-1,0.9249235306316601,23.035830903691966,0.08725736209953538,0.04,White_constantSy
2025-08-04,216,2025,EWR-1,0.7113826116484452,16.724024919888315,1.0605403713228156,0.04,White_constantSy
2025-08-05,217,2025,EWR-1,0.8032324900841568,21.002178528374337,-0.9213662762704189,0.04,White_constantSy
2025-08-06,218,2025,EWR-1,0.8201189421775305,21.16265671287858,-0.6596831584403198,0.04,White_constantSy
2025-08-07,219,2025,EWR-1,0.7845063425179915,17.902418110609332,1.7102404523404537,0.04,White_constantSy
2025-08-08,220,2025,EWR-1,0.7990413927624838,18.579062013646585,1.3969728054155084,0.04,White_constantSy
2025-08-09,221,2025,EWR-1,0.7543715836316105,17.885276278968853,0.9740133118214089,0.04,White_constantSy
2025-08-10,222,2025,EWR-1,0.3049118777624926,6.864170195124331,0.758626748937985,0.04,White_constantSy
2025-08-11,223,2025,EWR-1,0.5490724501430276,13.360752656176402,0.36605859739928803,0.04,White_constantSy
2025-08-12,224,2025,EWR-1,0.466963201062681,10.720561123773422,0.9535189027936042,0.04,White_constantSy
2025-08-13,225,2025,EWR-1,0.0,6.404202359599822,-0.5770505390799485,0.04,White_constantSy
2025-08-14,226,2025,EWR-1,0.14704984279962474,5.420123715364156,-1.7438776453735372,0.04,White_constantSy
2025-08-15,227,2025,EWR-1,0.30141328995871675,7.731600197461219,-0.19626794849330054,0.04,White_constantSy
2025-08-16,228,2025,EWR-1,0.4013012613863421,10.738529978089375,-0.705998443430822,0.04,White_constantSy
2025-08-17,229,2025,EWR-1,0.28386048255407387,7.052091716893074,0.04442034695877339,0.04,White_constantSy
2025-08-18,230,2025,EWR-1,0.5153025689829679,11.574635093892027,1.3079291306821688,0.04,White_constantSy
2025-08-19,231,2025,EWR-1,0.36116250656288573,10.464530101150558,-1.4354674370784153,0.04,White_constantSy
2025-08-20,232,2025,EWR-1,0.4499053820530108,12.522588620097963,-1.2749540687726935,0.04,White_constantSy
2025-08-21,233,2025,EWR-1,0.4112243243395986,8.653062970552817,1.6275451379371475,0.04,White_constantSy
2025-08-22,234,2025,EWR-1,0.4626203863361482,9.666576556159256,1.898933102244449,0.04,White_constantSy
2025-08-23,235,2025,EWR-1,0.11468748699900118,6.5500453733530435,-3.682858198378014,0.04,White_constantSy
2025-08-24,236,2025,EWR-1,0.0,21.08601309671554,-13.137746568570027,0.04,White_constantSy
2025-08-25,237,2025,EWR-1,0.0,-17.38203085729495,-7.558911055024179,0.04,White_constantSy
2025-08-26,238,2025,EWR-1,0.0,-15.550787155625269,5.6091648545009996,0.04,White_constantSy
2025-08-27,239,2025,EWR-1,0.0,-9.136763545757987,3.8833791091390104,0.04,White_constantSy
2025-08-28,240,2025,EWR-1,0.0,-1.5678759136158007,2.243769063909081,0.04,White_constantSy
2025-08-29,241,2025,EWR-1,0.12296211852522831,2.5913138314443103,0.48273913168639737,0.04,White_constantSy
2025-08-30,242,2025,EWR-1,0.2249832945162929,4.501470528748563,1.1231118341587596,0.04,White_constantSy
2025-08-31,243,2025,EWR-1,0.28637152629150364,6.256735791580681,0.9025523657069101,0.04,White_constantSy
2025-09-01,244,2025,EWR-1,0.368947268704153,8.69426244575915,0.5294192718446737,0.04,White_constantSy
2025-09-02,245,2025,EWR-1,0.0,10.99266975816846,-8.952655043544233,0.04,White_constantSy
2025-09-03,246,2025,EWR-1,0.0,-4.567672101598276,4.18116518943847,0.04,White_constantSy
2025-09-04,247,2025,EWR-1,0.0,1.0344828196356062,2.498786657457149,0.04,White_constantSy
2025-09-05,248,2025,EWR-1,0.0,2.0496498823924014,0.48980068148197375,0.04,White_constantSy
2025-09-06,249,2025,EWR-1,0.08182994433217033,2.4954457439118727,-0.4496971356076145,0.04,White_constantSy
2025-09-07,250,2025,EWR-1,0.03066872515976314,1.014075325477016,-0.24735719648293752,0.04,White_constantSy
2025-09-08,251,2025,EWR-1,0.07012220689647194,0.6649009200618607,1.0881542523499377,0.04,White_constantSy
2025-09-09,252,2025,EWR-1,0.16067222990359795,3.467724693645067,0.5490810539448816,0.04,White_constantSy
2025-09-10,253,2025,EWR-1,0.15874878176988005,5.010809726710264,-1.0420901824632622,0.04,White_constantSy
2025-09-11,254,2025,EWR-1,0.05187370592373867,2.8660295321770732,-1.5691868840836065,0.04,White_constantSy
2025-09-12,255,2025,EWR-1,0.07555311249304737,1.8638884787581134,0.024939333568070765,0.04,White_constantSy
2025-09-13,256,2025,EWR-1,0.10304935763427793,2.350190114131621,0.22604382672532708,0.04,White_constantSy
2025-09-14,257,2025,EWR-1,0.06669119472491061,0.7598873215570734,0.907392546565692,0.04,White_constantSy
2025-09-15,258,2025,EWR-1,0.1716660216298118,5.263848913341484,-0.9721983725961891,0.04,White_constantSy
2025-09-16,259,2025,EWR-1,0.00827239114595244,0.5653899016540436,-0.35858012300523256,0.04,White_constantSy
2025-09-17,260,2025,EWR-1,0.04359827686337695,0.2671743834308913,0.8227825381535325,0.04,White_constantSy
2025-09-18,261,2025,EWR-1,0.04635201728540778,0.6051465986903537,0.5536538334448409,0.04,White_constantSy
2025-09-19,262,2025,EWR-1,-0.018241920203996644,0.9699486371961257,-1.4259966422960417,0.04,White_constantSy
2025-09-20,263,2025,EWR-1,0.06385081900423742,1.8708991745217673,-0.2746286994158318,0.04,White_constantSy
2025-09-21,264,2025,EWR-1,-0.031249838064063198,-0.806558920636391,0.02531296903481106,0.04,White_constantSy
2025-09-22,265,2025,EWR-1,0.08831716422545881,1.72585565054748,0.48207345508899024,0.04,White_constantSy
2025-09-23,266,2025,EWR-1,0.21660835529360087,5.857124399679471,-0.44191551733944934,0.04,White_constantSy
2025-09-24,267,2025,EWR-1,0.14348977534248916,4.107029605520339,-0.5197852219581094,0.04,White_constantSy
2025-09-25,268,2025,EWR-1,-0.10568129853533208,-3.7381555745199506,1.0961231111366487,0.04,White_constantSy
2025-09-26,269,2025,EWR-1,0.2175212244212119,5.89250606680416,-0.45447545627386177,0.04,White_constantSy
2025-09-27,270,2025,EWR-1,-0.07575070310748942,-1.9385182505712066,0.044750672883971276,0.04,White_constantSy
2025-09-28,271,2025,EWR-1,-0.04981278225857579,-1.3235188502406032,0.07819929377620838,0.04,White_constantSy
2025-09-29,272,2025,EWR-1,0.03297941747797438,0.47269964569378686,0.35178579125557263,0.04,White_constantSy
2025-09-30,273,2025,EWR-1,0.03650263588653559,2.241652340772781,-1.3290864436093912,0.04,White_constantSy
2025-10-01,274,2025,EWR-1,-0.04934001177029728,1.6736933063413062,-2.907193600598738,0.04,White_constantSy
2025-10-02,275,2025,EWR-1,0.0,-3.2663891674889385,-13.504812851445891,0.04,White_constantSy
2025-10-03,276,2025,EWR-1,0.0,-9.37505015660844,6.540824399633211,0.04,White_constantSy
2025-10-04,277,2025,EWR-1,0.0,-5.44443750698208,3.8299303491342567,0.04,White_constantSy
2025-10-05,278,2025,EWR-1,0.0,-0.7892514232224812,0.8592025611898535,0.04,White_constantSy
2025-10-06,279,2025,EWR-1,-0.1466482817782405,-4.088575014553442,0.42236797009742943,0.04,White_constantSy
2025-10-07,280,2025,EWR-1,-0.004771701272376134,-0.5773283587185531,0.4580358269091498,0.04,White_constantSy
2025-10-08,281,2025,EWR-1,-0.014872351520062353,-2.0029544657006895,1.6311456776991307,0.04,White_constantSy
2025-10-09,282,2025,EWR-1,-0.003180118602956128,-0.6624075550402111,0.5829045899663079,0.04,White_constantSy
2025-10-10,283,2025,EWR-1,0.1625523193219543,4.353786120968216,-0.2899781379193591,0.04,White_constantSy
2025-10-11,284,2025,EWR-1,-0.09635335195255991,-1.9049392534608671,-0.5038945453531305,0.04,White_constantSy
2025-10-12,285,2025,EWR-1,0.1357912149865966,2.2396033460623244,1.1551770286025906,0.04,White_constantSy
2025-10-13,286,2025,EWR-1,-0.1952687286075161,-3.678452807919541,-1.2032654072683613,0.04,White_constantSy
2025-10-14,287,2025,EWR-1,0.0,3.4994750742960434,-8.639493971501897,0.04,White_constantSy
2025-10-15,288,2025,EWR-1,0.0,5.7406467405073265,-4.41347731107804,0.04,White_constantSy
2025-10-16,289,2025,EWR-1,0.0,-7.977343490179912,1.4417245079590302,0.04,White_constantSy
2025-10-17,290,2025,EWR-1,0.0,-3.961867817200492,3.5199407388304884,0.04,White_constantSy
2025-10-18,291,2025,EWR-1,-0.051406350900322056,-2.7902208270717104,1.505062054563659,0.04,White_constantSy
2025-10-19,292,2025,EWR-1,-0.0963041811656801,-3.4768015110132033,1.069196981871201,0.04,White_constantSy
2025-10-20,293,2025,EWR-1,0.021523005908846003,1.535346174706799,-0.9972710269856488,0.04,White_constantSy
2025-10-21,294,2025,EWR-1,-0.13687928532589597,-4.950828089350857,1.5288459562034582,0.04,White_constantSy
2025-10-22,295,2025,EWR-1,0.044346231897478036,1.6170508996285804,-0.5083951021916295,0.04,White_constantSy
2025-10-23,296,2025,EWR-1,0.07118335579595829,1.4738535060558569,0.30573038884310044,0.04,White_constantSy
2025-10-24,297,2025,EWR-1,0.04374029250451116,-0.010901520056751934,1.104408832669531,0.04,White_constantSy
2025-10-25,298,2025,EWR-1,-0.10106027101763027,1.8015240374584351,-4.328030812899192,0.04,White_constantSy
2025-10-26,299,2025,EWR-1,-0.2139900596094738,1.2008161457689148,-6.550567636005759,0.04,White_constantSy
2025-10-27,300,2025,EWR-1,-0.004482100390511477,-2.0353655347335575,1.9233130249707706,0.04,White_constantSy
2025-10-28,301,2025,EWR-1,-0.051138472451675375,-2.0481557234880547,0.7696939121961703,0.04,White_constantSy
2025-10-29,302,2025,EWR-1,-0.09705317381378255,-4.606229372025412,2.1799000266808486,0.04,White_constantSy
2025-10-30,303,2025,EWR-1,-0.05009729934878493,-3.149096623670644,1.896664139951021,0.04,White_constantSy
2025-06-25,176,2025,EWT-2,0.5166038173083711,9.745977633441385,3.1691177992678945,0.04,White_constantSy
2025-06-26,177,2025,EWT-2,0.7785243163130735,16.724448910128757,2.7386589976980815,0.04,White_constantSy
2025-06-27,178,2025,EWT-2,0.7306393500818444,16.522353571484416,1.743630180561695,0.04,White_constantSy
2025-06-28,179,2025,EWT-2,0.29974777697174887,6.0555188521213665,1.438175572172355,0.04,White_constantSy
2025-06-29,180,2025,EWT-2,0.4171091200172299,8.159893151070463,2.267834849360284,0.04,White_constantSy
2025-06-30,181,2025,EWT-2,0.2314085184897101,4.215917136860497,1.5692958253822553,0.04,White_constantSy
2025-07-01,182,2025,EWT-2,0.2742242337154204,5.241407901369172,1.6141979415163377,0.04,White_constantSy
2025-07-02,183,2025,EWT-2,0.2535364732014341,5.177874690182051,1.1605371398538011,0.04,White_constantSy
2025-07-03,184,2025,EWT-2,0.31873740716452004,6.587031524048655,1.3814036550643465,0.04,White_constantSy
2025-07-04,185,2025,EWT-2,0.1974161796119222,3.344617827333394,1.5907866629646605,0.04,White_constantSy
2025-07-05,186,2025,EWT-2,0.5322102264540706,13.89278472142803,-0.5875290600762639,0.04,White_constantSy
2025-07-06,187,2025,EWT-2,0.41204916968840166,7.709259309417149,2.5919699327928925,0.04,White_constantSy
2025-07-07,188,2025,EWT-2,0.4253217786914894,9.027131193128213,1.6059132741590219,0.04,White_constantSy
2025-07-08,189,2025,EWT-2,0.4776880902116466,10.744848250652609,1.1973540046385551,0.04,White_constantSy
2025-07-09,190,2025,EWT-2,0.0,6.610724616354929,1.0554484214973172,0.04,White_constantSy
2025-07-10,191,2025,EWT-2,0.0,7.288915856500694,0.7893152857745349,0.04,White_constantSy
2025-07-11,192,2025,EWT-2,0.0,6.847540802147023,1.2470790440648472,0.04,White_constantSy
2025-07-12,193,2025,EWT-2,0.0,3.452104550572699,1.531638735669631,0.04,White_constantSy
2025-07-13,194,2025,EWT-2,0.0,5.049324084615847,1.2607189062366757,0.04,White_constantSy
2025-07-14,195,2025,EWT-2,0.0,8.23222738681082,-0.00477464838546382,0.04,White_constantSy
2025-07-15,196,2025,EWT-2,0.0,4.6573968903757645,0.6058054382638289,0.04,White_constantSy
2025-07-16,197,2025,EWT-2,0.0,3.517511017673769,0.49771654173279956,0.04,White_constantSy
2025-07-17,198,2025,EWT-2,0.0,5.401075941853151,-0.16442753766216356,0.04,White_constantSy
2025-07-18,199,2025,EWT-2,0.0,5.66457529115425,0.20378775337697164,0.04,White_constantSy
2025-07-19,200,2025,EWT-2,0.0,11.496481548370951,-0.44974973935616447,0.04,White_constantSy
2025-07-20,201,2025,EWT-2,0.0,9.650609463851765,0.8004756124964985,0.04,White_constantSy
2025-07-21,202,2025,EWT-2,0.0,12.70087920638727,0.6504997347830681,0.04,White_constantSy
2025-07-22,203,2025,EWT-2,0.0,10.52957631220903,0.4201219260222331,0.04,White_constantSy
2025-07-23,204,2025,EWT-2,0.0,7.8758246467212984,0.21816282548635968,0.04,White_constantSy
2025-07-24,205,2025,EWT-2,0.0,17.017249451991205,-0.501754939730148,0.04,White_constantSy
2025-07-25,206,2025,EWT-2,0.0,14.868584967588959,-1.958871726357387,0.04,White_constantSy
2025-07-26,207,2025,EWT-2,0.0,8.240972713692514,-0.46010329366514213,0.04,White_constantSy
2025-07-27,208,2025,EWT-2,0.0,4.872115018537613,1.620189667803018,0.04,White_constantSy
2025-07-28,209,2025,EWT-2,0.0,8.520775659256685,0.8065175069917814,0.04,White_constantSy
2025-07-29,210,2025,EWT-2,0.0,10.996020597349883,0.13387330377679518,0.04,White_constantSy
2025-07-30,211,2025,EWT-2,0.0,11.34181385945223,2.035766980948125,0.04,White_constantSy
2025-07-31,212,2025,EWT-2,0.0,17.15076185212388,-1.011061568928369,0.04,White_constantSy
2025-08-01,213,2025,EWT-2,0.0,15.527149247124242,0.31239595835208434,0.04,White_constantSy
2025-08-02,214,2025,EWT-2,0.0,13.438066485042953,0.3619308570174269,0.04,White_constantSy
2025-08-03,215,2025,EWT-2,0.0,21.57450445396165,0.8585771133349169,0.04,White_constantSy
2025-08-04,216,2025,EWT-2,0.0,20.2332390212145,0.5091263886448871,0.04,White_constantSy
2025-08-05,217,2025,EWT-2,0.0,21.395019858817932,0.02129495374865087,0.04,White_constantSy
2025-08-06,218,2025,EWT-2,0.0,20.05119870224297,0.7806870820221548,0.04,White_constantSy
2025-08-07,219,2025,EWT-2,0.0,24.04827224786561,1.25283863444227,0.04,White_constantSy
2025-08-08,220,2025,EWT-2,0.0,30.06279619247465,1.1616763736714972,0.04,White_constantSy
2025-08-09,221,2025,EWT-2,0.0,29.792287056788155,-12.37498662803489,0.04,White_constantSy
2025-08-10,222,2025,EWT-2,0.0,-2.5823822548641147,-0.06195482399820662,0.04,White_constantSy
2025-08-11,223,2025,EWT-2,0.0,3.249301637268161,0.37697361534105767,0.04,White_constantSy
2025-08-12,224,2025,EWT-2,0.0,-0.35190379501597135,0.11210422100340622,0.04,White_constantSy
2025-08-13,225,2025,EWT-2,0.0,-1.6023877539154796,0.0157800346476904,0.04,White_constantSy
2025-08-14,226,2025,EWT-2,0.0,-1.9861018890140656,0.7072671680440124,0.04,White_constantSy
2025-08-15,227,2025,EWT-2,0.0,-0.5259006004255014,-0.012997561688266046,0.04,White_constantSy
2025-08-16,228,2025,EWT-2,0.0,3.444202397784494,-0.3056329161198761,0.04,White_constantSy
2025-08-17,229,2025,EWT-2,0.0,-0.9575164843049322,0.5339022513293656,0.04,White_constantSy
2025-08-18,230,2025,EWT-2,0.0,0.2937328870021645,-1.0155656344734183,0.04,White_constantSy
2025-08-19,231,2025,EWT-2,0.0,-1.8628088582029818,-0.4988835234630784,0.04,White_constantSy
2025-08-20,232,2025,EWT-2,0.0,-0.5885903157899293,-0.13960245229966972,0.04,White_constantSy
2025-08-21,233,2025,EWT-2,0.0,-0.9765831569360728,0.6014461246158049,0.04,White_constantSy
2025-08-22,234,2025,EWT-2,0.0,0.8696608835914219,0.28342995871373944,0.04,White_constantSy
2025-08-23,235,2025,EWT-2,0.0,2.378953007469107,-0.7930843487516341,0.04,White_constantSy
2025-08-24,236,2025,EWT-2,0.0,-4.0435297171915465,0.676696949201272,0.04,White_constantSy
2025-08-25,237,2025,EWT-2,0.0,6.212309492744652,-4.760506957111588,0.04,White_constantSy
2025-08-26,238,2025,EWT-2,0.0,6.113943230987928,-2.006688717021632,0.04,White_constantSy
2025-08-27,239,2025,EWT-2,0.0,2.0292943346607046,-0.6132846762810118,0.04,White_constantSy
2025-08-28,240,2025,EWT-2,0.0,0.6162456713208826,0.8547649649168392,0.04,White_constantSy
2025-08-29,241,2025,EWT-2,0.13622828657525304,3.294932232530101,0.11077493185122478,0.04,White_constantSy
2025-08-30,242,2025,EWT-2,0.21593579814263023,5.062411354374376,0.33598359919137977,0.04,White_constantSy
2025-08-31,243,2025,EWT-2,0.16735280370546662,3.8203707720361137,0.3634493206005516,0.04,White_constantSy
2025-09-01,244,2025,EWT-2,0.08709954542064054,1.6980363789837156,0.47945225653229784,0.04,White_constantSy
2025-09-02,245,2025,EWT-2,0.0,4.113538705100694,-2.011936893567267,0.04,White_constantSy
2025-09-03,246,2025,EWT-2,0.0,4.806346465006328,-0.43819665274678243,0.04,White_constantSy
2025-09-04,247,2025,EWT-2,0.0,2.12865463441085,1.548290541935927,0.04,White_constantSy
2025-09-05,248,2025,EWT-2,0.0,3.266205179186926,0.39030395822071284,0.04,White_constantSy
2025-09-06,249,2025,EWT-2,0.10680277185871945,2.1013897839575577,0.5686795125104283,0.04,White_constantSy
2025-09-07,250,2025,EWT-2,0.0292939953998183,1.8915389647027325,-1.159189079707275,0.04,White_constantSy
2025-09-08,251,2025,EWT-2,0.043317752364123406,0.39567508398792484,0.6872687251151604,0.04,White_constantSy
2025-09-09,252,2025,EWT-2,0.2025837075791958,5.09069927272887,-0.026106583248974857,0.04,White_constantSy
2025-09-10,253,2025,EWT-2,0.2348687565831682,5.412360203184363,0.45935871139484163,0.04,White_constantSy
2025-09-11,254,2025,EWT-2,0.03923748057682985,1.796409585444536,-0.8154725710237898,0.04,White_constantSy
2025-09-12,255,2025,EWT-2,0.14868566288461693,3.492141218552547,0.2250003535628764,0.04,White_constantSy
2025-09-13,256,2025,EWT-2,0.16915683765000722,4.593689149498914,-0.36476820824873357,0.04,White_constantSy
2025-09-14,257,2025,EWT-2,0.16662425196251718,2.2823769114538095,1.88322938760912,0.04,White_constantSy
2025-09-15,258,2025,EWT-2,0.2118976427829506,5.8844926655986285,-0.5870515960248639,0.04,White_constantSy
2025-09-16,259,2025,EWT-2,0.03894750004860725,1.3722088049391346,-0.3985213037239532,0.04,White_constantSy
2025-09-17,260,2025,EWT-2,0.004667740428287175,-0.07000622008175128,0.18669973078893065,0.04,White_constantSy
2025-09-18,261,2025,EWT-2,0.1400395768563601,3.025693150335229,0.47529627107377337,0.04,White_constantSy
2025-09-19,262,2025,EWT-2,0.07976725800821215,3.468643594240149,-1.4744621440348453,0.04,White_constantSy
2025-09-20,263,2025,EWT-2,0.1270105892325904,3.3966868103433967,-0.22142207952863657,0.04,White_constantSy
2025-09-21,264,2025,EWT-2,0.07338704489927182,1.560778380154602,0.2738977423271933,0.04,White_constantSy
2025-09-22,265,2025,EWT-2,0.18102547413981654,3.66539071842098,0.8602461350744335,0.04,White_constantSy
2025-09-23,266,2025,EWT-2,0.3207094932586671,8.340502417388677,-0.3227650859220006,0.04,White_constantSy
2025-09-24,267,2025,EWT-2,0.2744168177909199,7.545755980340687,-0.6853355355676882,0.04,White_constantSy
2025-09-25,268,2025,EWT-2,-0.04513796297182978,-0.7934333018982329,-0.33501577239751157,0.04,White_constantSy
2025-09-26,269,2025,EWT-2,0.2953676807116608,7.709592769331891,-0.3254007515403714,0.04,White_constantSy
2025-09-27,270,2025,EWT-2,0.019441108965048103,0.6611041796624306,-0.17507645553622808,0.04,White_constantSy
2025-09-28,271,2025,EWT-2,-0.01320780878951723,0.45777482156327665,-0.7879700413012074,0.04,White_constantSy
2025-09-29,272,2025,EWT-2,0.10424281195371236,2.6903718346781034,-0.08430153583529432,0.04,White_constantSy
2025-09-30,273,2025,EWT-2,0.03559545788853598,1.8794249470618638,-0.9895384998484644,0.04,White_constantSy
2025-10-01,274,2025,EWT-2,0.03469555488658955,2.0428530709075687,-1.17546419874283,0.04,White_constantSy
2025-10-02,275,2025,EWT-2,0.0,1.1055730967726163,-2.088217574219982,0.04,White_constantSy
2025-10-03,276,2025,EWT-2,0.0,2.275458335980346,-2.2478755474786283,0.04,White_constantSy
2025-10-04,277,2025,EWT-2,0.0,0.37499223271950655,-1.754480870176394,0.04,White_constantSy
2025-10-05,278,2025,EWT-2,0.0,4.555192304202421,-3.4009229450189906,0.04,White_constantSy
2025-10-06,279,2025,EWT-2,-0.09231282609273024,1.440817920407511,-3.748638572725767,0.04,White_constantSy
2025-10-07,280,2025,EWT-2,0.054039100719321026,4.647497315520923,-3.296519797537897,0.04,White_constantSy
2025-10-08,281,2025,EWT-2,0.08547626931422542,4.261601546754207,-2.1246948138985715,0.04,White_constantSy
2025-10-09,282,2025,EWT-2,0.00023751891876429456,1.8065554804818476,-1.8006175075127402,0.04,White_constantSy
2025-10-10,283,2025,EWT-2,0.2272717633039622,8.494356402384938,-2.812562319785883,0.04,White_constantSy
2025-10-11,284,2025,EWT-2,-0.044267746948831926,0.3934504364476936,-1.5001441101684918,0.04,White_constantSy
2025-10-12,285,2025,EWT-2,0.18487361344574538,6.516953662393377,-1.8951133262497422,0.04,White_constantSy
2025-10-13,286,2025,EWT-2,-0.020274515211696098,-1.1860428027326009,0.6791799224401984,0.04,White_constantSy
2025-10-14,287,2025,EWT-2,0.0,3.5750818222346936,-1.3626267038315376,0.04,White_constantSy
2025-10-15,288,2025,EWT-2,0.0,2.4450052876851203,-3.640033617684324,0.04,White_constantSy
2025-10-16,289,2025,EWT-2,0.0,0.5373590606797336,-1.2799973646858405,0.04,White_constantSy
2025-10-17,290,2025,EWT-2,0.0,3.073272398743086,-0.6484168775070742,0.04,White_constantSy
2025-10-18,291,2025,EWT-2,0.029036513971391287,2.0156686575013794,-1.2897558082165972,0.04,White_constantSy
2025-10-19,292,2025,EWT-2,0.04938293308609332,1.7018304740560097,-0.4672571469036768,0.04,White_constantSy
2025-10-20,293,2025,EWT-2,0.15615095750366947,6.221756432217518,-2.317982494625781,0.04,White_constantSy
2025-10-21,294,2025,EWT-2,-0.00884864705225425,0.5158278477807698,-0.7370440240871261,0.04,White_constantSy
2025-10-22,295,2025,EWT-2,0.1605524776938057,3.941713641956568,0.0720983003885749,0.04,White_constantSy
2025-10-23,296,2025,EWT-2,0.1674166305067712,5.273609954247149,-1.0881941915778697,0.04,White_constantSy
2025-10-24,297,2025,EWT-2,0.14735777796375374,4.911839107957007,-1.227894658863164,0.04,White_constantSy
2025-10-25,298,2025,EWT-2,0.048180455521950875,1.6364543442577428,-0.43194295620897094,0.04,White_constantSy
2025-10-26,299,2025,EWT-2,-0.12585495944972708,-0.21641099328246582,-2.9299629929607107,0.04,White_constantSy
2025-10-27,300,2025,EWT-2,0.15171157626564763,6.085050705645045,-2.2922612990038544,0.04,White_constantSy
2025-10-28,301,2025,EWT-2,0.08004251126922668,3.239792788560436,-1.238730006829769,0.04,White_constantSy
2025-10-29,302,2025,EWT-2,-0.03585477580165104,-0.15627254501526977,-0.7400968500260063,0.04,White_constantSy
2025-10-30,303,2025,EWT-2,0.029008228857882727,0.037663742428861724,0.6875419790182065,0.04,White_constantSy
2018-07-16,197,2018,KEF-1,0.1269895221856872,2.693343721009679,0.48139433363250106,0.04,White_constantSy
2018-07-17,198,2018,KEF-1,0.16173437085969447,6.128929203542523,-2.085569932050161,0.04,White_constantSy
2018-07-26,207,2018,KEF-1,0.2515634171299103,5.887107148601038,0.4019782796467197,0.04,White_constantSy
2018-07-27,208,2018,KEF-1,0.12833640573686098,5.629085342036094,-2.4206751986145694,0.04,White_constantSy
2018-08-25,237,2018,KEF-1,0.21985866797034193,5.701967151422577,-0.20550045216402957,0.04,White_constantSy
2018-08-26,238,2018,KEF-1,0.3551774799203409,7.4256860501790625,1.4537509478294597,0.04,White_constantSy
2018-08-28,240,2018,KEF-1,0.10718224255546151,3.0602453441069972,-0.38068928022045956,0.04,White_constantSy
2018-08-29,241,2018,KEF-1,0.12252451628293809,1.930389346370763,1.132723560702689,0.04,White_constantSy
2018-08-30,242,2018,KEF-1,0.2483453027701275,7.121723002477557,-0.9130904332243697,0.04,White_constantSy
2018-08-31,243,2018,KEF-1,0.14731680642581169,3.209810770397283,0.473109390248009,0.04,White_constantSy
2018-09-01,244,2018,KEF-1,0.1784280728483701,3.847189120008231,0.6135127012010209,0.04,White_constantSy
2018-09-02,245,2018,KEF-1,0.18824705306249723,5.26584635457894,-0.5596700280165097,0.04,White_constantSy
2018-09-03,246,2018,KEF-1,0.09029903449818714,1.9922894297028595,0.2651864327518192,0.04,White_constantSy
2018-09-04,247,2018,KEF-1,0.21890212988168345,5.708512578088316,-0.2359593310462298,0.04,White_constantSy
2018-09-05,248,2018,KEF-1,0.07136349867858023,2.562496289589715,-0.7784088226252095,0.04,White_constantSy
2018-09-06,249,2018,KEF-1,0.1843332493393532,4.43455380737916,0.17377742610466917,0.04,White_constantSy
2018-09-07,250,2018,KEF-1,0.19961303199790514,5.179434782497678,-0.18910898255004938,0.04,White_constantSy
2018-09-08,251,2018,KEF-1,0.08231023836919445,1.6380168114202807,0.41973914780958044,0.04,White_constantSy
2018-09-09,252,2018,KEF-1,0.1344488895451334,2.7423747554134845,0.6188474832148501,0.04,White_constantSy
2018-09-10,253,2018,KEF-1,0.2440867760688192,6.2958005572962605,-0.1936311555757806,0.04,White_constantSy
2018-09-11,254,2018,KEF-1,0.15340145745664496,3.1131051934462146,0.7219312429699096,0.04,White_constantSy
2018-09-12,255,2018,KEF-1,0.06811445693001712,0.9072213426928784,0.7956400805575496,0.04,White_constantSy
2018-09-13,256,2018,KEF-1,0.18450968143066096,5.421385289870873,-0.8086432541043491,0.04,White_constantSy
2018-09-14,257,2018,KEF-1,0.11423023933986691,2.9882948223199826,-0.13253883882330975,0.04,White_constantSy
2018-09-15,258,2018,KEF-1,-0.009446259689618444,0.03420613274441919,-0.2703626249848803,0.04,White_constantSy
2018-09-16,259,2018,KEF-1,0.04051354994739821,1.7682760421074253,-0.75543729342247,0.04,White_constantSy
2018-09-17,260,2018,KEF-1,0.09149245532565627,2.105408254636016,0.18190312850539048,0.04,White_constantSy
2018-09-18,261,2018,KEF-1,0.08122226373139106,1.5868264559085077,0.443730137376269,0.04,White_constantSy
2018-09-19,262,2018,KEF-1,0.1333552254100006,4.304926556188015,-0.9710459209379998,0.04,White_constantSy
2018-09-20,263,2018,KEF-1,0.1184797854334223,3.595643527058817,-0.6336488912232596,0.04,White_constantSy
2018-09-21,264,2018,KEF-1,0.029560749823297244,1.161052514687821,-0.4220337691053899,0.04,White_constantSy
2018-09-22,265,2018,KEF-1,0.07801519423073615,1.1418316359676837,0.8085482198007199,0.04,White_constantSy
2018-09-23,266,2018,KEF-1,0.007069603140087786,-0.6004382297092761,0.7771783082114707,0.04,White_constantSy
2018-09-24,267,2018,KEF-1,0.09817827872395786,3.798363258841807,-1.3439062907428605,0.04,White_constantSy
2018-09-25,268,2018,KEF-1,-0.002122760189585904,0.22185510822900234,-0.27492411296864994,0.04,White_constantSy
2018-09-26,269,2018,KEF-1,0.081229813704418,2.3407478418928207,-0.3100024992823709,0.04,White_constantSy
2018-09-27,270,2018,KEF-1,0.07807114316484881,0.9987882525649798,0.9529903265562405,0.04,White_constantSy
2018-09-28,271,2018,KEF-1,0.030525503233830804,-0.442601102195221,1.205738683040991,0.04,White_constantSy
2018-09-29,272,2018,KEF-1,0.02804860900567995,-0.0121134014776203,0.713328626619619,0.04,White_constantSy
2018-09-30,273,2018,KEF-1,0.19153980833563403,5.337608227667101,-0.5491130192762501,0.04,White_constantSy
2018-10-01,274,2018,KEF-1,0.07245689718756364,1.9586069787187803,-0.14718454902968947,0.04,White_constantSy
2018-10-02,275,2018,KEF-1,-0.12449140285247179,-2.9463101645206144,-0.1659749067911802,0.04,White_constantSy
2018-10-03,276,2018,KEF-1,0.051794449809420905,2.438017288243083,-1.1431560430075605,0.04,White_constantSy
2018-10-04,277,2018,KEF-1,-0.06764591984550439,-1.4207789619938396,-0.2703690341437701,0.04,White_constantSy
2018-10-05,278,2018,KEF-1,-0.16557721470862663,-3.4499504991522656,-0.6894798685634003,0.04,White_constantSy
2018-10-06,279,2018,KEF-1,-0.1182654278883113,-4.095288724956003,1.1386530277482203,0.04,White_constantSy
2018-10-07,280,2018,KEF-1,-0.15083720201568007,-3.4921339172932218,-0.2787961330987798,0.04,White_constantSy
2018-10-08,281,2018,KEF-1,-0.057120396232400346,-2.487739074163679,1.0597291683536705,0.04,White_constantSy
2018-10-09,282,2018,KEF-1,0.06912284722683047,1.7349419807338826,-0.006870800063120797,0.04,White_constantSy
2018-10-10,283,2018,KEF-1,-0.01854769996333527,-0.45961325737842174,-0.0040792417049599905,0.04,White_constantSy
2018-10-11,284,2018,KEF-1,-0.0034571332320755843,0.8252812521518997,-0.9117095829537893,0.04,White_constantSy
2018-10-12,285,2018,KEF-1,0.05730258800412653,2.0918990706405634,-0.6593343705374002,0.04,White_constantSy
2018-10-13,286,2018,KEF-1,-0.026356650951300013,-1.0168612733505,0.35794499956799974,0.04,White_constantSy
2018-10-14,287,2018,KEF-1,-0.046392569390122096,0.4529408993853572,-1.6127551341384097,0.04,White_constantSy
2018-10-15,288,2018,KEF-1,-0.13367363802321122,-2.2781563369996203,-1.0636846135806604,0.04,White_constantSy
2018-10-16,289,2018,KEF-1,-0.09677079220199523,-2.903091445389121,0.48382164033924013,0.04,White_constantSy
2018-10-17,290,2018,KEF-1,-0.0768511436209155,-1.8539196029938179,-0.06735898752906966,0.04,White_constantSy
2018-10-18,291,2018,KEF-1,-0.016367446724728067,-0.5394932447923813,0.13030707667417962,0.04,White_constantSy
2018-10-19,292,2018,KEF-1,0.05418432909544913,1.8677299758817183,-0.51312174849549,0.04,White_constantSy
2018-10-20,293,2018,KEF-1,0.026760837745035976,0.08977022579795957,0.5792507178279398,0.04,White_constantSy
2018-10-21,294,2018,KEF-1,-0.04359222632289283,-1.8052714176693607,0.71546575959704,0.04,White_constantSy
2018-10-22,295,2018,KEF-1,0.05189402972810193,1.2129691126726785,0.08438163052986969,0.04,White_constantSy
2018-10-23,296,2018,KEF-1,-0.014624631511245845,-0.3688234292184074,0.003207641437261266,0.04,White_constantSy
2018-10-24,297,2018,KEF-1,-0.010936928105720653,1.1392622480706045,-1.4126854507136208,0.04,White_constantSy
2018-10-25,298,2018,KEF-1,-0.09688319759670215,-2.371208792980144,-0.050871146937409684,0.04,White_constantSy
2018-10-26,299,2018,KEF-1,-0.018209355834061185,-0.7327212549352797,0.2774873590837501,0.04,White_constantSy
2018-10-27,300,2018,KEF-1,-0.06095219375112091,-2.1644352269785223,0.6406303832004996,0.04,White_constantSy
2018-10-28,301,2018,KEF-1,0.09332149798785704,2.564375079038996,-0.23133762934256996,0.04,White_constantSy
2018-10-29,302,2018,KEF-1,-0.16787119696179084,-4.153262618568121,-0.04351730547664978,0.04,White_constantSy
2018-10-30,303,2018,KEF-1,0.028742040557546797,1.2084347634704997,-0.4898837495318298,0.04,White_constantSy
2018-10-31,304,2018,KEF-1,-0.1268673502233224,-2.6377014276182402,-0.5339823279648201,0.04,White_constantSy
2018-11-01,305,2018,KEF-1,-0.05018835715568431,-0.4404556205180974,-0.8142533083740102,0.04,White_constantSy
2018-11-02,306,2018,KEF-1,-0.03952362378186681,-1.6001805832558804,0.6120899887092102,0.04,White_constantSy
2018-11-03,307,2018,KEF-1,-0.011217740801724788,-0.03805585943861978,-0.2423876606044999,0.04,White_constantSy
2018-11-04,308,2018,KEF-1,-0.08472902165141394,-3.8170532851364385,1.6988277438510901,0.04,White_constantSy
2018-11-05,309,2018,KEF-1,0.13306477277331008,3.282487843052822,0.04413147627992986,0.04,White_constantSy
2018-11-06,310,2018,KEF-1,0.020126987469246807,0.6583602319459203,-0.15518554521475014,0.04,White_constantSy
2018-11-07,311,2018,KEF-1,-0.02581303674474368,-0.47879146904784253,-0.16653444957074948,0.04,White_constantSy
2018-11-08,312,2018,KEF-1,-0.04216552881994302,0.2648000779618851,-1.3189382984604605,0.04,White_constantSy
2018-11-09,313,2018,KEF-1,0.048838578122790376,-0.02246212045272067,1.24342657352248,0.04,White_constantSy
2018-11-10,314,2018,KEF-1,-0.006242107331999218,-0.11448002901594023,-0.04157265428404022,0.04,White_constantSy
2018-11-11,315,2018,KEF-1,0.05114549603097718,-0.1548995057042406,1.43353690647867,0.04,White_constantSy
2018-11-12,316,2018,KEF-1,0.09488348083661421,3.6438175042320555,-1.2717304833167002,0.04,White_constantSy
2018-11-13,317,2018,KEF-1,-0.10083422411241763,-2.277335986500601,-0.24351961630983965,0.04,White_constantSy
2018-11-14,318,2018,KEF-1,0.10145576490677444,2.1471169180252208,0.3892772046441402,0.04,White_constantSy
2018-11-15,319,2018,KEF-1,0.0775739408719201,1.0416837809752826,0.8976647408227199,0.04,White_constantSy
2018-11-16,320,2018,KEF-1,-0.07886419780341879,-3.55514083220106,1.5835358871155902,0.04,White_constantSy
2018-11-17,321,2018,KEF-1,-0.037513804138690716,-0.4134774966509376,-0.5243676068163303,0.04,White_constantSy
2018-11-18,322,2018,KEF-1,-0.1659266175729905,0.02407697177741852,-4.1722424111021805,0.04,White_constantSy
2019-06-04,155,2019,KEF-1,-0.13623755642517804,-3.045617146390321,-0.36032176423912987,0.04,White_constantSy
2019-06-05,156,2019,KEF-1,0.07233730524084922,0.6704581788024604,1.13797445221877,0.04,White_constantSy
2019-06-06,157,2019,KEF-1,0.07069000482561485,1.2850607347495213,0.4821893858908499,0.04,White_constantSy
2019-06-07,158,2019,KEF-1,-0.12014170391142803,-2.185496892264961,-0.8180457055207397,0.04,White_constantSy
2019-06-08,159,2019,KEF-1,-0.013516485987978317,0.8463491084295622,-1.1842612581290202,0.04,White_constantSy
2019-06-09,160,2019,KEF-1,-0.01450147295115159,-0.27116861020313965,-0.09136821357565006,0.04,White_constantSy
2019-06-10,161,2019,KEF-1,0.047356031437601996,1.5699699490610999,-0.38606916312105,0.04,White_constantSy
2019-06-11,162,2019,KEF-1,-0.031104730651555196,-1.18986276534654,0.41224449905766003,0.04,White_constantSy
2019-06-12,163,2019,KEF-1,0.026434856701600423,0.07446987238074043,0.5864015451592701,0.04,White_constantSy
2019-06-13,164,2019,KEF-1,-0.0927052319572611,-2.8868127033835176,0.5691819044519899,0.04,White_constantSy
2019-06-14,165,2019,KEF-1,-0.012948835556811557,-0.5593392329444389,0.23561834402414994,0.04,White_constantSy
2019-06-15,166,2019,KEF-1,0.024165807826997225,0.44833902502968037,0.15580617064525026,0.04,White_constantSy
2019-06-16,167,2019,KEF-1,-0.06332329469188322,-1.74113370143586,0.1580513341387797,0.04,White_constantSy
2019-06-17,168,2019,KEF-1,-0.10456668953527558,-2.591429762601299,-0.022737475780590266,0.04,White_constantSy
2019-06-18,169,2019,KEF-1,-0.02245925103076692,-0.29985542147094346,-0.2616258542982295,0.04,White_constantSy
2019-06-19,170,2019,KEF-1,0.07249270692110399,1.5295684100646598,0.2827492629629398,0.04,White_constantSy
2019-06-20,171,2019,KEF-1,-0.08336158204254204,-3.092571297590041,1.00853174652649,0.04,White_constantSy
2019-06-21,172,2019,KEF-1,0.003842509910641212,0.4891938545928003,-0.39313110682677,0.04,White_constantSy
2019-06-22,173,2019,KEF-1,0.0010099656080280184,0.6043696550748008,-0.5791205148741003,0.04,White_constantSy
2019-06-23,174,2019,KEF-1,-0.028148688458309347,-0.9152346368608839,0.21151742540315022,0.04,White_constantSy
2019-06-24,175,2019,KEF-1,-0.01277071353846644,-1.564739328773281,1.24547149031162,0.04,White_constantSy
2019-06-25,176,2019,KEF-1,0.009945144638372662,0.17130301288829664,0.07732560307101988,0.04,White_constantSy
2019-06-26,177,2019,KEF-1,-0.022368499706920435,-0.952666835962261,0.3934543432892501,0.04,White_constantSy
2019-06-27,178,2019,KEF-1,-0.005666112091447104,0.37986126482820204,-0.5215140671143796,0.04,White_constantSy
2019-06-28,179,2019,KEF-1,-0.009597933692155945,-0.16567539757055805,-0.07427294473334056,0.04,White_constantSy
2019-06-29,180,2019,KEF-1,0.005262347827525531,0.2389875287608776,-0.10742883307273932,0.04,White_constantSy
2019-06-30,181,2019,KEF-1,0.052707499027952076,1.0542871299168626,0.2634003457819394,0.04,White_constantSy
2019-07-01,182,2019,KEF-1,0.0015932337726655987,-0.5617400593120809,0.6015709036287209,0.04,White_constantSy
2019-07-02,183,2019,KEF-1,-0.06270647313374987,-1.851555472025936,0.2838936436821893,0.04,White_constantSy
2019-07-03,184,2019,KEF-1,0.00863894823204678,-0.30216686745384,0.5181405732550095,0.04,White_constantSy
2019-07-04,185,2019,KEF-1,0.11314671135469435,3.171144544730698,-0.342476760863339,0.04,White_constantSy
2019-07-05,186,2019,KEF-1,0.06070941537360209,1.5164890351791023,0.001246349160950011,0.04,White_constantSy
2019-07-06,187,2019,KEF-1,0.24331461326626522,5.289517500969181,0.7933478306874493,0.04,White_constantSy
2019-07-07,188,2019,KEF-1,0.1132426710199751,1.2142624228740573,1.6168043526253202,0.04,White_constantSy
2019-07-08,189,2019,KEF-1,0.2510990456256991,6.375211531397758,-0.09773539075527982,0.04,White_constantSy
2019-07-09,190,2019,KEF-1,0.19079820038951667,4.877386979432096,-0.10743196969417923,0.04,White_constantSy
2019-07-10,191,2019,KEF-1,0.19306364225239786,5.257117478205247,-0.43052642189530044,0.04,White_constantSy
2019-07-11,192,2019,KEF-1,0.13694451002389407,2.5676479006197024,0.8559648499776493,0.04,White_constantSy
2019-07-12,193,2019,KEF-1,0.06976481614535023,1.621288018271695,0.12283238536206031,0.04,White_constantSy
2019-07-13,194,2019,KEF-1,0.011094456853604698,0.3168610709877573,-0.039499649647639856,0.04,White_constantSy
2019-07-14,195,2019,KEF-1,0.11766470443421181,3.3759402595940458,-0.4343226487387506,0.04,White_constantSy
2019-07-15,196,2019,KEF-1,0.14435410194536633,3.207350141961358,0.4015024066728001,0.04,White_constantSy
2019-07-16,197,2019,KEF-1,0.02354777212179382,0.1526437081394949,0.4360505949053506,0.04,White_constantSy
2019-07-17,198,2019,KEF-1,0.2306802730594053,6.099353010926462,-0.33234618444133,0.04,White_constantSy
2019-07-18,199,2019,KEF-1,0.19381935021390864,4.6765230407107765,0.16896071463693918,0.04,White_constantSy
2019-07-19,200,2019,KEF-1,0.10747791360685739,2.7436256744479746,-0.05667783427653994,0.04,White_constantSy
2019-07-20,201,2019,KEF-1,0.1735825681569816,4.22873213436648,0.11083206955806002,0.04,White_constantSy
2019-07-21,202,2019,KEF-1,0.1281895981718012,3.806152548265379,-0.6014125939703492,0.04,White_constantSy
2019-07-22,203,2019,KEF-1,0.041457483341482124,1.380823422159244,-0.3443863386221908,0.04,White_constantSy
2019-07-23,204,2019,KEF-1,0.03691684140462524,1.4369180228857807,-0.5139969877701498,0.04,White_constantSy
2019-07-24,205,2019,KEF-1,-0.02698367714562924,-1.118891851245241,0.4442999226045101,0.04,White_constantSy
2019-07-25,206,2019,KEF-1,0.004215024125101614,-0.31167179772389986,0.4170474008514402,0.04,White_constantSy
2019-07-26,207,2019,KEF-1,0.14865325981663927,3.6046091701006215,0.11172232531535986,0.04,White_constantSy
2019-07-27,208,2019,KEF-1,0.12461337283904318,3.6441077909653785,-0.5287734699892992,0.04,White_constantSy
2019-07-28,209,2019,KEF-1,0.041341498592934976,-0.17675466056879507,1.2102921253921695,0.04,White_constantSy
2019-07-29,210,2019,KEF-1,0.05718103461228502,0.7017360673867259,0.7277897979203996,0.04,White_constantSy
2019-07-30,211,2019,KEF-1,0.08011120431393721,1.90497930874578,0.09780079910265016,0.04,White_constantSy
2019-07-31,212,2019,KEF-1,0.1394003277704892,4.168150817433901,-0.6831426231716708,0.04,White_constantSy
2019-08-01,213,2019,KEF-1,0.18897736069395207,4.602052103456991,0.12238191389181097,0.04,White_constantSy
2019-08-02,214,2019,KEF-1,0.08607372947451318,2.796233856888719,-0.6443906200258898,0.04,White_constantSy
2019-08-03,215,2019,KEF-1,0.15352911810227662,3.5559753343303253,0.28225261822659053,0.04,White_constantSy
2019-08-04,216,2019,KEF-1,0.14844014619462342,3.8920518906852664,-0.18104823581968077,0.04,White_constantSy
2019-08-05,217,2019,KEF-1,0.09900320346195603,2.140304420162341,0.33477566638655976,0.04,White_constantSy
2019-08-06,218,2019,KEF-1,0.13006421339179142,3.254103829655035,-0.002498494860249778,0.04,White_constantSy
2019-08-07,219,2019,KEF-1,0.11985023368996721,2.82882761979552,0.16742822245366007,0.04,White_constantSy
2019-08-08,220,2019,KEF-1,0.09787338044021276,2.2286406265013987,0.2181938845039202,0.04,White_constantSy
2019-08-09,221,2019,KEF-1,0.0769117960129217,1.3416784206960024,0.58111647962704,0.04,White_constantSy
2019-08-10,222,2019,KEF-1,0.11027354037064882,3.56999107146655,-0.8131525622003295,0.04,White_constantSy
2019-08-11,223,2019,KEF-1,0.0978516232957891,2.6184910404854485,-0.17220045809072104,0.04,White_constantSy
2019-08-12,224,2019,KEF-1,0.20171099631173278,5.1704556552202785,-0.12768074742695923,0.04,White_constantSy
2019-08-13,225,2019,KEF-1,0.06132462121726654,1.7740503958055438,-0.2409348653738803,0.04,White_constantSy
2019-08-14,226,2019,KEF-1,0.2142376478778669,5.430114040729022,-0.07417284378234967,0.04,White_constantSy
2019-08-15,227,2019,KEF-1,0.17076115523985208,3.851324544705303,0.4177043362909991,0.04,White_constantSy
2019-08-16,228,2019,KEF-1,0.17395769015078708,3.8766754380365356,0.4722668157331409,0.04,White_constantSy
2019-08-17,229,2019,KEF-1,0.13325925464322155,2.7866358756672085,0.54484549041333,0.04,White_constantSy
2019-08-18,230,2019,KEF-1,0.19542190394913767,5.122099033356122,-0.23655143462768002,0.04,White_constantSy
2019-08-19,231,2019,KEF-1,0.17342049575540222,4.935216919425066,-0.5997045255400106,0.04,White_constantSy
2019-08-20,232,2019,KEF-1,0.2195875739697491,5.552947842638698,-0.06325849339497047,0.04,White_constantSy
2019-08-21,233,2019,KEF-1,0.12478718146582793,2.1747353742789564,0.9449441623667418,0.04,White_constantSy
2019-08-22,234,2019,KEF-1,0.10966518582848167,2.9205851244437433,-0.1789554787317016,0.04,White_constantSy
2019-08-23,235,2019,KEF-1,0.09542216019877231,2.575063920075838,-0.18950991510653026,0.04,White_constantSy
2019-08-24,236,2019,KEF-1,0.2039664958617427,5.778875492305618,-0.6797130957620503,0.04,White_constantSy
2019-08-25,237,2019,KEF-1,0.22134580444058727,5.6806039972616915,-0.1469588862470097,0.04,White_constantSy
2019-08-26,238,2019,KEF-1,0.20301361848013344,4.786007518345016,0.2893329436583194,0.04,White_constantSy
2019-08-27,239,2019,KEF-1,0.06551337148599246,1.77997134766985,-0.14213706052003872,0.04,White_constantSy
2019-08-28,240,2019,KEF-1,0.21142053872821975,5.457734492111044,-0.17222102390554994,0.04,White_constantSy
2019-08-29,241,2019,KEF-1,0.025280608924554002,0.3290655684047401,0.30294965470910995,0.04,White_constantSy
2019-08-30,242,2019,KEF-1,0.17562262559604683,4.36408906848942,0.026476571411750527,0.04,White_constantSy
2019-08-31,243,2019,KEF-1,0.1298022639725081,2.8302088646356243,0.41484773467707825,0.04,White_constantSy
2019-09-01,244,2019,KEF-1,0.2075779740258097,5.29296632517563,-0.10351697453038788,0.04,White_constantSy
2019-09-02,245,2019,KEF-1,0.26137140211618354,7.009269542775009,-0.47498448987042075,0.04,White_constantSy
2019-09-03,246,2019,KEF-1,0.34819013789931524,7.754138993145421,0.95061445433746,0.04,White_constantSy
2019-09-04,247,2019,KEF-1,0.1389063486095248,5.4597840398617805,-1.9871253246236602,0.04,White_constantSy
2019-09-05,248,2019,KEF-1,0.051648297709733344,0.7895195470176635,0.5016878957256701,0.04,White_constantSy
2019-09-06,249,2019,KEF-1,0.2565248708098077,6.773076483554222,-0.35995471330902973,0.04,White_constantSy
2019-09-07,250,2019,KEF-1,0.185687279501863,2.6396616330849554,2.0025203544616197,0.04,White_constantSy
2019-09-08,251,2019,KEF-1,0.25588271771360377,7.273068572383323,-0.8760006295432294,0.04,White_constantSy
2019-09-09,252,2019,KEF-1,0.09567744344185862,1.7958476891817057,0.5960883968647597,0.04,White_constantSy
2019-09-10,253,2019,KEF-1,0.1901312263316661,5.751085242871683,-0.997804584580031,0.04,White_constantSy
2019-09-11,254,2019,KEF-1,0.07527305728344072,2.452320384985317,-0.5704939528992989,0.04,White_constantSy
2019-09-12,255,2019,KEF-1,0.33418844749908005,8.783994654996603,-0.42928346751960067,0.04,White_constantSy
2019-09-13,256,2019,KEF-1,0.17083131872394108,4.176574906144737,0.09420806195379061,0.04,White_constantSy
2019-09-14,257,2019,KEF-1,0.1842891022062498,3.694916639169305,0.9123109159869403,0.04,White_constantSy
2019-09-15,258,2019,KEF-1,0.2555886881224513,4.581775043951463,1.8079421591098193,0.04,White_constantSy
2019-09-16,259,2019,KEF-1,-0.04676722236174349,1.7580070515695425,-2.92718761061313,0.04,White_constantSy
2019-09-17,260,2019,KEF-1,-0.059620211583840864,-1.729773464052542,0.23926817445652038,0.04,White_constantSy
2019-09-18,261,2019,KEF-1,-0.2822281547400054,-5.005528013780884,-2.0501758547192503,0.04,White_constantSy
2019-09-19,262,2019,KEF-1,-0.3427071634124203,-11.086784316965398,2.5191052316548905,0.04,White_constantSy
2019-09-20,263,2019,KEF-1,0.019376867952901194,0.8773092848884207,-0.3928875860658909,0.04,White_constantSy
2019-09-21,264,2019,KEF-1,0.11274263233197779,3.0955185037501742,-0.27695269545072954,0.04,White_constantSy
2019-09-22,265,2019,KEF-1,-0.004949259269984552,-0.9190213923204631,0.7952899105708493,0.04,White_constantSy
2019-09-23,266,2019,KEF-1,0.08402059435079672,3.7021482028499975,-1.6016333440800796,0.04,White_constantSy
2019-09-24,267,2019,KEF-1,0.18386931519474703,4.451570588358656,0.1451622915100197,0.04,White_constantSy
2019-09-25,268,2019,KEF-1,0.07975841730516986,1.599738783079676,0.3942216495495705,0.04,White_constantSy
2019-09-26,269,2019,KEF-1,0.026466276595591226,0.1777129595833209,0.4839439553064597,0.04,White_constantSy
2019-09-27,270,2019,KEF-1,0.1580323264126011,1.8920664861084582,2.058741674206569,0.04,White_constantSy
2019-09-28,271,2019,KEF-1,0.08553013976442245,2.5337403290308202,-0.39548683492025916,0.04,White_constantSy
2019-09-29,272,2019,KEF-1,-0.09938619821313402,-1.862840496157201,-0.6218144591711496,0.04,White_constantSy
2019-09-30,273,2019,KEF-1,-0.1485490674849563,-2.911551709282257,-0.8021749778416503,0.04,White_constantSy
2019-10-01,274,2019,KEF-1,-0.11653822780964763,-2.524748773906861,-0.3887069213343297,0.04,White_constantSy
2019-10-02,275,2019,KEF-1,-0.026596739376763063,-0.22195289189495604,-0.4429655925241205,0.04,White_constantSy
2019-10-03,276,2019,KEF-1,-0.09289605803115769,-3.250582705316763,0.9281812545378205,0.04,White_constantSy
2019-10-04,277,2019,KEF-1,0.10781190224770516,4.657116030032819,-1.9618184738401903,0.04,White_constantSy
2019-10-05,278,2019,KEF-1,0.018403046235874677,0.4448354147083169,0.015240741188550011,0.04,White_constantSy
2019-10-06,279,2019,KEF-1,0.015647439954342028,0.2936857720236006,0.09750022683495008,0.04,White_constantSy
2019-10-07,280,2019,KEF-1,0.03692447659559509,0.5432763176639366,0.3798355972259406,0.04,White_constantSy
2019-10-08,281,2019,KEF-1,0.005322037941739701,-1.5112125919042168,1.6442635404477093,0.04,White_constantSy
2019-10-09,282,2019,KEF-1,-0.06016956479345364,-0.051841223131861014,-1.45239789670448,0.04,White_constantSy
2019-10-10,283,2019,KEF-1,-0.31563237333458605,-6.862774645693621,-1.0280346876710293,0.04,White_constantSy
2019-10-11,284,2019,KEF-1,-0.3907381011413025,-10.502729523154741,0.7342769946221797,0.04,White_constantSy
2019-10-12,285,2019,KEF-1,-0.18421211254458522,-4.6353574505133,0.030054636898669607,0.04,White_constantSy
2019-10-13,286,2019,KEF-1,-0.014878495956047217,-0.33413359319922087,-0.03782880570195957,0.04,White_constantSy
2019-10-14,287,2019,KEF-1,-0.15773837151912473,-2.852127931131358,-1.0913313568467604,0.04,White_constantSy
2019-10-15,288,2019,KEF-1,-0.052000632624506445,-1.6605635234228409,0.36054770781017975,0.04,White_constantSy
2019-10-16,289,2019,KEF-1,0.03229176393894189,-0.9464487836833833,1.7537428821569305,0.04,White_constantSy
2019-10-17,290,2019,KEF-1,-0.2559540829573944,-6.050739010378681,-0.34811306355617955,0.04,White_constantSy
2019-10-18,291,2019,KEF-1,-0.0443865006793871,0.3810261990967234,-1.4906887160814009,0.04,White_constantSy
2019-10-19,292,2019,KEF-1,-0.16486856004112965,-4.477106477323682,0.3553924762954406,0.04,White_constantSy
2019-10-20,293,2019,KEF-1,-0.06665190882832192,0.414805202153822,-2.08110292286187,0.04,White_constantSy
2021-06-06,157,2021,KEF-1,0.18870811764719442,3.693389122887301,1.0243138182925593,0.04,White_constantSy
2021-06-07,158,2021,KEF-1,0.11978525019426307,2.3177446442282967,0.67688661062828,0.04,White_constantSy
2021-06-08,159,2021,KEF-1,0.015067976453381498,1.427220083110857,-1.0505206717763196,0.04,White_constantSy
2021-06-09,160,2021,KEF-1,0.2046276319513236,5.72254935988278,-0.6068585610996902,0.04,White_constantSy
2021-06-10,161,2021,KEF-1,0.17968623152815355,4.705578494398619,-0.21342270619478,0.04,White_constantSy
2021-06-11,162,2021,KEF-1,0.1608840414788308,3.7751495407462805,0.24695149622449053,0.04,White_constantSy
2021-06-12,163,2021,KEF-1,0.1759783107740709,3.4711247512128027,0.9283330181389697,0.04,White_constantSy
2021-06-13,164,2021,KEF-1,0.1869159987147301,4.179604484056982,0.49329548381127,0.04,White_constantSy
2021-06-14,165,2021,KEF-1,0.15875665452119886,5.269727846566502,-1.3008114835365303,0.04,White_constantSy
2021-06-15,166,2021,KEF-1,0.13311464958268115,3.502268016572459,-0.1744017770054298,0.04,White_constantSy
2021-06-16,167,2021,KEF-1,0.23182781014626316,5.788396848223679,0.007298405432899724,0.04,White_constantSy
2021-06-17,168,2021,KEF-1,0.20569546768142322,3.8771911619076,1.26519553012798,0.04,White_constantSy
2021-06-18,169,2021,KEF-1,0.23590432067973002,5.63523886201446,0.2623691549787903,0.04,White_constantSy
2021-06-19,170,2021,KEF-1,0.2527676580086008,6.10330633362714,0.2158851165878799,0.04,White_constantSy
2021-06-20,171,2021,KEF-1,0.30639362985802243,8.21297394599052,-0.5531331995399595,0.04,White_constantSy
2021-06-21,172,2021,KEF-1,0.13923743344467687,3.125451884493902,0.35548395162301993,0.04,White_constantSy
2021-06-22,173,2021,KEF-1,0.0702789431538806,0.9079763054039454,0.8489972734430697,0.04,White_constantSy
2021-06-23,174,2021,KEF-1,0.3761129992434593,10.071615007856101,-0.6687900267696198,0.04,White_constantSy
2021-06-24,175,2021,KEF-1,0.2558611426809993,8.963428589069283,-2.5669000220443,0.04,White_constantSy
2021-06-25,176,2021,KEF-1,0.04826435797242727,-0.10381781334347817,1.31042676265416,0.04,White_constantSy
2021-06-26,177,2021,KEF-1,0.21037091500033278,4.07016111586494,1.1891117591433797,0.04,White_constantSy
2021-06-27,178,2021,KEF-1,0.3541294375624409,7.984068174433621,0.8691677646274005,0.04,White_constantSy
2021-06-28,179,2021,KEF-1,0.25792387829705005,5.460405284356561,0.9876916730696896,0.04,White_constantSy
2021-06-29,180,2021,KEF-1,0.41125474529191197,10.52255887828434,-0.24119024598654093,0.04,White_constantSy
2021-06-30,181,2021,KEF-1,0.28753180451770516,7.679146049754237,-0.49085093681160874,0.04,White_constantSy
2021-07-01,182,2021,KEF-1,0.3119324991698767,7.146875187523678,0.6514372917232398,0.04,White_constantSy
2021-07-02,183,2021,KEF-1,0.5272276543838019,13.356257890232518,-0.17556653063747074,0.04,White_constantSy
2021-07-03,184,2021,KEF-1,0.5115365150561827,13.246694250040015,-0.4582813736354492,0.04,White_constantSy
2021-07-06,187,2021,KEF-1,0.5249737874757424,12.757198614037742,0.36714607285582,0.04,White_constantSy
2021-07-07,188,2021,KEF-1,0.4544350137575029,10.970432817193982,0.39044252674358937,0.04,White_constantSy
2021-07-08,189,2021,KEF-1,0.5072413549992731,12.334133292606358,0.3469005823754703,0.04,White_constantSy
2021-07-09,190,2021,KEF-1,0.6171658552165913,16.34374342516872,-0.9145970447539398,0.04,White_constantSy
2021-07-10,191,2021,KEF-1,0.6733145560970327,16.151262007243258,0.6816018951825598,0.04,White_constantSy
2021-07-11,192,2021,KEF-1,0.7577496932682807,18.256536575673717,0.6872057560333005,0.04,White_constantSy
2021-07-12,193,2021,KEF-1,0.8076690712990595,19.4631946552434,0.7285321272330894,0.04,White_constantSy
2021-07-13,194,2021,KEF-1,0.6888593804286472,17.6495122765392,-0.4280277658230194,0.04,White_constantSy
2021-07-14,195,2021,KEF-1,0.682161140452032,16.555986099321302,0.4980424119794993,0.04,White_constantSy
2021-07-15,196,2021,KEF-1,0.7681045440994003,20.038695113325716,-0.8360815108407085,0.04,White_constantSy
2021-07-16,197,2021,KEF-1,0.5849731381543264,14.08058676748855,0.543741686369609,0.04,White_constantSy
2021-07-17,198,2021,KEF-1,0.6573523451798091,16.71734380413702,-0.28353517464179046,0.04,White_constantSy
2021-07-18,199,2021,KEF-1,0.8887088783359606,22.638511731529555,-0.4207897731305392,0.04,White_constantSy
2021-07-19,200,2021,KEF-1,0.7149358690223261,18.417722911085463,-0.5443261855273107,0.04,White_constantSy
2021-07-20,201,2021,KEF-1,0.72725665000194,16.6888384538115,1.4925777962370006,0.04,White_constantSy
2021-07-21,202,2021,KEF-1,0.7161978227895057,17.42007456753042,0.48487100220721935,0.04,White_constantSy
2021-07-22,203,2021,KEF-1,0.653128864104808,16.5913855533912,-0.2631639507709984,0.04,White_constantSy
2021-07-23,204,2021,KEF-1,0.7839969599408926,19.903728463746607,-0.3038044652242906,0.04,White_constantSy
2021-07-24,205,2021,KEF-1,0.9226834943584012,22.167826628510284,0.8992607304497486,0.04,White_constantSy
2021-07-25,206,2021,KEF-1,0.7149639989198279,19.659563164845657,-1.78546319184996,0.04,White_constantSy
2021-07-26,207,2021,KEF-1,0.49974587161347667,16.882344252969595,-4.388697462632679,0.04,White_constantSy
2021-07-27,208,2021,KEF-1,-0.040194075496380786,-0.9634925249784594,-0.0413593624310602,0.04,White_constantSy
2021-07-28,209,2021,KEF-1,0.18834194679208716,4.558249628123819,0.15029904167836028,0.04,White_constantSy
2021-07-29,210,2021,KEF-1,0.07228753078896881,1.4182274295237,0.38896084020052024,0.04,White_constantSy
2021-07-30,211,2021,KEF-1,0.1107024822683369,3.0162955450929623,-0.24873348838454,0.04,White_constantSy
2021-07-31,212,2021,KEF-1,0.14755889305760692,1.821578451138003,1.8673938753021697,0.04,White_constantSy
2021-08-01,213,2021,KEF-1,0.4597682907914093,10.545254852696221,0.9489524170890107,0.04,White_constantSy
2021-08-02,214,2021,KEF-1,0.48283434019757177,10.037400957203284,2.0334575477360097,0.04,White_constantSy
2021-08-03,215,2021,KEF-1,0.7063549933475047,16.117915361460483,1.5409594722271382,0.04,White_constantSy
2021-08-04,216,2021,KEF-1,0.7375924662702726,17.557127892820674,0.8826837639361411,0.04,White_constantSy
2021-08-05,217,2021,KEF-1,0.6155888633073804,14.99679703597182,0.39292454671269006,0.04,White_constantSy
2021-08-06,218,2021,KEF-1,0.51695927374638,16.40548842008406,-3.48150657642456,0.04,White_constantSy
2021-08-07,219,2021,KEF-1,0.709863141512301,14.951671314694797,2.7949072231127294,0.04,White_constantSy
2021-08-08,220,2021,KEF-1,0.4642631622086606,11.196751724644493,0.40982733057202125,0.04,White_constantSy
2021-08-09,221,2021,KEF-1,0.5683146489228065,13.939364964813063,0.2685012582570998,0.04,White_constantSy
2021-08-10,222,2021,KEF-1,0.6061746582147884,16.78487208803178,-1.6305056326620697,0.04,White_constantSy
2021-08-11,223,2021,KEF-1,0.702575567756981,17.197665630424208,0.36672356350031876,0.04,White_constantSy
2021-08-12,224,2021,KEF-1,0.5203751881307562,13.318167166262274,-0.3087874629933687,0.04,White_constantSy
2021-08-13,225,2021,KEF-1,0.624754328651362,16.381035837643022,-0.7621776213589708,0.04,White_constantSy
2021-08-14,226,2021,KEF-1,0.5185986453135816,12.385620214558918,0.5793459182806213,0.04,White_constantSy
2021-08-15,227,2021,KEF-1,0.5899002151531437,14.142773648548623,0.6047317302799691,0.04,White_constantSy
2021-08-16,228,2021,KEF-1,0.5327300385523023,10.174189352775908,3.144061611031649,0.04,White_constantSy
2021-08-17,229,2021,KEF-1,0.44457327764215027,10.807054267427695,0.30727767362606073,0.04,White_constantSy
2021-08-18,230,2021,KEF-1,0.2944523465466575,11.134289669932016,-3.7729810062655798,0.04,White_constantSy
2021-08-19,231,2021,KEF-1,0.4540065546410187,11.486308315893718,-0.13614444986825092,0.04,White_constantSy
2021-08-20,232,2021,KEF-1,0.452422744888884,10.356034507498858,0.9545341147232413,0.04,White_constantSy
2021-08-21,233,2021,KEF-1,0.40344897523003376,9.591696980030285,0.4945274007205587,0.04,White_constantSy
2021-08-22,234,2021,KEF-1,0.3730751220000321,9.482480318255092,-0.1556022682542899,0.04,White_constantSy
2021-08-23,235,2021,KEF-1,0.4749240302414179,10.990422602574057,0.8826781534613897,0.04,White_constantSy
2021-08-24,236,2021,KEF-1,0.6069431377102652,15.579596402871168,-0.4060179601145393,0.04,White_constantSy
2021-08-25,237,2021,KEF-1,0.4274264090395044,10.83988770156984,-0.15422747558223016,0.04,White_constantSy
2021-08-26,238,2021,KEF-1,0.5077751370619401,12.662855330967183,0.031523095581320604,0.04,White_constantSy
2021-08-27,239,2021,KEF-1,0.4062949239794007,10.142216416527418,0.015156682957599088,0.04,White_constantSy
2021-08-28,240,2021,KEF-1,0.4087115376579372,11.070538540121099,-0.8527500986726686,0.04,White_constantSy
2021-08-29,241,2021,KEF-1,0.5966055665620705,13.682825926409285,1.2323132376424795,0.04,White_constantSy
2021-08-30,242,2021,KEF-1,0.5180330008426219,12.379768817919178,0.5710562031463695,0.04,White_constantSy
2021-08-31,243,2021,KEF-1,0.40353939385548926,8.097820435743241,1.9906644106439906,0.04,White_constantSy
2021-09-01,244,2021,KEF-1,0.3954816261039807,10.273460736221228,-0.38642008362171154,0.04,White_constantSy
2021-09-02,245,2021,KEF-1,0.5085182011869444,15.289151162862048,-2.5761961331884393,0.04,White_constantSy
2021-09-03,246,2021,KEF-1,0.5105674242255487,14.389349258674855,-1.6251636530361395,0.04,White_constantSy
2021-09-04,247,2021,KEF-1,0.4654254561875672,12.009649583037419,-0.374013178348239,0.04,White_constantSy
2021-09-05,248,2021,KEF-1,0.4099189926991965,10.004883953074984,0.24309086440492855,0.04,White_constantSy
2021-09-06,249,2021,KEF-1,0.4243360373782473,10.734270631968833,-0.1258696975126501,0.04,White_constantSy
2021-09-07,250,2021,KEF-1,0.4936208338479192,12.63959578075703,-0.29907493455904977,0.04,White_constantSy
2021-09-08,251,2021,KEF-1,0.42249731028302767,9.792238661936281,0.7701940951394111,0.04,White_constantSy
2021-09-09,252,2021,KEF-1,0.478262496900512,10.63369897732932,1.3228634451834793,0.04,White_constantSy
2021-09-10,253,2021,KEF-1,0.4537172920041633,16.20857773863198,-4.8656454385279,0.04,White_constantSy
2021-09-11,254,2021,KEF-1,0.06865814201386612,1.6124032038142229,0.10405034653243028,0.04,White_constantSy
2021-09-12,255,2021,KEF-1,0.17871732164801654,3.297347103955083,1.1705859372453302,0.04,White_constantSy
2021-09-13,256,2021,KEF-1,0.28295526163408047,7.6161210032787015,-0.5422394624266902,0.04,White_constantSy
2021-09-14,257,2021,KEF-1,0.32632633488673035,7.8427702843892995,0.31538808777895877,0.04,White_constantSy
2021-09-15,258,2021,KEF-1,0.4047676136593167,9.250837494461095,0.8683528470218214,0.04,White_constantSy
2021-09-16,259,2021,KEF-1,0.3549580169627744,9.485422565663939,-0.6114721415945796,0.04,White_constantSy
2021-09-17,260,2021,KEF-1,0.3154763977427269,8.186102479442043,-0.2991925358738712,0.04,White_constantSy
2021-09-18,261,2021,KEF-1,0.22751090863165882,5.849324101017599,-0.16155138522612855,0.04,White_constantSy
2021-09-19,262,2021,KEF-1,0.040696957083455595,2.5535117377639907,-1.5360878106776008,0.04,White_constantSy
2021-09-20,263,2021,KEF-1,0.1343116761525208,3.8600112805511397,-0.50221937673812,0.04,White_constantSy
2021-09-21,264,2021,KEF-1,0.1309012882768007,3.051118838693098,0.22141336822691926,0.04,White_constantSy
2021-09-22,265,2021,KEF-1,0.20017572158270225,4.859613314624395,0.14477972494316038,0.04,White_constantSy
2021-09-23,266,2021,KEF-1,0.16577767712872987,3.978285630756057,0.16615629746218996,0.04,White_constantSy
2021-09-24,267,2021,KEF-1,0.2628636337799772,6.6250190351226,-0.05342819062316995,0.04,White_constantSy
2021-09-25,268,2021,KEF-1,0.13420415271257546,2.8192261117502966,0.53587770606409,0.04,White_constantSy
2021-09-26,269,2021,KEF-1,0.28214550016704604,6.882022749106621,0.1716147550695295,0.04,White_constantSy
2021-09-27,270,2021,KEF-1,0.30123129895410045,6.04416653773896,1.4866159361135507,0.04,White_constantSy
2021-09-28,271,2021,KEF-1,0.4687889824517356,13.743325893477419,-2.02360133218403,0.04,White_constantSy
2021-09-29,272,2021,KEF-1,0.11656414435783137,3.618057991762324,-0.7039543828165398,0.04,White_constantSy
2021-09-30,273,2021,KEF-1,0.10491342562080604,3.020204135534101,-0.39736849501395,0.04,White_constantSy
2021-10-01,274,2021,KEF-1,0.1055729832093902,2.577300895073585,0.06202368516116952,0.04,White_constantSy
2021-10-02,275,2021,KEF-1,0.130988454269378,3.70912401073866,-0.4344126540042099,0.04,White_constantSy
2021-10-03,276,2021,KEF-1,0.03091848017960647,0.28115223405930223,0.4918097704308595,0.04,White_constantSy
2021-10-04,277,2021,KEF-1,-0.050845889682954,-1.5081926248449005,0.23704538277105058,0.04,White_constantSy
2021-10-05,278,2021,KEF-1,0.10067857967095326,1.7308414403476213,0.7861230514262099,0.04,White_constantSy
2021-10-06,279,2021,KEF-1,0.03015044001861039,0.9183378132700799,-0.16457681280482017,0.04,White_constantSy
2021-10-07,280,2021,KEF-1,0.03081195793007602,2.1029700977511006,-1.3326711494992,0.04,White_constantSy
2021-10-08,281,2021,KEF-1,0.5873038005276839,13.20811877635212,1.4744762368399797,0.04,White_constantSy
2021-10-09,282,2021,KEF-1,-0.09408078194460619,-1.2573873080154048,-1.0946322405997497,0.04,White_constantSy
2021-10-10,283,2021,KEF-1,0.07674229215550803,0.3654350087494205,1.5531222951382802,0.04,White_constantSy
2021-10-11,284,2021,KEF-1,0.0960653255419916,2.6677135833963597,-0.2660804448465699,0.04,White_constantSy
2021-10-12,285,2021,KEF-1,-0.08082152351627872,-1.3736636809678782,-0.6468744069390899,0.04,White_constantSy
2021-10-13,286,2021,KEF-1,-0.0744622318953524,-2.1505377387611997,0.28898194137739,0.04,White_constantSy
2021-10-14,287,2021,KEF-1,-0.0527673942922325,0.8156893992356977,-2.13487425654151,0.04,White_constantSy
2021-10-15,288,2021,KEF-1,-0.2470568738269641,-5.991808245548582,-0.18461360012551964,0.04,White_constantSy
2021-10-16,289,2021,KEF-1,0.08274663892356605,0.7134957754867814,1.3551701976023698,0.04,White_constantSy
2021-10-17,290,2021,KEF-1,0.04240886888685985,-0.9217010553239433,1.9819227774954395,0.04,White_constantSy
2021-10-18,291,2021,KEF-1,-0.038878443034663736,0.9837228205685964,-1.9556838964351897,0.04,White_constantSy
2021-10-19,292,2021,KEF-1,-0.05924640161264016,-1.6645267985740837,0.1833667582580798,0.04,White_constantSy
2021-10-20,293,2021,KEF-1,-0.2786240991419582,-2.8328854501840244,-4.1327170283649295,0.04,White_constantSy
2021-10-21,294,2021,KEF-1,0.14548141289848998,2.7106719855161794,0.92636333694607,0.04,White_constantSy
2021-10-22,295,2021,KEF-1,-0.4768813137382172,-14.261428126953358,2.3393952834979297,0.04,White_constantSy
2021-10-23,296,2021,KEF-1,-0.07066282364170409,-0.2835020924738423,-1.4830684985687599,0.04,White_constantSy
2021-10-24,297,2021,KEF-1,0.0034603422798163397,0.40537386741449843,-0.31886531041908994,0.04,White_constantSy
2021-10-25,298,2021,KEF-1,-0.3674496225583669,-8.349416988771422,-0.8368235751877502,0.04,White_constantSy
2021-10-26,299,2021,KEF-1,-0.18376890942125162,-3.3943333724817006,-1.19988936304959,0.04,White_constantSy
2021-10-27,300,2021,KEF-1,-0.025201436835927602,0.6053473467677399,-1.23538326766593,0.04,White_constantSy
2021-10-28,301,2021,KEF-1,-0.010970811325543629,-1.1378864072245807,0.86361612408599,0.04,White_constantSy
2021-10-29,302,2021,KEF-1,-0.0647670760669052,-3.4268255611695597,1.8076486594969299,0.04,White_constantSy
2021-10-30,303,2021,KEF-1,-0.09064482474509244,-2.398893589704121,0.13277297107680996,0.04,White_constantSy
2021-10-31,304,2021,KEF-1,0.014713694615067557,0.8307318489993589,-0.46288948362267,0.04,White_constantSy
2021-11-01,305,2021,KEF-1,0.084115665523236,2.21428351370358,-0.11139187562267994,0.04,White_constantSy
2021-11-02,306,2021,KEF-1,0.07100884848612479,3.1961073341300397,-1.42088612197692,0.04,White_constantSy
2021-11-03,307,2021,KEF-1,-0.0470138297426892,-2.22825042150348,1.05290467793625,0.04,White_constantSy
2021-11-04,308,2021,KEF-1,-0.116919184303208,-2.8029083735316,-0.12007123404859998,0.04,White_constantSy
2021-11-05,309,2021,KEF-1,-0.013751683071659998,-1.3640515655421,1.0202594887506,0.04,White_constantSy
2021-11-06,310,2021,KEF-1,-0.06577531218261486,-2.006408458569421,0.36202565400404985,0.04,White_constantSy
2021-11-07,311,2021,KEF-1,-0.025482850433860005,-0.5082184321359602,-0.12885282871053994,0.04,White_constantSy
2021-11-08,312,2021,KEF-1,0.08288503050969276,1.4404265741070588,0.6316991886352599,0.04,White_constantSy
2021-11-09,313,2021,KEF-1,0.12940754998821474,6.6068022333893985,-3.3716134836840297,0.04,White_constantSy
2021-11-10,314,2021,KEF-1,-0.2328147049091944,-5.4875423796569995,-0.3328252430728602,0.04,White_constantSy
2021-11-11,315,2021,KEF-1,0.01732390568540919,0.3603544829179195,0.07274315921731023,0.04,White_constantSy
2021-11-12,316,2021,KEF-1,-0.15313658479047318,-4.259751647238359,0.4313370274765299,0.04,White_constantSy
2021-11-13,317,2021,KEF-1,0.21142293123623077,-2.5453371626703,7.8309104435760695,0.04,White_constantSy
2024-06-03,155,2024,KEF-1,-0.13789463199383759,-3.7019892770079004,0.2546234771619611,0.04,White_constantSy
2024-06-04,156,2024,KEF-1,-0.06933584471837342,-1.1480134630712353,-0.5853826548881003,0.04,White_constantSy
2024-06-05,157,2024,KEF-1,0.02023989203895756,-0.0015351684723601267,0.507532469446299,0.04,White_constantSy
2024-06-06,158,2024,KEF-1,0.017645960067652205,0.28807888187141373,0.15307011981989138,0.04,White_constantSy
2024-06-07,159,2024,KEF-1,0.04862805252221897,0.41504363055510574,0.8006576825003684,0.04,White_constantSy
2024-06-08,160,2024,KEF-1,0.04383419523739328,0.9630481762861702,0.13280670464866162,0.04,White_constantSy
2024-06-09,161,2024,KEF-1,0.024803902973963652,1.2124115020291821,-0.5923139276800908,0.04,White_constantSy
2024-06-10,162,2024,KEF-1,0.09509447486126345,2.5789122454025364,-0.20155037387095032,0.04,White_constantSy
2024-06-11,163,2024,KEF-1,0.07196745002269105,1.3379840080013352,0.4612022425659408,0.04,White_constantSy
2024-06-12,164,2024,KEF-1,0.13269033751814802,2.8449959816128807,0.47226245634082,0.04,White_constantSy
2024-06-13,165,2024,KEF-1,0.10951854574564333,3.300485699343964,-0.5625220557028809,0.04,White_constantSy
2024-06-14,166,2024,KEF-1,0.0912728733064878,1.485689822763474,0.796132009898721,0.04,White_constantSy
2024-06-15,167,2024,KEF-1,0.15100847455345048,3.943070486829841,-0.16785862299357923,0.04,White_constantSy
2024-06-16,168,2024,KEF-1,0.10506510427401168,1.1844375869643038,1.442190019885988,0.04,White_constantSy
2024-06-17,169,2024,KEF-1,-0.07577451562237819,-0.7702278881797859,-1.1241350023796688,0.04,White_constantSy
2024-06-18,170,2024,KEF-1,-0.01577768940931179,-0.3356126260793957,-0.058829609153399076,0.04,White_constantSy
2024-06-19,171,2024,KEF-1,0.020645633081328045,0.037168657028942675,0.4789721700042584,0.04,White_constantSy
2024-06-20,172,2024,KEF-1,0.22089781698969801,5.4949569145492205,0.027488510193229843,0.04,White_constantSy
2024-06-21,173,2024,KEF-1,0.14931538656544846,3.4894560900628804,0.24342857407333085,0.04,White_constantSy
2024-06-22,174,2024,KEF-1,0.3355629377039614,7.7064208022374245,0.68265264036161,0.04,White_constantSy
2024-06-23,175,2024,KEF-1,0.4715269832822614,10.724065064399156,1.0641095176573785,0.04,White_constantSy
2024-06-24,176,2024,KEF-1,0.6085902381245621,14.723167049191911,0.4915889039221426,0.04,White_constantSy
2024-06-25,177,2024,KEF-1,0.5139727901505771,13.139041285203188,-0.28972153143876156,0.04,White_constantSy
2024-06-26,178,2024,KEF-1,0.48456415235444383,11.076421357172695,1.0376824516884007,0.04,White_constantSy
2024-06-27,179,2024,KEF-1,0.3997274125223513,9.613450400923142,0.37973491213563904,0.04,White_constantSy
2024-06-28,180,2024,KEF-1,0.029475833445447394,0.17680836455622284,0.560087471579962,0.04,White_constantSy
2024-06-29,181,2024,KEF-1,0.11172282897844354,3.413898807839999,-0.6208280833789104,0.04,White_constantSy
2024-06-30,182,2024,KEF-1,0.15779938970200852,4.7726727016670445,-0.8276879591168314,0.04,White_constantSy
2024-07-01,183,2024,KEF-1,-0.023912824783010506,-1.237078415920923,0.6392577963456603,0.04,White_constantSy
2024-07-02,184,2024,KEF-1,0.07805086348329787,1.9491766319710173,0.0020949551114295417,0.04,White_constantSy
2024-07-03,185,2024,KEF-1,-0.018673723774908807,-0.5579168072791809,0.09107371290646071,0.04,White_constantSy
2024-07-04,186,2024,KEF-1,0.0951844836858632,2.4644738212917012,-0.08486172914512125,0.04,White_constantSy
2024-07-05,187,2024,KEF-1,0.17531380903756913,3.120730551314576,1.2621146746246517,0.04,White_constantSy
2024-07-06,188,2024,KEF-1,0.13267692699585765,1.6908462722466027,1.6260769026498387,0.04,White_constantSy
2024-07-07,189,2024,KEF-1,0.23764229908897605,4.658923086325139,1.2821343908992624,0.04,White_constantSy
2024-07-08,190,2024,KEF-1,0.22632756133155127,4.518957522113354,1.1392315111754279,0.04,White_constantSy
2024-07-09,191,2024,KEF-1,0.1181588655637863,2.548036492748217,0.40593514634644023,0.04,White_constantSy
2024-07-10,192,2024,KEF-1,0.25278205800231207,6.346871165930111,-0.027319715872309303,0.04,White_constantSy
2024-07-11,193,2024,KEF-1,0.13677562224680925,3.667293938873705,-0.24790338270347334,0.04,White_constantSy
2024-07-12,194,2024,KEF-1,-0.02298367171893872,4.526493647932739,-5.101085440906207,0.04,White_constantSy
2024-07-15,197,2024,KEF-1,-0.1789900335952261,-3.007025172966472,-1.4677256669141805,0.04,White_constantSy
2024-07-16,198,2024,KEF-1,0.16636121854964608,1.8182111637642606,2.340819299976891,0.04,White_constantSy
2024-07-17,199,2024,KEF-1,0.07084931366876603,2.3453591103521525,-0.5741262686330018,0.04,White_constantSy
2024-07-18,200,2024,KEF-1,-0.07095047612052284,-1.8997643118709213,0.1260024088578504,0.04,White_constantSy
2024-07-19,201,2024,KEF-1,0.01992646350546302,-0.22889378049485387,0.7270553681314293,0.04,White_constantSy
2024-07-20,202,2024,KEF-1,0.07956490934931751,0.5642168848418372,1.4249058488911004,0.04,White_constantSy
2024-07-21,203,2024,KEF-1,0.13392228003351705,2.047677944704084,1.300379056133842,0.04,White_constantSy
2024-07-22,204,2024,KEF-1,0.24812018050641854,5.581218967949287,0.6217855447111766,0.04,White_constantSy
2024-07-23,205,2024,KEF-1,0.11901530066708048,3.0039557096430016,-0.02857319296598959,0.04,White_constantSy
2024-07-24,206,2024,KEF-1,0.10076248785978961,1.7444256729600482,0.7746365235346921,0.04,White_constantSy
2024-07-25,207,2024,KEF-1,0.1826613750471965,2.7535902351594643,1.8129441410204485,0.04,White_constantSy
2024-07-26,208,2024,KEF-1,0.17415624979794758,1.770532309357307,2.583373935591382,0.04,White_constantSy
2024-07-27,209,2024,KEF-1,0.15150027206888667,4.665134170993568,-0.8776273692714014,0.04,White_constantSy
2024-07-28,210,2024,KEF-1,0.10651823877919497,2.6525003419362037,0.010455627543670687,0.04,White_constantSy
2024-07-29,211,2024,KEF-1,0.22797568089930478,5.93190986297143,-0.23251784048881063,0.04,White_constantSy
2024-07-30,212,2024,KEF-1,0.22249430073281048,4.721355981413524,0.8410015369067381,0.04,White_constantSy
2024-07-31,213,2024,KEF-1,0.4085335122143974,10.032225787358584,0.18111201800135035,0.04,White_constantSy
2024-08-01,214,2024,KEF-1,0.345453707145941,9.512078466403963,-0.8757357877554384,0.04,White_constantSy
2024-08-02,215,2024,KEF-1,0.365927867063391,10.318223257090864,-1.1700265805060894,0.04,White_constantSy
2024-08-03,216,2024,KEF-1,-0.012815040421842241,5.739298287763695,-6.059674298309751,0.04,White_constantSy
2024-08-04,217,2024,KEF-1,-0.13920930422516903,-6.022134102775567,2.541901497146341,0.04,White_constantSy
2024-08-05,218,2024,KEF-1,0.10621115685987746,2.7970060194124855,-0.14172709791554894,0.04,White_constantSy
2024-08-06,219,2024,KEF-1,0.11934163580519254,3.135132253359906,-0.1515913582300925,0.04,White_constantSy
2024-08-07,220,2024,KEF-1,0.19512840378159355,4.040142463359288,0.8380676311805502,0.04,White_constantSy
2024-08-08,221,2024,KEF-1,0.12424610749991956,2.6543897571662995,0.45176293033168946,0.04,White_constantSy
2024-08-09,222,2024,KEF-1,0.20135934515097476,4.603704353330997,0.43027927544337174,0.04,White_constantSy
2024-08-10,223,2024,KEF-1,0.19164080885680349,4.808662542576059,-0.01764232115597153,0.04,White_constantSy
2024-08-11,224,2024,KEF-1,0.10103049601026698,1.9021269028055343,0.62363549745114,0.04,White_constantSy
2024-08-12,225,2024,KEF-1,0.1789111648896828,3.3144340063610898,1.15834511588098,0.04,White_constantSy
2024-08-13,226,2024,KEF-1,0.291474702217286,7.90990740411317,-0.6230398486810209,0.04,White_constantSy
2024-08-14,227,2024,KEF-1,0.23122233651374488,7.0583491476607705,-1.2777907348171489,0.04,White_constantSy
2024-08-15,228,2024,KEF-1,0.07412216009134838,2.031753191669928,-0.17869918938621865,0.04,White_constantSy
2024-08-16,229,2024,KEF-1,0.13897692422819005,2.881062835467361,0.5933602702373904,0.04,White_constantSy
2024-08-17,230,2024,KEF-1,0.1144628126369922,4.184383383389758,-1.3228130674649528,0.04,White_constantSy
2024-08-18,231,2024,KEF-1,0.25226196008820595,5.744287040222339,0.5622619619828093,0.04,White_constantSy
2024-08-19,232,2024,KEF-1,0.2345128762111898,6.495374710118142,-0.6325528048383973,0.04,White_constantSy
2024-08-20,233,2024,KEF-1,0.29553495195600094,7.0951253570047825,0.2932484418952406,0.04,White_constantSy
2024-08-21,234,2024,KEF-1,0.24857271250790716,6.097026072751511,0.11729173994616815,0.04,White_constantSy
2024-08-22,235,2024,KEF-1,0.2177846217382894,3.7017559040560144,1.742859639401221,0.04,White_constantSy
2024-08-23,236,2024,KEF-1,0.23920501416316853,8.173262683837734,-2.193137329758521,0.04,White_constantSy
2024-08-24,237,2024,KEF-1,0.16715147654992685,6.366707211592669,-2.1879202978444976,0.04,White_constantSy
2024-08-25,238,2024,KEF-1,-0.11821835676651958,-1.28671349070083,-1.6687454284621595,0.04,White_constantSy
2024-08-26,239,2024,KEF-1,0.19179287512456264,4.191292690225268,0.6035291878887978,0.04,White_constantSy
2024-08-27,240,2024,KEF-1,0.27132319542575817,6.200878084183614,0.5822018014603394,0.04,White_constantSy
2024-08-28,241,2024,KEF-1,0.15640806353024425,3.7058317051915743,0.20436988306453152,0.04,White_constantSy
2024-08-29,242,2024,KEF-1,0.21458922959715898,5.964980211881954,-0.6002494719529796,0.04,White_constantSy
2024-08-30,243,2024,KEF-1,0.19810924760704368,5.467666629788702,-0.5149354396126107,0.04,White_constantSy
2024-08-31,244,2024,KEF-1,0.19992084124540788,4.751863314935889,0.24615771619930804,0.04,White_constantSy
2024-09-01,245,2024,KEF-1,0.1308624404273848,2.1459285018874077,1.1256325087972119,0.04,White_constantSy
2024-09-02,246,2024,KEF-1,0.26012748245131795,6.3240264532933175,0.17916060798963152,0.04,White_constantSy
2024-09-03,247,2024,KEF-1,0.1448497871601547,4.651595625658089,-1.030350946654222,0.04,White_constantSy
2024-09-04,248,2024,KEF-1,0.1596470024298489,4.603600390227292,-0.61242532948107,0.04,White_constantSy
2024-09-05,249,2024,KEF-1,0.23606374739566982,6.457965327742375,-0.55637164285063,0.04,White_constantSy
2024-09-06,250,2024,KEF-1,0.159870365595481,3.489814617073616,0.5069445228134093,0.04,White_constantSy
2024-09-07,251,2024,KEF-1,0.24062451444100716,4.888510207505039,1.12710265352014,0.04,White_constantSy
2024-09-08,252,2024,KEF-1,0.2553567320123594,6.955033032182456,-0.57111473187347,0.04,White_constantSy
2024-09-09,253,2024,KEF-1,0.26750654429417203,6.660152449303801,0.027511158050499418,0.04,White_constantSy
2024-09-10,254,2024,KEF-1,0.2608843067726223,5.165504430048475,1.3566032392670824,0.04,White_constantSy
2024-09-11,255,2024,KEF-1,0.15847162067934292,3.878414411520126,0.0833761054634472,0.04,White_constantSy
2024-09-12,256,2024,KEF-1,0.04152289785558651,1.4959104405832697,-0.45783799419360705,0.04,White_constantSy
2024-09-13,257,2024,KEF-1,0.0890853516046674,2.614109815450437,-0.38697602533375175,0.04,White_constantSy
2024-09-14,258,2024,KEF-1,0.18526207194108424,4.129496189491686,0.5020556090354198,0.04,White_constantSy
2024-09-15,259,2024,KEF-1,0.24374215812051903,5.182501492065594,0.9110524609473813,0.04,White_constantSy
2024-09-16,260,2024,KEF-1,0.000213547726055765,1.8554452522327232,-1.850106559081329,0.04,White_constantSy
2024-09-17,261,2024,KEF-1,0.050048648591649536,2.6156291445737487,-1.3644129297825103,0.04,White_constantSy
2024-09-18,262,2024,KEF-1,-0.00519086386974152,0.16261978840116242,-0.2923913851447004,0.04,White_constantSy
2024-09-19,263,2024,KEF-1,-0.02177960007286899,-1.2105177148584048,0.6660277130366801,0.04,White_constantSy
2024-09-20,264,2024,KEF-1,0.11086472403057088,2.117328043140553,0.6542900576237187,0.04,White_constantSy
2024-09-21,265,2024,KEF-1,0.1089908557850876,2.97012223686437,-0.24535084223717973,0.04,White_constantSy
2024-09-22,266,2024,KEF-1,0.044390447239977676,1.743704877142381,-0.6339436961429392,0.04,White_constantSy
2024-09-23,267,2024,KEF-1,0.02806922144436328,0.6005630835080531,0.10116745260102888,0.04,White_constantSy
2024-09-24,268,2024,KEF-1,-0.0225491369650328,-1.6216020455868119,1.0578736214609918,0.04,White_constantSy
2024-09-25,269,2024,KEF-1,0.15886647898480605,4.189309863867784,-0.21764788924763323,0.04,White_constantSy
2024-09-26,270,2024,KEF-1,-0.06788626840994155,-1.0301587741064502,-0.6669979361420886,0.04,White_constantSy
2024-09-27,271,2024,KEF-1,0.020348454043487153,0.20790680506482673,0.30080454602235207,0.04,White_constantSy
2024-09-28,272,2024,KEF-1,0.04727027450972173,0.7694484700891948,0.41230839265384844,0.04,White_constantSy
2024-09-29,273,2024,KEF-1,0.11752024055817231,4.124116235558638,-1.1861102216043307,0.04,White_constantSy
2024-09-30,274,2024,KEF-1,0.14795303131591517,5.049748543426368,-1.3509227605284888,0.04,White_constantSy
2024-10-01,275,2024,KEF-1,0.17834512575996697,4.1288022204174055,0.3298259235817689,0.04,White_constantSy
2024-10-02,276,2024,KEF-1,0.14266898452537086,2.46739517605722,1.099329437077051,0.04,White_constantSy
2024-10-03,277,2024,KEF-1,0.06367749560297391,1.8112552769153467,-0.21931788684099907,0.04,White_constantSy
2024-10-04,278,2024,KEF-1,0.06649315530464947,2.4854093817993075,-0.8230804991830709,0.04,White_constantSy
2024-10-05,279,2024,KEF-1,0.04058406384812947,1.5153177661687778,-0.5007161699655409,0.04,White_constantSy
2024-10-06,280,2024,KEF-1,0.061403694270525055,1.650875968600495,-0.11578361183736874,0.04,White_constantSy
2024-10-07,281,2024,KEF-1,0.08283269200789896,1.1060194011996636,0.9647978989978103,0.04,White_constantSy
2024-10-08,282,2024,KEF-1,0.04398673444845926,0.8102355966219115,0.28943276458957,0.04,White_constantSy
2024-10-09,283,2024,KEF-1,0.08236798057922691,2.5390622763925244,-0.4798627619118516,0.04,White_constantSy
2024-10-10,284,2024,KEF-1,0.11602892790945375,2.9273675535016146,-0.02664435576527069,0.04,White_constantSy
2024-10-11,285,2024,KEF-1,0.14873503414795486,4.477674611309389,-0.7592987576105177,0.04,White_constantSy
2024-10-12,286,2024,KEF-1,0.05885423732864588,1.377567411941527,0.0937885212746199,0.04,White_constantSy
2024-10-13,287,2024,KEF-1,0.06657020275670845,1.5824490346212023,0.08180603429650901,0.04,White_constantSy
2024-10-14,288,2024,KEF-1,0.1354419220090719,3.1659902148376773,0.22005783538912027,0.04,White_constantSy
2024-10-15,289,2024,KEF-1,0.17667723401270977,4.253097461963105,0.16383338835463945,0.04,White_constantSy
2024-10-16,290,2024,KEF-1,0.18456683672461346,3.6464795599034368,0.9676913582118996,0.04,White_constantSy
2024-10-17,291,2024,KEF-1,-0.11223926529723442,-2.566695166913412,-0.23928646551744848,0.04,White_constantSy
2024-10-18,292,2024,KEF-1,0.03565596127302193,3.3302061301974,-2.4388070983718517,0.04,White_constantSy
2024-10-19,293,2024,KEF-1,-0.009286172223434194,-1.0602529230201654,0.8280986174343106,0.04,White_constantSy
2024-10-20,294,2024,KEF-1,0.16576922999441648,3.7995266844514717,0.3447040654089406,0.04,White_constantSy
2024-10-21,295,2024,KEF-1,0.06265081641449598,1.278895243259349,0.28737516710305044,0.04,White_constantSy
2024-10-22,296,2024,KEF-1,0.06960709052553042,1.9501210416276606,-0.20994377848940005,0.04,White_constantSy
2024-10-23,297,2024,KEF-1,0.09154003922900338,2.2122857518841457,0.07621522884093856,0.04,White_constantSy
2024-10-24,298,2024,KEF-1,0.1070681242153605,2.6398682280831522,0.036834877300860214,0.04,White_constantSy
2024-10-25,299,2024,KEF-1,-0.026824481259396293,0.20315171383842312,-0.8737637453233305,0.04,White_constantSy
2024-10-26,300,2024,KEF-1,0.004872418163464687,-0.7736505033811838,0.895460957467801,0.04,White_constantSy
2024-10-27,301,2024,KEF-1,0.005569208344108035,-1.3732070925964202,1.512437301199121,0.04,White_constantSy
2024-10-28,302,2024,KEF-1,-0.14984700214132032,-3.081783525753657,-0.6643915277793511,0.04,White_constantSy
2024-10-29,303,2024,KEF-1,-0.18478137826802551,-4.623650580538499,0.004116123837860641,0.04,White_constantSy
2024-10-30,304,2024,KEF-1,-0.11433651751759896,-2.620448373434993,-0.23796456450498127,0.04,White_constantSy
2024-10-31,305,2024,KEF-1,-0.04787255722760691,-1.154947706099584,-0.04186622459058853,0.04,White_constantSy
2024-11-01,306,2024,KEF-1,0.08175673994899448,0.9857884907454633,1.0581300079793987,0.04,White_constantSy
2024-11-02,307,2024,KEF-1,-0.06191764853171335,-0.469912671923165,-1.0780285413696689,0.04,White_constantSy
2024-11-03,308,2024,KEF-1,-0.19629111572687982,-4.245053762201344,-0.6622241309706514,0.04,White_constantSy
2024-11-04,309,2024,KEF-1,-0.08234450288697602,-1.096059989194142,-0.9625525829802584,0.04,White_constantSy
2024-11-05,310,2024,KEF-1,-0.25658186699538216,-7.417180893202492,1.0026342183179384,0.04,White_constantSy
2024-11-06,311,2024,KEF-1,0.044853497142312265,0.9817790813606351,0.13955834719717153,0.04,White_constantSy
2024-11-07,312,2024,KEF-1,0.09063296596191016,3.064688638317424,-0.7988644892696701,0.04,White_constantSy
2024-11-08,313,2024,KEF-1,0.06271443391050632,0.6622410766165885,0.9056197711460694,0.04,White_constantSy
2024-11-09,314,2024,KEF-1,-0.16351135181159954,-1.4677977904842585,-2.61998600480573,0.04,White_constantSy
2025-05-27,147,2025,KEF-1,-0.021825576075906242,-0.28738196385059567,-0.25825743804706036,0.04,White_constantSy
2025-05-28,148,2025,KEF-1,-0.025715278259534246,-0.5432869404721856,-0.09959501601617049,0.04,White_constantSy
2025-05-29,149,2025,KEF-1,0.019372831028518646,0.9645902262650949,-0.4802694505521288,0.04,White_constantSy
2025-05-30,150,2025,KEF-1,0.07207267154750958,1.7543011869399603,0.04751560174777936,0.04,White_constantSy
2025-05-31,151,2025,KEF-1,0.12016291180272305,2.2336658336744364,0.7704069613936397,0.04,White_constantSy
2025-06-01,152,2025,KEF-1,0.0042122210702835615,-0.9514215511216904,1.0567270778787794,0.04,White_constantSy
2025-06-02,153,2025,KEF-1,0.12427789072773322,3.2137274281378687,-0.10678015994453816,0.04,White_constantSy
2025-06-03,154,2025,KEF-1,0.19985643174105427,4.631484773461747,0.36492602006461006,0.04,White_constantSy
2025-06-04,155,2025,KEF-1,0.10977009922459117,2.24353573691689,0.5007167436978897,0.04,White_constantSy
2025-06-05,156,2025,KEF-1,0.16814138285084718,4.124959345926239,0.07857522534493988,0.04,White_constantSy
2025-06-06,157,2025,KEF-1,0.11570604691473939,3.1098459158485845,-0.21719474298009978,0.04,White_constantSy
2025-06-07,158,2025,KEF-1,0.2155170856127038,5.631732840031866,-0.24380569971427057,0.04,White_constantSy
2025-06-08,159,2025,KEF-1,0.14955302539325396,4.8712756512099595,-1.1324500163786109,0.04,White_constantSy
2025-06-09,160,2025,KEF-1,0.11377788545157479,1.3912232955792483,1.4532238407101215,0.04,White_constantSy
2025-06-10,161,2025,KEF-1,0.33287053397776106,6.345655837687747,1.976107511756279,0.04,White_constantSy
2025-06-11,162,2025,KEF-1,0.4807310791644433,11.373042857237813,0.6452341218732691,0.04,White_constantSy
2025-06-12,163,2025,KEF-1,0.4203612901111313,10.229388574346032,0.2796436784322509,0.04,White_constantSy
2025-06-13,164,2025,KEF-1,0.311224142293724,7.235109779037419,0.5454937783056817,0.04,White_constantSy
2025-06-14,165,2025,KEF-1,0.24113724124622957,6.641881148639349,-0.6134501174836107,0.04,White_constantSy
2025-06-15,166,2025,KEF-1,0.21307210440191746,4.775658750210376,0.5511438598375609,0.04,White_constantSy
2025-06-16,167,2025,KEF-1,0.0765619508908275,2.1340330012144193,-0.2199842289437317,0.04,White_constantSy
2025-06-17,168,2025,KEF-1,-0.007590513893275528,-0.23709070832783752,0.04732786099594932,0.04,White_constantSy
2025-06-18,169,2025,KEF-1,0.09892625694990984,1.8621201106459253,0.6110363131018204,0.04,White_constantSy
2025-06-19,170,2025,KEF-1,0.03626911311988572,-0.916021980383519,1.822749808380662,0.04,White_constantSy
2025-06-20,171,2025,KEF-1,-0.07387083678261064,-2.258082890706703,0.411311971141437,0.04,White_constantSy
2025-06-21,172,2025,KEF-1,-0.17459046748134469,0.2244299587058407,-4.589191645739458,0.04,White_constantSy
2025-06-22,173,2025,KEF-1,0.08186093333250107,2.851451480390587,-0.8049281470780603,0.04,White_constantSy
2025-06-23,174,2025,KEF-1,0.22537195879863334,3.7032135093415732,1.93108546062426,0.04,White_constantSy
2025-06-24,175,2025,KEF-1,0.33003464677782673,8.128670888147159,0.12219528129850943,0.04,White_constantSy
2025-06-25,176,2025,KEF-1,0.057280389796141765,0.46457173857209355,0.9674380063314505,0.04,White_constantSy
2025-06-26,177,2025,KEF-1,0.0740551689041734,1.1718582562149642,0.6795209663893704,0.04,White_constantSy
2025-06-27,178,2025,KEF-1,0.07172636978135252,2.017176034618384,-0.22401679008457087,0.04,White_constantSy
2025-06-28,179,2025,KEF-1,0.035165682749458825,0.6048722366777994,0.27426983205867117,0.04,White_constantSy
2025-06-29,180,2025,KEF-1,0.13417240725950577,2.193289182301683,1.1610209991859612,0.04,White_constantSy
2025-06-30,181,2025,KEF-1,0.07987268309971683,1.0915632355761744,0.9052538419167462,0.04,White_constantSy
2025-07-01,182,2025,KEF-1,0.13243638040038377,2.5101291143939903,0.8007803956156039,0.04,White_constantSy
2025-07-02,183,2025,KEF-1,0.059502111560732374,0.9036755110912509,0.5838772779270585,0.04,White_constantSy
2025-07-03,184,2025,KEF-1,0.129508573681413,2.2418286348901972,0.9958857071451277,0.04,White_constantSy
2025-07-04,185,2025,KEF-1,0.06602109553462385,2.329299053645805,-0.6787716652802089,0.04,White_constantSy
2025-07-05,186,2025,KEF-1,0.06214776152895638,1.5117841160165995,0.041909922207310046,0.04,White_constantSy
2025-07-06,187,2025,KEF-1,0.170521291748598,3.18534613722359,1.0776861564913602,0.04,White_constantSy
2025-07-07,188,2025,KEF-1,0.12386752295691394,3.3257946427500684,-0.2291065688272198,0.04,White_constantSy
2025-07-08,189,2025,KEF-1,0.3069055046946474,7.909906866173344,-0.23726924880715927,0.04,White_constantSy
2025-07-09,190,2025,KEF-1,0.23658947493734758,6.372556412019058,-0.45781953858536895,0.04,White_constantSy
2025-07-10,191,2025,KEF-1,0.20364465312177857,4.606025034447136,0.4850912935973284,0.04,White_constantSy
2025-07-11,192,2025,KEF-1,0.22063608344455332,5.806438891335475,-0.2905368052216417,0.04,White_constantSy
2025-07-12,193,2025,KEF-1,0.12045669157196756,2.796522423763669,0.21489486553551984,0.04,White_constantSy
2025-07-13,194,2025,KEF-1,0.25133298283494554,6.395577860687496,-0.1122532898138573,0.04,White_constantSy
2025-07-14,195,2025,KEF-1,0.3679317087831177,8.972838046587484,0.22545467299045896,0.04,White_constantSy
2025-07-15,196,2025,KEF-1,0.18037742150698066,3.5948026298274556,0.9146329078470607,0.04,White_constantSy
2025-07-16,197,2025,KEF-1,0.24580341816871978,6.4346055195841245,-0.28952006536612984,0.04,White_constantSy
2025-07-17,198,2025,KEF-1,0.17588249525533742,4.661525294448786,-0.2644629130653513,0.04,White_constantSy
2025-07-18,199,2025,KEF-1,0.24608455212495542,6.516584643019385,-0.36447083989549967,0.04,White_constantSy
2025-07-19,200,2025,KEF-1,0.41456638196652296,10.196796941534814,0.1673626076282595,0.04,White_constantSy
2025-07-20,201,2025,KEF-1,0.3496089866892754,8.213026740166974,0.5271979270649112,0.04,White_constantSy
2025-07-21,202,2025,KEF-1,0.34368569241116376,9.180563294779276,-0.588420984500182,0.04,White_constantSy
2025-07-22,203,2025,KEF-1,0.2682584398956402,7.971636699538841,-1.265175702147836,0.04,White_constantSy
2025-07-23,204,2025,KEF-1,0.23578811730144794,5.1657216504545005,0.7289812820816977,0.04,White_constantSy
2025-07-24,205,2025,KEF-1,0.42859662885530325,11.831687325090833,-1.1167716037082513,0.04,White_constantSy
2025-07-25,206,2025,KEF-1,0.316459099504597,9.244793161652922,-1.3333156740379977,0.04,White_constantSy
2025-07-26,207,2025,KEF-1,0.11495997957725734,3.5038190995400953,-0.6298196101086617,0.04,White_constantSy
2025-07-27,208,2025,KEF-1,0.0337433369186337,-0.018236888127610484,0.861820311093453,0.04,White_constantSy
2025-07-28,209,2025,KEF-1,0.22561695728989406,4.687931643699983,0.9524922885473686,0.04,White_constantSy
2025-07-29,210,2025,KEF-1,0.2582049823302501,6.259790154031151,0.1953344042251004,0.04,White_constantSy
2025-07-30,211,2025,KEF-1,0.19708905107351868,4.261040972581398,0.6661853042565689,0.04,White_constantSy
2025-07-31,212,2025,KEF-1,0.2357584161277295,6.925123609419948,-1.0311632062267115,0.04,White_constantSy
2025-08-01,213,2025,KEF-1,0.2579240972427641,6.680077524575623,-0.23197509350652012,0.04,White_constantSy
2025-08-02,214,2025,KEF-1,0.19463529378467997,4.22962948222758,0.6362528623894192,0.04,White_constantSy
2025-08-03,215,2025,KEF-1,0.39724722598710105,9.011084767935884,0.9200958817416414,0.04,White_constantSy
2025-08-04,216,2025,KEF-1,0.2485729047861156,6.027508806508308,0.1868138131445818,0.04,White_constantSy
2025-08-05,217,2025,KEF-1,0.27821384753399697,7.940898294239297,-0.9855521058893721,0.04,White_constantSy
2025-08-06,218,2025,KEF-1,0.3033420438067651,7.579643237501088,0.003907857668039583,0.04,White_constantSy
2025-08-07,219,2025,KEF-1,0.39435086937113883,9.333309031249136,0.5254627030293335,0.04,White_constantSy
2025-08-08,220,2025,KEF-1,0.4364789502052986,11.129346799311435,-0.21737304417897008,0.04,White_constantSy
2025-08-09,221,2025,KEF-1,0.4032447882682034,9.927400115460117,0.15371959124496826,0.04,White_constantSy
2025-08-10,222,2025,KEF-1,0.27767210085594585,6.948835299737887,-0.007032778339240764,0.04,White_constantSy
2025-08-11,223,2025,KEF-1,0.5337106853630348,12.797819362772643,0.544947771303228,0.04,White_constantSy
2025-08-12,224,2025,KEF-1,0.37430321321207316,9.1277807061946,0.22979962410722976,0.04,White_constantSy
2025-08-13,225,2025,KEF-1,0.3300739018044482,8.168474038963012,0.08337350614819172,0.04,White_constantSy
2025-08-14,226,2025,KEF-1,0.329805850059492,7.547908877000566,0.6972373744867326,0.04,White_constantSy
2025-08-15,227,2025,KEF-1,0.35821624260386714,9.32993623066951,-0.3745301655728319,0.04,White_constantSy
2025-08-16,228,2025,KEF-1,0.48780799913861017,12.907651854273183,-0.712451875807929,0.04,White_constantSy
2025-08-17,229,2025,KEF-1,0.3165404884158313,8.187055126260013,-0.27354291586422974,0.04,White_constantSy
2025-08-18,230,2025,KEF-1,0.3422071168954943,8.788240661277058,-0.23306273888969997,0.04,White_constantSy
2025-08-19,231,2025,KEF-1,0.27211599089474703,7.001540658091798,-0.19864088572312255,0.04,White_constantSy
2025-08-20,232,2025,KEF-1,0.3295711123916333,8.18228801371319,0.056989796077640875,0.04,White_constantSy
2025-08-21,233,2025,KEF-1,0.38492274303403134,8.707647613734771,0.9154209621160128,0.04,White_constantSy
2025-08-22,234,2025,KEF-1,0.446526781847206,10.550596737300253,0.6125728088798965,0.04,White_constantSy
2025-08-23,235,2025,KEF-1,0.32422220956316744,12.710609280784624,-4.605054041705438,0.04,White_constantSy
2025-08-24,236,2025,KEF-1,0.0,-0.89251894828163,1.3283254452041096,0.04,White_constantSy
2025-08-25,237,2025,KEF-1,0.0,-3.502890401690827,-0.8043971210517107,0.04,White_constantSy
2025-08-26,238,2025,KEF-1,0.0,0.8150492321963299,-1.090602356711118,0.04,White_constantSy
2025-08-27,239,2025,KEF-1,0.0,-3.498018665089443,0.5786908252350287,0.04,White_constantSy
2025-08-28,240,2025,KEF-1,0.0,0.22621886605132957,1.0575694656793626,0.04,White_constantSy
2025-08-29,241,2025,KEF-1,0.04687289721603406,1.7722778465526048,-0.6004554161517532,0.04,White_constantSy
2025-08-30,242,2025,KEF-1,0.13222689053784265,3.144677388152285,0.1609948752937811,0.04,White_constantSy
2025-08-31,243,2025,KEF-1,0.11789424819095758,3.3060959398806595,-0.3587397351067203,0.04,White_constantSy
2025-09-01,244,2025,KEF-1,0.11018947852674195,2.625004518469609,0.12973244469893963,0.04,White_constantSy
2025-09-02,245,2025,KEF-1,0.0,3.9352039256534965,-1.335693642070801,0.04,White_constantSy
2025-09-03,246,2025,KEF-1,0.0,-1.791664255315684,0.7173768610064304,0.04,White_constantSy
2025-09-04,247,2025,KEF-1,0.0,2.9720014044379184,1.7839948464702786,0.04,White_constantSy
2025-09-05,248,2025,KEF-1,0.0,0.8302950705289192,-0.35530967817631876,0.04,White_constantSy
2025-09-06,249,2025,KEF-1,0.01687085052204708,1.1272445670101874,-0.7054733039590104,0.04,White_constantSy
2025-09-07,250,2025,KEF-1,0.020384872078445113,0.5977013746360171,-0.0880795726748893,0.04,White_constantSy
2025-09-08,251,2025,KEF-1,0.07932668657908665,1.023585402143457,0.9595817623337091,0.04,White_constantSy
2025-09-09,252,2025,KEF-1,0.1598117706466624,3.136539423920226,0.8587548422463342,0.04,White_constantSy
2025-09-10,253,2025,KEF-1,0.19995730339096696,5.714029859933589,-0.7150972751594153,0.04,White_constantSy
2025-09-11,254,2025,KEF-1,0.08814542871515102,3.5067849645464833,-1.303149246667708,0.04,White_constantSy
2025-09-12,255,2025,KEF-1,0.11397961449661921,3.0239629254811184,-0.1744725630656383,0.04,White_constantSy
2025-09-13,256,2025,KEF-1,0.11145635191173404,2.758239963862863,0.02816883393048819,0.04,White_constantSy
2025-09-14,257,2025,KEF-1,0.04740369870536689,0.4381158799844904,0.7469765876496819,0.04,White_constantSy
2025-09-15,258,2025,KEF-1,0.16927617946077342,5.284160757625855,-1.0522562711065202,0.04,White_constantSy
2025-09-16,259,2025,KEF-1,0.013506932473070776,0.8256932433450714,-0.48801993151830203,0.04,White_constantSy
2025-09-17,260,2025,KEF-1,0.047578760151423934,0.3686486077246087,0.8208203960609897,0.04,White_constantSy
2025-09-18,261,2025,KEF-1,0.08644708546783818,1.284508626259374,0.8766685104365806,0.04,White_constantSy
2025-09-19,262,2025,KEF-1,0.13389183653277606,4.705474942962351,-1.3581790296429492,0.04,White_constantSy
2025-09-20,263,2025,KEF-1,0.08962435268738048,2.001171070438801,0.23943774674571117,0.04,White_constantSy
2025-09-21,264,2025,KEF-1,-0.0011870614270237923,-0.12126072797610377,0.09158419230050896,0.04,White_constantSy
2025-09-22,265,2025,KEF-1,0.1047908710894923,2.395448483061479,0.22432329417582864,0.04,White_constantSy
2025-09-23,266,2025,KEF-1,0.24215270768752406,6.563988036815271,-0.5101703446271699,0.04,White_constantSy
2025-09-24,267,2025,KEF-1,0.17568609720027026,4.888741632375837,-0.4965892023690799,0.04,White_constantSy
2025-09-25,268,2025,KEF-1,-0.07028977398057017,-3.0323235292552866,1.2750791797410326,0.04,White_constantSy
2025-09-26,269,2025,KEF-1,0.26659458516086,7.198309185780971,-0.5334445567594717,0.04,White_constantSy
2025-09-27,270,2025,KEF-1,-0.03658357333969704,-1.1480847385836555,0.23349540509122946,0.04,White_constantSy
2025-09-28,271,2025,KEF-1,-0.02349383603474543,-0.44271562872103587,-0.14463027214759983,0.04,White_constantSy
2025-09-29,272,2025,KEF-1,0.03731071069312655,0.7500506265529125,0.18271714077525125,0.04,White_constantSy
2025-09-30,273,2025,KEF-1,0.019460683542917537,2.340005892353158,-1.8534888037802197,0.04,White_constantSy
2025-10-01,274,2025,KEF-1,0.1272866248812999,2.242579713397319,0.9395859086351788,0.04,White_constantSy
2025-10-02,275,2025,KEF-1,0.0,-1.3044287006888524,-2.49489075194127,0.04,White_constantSy
2025-10-03,276,2025,KEF-1,0.0,-5.6131044481084835,1.8534293478964603,0.04,White_constantSy
2025-10-04,277,2025,KEF-1,0.0,-1.4899737267150002,1.1671316555233293,0.04,White_constantSy
2025-10-05,278,2025,KEF-1,0.0,1.4738172278679578,-0.48202091794883906,0.04,White_constantSy
2025-10-06,279,2025,KEF-1,-0.09739276420562178,-2.1973987007296145,-0.23742040441092982,0.04,White_constantSy
2025-10-07,280,2025,KEF-1,0.012814800507640244,0.3694833876028767,-0.04911337491187062,0.04,White_constantSy
2025-10-08,281,2025,KEF-1,0.007756586507689249,-1.2246824046357574,1.4185970673279886,0.04,White_constantSy
2025-10-09,282,2025,KEF-1,0.0361318297255977,0.8645877671227709,0.038707976017171575,0.04,White_constantSy
2025-10-10,283,2025,KEF-1,0.11136994260184814,3.1592920824156643,-0.37504351736946084,0.04,White_constantSy
2025-10-11,284,2025,KEF-1,-0.06152362762648636,-0.5264734514146205,-1.0116172392475384,0.04,White_constantSy
2025-10-12,285,2025,KEF-1,0.15749594271472384,3.067926956676427,0.8694716111916687,0.04,White_constantSy
2025-10-13,286,2025,KEF-1,-0.058231273214508765,-1.6062528888145202,0.1504710584518012,0.04,White_constantSy
2025-10-14,287,2025,KEF-1,0.0,1.2509273225919664,-3.5899320323677504,0.04,White_constantSy
2025-10-15,288,2025,KEF-1,0.0,-5.076991808300278,-0.5571527935467504,0.04,White_constantSy
2025-10-16,289,2025,KEF-1,0.0,-5.988733349463605,0.9849993472853296,0.04,White_constantSy
2025-10-17,290,2025,KEF-1,0.0,-2.2549693141421514,0.5658799828165009,0.04,White_constantSy
2025-10-18,291,2025,KEF-1,-0.01750800075324463,-0.15304941908699377,-0.284650599744122,0.04,White_constantSy
2025-10-19,292,2025,KEF-1,-0.0323783670569059,-1.1960085003810086,0.38654932395836106,0.04,White_constantSy
2025-10-20,293,2025,KEF-1,0.03373383979916156,2.6175292610378875,-1.7741832660588486,0.04,White_constantSy
2025-10-21,294,2025,KEF-1,-0.05749981477529872,-2.546252180614438,1.1087568112319701,0.04,White_constantSy
2025-10-22,295,2025,KEF-1,0.07378114331872589,2.968148665973647,-1.1236200830055,0.04,White_constantSy
2025-10-23,296,2025,KEF-1,0.1313277232861772,2.805550616476559,0.47764246567787083,0.04,White_constantSy
2025-10-24,297,2025,KEF-1,0.09047308675198572,0.8556380618419333,1.4061891069577097,0.04,White_constantSy
2025-10-25,298,2025,KEF-1,0.10841492441256279,3.2063591454381104,-0.4959860351240408,0.04,White_constantSy
2025-10-26,299,2025,KEF-1,0.31120255592738,9.101830700915048,-1.321766802730549,0.04,White_constantSy
2025-10-27,300,2025,KEF-1,0.02847867435170329,1.1027978489448031,-0.3908309901522209,0.04,White_constantSy
2025-10-28,301,2025,KEF-1,-0.03384215014762788,-0.05103356557931704,-0.7950201881113799,0.04,White_constantSy
2025-10-29,302,2025,KEF-1,-0.017185633668098534,-1.0895854082331518,0.6599445665306884,0.04,White_constantSy
2025-10-30,303,2025,KEF-1,0.02406752588034685,-0.6235141974443401,1.2252023444530113,0.04,White_constantSy
2018-07-16,197,2018,KER-1,-0.04193091698380329,-2.685453840901573,1.637180916306491,0.04,White_constantSy
2018-07-17,198,2018,KER-1,0.1877452522166243,1.707254217855649,2.9863770875599585,0.04,White_constantSy
2018-07-26,207,2018,KER-1,0.16312800765371094,1.2282224588780366,2.849977732464737,0.04,White_constantSy
2018-07-27,208,2018,KER-1,-2.4476488104922414,2.358429151852448,-63.54964941415848,0.04,White_constantSy
2025-05-30,150,2025,KER-1,0.09496844976629226,2.625298038376677,-0.2510867942193702,0.04,White_constantSy
2025-05-31,151,2025,KER-1,0.12177262229389613,2.4511077836145034,0.5932077737328996,0.04,White_constantSy
2025-06-01,152,2025,KER-1,-0.011913392347609105,-1.3876795009764678,1.0898446922862401,0.04,White_constantSy
2025-06-02,153,2025,KER-1,0.08856987408732024,2.0982333179688553,0.11601353421415084,0.04,White_constantSy
2025-06-03,154,2025,KER-1,0.17935984918328415,4.0091136055444245,0.47488262403767934,0.04,White_constantSy
2025-06-04,155,2025,KER-1,0.08253989690749876,1.2622004948362182,0.8012969278512507,0.04,White_constantSy
2025-06-05,156,2025,KER-1,0.14538400501206197,3.4348596933302495,0.19974043197129987,0.04,White_constantSy
2025-06-06,157,2025,KER-1,0.07858291403157815,2.000946751852684,-0.03637390106323046,0.04,White_constantSy
2025-06-07,158,2025,KER-1,0.1801571015002432,4.64610045010938,-0.1421729126033,0.04,White_constantSy
2025-06-08,159,2025,KER-1,0.10847692289168918,2.8598485511839193,-0.14792547889168972,0.04,White_constantSy
2025-06-09,160,2025,KER-1,0.12461994481249285,1.9164057937615233,1.1990928265507979,0.04,White_constantSy
2025-06-10,161,2025,KER-1,0.1727936718666851,2.5978845953986145,1.7219572012685127,0.04,White_constantSy
2025-06-11,162,2025,KER-1,0.1939094824308679,3.23960116442521,1.6081358963464876,0.04,White_constantSy
2025-06-12,163,2025,KER-1,0.1400787581114693,1.9292678258377016,1.5727011269490312,0.04,White_constantSy
2025-06-13,164,2025,KER-1,0.06786796625077358,-0.4049989638012619,2.1016981200706013,0.04,White_constantSy
2025-06-14,165,2025,KER-1,0.12392504670963675,2.7363408633096498,0.3617853044312689,0.04,White_constantSy
2025-06-15,166,2025,KER-1,0.18622634046238914,3.0238623262817796,1.631796185277949,0.04,White_constantSy
2025-06-16,167,2025,KER-1,0.14522583788262508,2.7657053010560233,0.8649406460096039,0.04,White_constantSy
2025-06-17,168,2025,KER-1,0.1249120822157586,1.6688984191287162,1.4539036362652489,0.04,White_constantSy
2025-06-18,169,2025,KER-1,0.2565008099355602,4.530312542545566,1.882207705843438,0.04,White_constantSy
2025-06-19,170,2025,KER-1,0.2536002551702964,3.13431539153153,3.2056909877258803,0.04,White_constantSy
2025-06-20,171,2025,KER-1,0.07967265063786215,0.7142298296280529,1.2775864363185008,0.04,White_constantSy
2025-06-21,172,2025,KER-1,0.05420728878634577,2.6187214851802736,-1.2635392655216293,0.04,White_constantSy
2025-06-22,173,2025,KER-1,0.06561685215134333,1.5409891286211064,0.09943217516247671,0.04,White_constantSy
2025-06-23,174,2025,KER-1,0.12865182476347145,1.3302415696180532,1.8860540494687328,0.04,White_constantSy
2025-06-24,175,2025,KER-1,0.14385612715388874,2.7024401474537996,0.8939630313934188,0.04,White_constantSy
2025-06-25,176,2025,KER-1,0.14299917922170238,1.0991005973795893,2.47587888316297,0.04,White_constantSy
2025-06-26,177,2025,KER-1,0.2763945273920584,4.810226479401479,2.0996367053999805,0.04,White_constantSy
2025-06-27,178,2025,KER-1,0.2584064553956938,4.991194534119003,1.4689668507733415,0.04,White_constantSy
2025-06-28,179,2025,KER-1,0.16503692908911888,2.078169464168056,2.047753763059916,0.04,White_constantSy
2025-06-29,180,2025,KER-1,0.2159429137804028,2.4617825890210554,2.936790255489015,0.04,White_constantSy
2025-06-30,181,2025,KER-1,0.1281494826288227,0.6430287617054091,2.560708304015158,0.04,White_constantSy
2025-07-01,182,2025,KER-1,0.1307327290920472,0.9179939105099493,2.35032431679123,0.04,White_constantSy
2025-07-02,183,2025,KER-1,0.04675209159423588,-1.5941860235592742,2.762988313415171,0.04,White_constantSy
2025-07-03,184,2025,KER-1,0.058974123265635114,-1.261480222134992,2.7358333037758698,0.04,White_constantSy
2025-07-04,185,2025,KER-1,-0.032586408417749624,-2.065912068204767,1.2512518577610265,0.04,White_constantSy
2025-07-05,186,2025,KER-1,-0.03335146587708948,-3.1309626144334857,2.2971759675062486,0.04,White_constantSy
2025-07-06,187,2025,KER-1,0.05711950102980978,-2.125805619427368,3.5537931451726124,0.04,White_constantSy
2025-07-07,188,2025,KER-1,-0.007817577108049534,-2.034325067713283,1.8388856400120446,0.04,White_constantSy
2025-07-08,189,2025,KER-1,0.15221692025230737,1.8879695804010055,1.9174534259066789,0.04,White_constantSy
2025-07-09,190,2025,KER-1,0.059010242790328675,0.0528600884898367,1.4223959812683802,0.04,White_constantSy
2025-07-10,191,2025,KER-1,0.020248797791105062,-1.9676573081561344,2.473877252933761,0.04,White_constantSy
2025-07-11,192,2025,KER-1,0.040245312201379876,-0.7563198487086993,1.7624526537431962,0.04,White_constantSy
2025-07-12,193,2025,KER-1,-0.09382024130807168,-4.130834224550341,1.7853281918485493,0.04,White_constantSy
2025-07-13,194,2025,KER-1,0.07561879208240044,0.0031203551070575486,1.8873494469529533,0.04,White_constantSy
2025-07-14,195,2025,KER-1,0.14079064633841085,3.7796194357636352,-0.25985327730336394,0.04,White_constantSy
2025-07-15,196,2025,KER-1,-0.05030745325281998,-2.07082820517428,0.8131418738537803,0.04,White_constantSy
2025-07-16,197,2025,KER-1,-0.19704838905332905,-5.528394162037387,0.6021844357041601,0.04,White_constantSy
2025-07-17,198,2025,KER-1,-0.10520730742795309,-1.06903693674667,-1.561145748952157,0.04,White_constantSy
2025-07-18,199,2025,KER-1,-0.47743958261663977,-12.04174959130171,0.10576002588571498,0.04,White_constantSy
2025-07-19,200,2025,KER-1,-0.23347234856785803,-7.416456975827401,1.5796482616309504,0.04,White_constantSy
2025-07-20,201,2025,KER-1,0.5176067969674364,13.413406765119305,-0.4732368409333958,0.04,White_constantSy
2025-07-21,202,2025,KER-1,-0.05052182623752799,-1.4807958395692822,0.21775018363108245,0.04,White_constantSy
2025-07-22,203,2025,KER-1,-0.3406136196820313,-6.9734295867426965,-1.541910905308086,0.04,White_constantSy
2025-07-23,204,2025,KER-1,-0.3188988678066113,-9.435566062001442,1.4630943668361596,0.04,White_constantSy
2025-07-24,205,2025,KER-1,0.29491507762907077,8.980318867095605,-1.6074419263688355,0.04,White_constantSy
2025-07-25,206,2025,KER-1,0.145455718646474,1.762969993962571,1.873422972199279,0.04,White_constantSy
2025-07-26,207,2025,KER-1,-0.027582751048093428,0.46021328185759103,-1.1497820580599267,0.04,White_constantSy
2025-07-27,208,2025,KER-1,-0.11062137623147805,-3.590241440880959,0.8247070350940078,0.04,White_constantSy
2025-07-28,209,2025,KER-1,0.24158258214856118,6.8289466236973055,-0.7893820699832759,0.04,White_constantSy
2025-07-29,210,2025,KER-1,0.24564907796736463,5.580355167229811,0.5608717819543045,0.04,White_constantSy
2025-07-30,211,2025,KER-1,0.19919269975125758,5.564911393447858,-0.5850938996664183,0.04,White_constantSy
2025-07-31,212,2025,KER-1,0.2860766769928546,9.369771846886323,-2.2178549220649586,0.04,White_constantSy
2025-08-01,213,2025,KER-1,-0.2513620228623523,-7.151490100945779,0.8674395293869708,0.04,White_constantSy
2025-08-02,214,2025,KER-1,-0.30815694833774504,-8.438083432583056,0.7341597241394311,0.04,White_constantSy
2025-08-03,215,2025,KER-1,-0.010093777127693215,-0.48398252723274027,0.23163809904040988,0.04,White_constantSy
2025-08-04,216,2025,KER-1,-0.08413501321894729,-3.2385445509682143,1.1351692204945323,0.04,White_constantSy
2025-08-05,217,2025,KER-1,-0.18573568756584394,-4.200929847492631,-0.4424623416534672,0.04,White_constantSy
2025-08-06,218,2025,KER-1,0.2782861262284922,7.552815532769188,-0.5956623770568825,0.04,White_constantSy
2025-08-07,219,2025,KER-1,-0.0847264415418482,-3.5966456155467768,1.4784845770005717,0.04,White_constantSy
2025-08-08,220,2025,KER-1,0.46620060705512856,13.796919375591443,-2.1419041992132293,0.04,White_constantSy
2025-08-09,221,2025,KER-1,-0.09385303263042716,-2.461208020299921,0.11488220453924214,0.04,White_constantSy
2025-08-10,222,2025,KER-1,-0.2975993751993315,-8.012271455821775,0.5722870758384886,0.04,White_constantSy
2025-08-11,223,2025,KER-1,-0.006519325118483721,-1.028996887103915,0.866013759141822,0.04,White_constantSy
2025-08-12,224,2025,KER-1,-0.16208231955194777,-1.1602160085540731,-2.891841980244621,0.04,White_constantSy
2025-08-13,225,2025,KER-1,-0.055505722020649274,-1.3326840342007245,-0.05495901631550737,0.04,White_constantSy
2025-08-14,226,2025,KER-1,-0.04897050845554531,-1.952832010621421,0.7285692992327881,0.04,White_constantSy
2025-08-15,227,2025,KER-1,-0.02818583713223575,-0.7239167576738907,0.019270829367997067,0.04,White_constantSy
2025-08-16,228,2025,KER-1,0.11581829066708736,3.1574845062703787,-0.26202723959319485,0.04,White_constantSy
2025-08-17,229,2025,KER-1,-0.014005335459673347,-0.9576158274829254,0.6074824409910917,0.04,White_constantSy
2025-08-18,230,2025,KER-1,-0.015272213633813862,0.7569499138980973,-1.1387552547434439,0.04,White_constantSy
2025-08-19,231,2025,KER-1,-0.09012412749235921,-1.7804861009317108,-0.4726170863772694,0.04,White_constantSy
2025-08-20,232,2025,KER-1,-0.02164008362546895,-0.42421410415900596,-0.11678798647771771,0.04,White_constantSy
2025-08-21,233,2025,KER-1,-0.01108441966378166,-0.857070312741115,0.5799598211465735,0.04,White_constantSy
2025-08-22,234,2025,KER-1,0.045008979810019126,0.7974253587657927,0.3277991364846855,0.04,White_constantSy
2025-08-23,235,2025,KER-1,0.05875588680812029,2.244214363819765,-0.7753171936167575,0.04,White_constantSy
2025-08-24,236,2025,KER-1,0.0,-4.00036912647721,0.7418662096366546,0.04,White_constantSy
2025-08-25,237,2025,KER-1,0.0,-1.266230638989498,0.21374845823433475,0.04,White_constantSy
2025-08-26,238,2025,KER-1,0.0,1.1205281620046321,-0.4657849760574635,0.04,White_constantSy
2025-08-27,239,2025,KER-1,0.0,-2.1709899155954133,-0.33905925214537547,0.04,White_constantSy
2025-08-28,240,2025,KER-1,0.0,-1.665744683511548,0.5619836704772467,0.04,White_constantSy
2025-08-29,241,2025,KER-1,-0.0129108744367187,-0.0467775956902301,-0.2759942652277374,0.04,White_constantSy
2025-08-30,242,2025,KER-1,0.06813391629135197,1.3690116257116358,0.33433628157216333,0.04,White_constantSy
2025-08-31,243,2025,KER-1,0.061034685853875885,1.653563503345623,-0.12769635699872595,0.04,White_constantSy
2025-09-01,244,2025,KER-1,0.01969646099696661,0.31264261669252846,0.17976890823163671,0.04,White_constantSy
2025-09-02,245,2025,KER-1,0.0,1.559461339976309,0.005138875587647362,0.04,White_constantSy
2025-09-03,246,2025,KER-1,0.0,2.6646188589868984,-0.15187641395915819,0.04,White_constantSy
2025-09-04,247,2025,KER-1,0.0,0.28846898874945737,0.9534243966889733,0.04,White_constantSy
2025-09-05,248,2025,KER-1,0.0,-0.7104682668440887,-0.1947232487777768,0.04,White_constantSy
2025-09-06,249,2025,KER-1,-0.0635984821258262,-1.0025960168810855,-0.5873660362645694,0.04,White_constantSy
2025-09-07,250,2025,KER-1,-0.05869300186525095,-1.2787413634789857,-0.18858368315228802,0.04,White_constantSy
2025-09-08,251,2025,KER-1,-0.028883202384205903,-1.7006383488147776,0.9785582892096301,0.04,White_constantSy
2025-09-09,252,2025,KER-1,0.025708511388680223,-0.40001753213192615,1.0427303168489317,0.04,White_constantSy
2025-09-10,253,2025,KER-1,0.11429108776329713,3.2423189227710054,-0.3850417286885772,0.04,White_constantSy
2025-09-11,254,2025,KER-1,0.013200813612030515,1.1788548751056283,-0.8488345348048654,0.04,White_constantSy
2025-09-12,255,2025,KER-1,0.022765913183762906,0.6935505725234918,-0.12440274292941922,0.04,White_constantSy
2025-09-13,256,2025,KER-1,0.01531113947636868,0.2655519571437708,0.11722652976544623,0.04,White_constantSy
2025-09-14,257,2025,KER-1,-0.054944719045423085,-1.7557521147850252,0.3821341386494481,0.04,White_constantSy
2025-09-15,258,2025,KER-1,0.08287482376445042,3.268146471448972,-1.1962758773377118,0.04,White_constantSy
2025-09-16,259,2025,KER-1,-0.08164324410216182,-1.4831266620515464,-0.557954440502499,0.04,White_constantSy
2025-09-17,260,2025,KER-1,-0.05797778106901319,-2.304823903923392,0.8553793771980622,0.04,White_constantSy
2025-09-18,261,2025,KER-1,-0.024456501171421792,-1.691620396655935,1.0802078673703903,0.04,White_constantSy
2025-09-19,262,2025,KER-1,-0.08190302487017903,-1.5495499980296756,-0.49802562372479997,0.04,White_constantSy
2025-09-20,263,2025,KER-1,-0.018692534117768674,0.2311462493644001,-0.6984596023086169,0.04,White_constantSy
2025-09-21,264,2025,KER-1,-0.0991818814352871,-2.789487852651405,0.30994081676922747,0.04,White_constantSy
2025-09-22,265,2025,KER-1,0.00561405988829506,-0.10184347234130087,0.24219496954867736,0.04,White_constantSy
2025-09-23,266,2025,KER-1,0.1339998283878657,3.8911561936370447,-0.5411604839404021,0.04,White_constantSy
2025-09-24,267,2025,KER-1,0.07396348118491858,2.270500922320906,-0.4214138926979416,0.04,White_constantSy
2025-09-25,268,2025,KER-1,-0.17012304471390394,-5.726833924170194,1.4737578063225953,0.04,White_constantSy
2025-09-26,269,2025,KER-1,0.1601458627280084,4.698163704134117,-0.6945171359339071,0.04,White_constantSy
2025-09-27,270,2025,KER-1,-0.1287981036209999,-3.705277085840521,0.485324495315524,0.04,White_constantSy
2025-09-28,271,2025,KER-1,-0.12379536171298583,-3.0947046973935244,-0.00017934543112119172,0.04,White_constantSy
2025-09-29,272,2025,KER-1,-0.060681071556757615,-2.492670686474696,0.9756438975557558,0.04,White_constantSy
2025-09-30,273,2025,KER-1,-0.027064379072676843,0.1774088722541478,-0.8540183490710689,0.04,White_constantSy
2025-10-01,274,2025,KER-1,-0.02660723718170175,-0.6867758460434175,0.02159491650087375,0.04,White_constantSy
2025-10-02,275,2025,KER-1,0.0,-3.2337804070440086,-0.6704677690811138,0.04,White_constantSy
2025-10-03,276,2025,KER-1,0.0,0.5790995606609783,2.434937211265094,0.04,White_constantSy
2025-10-04,277,2025,KER-1,0.0,-2.2706370701083074,0.6220075442147532,0.04,White_constantSy
2025-10-05,278,2025,KER-1,0.0,2.738966820974298,-1.0021682711991957,0.04,White_constantSy
2025-10-06,279,2025,KER-1,-0.1470028669868526,-3.9264759384394665,0.2514042637681513,0.04,White_constantSy
2025-10-07,280,2025,KER-1,0.00449220890529034,-0.5849132517255384,0.6972184743577969,0.04,White_constantSy
2025-10-08,281,2025,KER-1,0.054356519068520015,1.4438485123577038,-0.08493553564470346,0.04,White_constantSy
2025-10-09,282,2025,KER-1,0.027584741384172846,-1.3449915512968573,2.0346100859011784,0.04,White_constantSy
2025-10-10,283,2025,KER-1,0.04607615098531255,2.0799472180054863,-0.9280434433726725,0.04,White_constantSy
2025-10-11,284,2025,KER-1,-0.016224413982394027,-0.5050997534649753,0.09948940390512462,0.04,White_constantSy
2025-10-12,285,2025,KER-1,0.0031540883837732282,2.8480776551297993,-2.7692254455354686,0.04,White_constantSy
2025-10-13,286,2025,KER-1,0.0029992707158311305,-1.338332860217804,1.4133146281135822,0.04,White_constantSy
2025-10-14,287,2025,KER-1,0.0,0.36906487536572286,0.5464171895440018,0.04,White_constantSy
2025-10-15,288,2025,KER-1,0.0,13.768091060090228,-3.4247861259768086,0.04,White_constantSy
2025-10-16,289,2025,KER-1,0.0,-1.4948849553580317,2.8229940313051998,0.04,White_constantSy
2025-10-17,290,2025,KER-1,0.0,0.1626189238575364,-1.1322110074930407,0.04,White_constantSy
2025-10-18,291,2025,KER-1,-0.09139314064417192,-2.9061999712652664,0.6213714551609684,0.04,White_constantSy
2025-10-19,292,2025,KER-1,-0.006212607499080036,0.7456402747465063,-0.9009554622235072,0.04,White_constantSy
2025-10-20,293,2025,KER-1,0.057198412479932584,0.7049725684612724,0.7249877435370422,0.04,White_constantSy
2025-10-21,294,2025,KER-1,-0.03939922588503464,-1.0385210087072494,0.05354036158138342,0.04,White_constantSy
2025-10-22,295,2025,KER-1,0.13069025911138282,2.1703066868973053,1.0969497908872654,0.04,White_constantSy
2025-10-23,296,2025,KER-1,0.33846339115865476,9.428504036171148,-0.9669192572047791,0.04,White_constantSy
2025-10-24,297,2025,KER-1,0.0134230517171261,-1.121192084443834,1.4567683773719864,0.04,White_constantSy
2025-10-25,298,2025,KER-1,-0.010273350214546895,2.323696303206191,-2.580530058569863,0.04,White_constantSy
2025-10-26,299,2025,KER-1,0.03302438889196651,0.06830192544029501,0.7573077968588677,0.04,White_constantSy
2025-10-27,300,2025,KER-1,0.0015685060941149232,0.28653520366748353,-0.24732255131461045,0.04,White_constantSy
2025-10-28,301,2025,KER-1,0.043400384495470234,1.3382005270749175,-0.2531909146881617,0.04,White_constantSy
2025-10-29,302,2025,KER-1,-0.02312225965464336,-0.2980085331433884,-0.28004795822269557,0.04,White_constantSy
2025-10-30,303,2025,KER-1,0.023622570205523632,-0.37566352434024,0.9662277794783307,0.04,White_constantSy
2025-06-26,177,2025,KER-2,0.46228968903884066,10.507793770049645,1.0494484559213717,0.04,White_constantSy
2025-06-27,178,2025,KER-2,0.4607980630310067,11.23583975084479,0.28411182493037757,0.04,White_constantSy
2025-06-28,179,2025,KER-2,0.3438429667686333,8.323989400832232,0.27208476838359985,0.04,White_constantSy
2025-06-29,180,2025,KER-2,0.4609128750408246,10.755418856142242,0.7674030198783726,0.04,White_constantSy
2025-06-30,181,2025,KER-2,0.3455973475642384,7.851829019283272,0.7881046698226868,0.04,White_constantSy
2025-07-01,182,2025,KER-2,0.3525487587737925,9.152652503401981,-0.3389335340571691,0.04,White_constantSy
2025-07-02,183,2025,KER-2,0.28936902817793025,6.349790856674176,0.8844348477740809,0.04,White_constantSy
2025-07-03,184,2025,KER-2,0.4075385576887527,10.198816809643318,-0.010352867424501255,0.04,White_constantSy
2025-07-04,185,2025,KER-2,0.27109345104485527,7.363580047807261,-0.5862437716858793,0.04,White_constantSy
2025-07-05,186,2025,KER-2,0.2690810823889578,6.408419863364756,0.31860719635918855,0.04,White_constantSy
2025-07-06,187,2025,KER-2,0.3812443631372486,7.8472527293644845,1.6838563490667298,0.04,White_constantSy
2025-07-07,188,2025,KER-2,0.32651741399868,8.100782960638497,0.06215238932850298,0.04,White_constantSy
2025-07-08,189,2025,KER-2,0.49023214779233343,12.02603499831163,0.22976869649670562,0.04,White_constantSy
2025-07-09,190,2025,KER-2,0.4054238435377457,10.367279233288286,-0.23168314484464503,0.04,White_constantSy
2025-07-10,191,2025,KER-2,0.3775640208098136,8.369519152685712,1.0695813675596284,0.04,White_constantSy
2025-07-11,192,2025,KER-2,0.4180268286157855,10.043082353686074,0.4075883617085623,0.04,White_constantSy
2025-07-12,193,2025,KER-2,0.28002692886794023,6.376050301671299,0.6246229200272069,0.04,White_constantSy
2025-07-13,194,2025,KER-2,0.45505200273377966,10.878304253880344,0.4979958144641472,0.04,White_constantSy
2025-07-14,195,2025,KER-2,0.523792993348552,12.616040864993082,0.4787839687207196,0.04,White_constantSy
2025-07-15,196,2025,KER-2,0.3251526099437871,7.173247110735346,0.9555681378593306,0.04,White_constantSy
2025-07-16,197,2025,KER-2,0.3728324412117985,9.291400079890266,0.029410950404695768,0.04,White_constantSy
2025-07-17,198,2025,KER-2,0.31531164620736973,7.943063000292128,-0.0602718451078843,0.04,White_constantSy
2025-07-18,199,2025,KER-2,0.3714335097998642,9.43045357767538,-0.14461583267877387,0.04,White_constantSy
2025-07-19,200,2025,KER-2,0.5010380638700838,11.860022401225834,0.6659291955262603,0.04,White_constantSy
2025-07-20,201,2025,KER-2,0.43980689629957936,10.287701457163934,0.7074709503255505,0.04,White_constantSy
2025-07-21,202,2025,KER-2,0.4308123350543056,10.788870987724408,-0.018562611366768067,0.04,White_constantSy
2025-07-22,203,2025,KER-2,0.31440534664928776,8.814814088348655,-0.9546804221164606,0.04,White_constantSy
2025-07-23,204,2025,KER-2,0.3275137698322439,7.541442814248711,0.6464014315573863,0.04,White_constantSy
2025-07-24,205,2025,KER-2,0.5298951597427788,14.153730246232143,-0.9063512526626738,0.04,White_constantSy
2025-07-25,206,2025,KER-2,0.27648487829312673,10.793391893925318,-3.8812699365971497,0.04,White_constantSy
2025-07-26,207,2025,KER-2,0.13694771359086957,2.773536040991999,0.6501567987797401,0.04,White_constantSy
2025-07-27,208,2025,KER-2,0.22016860186859505,3.864205392608298,1.6400096541065778,0.04,White_constantSy
2025-07-28,209,2025,KER-2,0.38823504156656696,7.842208402213302,1.863667636950872,0.04,White_constantSy
2025-07-29,210,2025,KER-2,0.4358484421078188,10.374349386077952,0.521861666617518,0.04,White_constantSy
2025-07-30,211,2025,KER-2,0.3247257682781495,7.211156597873014,0.9069876090807227,0.04,White_constantSy
2025-07-31,212,2025,KER-2,0.3556062075176669,9.717121760847647,-0.8269665729059739,0.04,White_constantSy
2025-08-01,213,2025,KER-2,0.3564254991279796,9.062245648426881,-0.15160817022739081,0.04,White_constantSy
2025-08-02,214,2025,KER-2,0.2873761014945515,6.476836883433279,0.7075656539305086,0.04,White_constantSy
2025-08-03,215,2025,KER-2,0.48488128948709885,11.262903087880716,0.8591291492967557,0.04,White_constantSy
2025-08-04,216,2025,KER-2,0.308962520542039,7.446217823793688,0.27784518975728645,0.04,White_constantSy
2025-08-05,217,2025,KER-2,0.34757871216819325,9.416957935509984,-0.7274901313051529,0.04,White_constantSy
2025-08-06,218,2025,KER-2,0.35009906436449256,8.698838323435965,0.05363828567634954,0.04,White_constantSy
2025-08-07,219,2025,KER-2,0.42352130657845777,9.674465078384031,0.9135675860774128,0.04,White_constantSy
2025-08-08,220,2025,KER-2,0.4688500131134816,11.592053171942851,0.12919715589418956,0.04,White_constantSy
2025-08-09,221,2025,KER-2,0.423628089722051,10.567711797326496,0.022990445724779818,0.04,White_constantSy
2025-08-10,222,2025,KER-2,0.2959134826755445,7.044443531452416,0.3533935354361972,0.04,White_constantSy
2025-08-11,223,2025,KER-2,0.5644514731948576,13.377007467495261,0.7342793623761779,0.04,White_constantSy
2025-08-12,224,2025,KER-2,0.40834153613714363,9.887709044513926,0.3208293589146649,0.04,White_constantSy
2025-08-13,225,2025,KER-2,0.34130853879655376,8.68411399481559,-0.15140052490174583,0.04,White_constantSy
2025-08-14,226,2025,KER-2,0.32358755582610854,7.523286789261263,0.5664021063914504,0.04,White_constantSy
2025-08-15,227,2025,KER-2,0.3582649288763591,9.193537281969455,-0.236914060060478,0.04,White_constantSy
2025-08-16,228,2025,KER-2,0.48504892004157085,12.708941210695102,-0.5827182096558303,0.04,White_constantSy
2025-08-17,229,2025,KER-2,0.34097762055311875,8.344897965273645,0.1795425485543234,0.04,White_constantSy
2025-08-18,230,2025,KER-2,0.34407711909312866,8.865149245690063,-0.26322126836184623,0.04,White_constantSy
2025-08-19,231,2025,KER-2,0.2896631227979185,7.577725534951796,-0.3361474650038332,0.04,White_constantSy
2025-08-20,232,2025,KER-2,0.34617465937986225,8.641278974725708,0.013087509770848271,0.04,White_constantSy
2025-08-21,233,2025,KER-2,0.3783237734187921,8.505519736127098,0.9525745993427037,0.04,White_constantSy
2025-08-22,234,2025,KER-2,0.4273226145977844,10.413770393460098,0.26929497148451276,0.04,White_constantSy
2025-08-23,235,2025,KER-2,0.35218577567226106,11.549533409747426,-2.744889017940899,0.04,White_constantSy
2025-08-24,236,2025,KER-2,0.0,3.5398607247390856,-6.927623549818492,0.04,White_constantSy
2025-08-25,237,2025,KER-2,0.0,-9.693339456042736,-7.70323404695538,0.04,White_constantSy
2025-08-26,238,2025,KER-2,0.0,-18.56838818162987,3.976376186132839,0.04,White_constantSy
2025-08-27,239,2025,KER-2,0.0,-11.242427664846844,4.92355117840156,0.04,White_constantSy
2025-08-28,240,2025,KER-2,0.0,-0.27136486008348015,2.27225817229737,0.04,White_constantSy
2025-08-29,241,2025,KER-2,0.149591570724171,3.5242279941730885,0.2155612739311863,0.04,White_constantSy
2025-08-30,242,2025,KER-2,0.2539325889636021,5.349415273426359,0.9988994506636928,0.04,White_constantSy
2025-08-31,243,2025,KER-2,0.26837898959743,6.22886880246547,0.4806059374702798,0.04,White_constantSy
2025-09-01,244,2025,KER-2,0.2218952175697666,5.067670978102967,0.47970946114119783,0.04,White_constantSy
2025-09-02,245,2025,KER-2,0.0,6.559990403163951,-7.4562159089442375,0.04,White_constantSy
2025-09-03,246,2025,KER-2,0.0,-3.361877247093446,4.146908840056803,0.04,White_constantSy
2025-09-04,247,2025,KER-2,0.0,2.7216731061002974,2.66435299563188,0.04,White_constantSy
2025-09-05,248,2025,KER-2,0.0,3.638230003409504,0.6043226186859485,0.04,White_constantSy
2025-09-06,249,2025,KER-2,0.14296172272654672,3.928329661648533,-0.3542865934848649,0.04,White_constantSy
2025-09-07,250,2025,KER-2,0.13705396816226312,3.4503842206120794,-0.024035016555501443,0.04,White_constantSy
2025-09-08,251,2025,KER-2,0.18245487790357373,3.3411479368474772,1.220224010741866,0.04,White_constantSy
2025-09-09,252,2025,KER-2,0.20387650952492464,4.814379162794324,0.28253357532879164,0.04,White_constantSy
2025-09-10,253,2025,KER-2,0.2689953284853246,7.78374392481318,-1.0588607126800653,0.04,White_constantSy
2025-09-11,254,2025,KER-2,0.1637343953053687,5.299215351516295,-1.2058554688820777,0.04,White_constantSy
2025-09-12,255,2025,KER-2,0.18253732442188664,4.2779495304088755,0.28548358013829045,0.04,White_constantSy
2025-09-13,256,2025,KER-2,0.20839481842444485,4.781110545207667,0.4287599154034538,0.04,White_constantSy
2025-09-14,257,2025,KER-2,0.1564695812745498,2.761726108620266,1.1500134232434789,0.04,White_constantSy
2025-09-15,258,2025,KER-2,0.2877243963929672,8.029117030291033,-0.8360071204668529,0.04,White_constantSy
2025-09-16,259,2025,KER-2,0.11672308991387581,3.206138429325023,-0.28806118147812754,0.04,White_constantSy
2025-09-17,260,2025,KER-2,0.14799892136526438,2.6920115422797153,1.0079614918518942,0.04,White_constantSy
2025-09-18,261,2025,KER-2,0.16070856731855088,3.3095367507680606,0.7081774321957113,0.04,White_constantSy
2025-09-19,262,2025,KER-2,0.06381055296851912,3.5372677662266483,-1.9420039420136703,0.04,White_constantSy
2025-09-20,263,2025,KER-2,0.14627048935552267,3.4823715639152653,0.1743906699728015,0.04,White_constantSy
2025-09-21,264,2025,KER-2,0.07925708215167049,1.9588120854312052,0.022614968360556986,0.04,White_constantSy
2025-09-22,265,2025,KER-2,0.19987458391913293,4.181206745585797,0.8156578523925262,0.04,White_constantSy
2025-09-23,266,2025,KER-2,0.3418959645954871,8.82694863443767,-0.2795495195504927,0.04,White_constantSy
2025-09-24,267,2025,KER-2,0.2762103832181353,7.275094390265835,-0.36983480981245265,0.04,White_constantSy
2025-09-25,268,2025,KER-2,-0.001994334210351667,-0.9957664092528518,0.9459080539940601,0.04,White_constantSy
2025-09-26,269,2025,KER-2,0.35212339766944467,8.925856628387407,-0.12277168665129068,0.04,White_constantSy
2025-09-27,270,2025,KER-2,0.06774751045906413,1.4176109342059817,0.27607682727062155,0.04,White_constantSy
2025-09-28,271,2025,KER-2,0.06519009006504461,1.6871741166056609,-0.05742186497954549,0.04,White_constantSy
2025-09-29,272,2025,KER-2,0.07875639283258096,2.3717564026583204,-0.4028465818437965,0.04,White_constantSy
2025-09-30,273,2025,KER-2,0.0523390895858995,3.1216341784652712,-1.8131569388177837,0.04,White_constantSy
2025-10-01,274,2025,KER-2,-0.04663081889130183,1.2159036816029811,-2.381674153885527,0.04,White_constantSy
2025-10-02,275,2025,KER-2,0.0,-3.278564134522412,-14.155121056528941,0.04,White_constantSy
2025-10-03,276,2025,KER-2,0.0,-23.560759092237404,10.56248346091433,0.04,White_constantSy
2025-10-04,277,2025,KER-2,0.0,-3.8895577276363724,3.44034554924022,0.04,White_constantSy
2025-10-05,278,2025,KER-2,0.0,1.2305866007043846,0.2680714078158175,0.04,White_constantSy
2025-10-06,279,2025,KER-2,-0.07883729762593135,-2.144248841598184,0.17331640094990064,0.04,White_constantSy
2025-10-07,280,2025,KER-2,0.06851537848340457,1.3259687702909417,0.3869156917941723,0.04,White_constantSy
2025-10-08,281,2025,KER-2,0.06462771451025333,-0.16257688668797243,1.7782697494443056,0.04,White_constantSy
2025-10-09,282,2025,KER-2,0.07837320724237884,1.5180523705101479,0.44127781054932314,0.04,White_constantSy
2025-10-10,283,2025,KER-2,0.1566287563655493,4.118880727796892,-0.20316181865815963,0.04,White_constantSy
2025-10-11,284,2025,KER-2,-0.05998586923794136,-0.5998785098643822,-0.8997682210841518,0.04,White_constantSy
2025-10-12,285,2025,KER-2,0.2303068714958698,4.135288018858674,1.6223837685380715,0.04,White_constantSy
2025-10-13,286,2025,KER-2,-0.11709784753620056,-1.4061339183328414,-1.5213122700721726,0.04,White_constantSy
2025-10-14,287,2025,KER-2,0.0,2.139551795586314,-9.147642947720058,0.04,White_constantSy
2025-10-15,288,2025,KER-2,0.0,1.8798213856026535,-3.1723661597439516,0.04,White_constantSy
2025-10-16,289,2025,KER-2,0.0,-16.36487488118945,4.706256785042491,0.04,White_constantSy
2025-10-17,290,2025,KER-2,0.0,-5.3260007570514745,3.2846827064457003,0.04,White_constantSy
2025-10-18,291,2025,KER-2,0.024169099807201635,-0.03734496132179288,0.6415724565018337,0.04,White_constantSy
2025-10-19,292,2025,KER-2,0.008866778215358124,-0.309586479680803,0.5312559350647561,0.04,White_constantSy
2025-10-20,293,2025,KER-2,0.10356788384977023,3.512860566807774,-0.9236634705635183,0.04,White_constantSy
2025-10-21,294,2025,KER-2,-0.04901376736390972,-2.731101274580894,1.5057570904831508,0.04,White_constantSy
2025-10-22,295,2025,KER-2,0.0838144009758267,2.6193377377993414,-0.5239777134036743,0.04,White_constantSy
2025-10-23,296,2025,KER-2,0.12246630814176598,2.6711542568864672,0.3905034466576822,0.04,White_constantSy
2025-10-24,297,2025,KER-2,0.09987728167124743,0.9736490610823267,1.523282980698859,0.04,White_constantSy
2025-10-25,298,2025,KER-2,-0.005106048708249489,2.4154847386803624,-2.5431359563865996,0.04,White_constantSy
2025-10-26,299,2025,KER-2,-0.4447874482673342,-1.4147712103110166,-9.704914996372338,0.04,White_constantSy
2025-10-27,300,2025,KER-2,-0.10755398204716471,-8.812089131264145,6.123239580085027,0.04,White_constantSy
2025-10-28,301,2025,KER-2,-0.040119713473671936,-2.096825217475029,1.0938323806332306,0.04,White_constantSy
2025-10-29,302,2025,KER-2,-0.019076230300626662,-1.8168458707954471,1.3399401132797806,0.04,White_constantSy
2025-10-30,303,2025,KER-2,0.003044847106885129,-1.7084383541252635,1.7845595317973917,0.04,White_constantSy
2021-07-04,185,2021,KET-1,0.6546808088810389,14.79128709896676,1.5757331230592104,0.04,White_constantSy
2021-07-05,186,2021,KET-1,-0.6288726981673437,5.610318336917107,-21.3321357911007,0.04,White_constantSy
2024-06-03,155,2024,KET-1,0.3158214175743839,5.116561527312058,2.7789739120475403,0.04,White_constantSy
2024-06-04,156,2024,KET-1,0.17428209844043657,3.4912428239703637,0.8658096370405506,0.04,White_constantSy
2024-06-05,157,2024,KET-1,0.10749893777625744,1.7412778603894772,0.9461955840169587,0.04,White_constantSy
2024-06-06,158,2024,KET-1,0.3929843700924435,8.056966695546596,1.7676425567644918,0.04,White_constantSy
2024-06-07,159,2024,KET-1,0.1092693159419074,2.6622516402063656,0.06948125834131957,0.04,White_constantSy
2024-06-08,160,2024,KET-1,0.09922132217804003,2.981335389012001,-0.5008023345610004,0.04,White_constantSy
2024-06-09,161,2024,KET-1,-0.14036688151683172,-4.687207660629124,1.1780356227083306,0.04,White_constantSy
2024-06-10,162,2024,KET-1,0.22811919735122643,5.864867422701181,-0.16188748892052018,0.04,White_constantSy
2024-06-11,163,2024,KET-1,0.20839421731459837,4.123309379572859,1.0865460532920999,0.04,White_constantSy
2024-06-12,164,2024,KET-1,0.36669666344069185,8.201906033155737,0.9655105528615602,0.04,White_constantSy
2024-06-13,165,2024,KET-1,0.49017353670168934,11.731362557202363,0.5229758603398702,0.04,White_constantSy
2024-06-14,166,2024,KET-1,0.44801522144009553,9.613845122281738,1.5865354137206493,0.04,White_constantSy
2024-06-15,167,2024,KET-1,0.39960565539500037,10.52661234054144,-0.53647095566643,0.04,White_constantSy
2024-06-16,168,2024,KET-1,0.3175418782091266,6.081144652062054,1.8574023031661104,0.04,White_constantSy
2024-06-17,169,2024,KET-1,0.06811189550849207,2.378458612285022,-0.6756612245727203,0.04,White_constantSy
2024-06-18,170,2024,KET-1,0.1482828769063855,3.1194826508169573,0.5875892718426803,0.04,White_constantSy
2024-06-19,171,2024,KET-1,0.24989519057175563,3.9539842612239005,2.29339550306999,0.04,White_constantSy
2024-06-20,172,2024,KET-1,0.4812939225282652,12.78047179184082,-0.7481237286341901,0.04,White_constantSy
2024-06-21,173,2024,KET-1,0.26696979187430275,5.721555702500339,0.9526890943572301,0.04,White_constantSy
2024-06-22,174,2024,KET-1,0.22768607736778163,4.732495842355441,0.9596560918391001,0.04,White_constantSy
2024-06-23,175,2024,KET-1,0.14940838899952605,1.4477373156712208,2.2874724093169303,0.04,White_constantSy
2024-06-24,176,2024,KET-1,0.17999874009657205,3.9291186808260017,0.5708498215883,0.04,White_constantSy
2024-06-25,177,2024,KET-1,0.09266709228390368,1.516457105334723,0.800220201762869,0.04,White_constantSy
2024-06-26,178,2024,KET-1,0.11127568183948583,0.656442782749135,2.1254492632380106,0.04,White_constantSy
2024-06-27,179,2024,KET-1,0.032327564749563574,-1.1304975061954199,1.9386866249345092,0.04,White_constantSy
2024-06-28,180,2024,KET-1,0.05941116805438853,-0.09331219062503848,1.5785913919847516,0.04,White_constantSy
2024-06-29,181,2024,KET-1,0.18197025569584582,4.098359621381707,0.45089677101443826,0.04,White_constantSy
2024-06-30,182,2024,KET-1,0.18877449568014315,4.603407125568648,0.11595526643493059,0.04,White_constantSy
2024-07-01,183,2024,KET-1,-0.05533824020605579,-2.5342964039428253,1.1508403987914306,0.04,White_constantSy
2024-07-02,184,2024,KET-1,0.1322088927139697,3.2392419315844236,0.06598038626481895,0.04,White_constantSy
2024-07-03,185,2024,KET-1,0.10594211645861336,3.815059049675874,-1.16650613821054,0.04,White_constantSy
2024-07-04,186,2024,KET-1,0.09790824690924169,3.3507850333400313,-0.9030788606089892,0.04,White_constantSy
2024-07-05,187,2024,KET-1,0.15188440917003646,3.4618427809291816,0.33526744832172994,0.04,White_constantSy
2024-07-06,188,2024,KET-1,0.20334516964272994,3.844820947032069,1.238808294036179,0.04,White_constantSy
2024-07-07,189,2024,KET-1,0.43958743858924265,11.240869793387276,-0.2511838286562096,0.04,White_constantSy
2024-07-08,190,2024,KET-1,0.3504536972935307,7.730923104949017,1.0304193273892501,0.04,White_constantSy
2024-07-09,191,2024,KET-1,0.23742529146111524,4.748267778954951,1.18736450757293,0.04,White_constantSy
2024-07-10,192,2024,KET-1,0.4445840377758762,11.286226980025315,-0.17162603562841028,0.04,White_constantSy
2024-07-11,193,2024,KET-1,0.24452550969345985,6.458534624902146,-0.34539688256564993,0.04,White_constantSy
2024-07-12,194,2024,KET-1,0.2616766403921823,6.392348235696598,0.1495677741079593,0.04,White_constantSy
2024-07-15,197,2024,KET-1,-0.03615423488457083,-2.098020415709822,1.1941645435955515,0.04,White_constantSy
2024-07-16,198,2024,KET-1,0.256280481111388,4.252644961352171,2.1543670664325294,0.04,White_constantSy
2024-07-17,199,2024,KET-1,0.278073267428852,8.05543760761297,-1.1036059218916687,0.04,White_constantSy
2024-07-18,200,2024,KET-1,0.17964787599321091,3.9566227437315753,0.5345741560986976,0.04,White_constantSy
2024-07-19,201,2024,KET-1,0.3584578535630034,7.516738742362971,1.4447075967121137,0.04,White_constantSy
2024-07-20,202,2024,KET-1,0.43809430698834717,9.70144981458212,1.25090786012656,0.04,White_constantSy
2024-07-21,203,2024,KET-1,0.5320027055695249,12.843439268110757,0.45662837112736554,0.04,White_constantSy
2024-07-22,204,2024,KET-1,0.5769684243718691,15.120445985062126,-0.6962353757653972,0.04,White_constantSy
2024-07-23,205,2024,KET-1,0.3646827886017397,9.778118078375165,-0.6610483633316733,0.04,White_constantSy
2024-07-24,206,2024,KET-1,0.44571384899673294,10.704439519893349,0.43840670502497403,0.04,White_constantSy
2024-07-25,207,2024,KET-1,0.5634671271398507,13.465676387885829,0.621001790610439,0.04,White_constantSy
2024-07-26,208,2024,KET-1,0.5328982372775911,12.092047975912081,1.2304079560276975,0.04,White_constantSy
2024-07-27,209,2024,KET-1,0.5337600410815229,14.198623363994088,-0.854622336956016,0.04,White_constantSy
2024-07-28,210,2024,KET-1,0.37742063463626524,9.035077860390551,0.40043800551607944,0.04,White_constantSy
2024-07-29,211,2024,KET-1,0.46079288196106916,11.83163456205314,-0.31181251302641044,0.04,White_constantSy
2024-07-30,212,2024,KET-1,0.549752176233519,13.030989650228285,0.7128147556096884,0.04,White_constantSy
2024-07-31,213,2024,KET-1,0.5211852878869572,12.31166220644544,0.7179699907284878,0.04,White_constantSy
2024-08-01,214,2024,KET-1,0.6252708290162012,15.609419983410767,0.02235074199426279,0.04,White_constantSy
2024-08-02,215,2024,KET-1,0.6691188227822104,16.955387425348455,-0.22741685579319793,0.04,White_constantSy
2024-08-03,216,2024,KET-1,0.36268582662880533,13.276685563428003,-4.20953989770787,0.04,White_constantSy
2024-08-04,217,2024,KET-1,0.06849321236557401,-0.8639624959311476,2.576292805070498,0.04,White_constantSy
2024-08-05,218,2024,KET-1,0.32718817525630967,7.403545396398293,0.7761589850094488,0.04,White_constantSy
2024-08-06,219,2024,KET-1,0.40399643120035467,9.453393678365885,0.6465171016429814,0.04,White_constantSy
2024-08-07,220,2024,KET-1,0.49961007994873,13.16766760209871,-0.6774156033804601,0.04,White_constantSy
2024-08-08,221,2024,KET-1,0.4905289271117755,11.002041989407019,1.2611811883873685,0.04,White_constantSy
2024-08-09,222,2024,KET-1,0.5237300408685364,12.020179602271618,1.073071419441792,0.04,White_constantSy
2024-08-10,223,2024,KET-1,0.5907586174574249,15.568510569005412,-0.79954513256979,0.04,White_constantSy
2024-08-11,224,2024,KET-1,0.5215439859712623,11.900721745373467,1.137877903908091,0.04,White_constantSy
2024-08-12,225,2024,KET-1,0.5614084103406896,13.575673344940142,0.4595369135770966,0.04,White_constantSy
2024-08-13,226,2024,KET-1,0.6141619395566879,14.728477211011537,0.6255712779056601,0.04,White_constantSy
2024-08-14,227,2024,KET-1,0.503497642714209,13.863157186347784,-1.2757161184925572,0.04,White_constantSy
2024-08-15,228,2024,KET-1,0.45529425553317454,10.459501496538316,0.9228548917910473,0.04,White_constantSy
2024-08-16,229,2024,KET-1,0.3623578664057297,8.44162606467156,0.617320595471682,0.04,White_constantSy
2024-08-17,230,2024,KET-1,0.6399672742339666,14.878694390418424,1.1204874654307417,0.04,White_constantSy
2024-08-18,231,2024,KET-1,0.47263605832074507,12.391598697244888,-0.5756972392262618,0.04,White_constantSy
2024-08-19,232,2024,KET-1,0.5248144837374289,14.572392293620574,-1.4520302001848506,0.04,White_constantSy
2024-08-20,233,2024,KET-1,0.7343512172783594,17.685686578419535,0.6730938535394486,0.04,White_constantSy
2024-08-21,234,2024,KET-1,0.5279610225948036,12.77887262373629,0.4201529411338001,0.04,White_constantSy
2024-08-22,235,2024,KET-1,0.522742817711106,12.18949878313007,0.8790716596475789,0.04,White_constantSy
2024-08-23,236,2024,KET-1,0.46256512630215924,12.693163718720868,-1.1290355611668872,0.04,White_constantSy
2024-08-24,237,2024,KET-1,0.22601866896023481,9.385626435584228,-3.7351597115783584,0.04,White_constantSy
2024-08-25,238,2024,KET-1,0.01250198280327922,0.008431127116992343,0.30411844296498813,0.04,White_constantSy
2024-08-26,239,2024,KET-1,0.09263352470740997,2.4527801212770086,-0.13694200359175923,0.04,White_constantSy
2024-08-27,240,2024,KET-1,0.19311521972266377,4.474394984408647,0.3534855086579469,0.04,White_constantSy
2024-08-28,241,2024,KET-1,0.18954959369128857,4.502692816284771,0.23604702599744343,0.04,White_constantSy
2024-08-29,242,2024,KET-1,0.30105232227979356,7.349540159957591,0.17676789703724793,0.04,White_constantSy
2024-08-30,243,2024,KET-1,0.24434731840283946,5.677088386141136,0.4315945739298499,0.04,White_constantSy
2024-08-31,244,2024,KET-1,0.2847997774831164,7.1164299112236975,0.003564525854212519,0.04,White_constantSy
2024-09-01,245,2024,KET-1,0.22376724301479115,4.091186542417802,1.502994532951977,0.04,White_constantSy
2024-09-02,246,2024,KET-1,0.34671663632707433,8.944319538322198,-0.27640363014533875,0.04,White_constantSy
2024-09-03,247,2024,KET-1,0.22615782288776473,6.300026521259049,-0.6460809490649311,0.04,White_constantSy
2024-09-04,248,2024,KET-1,0.24648064156809285,6.481478125011051,-0.3194620858087305,0.04,White_constantSy
2024-09-05,249,2024,KET-1,0.3488638952568698,8.808275287354682,-0.08667790593293745,0.04,White_constantSy
2024-09-06,250,2024,KET-1,0.31333708551963396,6.864599994402077,0.9688271435887721,0.04,White_constantSy
2024-09-07,251,2024,KET-1,0.37847390347519566,8.135903830211056,1.3259437566688348,0.04,White_constantSy
2024-09-08,252,2024,KET-1,0.41487021958155795,11.178348481686108,-0.8065929921471593,0.04,White_constantSy
2024-09-09,253,2024,KET-1,0.37242420667199483,9.434956234043689,-0.12435106724381839,0.04,White_constantSy
2024-09-10,254,2024,KET-1,0.35928352206384145,7.696434770422677,1.28565328117336,0.04,White_constantSy
2024-09-11,255,2024,KET-1,0.3405150159830947,8.829550496698268,-0.3166750971208998,0.04,White_constantSy
2024-09-12,256,2024,KET-1,0.17101032936546617,4.406394655928047,-0.13113642179139262,0.04,White_constantSy
2024-09-13,257,2024,KET-1,0.16852399586653646,4.549168209793919,-0.33606831313050733,0.04,White_constantSy
2024-09-14,258,2024,KET-1,0.24902813012300898,5.646972600056465,0.5787306530187593,0.04,White_constantSy
2024-09-15,259,2024,KET-1,0.35639274865952275,8.307581687118649,0.6022370293694195,0.04,White_constantSy
2024-09-16,260,2024,KET-1,0.1275242702787993,4.1551528384186724,-0.9670460814486894,0.04,White_constantSy
2024-09-17,261,2024,KET-1,0.11554070441825814,3.211440956377132,-0.3229233459206782,0.04,White_constantSy
2024-09-18,262,2024,KET-1,0.0051515472583645305,0.6490980189322926,-0.5203093374731793,0.04,White_constantSy
2024-09-19,263,2024,KET-1,-0.07551756390681419,-1.548188108773374,-0.33975098889698074,0.04,White_constantSy
2024-09-20,264,2024,KET-1,-0.039111417933376774,-0.5178298371347978,-0.4599556111996215,0.04,White_constantSy
2024-09-21,265,2024,KET-1,0.12356028663516284,3.40137678019272,-0.3123696143136492,0.04,White_constantSy
2024-09-22,266,2024,KET-1,0.026758133728094578,2.422105027821786,-1.7531516846194215,0.04,White_constantSy
2024-09-23,267,2024,KET-1,0.06518796464566805,1.3948288227713306,0.23487029337037058,0.04,White_constantSy
2024-09-24,268,2024,KET-1,0.15202316102719493,3.192256954356054,0.6083220713238191,0.04,White_constantSy
2024-09-25,269,2024,KET-1,0.22919080668582908,5.939577509046877,-0.20980734190115058,0.04,White_constantSy
2024-09-26,270,2024,KET-1,-0.05193082898700411,-0.6642781966977651,-0.6339925279773375,0.04,White_constantSy
2024-09-27,271,2024,KET-1,0.10047056492788216,2.2066392568930837,0.30512486630397007,0.04,White_constantSy
2024-09-28,272,2024,KET-1,0.09491101613510793,1.6930999107597202,0.679675492617978,0.04,White_constantSy
2024-09-29,273,2024,KET-1,0.1750026661818103,5.285102956730704,-0.9100363021854463,0.04,White_constantSy
2024-09-30,274,2024,KET-1,0.18145648162820294,5.244439787615107,-0.7080277469100338,0.04,White_constantSy
2024-10-01,275,2024,KET-1,0.1764367084033802,4.1407843328588925,0.27013337722561204,0.04,White_constantSy
2024-10-02,276,2024,KET-1,0.16415678627751618,3.7987543460545226,0.30516531088338184,0.04,White_constantSy
2024-10-03,277,2024,KET-1,0.10607249861865853,2.5472822100756076,0.10453025539085559,0.04,White_constantSy
2024-10-04,278,2024,KET-1,0.08635018398738396,2.9604415204470556,-0.8016869207624566,0.04,White_constantSy
2024-10-05,279,2024,KET-1,0.06425968941863403,1.6447541883263028,-0.0382619528604522,0.04,White_constantSy
2024-10-06,280,2024,KET-1,0.08479781800542625,2.1581709820242665,-0.03822553188861022,0.04,White_constantSy
2024-10-07,281,2024,KET-1,0.07844216673353145,1.3247367886595853,0.636317379678701,0.04,White_constantSy
2024-10-08,282,2024,KET-1,0.054992186892447,1.1646724136336957,0.2101322586774792,0.04,White_constantSy
2024-10-09,283,2024,KET-1,0.12788326342103404,3.5157536105323786,-0.3186720250065278,0.04,White_constantSy
2024-10-10,284,2024,KET-1,0.14837235355855613,3.4620841070967643,0.24722473186713856,0.04,White_constantSy
2024-10-11,285,2024,KET-1,0.20076910855791483,5.2715670195617506,-0.25233930561388007,0.04,White_constantSy
2024-10-12,286,2024,KET-1,0.07796447565425667,2.2056541664902767,-0.2565422751338602,0.04,White_constantSy
2024-10-13,287,2024,KET-1,0.02259185427851591,0.3429558948319098,0.22184046213098796,0.04,White_constantSy
2024-10-14,288,2024,KET-1,0.0687647533708153,2.168707743391728,-0.44958890912134564,0.04,White_constantSy
2024-10-15,289,2024,KET-1,0.11968075965013014,2.768993555284993,0.2230254359682604,0.04,White_constantSy
2024-10-16,290,2024,KET-1,0.11659594116716931,1.837099407818954,1.0777991213602789,0.04,White_constantSy
2024-10-17,291,2024,KET-1,-0.09583158820746804,-2.469549518948021,0.07375981376132046,0.04,White_constantSy
2024-10-18,292,2024,KET-1,0.05499070335182665,3.4922746668673454,-2.117507083071679,0.04,White_constantSy
2024-10-19,293,2024,KET-1,-0.06932382162467135,-1.9279309110604714,0.1948353704436876,0.04,White_constantSy
2024-10-20,294,2024,KET-1,0.14148495835737251,3.529152092860201,0.007971866074111489,0.04,White_constantSy
2024-10-21,295,2024,KET-1,-0.020560136707558883,-0.5794097507905605,0.06540633310158839,0.04,White_constantSy
2024-10-22,296,2024,KET-1,0.006667186118086761,0.1290563996363403,0.03762325331582872,0.04,White_constantSy
2024-10-23,297,2024,KET-1,0.060909461429880456,1.637188503572439,-0.11445196782542766,0.04,White_constantSy
2024-10-24,298,2024,KET-1,0.037246353127407164,0.7208988930798697,0.21025993510530938,0.04,White_constantSy
2024-10-25,299,2024,KET-1,-0.01580131601904995,0.36670492161763235,-0.7617378220938811,0.04,White_constantSy
2024-10-26,300,2024,KET-1,-0.02416402103975912,-1.0354931340469165,0.43139260805293844,0.04,White_constantSy
2024-10-27,301,2024,KET-1,-0.11673461914523472,-3.845101356682811,0.926735878051943,0.04,White_constantSy
2024-10-28,302,2024,KET-1,-0.22107990529386867,-5.348939374233176,-0.17805825811354126,0.04,White_constantSy
2024-10-29,303,2024,KET-1,-0.1995284528902127,-4.914760858991208,-0.07345046326410909,0.04,White_constantSy
2024-10-30,304,2024,KET-1,0.003520837445569782,-0.23318873899571457,0.3212096751349591,0.04,White_constantSy
2024-10-31,305,2024,KET-1,-0.024664361080347277,-0.0966674317243843,-0.5199415952842976,0.04,White_constantSy
2024-11-01,306,2024,KET-1,0.13134631942062214,2.270203064606946,1.0134549209086074,0.04,White_constantSy
2024-11-02,307,2024,KET-1,-0.003444741749952982,1.260306873443163,-1.3464254171919876,0.04,White_constantSy
2024-11-03,308,2024,KET-1,-0.2290633377371023,-5.617668244741836,-0.10891519868572175,0.04,White_constantSy
2024-11-04,309,2024,KET-1,-0.06977668794910116,-0.259010596680298,-1.485406602047231,0.04,White_constantSy
2024-11-05,310,2024,KET-1,-0.2576366536327443,-6.824582380493638,0.3836660396750311,0.04,White_constantSy
2024-11-06,311,2024,KET-1,0.12591024835192158,3.1292231117049596,0.01853309709307993,0.04,White_constantSy
2024-11-07,312,2024,KET-1,0.1647133935223566,4.680045206689385,-0.5622103686304705,0.04,White_constantSy
2024-11-08,313,2024,KET-1,0.1053244068670196,2.934407747187251,-0.30129757551176084,0.04,White_constantSy
2024-11-09,314,2024,KET-1,-1.0823886499744284,-0.10247998062737906,-26.95723626873333,0.04,White_constantSy
2025-05-27,147,2025,KET-1,0.29738767666974514,7.399298657782136,0.03539325896149137,0.04,White_constantSy
2025-05-28,148,2025,KET-1,0.09500403483652868,0.8826973940781677,1.4924034768350491,0.04,White_constantSy
2025-05-29,149,2025,KET-1,0.11227377099373677,2.72817270087198,0.0786715739714392,0.04,White_constantSy
2025-05-30,150,2025,KET-1,0.2377431531032311,4.712535903719218,1.2310429238615601,0.04,White_constantSy
2025-05-31,151,2025,KET-1,0.29502566612262693,5.328163760522763,2.0474778925429105,0.04,White_constantSy
2025-06-01,152,2025,KET-1,0.10633336902231488,1.558977104631122,1.0993571209267499,0.04,White_constantSy
2025-06-02,153,2025,KET-1,0.3746339472951101,9.035578687056061,0.3302699953216903,0.04,White_constantSy
2025-06-03,154,2025,KET-1,0.30165084211664395,7.186453931810998,0.3548171211050999,0.04,White_constantSy
2025-06-04,155,2025,KET-1,0.3085321079694993,6.0611207872260024,1.65218191201148,0.04,White_constantSy
2025-06-05,156,2025,KET-1,0.45887750429856367,10.620422133394682,0.8515154740694098,0.04,White_constantSy
2025-06-06,157,2025,KET-1,0.20852867741179318,6.728341270777379,-1.5151243354825499,0.04,White_constantSy
2025-06-07,158,2025,KET-1,0.3119514706474725,7.518471786269761,0.2803149799170499,0.04,White_constantSy
2025-06-08,159,2025,KET-1,0.12449438421477839,3.9233901025571996,-0.81103049718774,0.04,White_constantSy
2025-06-09,160,2025,KET-1,0.1063221643897603,1.3852566040277976,1.27279750571621,0.04,White_constantSy
2025-06-10,161,2025,KET-1,0.42450516525429716,7.746995850838498,2.86563328051893,0.04,White_constantSy
2025-06-11,162,2025,KET-1,0.2202955977248068,3.5800702584449406,1.92731968467523,0.04,White_constantSy
2025-06-12,163,2025,KET-1,0.3310958936162149,7.450036480506121,0.8273608598992501,0.04,White_constantSy
2025-06-13,164,2025,KET-1,0.2676872623942045,4.035789591035402,2.656391968819709,0.04,White_constantSy
2025-06-14,165,2025,KET-1,0.10560202480490272,3.2107661244140377,-0.5707155042914698,0.04,White_constantSy
2025-06-15,166,2025,KET-1,-0.0007956662782730817,-2.5426813781767184,2.5227897212198913,0.04,White_constantSy
2025-06-16,167,2025,KET-1,0.031247032552614087,1.253968965349383,-0.4727931515340309,0.04,White_constantSy
2025-06-17,168,2025,KET-1,0.0225162112140535,0.17898082969409757,0.3839244506572399,0.04,White_constantSy
2025-06-18,169,2025,KET-1,0.05669069248371855,0.5532735614700037,0.86399375062296,0.04,White_constantSy
2025-06-19,170,2025,KET-1,0.15863826027832167,1.9805423880956425,1.9854141188623995,0.04,White_constantSy
2025-06-20,171,2025,KET-1,-0.004546599173074313,-0.285096326451729,0.17143134712487118,0.04,White_constantSy
2025-06-21,172,2025,KET-1,0.02319416565219363,1.4700202635911417,-0.8901661222863009,0.04,White_constantSy
2025-06-22,173,2025,KET-1,0.018463871574452922,-0.7244792055829272,1.1860759949442503,0.04,White_constantSy
2025-06-23,174,2025,KET-1,-0.012597848245414057,-1.3285716992470817,1.0136254931117303,0.04,White_constantSy
2025-06-24,175,2025,KET-1,-0.07437780806696197,-2.2861010474400487,0.4266558457659997,0.04,White_constantSy
2025-06-25,176,2025,KET-1,0.20500885032547808,4.031718081713752,1.0935031764231997,0.04,White_constantSy
2025-06-26,177,2025,KET-1,0.09714017134131603,2.6486909128291103,-0.2201866292962098,0.04,White_constantSy
2025-06-27,178,2025,KET-1,0.17626177065826582,4.743031216871817,-0.3364869504151713,0.04,White_constantSy
2025-06-28,179,2025,KET-1,0.0824789520615282,2.9089111243997934,-0.8469373228615886,0.04,White_constantSy
2025-06-29,180,2025,KET-1,0.2084314318827304,4.905202662903839,0.3055831341644204,0.04,White_constantSy
2025-06-30,181,2025,KET-1,0.019790398265761552,0.21097849281906988,0.28378146382496894,0.04,White_constantSy
2025-07-01,182,2025,KET-1,0.18960333918661654,5.2804540534480715,-0.5403705737826581,0.04,White_constantSy
2025-07-02,183,2025,KET-1,0.07004735327559786,0.05955004964874888,1.6916337822411975,0.04,White_constantSy
2025-07-03,184,2025,KET-1,0.4010169984833303,9.354431740939315,0.6709932211439416,0.04,White_constantSy
2025-07-04,185,2025,KET-1,0.2785834490886138,9.013778955734587,-2.049192728519241,0.04,White_constantSy
2025-07-05,186,2025,KET-1,-0.01195971480511446,-0.07419357879318156,-0.2247992913346799,0.04,White_constantSy
2025-07-06,187,2025,KET-1,0.13845015149804973,2.2381531474153213,1.2231006400359217,0.04,White_constantSy
2025-07-07,188,2025,KET-1,0.4200909129408642,9.966447828188407,0.535824995333197,0.04,White_constantSy
2025-07-08,189,2025,KET-1,0.47922487926017143,12.445972278551633,-0.46535029704734754,0.04,White_constantSy
2025-07-09,190,2025,KET-1,0.4168705364976687,10.97427832188096,-0.5525149094392425,0.04,White_constantSy
2025-07-10,191,2025,KET-1,0.46718856407902964,10.25244673200977,1.4272673699659713,0.04,White_constantSy
2025-07-11,192,2025,KET-1,0.511497602141568,13.28043157616856,-0.4929915226293602,0.04,White_constantSy
2025-07-12,193,2025,KET-1,0.36699604887511605,8.458913358832021,0.7159878630458802,0.04,White_constantSy
2025-07-13,194,2025,KET-1,0.4744734603295624,11.685092621204518,0.1767438870345419,0.04,White_constantSy
2025-07-14,195,2025,KET-1,0.6028995046896598,14.320428404559848,0.7520592126816474,0.04,White_constantSy
2025-07-15,196,2025,KET-1,0.4744966220245759,11.481545461562035,0.38087008905236175,0.04,White_constantSy
2025-07-16,197,2025,KET-1,0.4265108816390242,9.347990046683886,1.3147819942917174,0.04,White_constantSy
2025-07-17,198,2025,KET-1,0.3897797211787547,9.775823392845595,-0.03133036337672834,0.04,White_constantSy
2025-07-18,199,2025,KET-1,0.5243142719114654,12.801745718447343,0.30611107933929205,0.04,White_constantSy
2025-07-19,200,2025,KET-1,0.651497268104948,15.724300072184882,0.5631316304388179,0.04,White_constantSy
2025-07-20,201,2025,KET-1,0.5820416982962086,13.414940510820372,1.1361019465848408,0.04,White_constantSy
2025-07-21,202,2025,KET-1,0.7172000157227599,17.02760562121668,0.9023947718523182,0.04,White_constantSy
2025-07-22,203,2025,KET-1,0.4956573804503387,12.938849876228865,-0.5474153649703979,0.04,White_constantSy
2025-07-23,204,2025,KET-1,0.4545115755802644,10.483428111580693,0.8793612779259163,0.04,White_constantSy
2025-07-24,205,2025,KET-1,0.8206194147767443,21.023948995214802,-0.5084636257961961,0.04,White_constantSy
2025-07-25,206,2025,KET-1,0.5515647446790837,15.170664367366982,-1.3815457503898898,0.04,White_constantSy
2025-07-26,207,2025,KET-1,0.321418673056712,8.40519180925412,-0.3697249828363205,0.04,White_constantSy
2025-07-27,208,2025,KET-1,0.0516610511121273,-0.2475790574077763,1.5391053352109587,0.04,White_constantSy
2025-07-28,209,2025,KET-1,0.3287683949846921,8.211448970016733,0.0077609046005697735,0.04,White_constantSy
2025-07-29,210,2025,KET-1,0.5788593373979714,14.522172830342562,-0.05068939539327744,0.04,White_constantSy
2025-07-30,211,2025,KET-1,0.5809314935576647,13.220330490890952,1.3029568480506661,0.04,White_constantSy
2025-07-31,212,2025,KET-1,0.7527903197542897,19.2778110769396,-0.45805308308235837,0.04,White_constantSy
2025-08-01,213,2025,KET-1,0.8071353727785606,19.951837618691215,0.2265467007728006,0.04,White_constantSy
2025-08-02,214,2025,KET-1,0.8249026823098039,19.18159688004726,1.4409701776978387,0.04,White_constantSy
2025-08-03,215,2025,KET-1,1.0275389986428807,24.784484825246935,0.9039901408250799,0.04,White_constantSy
2025-08-04,216,2025,KET-1,0.904233853591309,22.313183516349653,0.2926628234330728,0.04,White_constantSy
2025-08-05,217,2025,KET-1,0.9883793715535198,24.657239026119605,0.05224526271839025,0.04,White_constantSy
2025-08-06,218,2025,KET-1,1.0763343030627297,25.843365179600397,1.0649923969678454,0.04,White_constantSy
2025-08-07,219,2025,KET-1,1.25008913213356,30.469138332963652,0.7830899703753502,0.04,White_constantSy
2025-08-08,220,2025,KET-1,1.2542145257922073,30.578933123303642,0.7764300215015396,0.04,White_constantSy
2025-08-09,221,2025,KET-1,1.2949312900592476,31.546628324333568,0.8266539271476212,0.04,White_constantSy
2025-08-10,222,2025,KET-1,1.0643300097175452,25.587000584059915,1.0212496588787126,0.04,White_constantSy
2025-08-11,223,2025,KET-1,1.4207683892663283,34.12157098165487,1.3976387500033383,0.04,White_constantSy
2025-08-12,224,2025,KET-1,1.2277683832254167,30.08855252629452,0.6056570543408988,0.04,White_constantSy
2025-08-13,225,2025,KET-1,1.0839540607356772,27.10650806348125,-0.007656545089318456,0.04,White_constantSy
2025-08-14,226,2025,KET-1,1.0311037441054998,25.286994326952673,0.4905992756848221,0.04,White_constantSy
2025-08-15,227,2025,KET-1,0.9988395956097094,24.695926895833864,0.27506299440887005,0.04,White_constantSy
2025-08-16,228,2025,KET-1,1.1276625512254264,28.76294398161823,-0.5713802009825706,0.04,White_constantSy
2025-08-17,229,2025,KET-1,0.792820264776303,20.576221968195796,-0.7557153487882218,0.04,White_constantSy
2025-08-18,230,2025,KET-1,0.7211595155603802,18.141658172502773,-0.11267028349326935,0.04,White_constantSy
2025-08-19,231,2025,KET-1,0.7747482014240807,19.45738263004626,-0.08867759444424195,0.04,White_constantSy
2025-08-20,232,2025,KET-1,0.8123810512670104,19.84683197509547,0.4626943065797917,0.04,White_constantSy
2025-08-21,233,2025,KET-1,0.9865429105172651,22.95669523544106,1.7068775274905654,0.04,White_constantSy
2025-08-22,234,2025,KET-1,1.0957628526205236,26.518308043388906,0.8757632721241819,0.04,White_constantSy
2025-08-23,235,2025,KET-1,0.9231882819406616,28.755425318935956,-5.6757182704194165,0.04,White_constantSy
2025-08-24,236,2025,KET-1,0.0,9.638144514348234,-2.6779770134082206,0.04,White_constantSy
2025-08-25,237,2025,KET-1,0.0,3.979154747278791,-0.4590773151367209,0.04,White_constantSy
2025-08-26,238,2025,KET-1,0.0,2.508872881414014,-1.1784444002513474,0.04,White_constantSy
2025-08-27,239,2025,KET-1,0.0,-2.5202818923073735,-0.6008704277130406,0.04,White_constantSy
2025-08-28,240,2025,KET-1,0.0,-1.9830209151986864,0.3591901001891884,0.04,White_constantSy
2025-08-29,241,2025,KET-1,0.06437066677867889,2.0241809842627134,-0.41491431479574103,0.04,White_constantSy
2025-08-30,242,2025,KET-1,0.11662085884261586,2.426092514621203,0.4894289564441934,0.04,White_constantSy
2025-08-31,243,2025,KET-1,0.05237253629076278,1.0954196005368715,0.21389380673219804,0.04,White_constantSy
2025-09-01,244,2025,KET-1,0.11658338847361364,2.6347606709773217,0.27982404086301926,0.04,White_constantSy
2025-09-02,245,2025,KET-1,0.0,4.896426711968282,-0.6135929846665888,0.04,White_constantSy
2025-09-03,246,2025,KET-1,0.0,-4.7505703259038015,0.5492626479602691,0.04,White_constantSy
2025-09-04,247,2025,KET-1,0.0,2.8935623777176076,-0.037443463759778695,0.04,White_constantSy
2025-09-05,248,2025,KET-1,0.0,0.33884453872195053,-0.04382926951631205,0.04,White_constantSy
2025-09-06,249,2025,KET-1,0.11372449144323568,3.843363956924861,-1.0002516708439693,0.04,White_constantSy
2025-09-07,250,2025,KET-1,-0.0066590249813448564,-0.01236288279107356,-0.15411274174254785,0.04,White_constantSy
2025-09-08,251,2025,KET-1,0.12003526204428354,1.3538815636327186,1.64699998747437,0.04,White_constantSy
2025-09-09,252,2025,KET-1,0.18795107276110132,4.285225899494783,0.41355091953274936,0.04,White_constantSy
2025-09-10,253,2025,KET-1,0.25062827157692313,6.85590380013079,-0.5901970107077119,0.04,White_constantSy
2025-09-11,254,2025,KET-1,0.16099955748668152,4.137248992738975,-0.1122600555719373,0.04,White_constantSy
2025-09-12,255,2025,KET-1,0.13255452861928774,3.0481598167014567,0.2657033987807367,0.04,White_constantSy
2025-09-13,256,2025,KET-1,0.1465184994795415,3.4271715502459656,0.23579093674257123,0.04,White_constantSy
2025-09-14,257,2025,KET-1,0.08795287397163876,2.124067785949201,0.07475406334176782,0.04,White_constantSy
2025-09-15,258,2025,KET-1,0.1475013022790958,4.924695511154553,-1.2371629541771583,0.04,White_constantSy
2025-09-16,259,2025,KET-1,0.08106137071371138,2.404389572651745,-0.37785530480896057,0.04,White_constantSy
2025-09-17,260,2025,KET-1,0.016317180345735947,-0.524398535294111,0.9323280439375097,0.04,White_constantSy
2025-09-18,261,2025,KET-1,0.1310238046556566,2.9047533912436734,0.3708417251477414,0.04,White_constantSy
2025-09-19,262,2025,KET-1,0.13423815064913214,3.6789859248568035,-0.3230321586285001,0.04,White_constantSy
2025-09-20,263,2025,KET-1,0.09025321916053017,3.6968249041468226,-1.4404944251335685,0.04,White_constantSy
2025-09-21,264,2025,KET-1,0.04785465350607794,0.4989294482328219,0.6974368894191265,0.04,White_constantSy
2025-09-22,265,2025,KET-1,0.1212684706178564,2.632761099830816,0.3989506656155939,0.04,White_constantSy
2025-09-23,266,2025,KET-1,0.24959543690057004,7.412555865951731,-1.17266994343748,0.04,White_constantSy
2025-09-24,267,2025,KET-1,0.21280524254908798,5.603657685554353,-0.2835266218271535,0.04,White_constantSy
2025-09-25,268,2025,KET-1,-0.16586894161339671,-6.198468293966641,2.0517447536317235,0.04,White_constantSy
2025-09-26,269,2025,KET-1,0.35929068605967246,9.528418086298984,-0.5461509348071729,0.04,White_constantSy
2025-09-27,270,2025,KET-1,0.09211321843291302,2.329478829493304,-0.026648368670478817,0.04,White_constantSy
2025-09-28,271,2025,KET-1,0.02020255901115334,-0.08153895724589688,0.5866029325247304,0.04,White_constantSy
2025-09-29,272,2025,KET-1,0.1127217789440202,1.9431787729178538,0.8748657006826512,0.04,White_constantSy
2025-09-30,273,2025,KET-1,0.10754492923741381,3.773449487373547,-1.0848262564382019,0.04,White_constantSy
2025-10-01,274,2025,KET-1,0.055764021031727395,-0.25055560022586576,1.6446561260190506,0.04,White_constantSy
2025-10-02,275,2025,KET-1,0.0,-1.8680333320133968,-1.9442042902817,0.04,White_constantSy
2025-10-03,276,2025,KET-1,0.0,-8.882305480571873,2.0272342563812273,0.04,White_constantSy
2025-10-04,277,2025,KET-1,0.0,-1.371648038687546,-0.32580020933590603,0.04,White_constantSy
2025-10-05,278,2025,KET-1,0.0,7.786810564890011,-2.0323931588992004,0.04,White_constantSy
2025-10-06,279,2025,KET-1,-0.1468087166476836,-3.6098298789429606,-0.06038803724912967,0.04,White_constantSy
2025-10-07,280,2025,KET-1,0.1820196997871257,3.863624242940112,0.68686825173803,0.04,White_constantSy
2025-10-08,281,2025,KET-1,0.07149936775383012,1.4873233657230145,0.30016082812273837,0.04,White_constantSy
2025-10-09,282,2025,KET-1,-0.11802986642505445,-3.6091111529160003,0.658364492289639,0.04,White_constantSy
2025-10-10,283,2025,KET-1,0.08713318790150751,1.720943777874595,0.4573859196630927,0.04,White_constantSy
2025-10-11,284,2025,KET-1,-0.054873291574872245,-0.7725292566014943,-0.5993030327703117,0.04,White_constantSy
2025-10-12,285,2025,KET-1,0.12387135057805665,1.5587810190215379,1.5380027454298784,0.04,White_constantSy
2025-10-13,286,2025,KET-1,-0.02438292263892734,-0.9672212271041545,0.357648161130971,0.04,White_constantSy
2025-10-14,287,2025,KET-1,0.0,5.076703568997942,-3.0091483234743386,0.04,White_constantSy
2025-10-15,288,2025,KET-1,0.0,6.51584057798371,-3.606421286916021,0.04,White_constantSy
2025-10-16,289,2025,KET-1,0.0,-8.76425787931938,3.429937279205401,0.04,White_constantSy
2025-10-17,290,2025,KET-1,0.0,-1.7305810947902955,0.9206980824858491,0.04,White_constantSy
2025-10-18,291,2025,KET-1,0.12019146433904439,3.64423861427705,-0.6394520058009405,0.04,White_constantSy
2025-10-19,292,2025,KET-1,0.00024943864373341287,0.478628442581865,-0.47239247648852967,0.04,White_constantSy
2025-10-20,293,2025,KET-1,0.05160149903221068,3.1763134760521154,-1.8862760002468484,0.04,White_constantSy
2025-10-21,294,2025,KET-1,-0.14423638222579796,-4.20674090064599,0.6008313450010405,0.04,White_constantSy
2025-10-22,295,2025,KET-1,0.19203726801391852,4.423114331267165,0.3778173690807982,0.04,White_constantSy
2025-10-23,296,2025,KET-1,0.14118436077986674,3.6434797721241594,-0.11387075262749136,0.04,White_constantSy
2025-10-24,297,2025,KET-1,0.07207062493147107,0.7436347500423537,1.0581308732444228,0.04,White_constantSy
2025-10-25,298,2025,KET-1,0.09210632784758219,3.0701120291183983,-0.7674538329288438,0.04,White_constantSy
2025-10-26,299,2025,KET-1,-0.16522804752324846,0.28864105330090695,-4.419342241382118,0.04,White_constantSy
2025-10-27,300,2025,KET-1,-0.07018032881733575,-3.1572905095945245,1.4027822891611308,0.04,White_constantSy
2025-10-28,301,2025,KET-1,-0.0703253174030823,-2.607728985867297,0.8495960507902396,0.04,White_constantSy
2025-10-29,302,2025,KET-1,-0.05161606690762071,-2.1403659935721677,0.8499643208816501,0.04,White_constantSy
2025-10-30,303,2025,KET-1,0.04456359366912565,-0.06370174588565902,1.1777915876138003,0.04,White_constantSy
2018-07-26,207,2018,KFR-XE1S,0.37573246992982234,8.564915240131299,0.8283965081142597,0.04,White_constantSy
2018-07-27,208,2018,KFR-XE1S,0.39656968812656235,8.561626686445933,1.3526155167181244,0.04,White_constantSy
2018-08-25,237,2018,KFR-XE1S,0.38484162263350186,9.849643293231125,-0.22860272739357868,0.04,White_constantSy
2018-09-30,273,2018,KHF-1,0.39793602322790494,10.737557918827491,-0.7891573381298684,0.04,White_constantSy
2018-10-01,274,2018,KHF-1,-2.6414701338845163,6.098541461054907,-72.13529480816781,0.04,White_constantSy
2019-06-04,155,2019,KHF-1,-0.13784384695611004,-3.225758185082161,-0.22033798882058986,0.04,White_constantSy
2019-06-05,156,2019,KHF-1,0.0855299956870256,0.9103134863998799,1.22793640577576,0.04,White_constantSy
2019-06-06,157,2019,KHF-1,0.08068924609450762,1.4050286581881002,0.61220249417459,0.04,White_constantSy
2019-06-07,158,2019,KHF-1,-0.11855299051653401,-2.36589216921282,-0.59793259370053,0.04,White_constantSy
2019-06-08,159,2019,KHF-1,-0.0435198811267912,-0.05372339218823985,-1.03427363598154,0.04,White_constantSy
2019-06-09,160,2019,KHF-1,-0.03610969367817121,-1.4113488582133202,0.50860651625904,0.04,White_constantSy
2019-06-10,161,2019,KHF-1,0.18254980624741643,2.6498526560758204,1.91389250010959,0.04,White_constantSy
2019-06-11,162,2019,KHF-1,0.07648682084104758,0.18993599329277933,1.72223452773341,0.04,White_constantSy
2019-06-12,163,2019,KHF-1,0.080030510548908,1.63437306138474,0.3663897023379601,0.04,White_constantSy
2019-06-13,164,2019,KHF-1,-0.08151155329462526,-4.086970502280002,2.04918166991437,0.04,White_constantSy
2019-06-14,165,2019,KHF-1,0.08304732546418735,1.1805663803376039,0.8956167562670796,0.04,White_constantSy
2019-06-15,166,2019,KHF-1,0.12456037416129075,2.368179726721559,0.7458296273107097,0.04,White_constantSy
2019-06-16,167,2019,KHF-1,-0.02261394995275534,0.23879781682505552,-0.804146565643939,0.04,White_constantSy
2019-06-19,170,2019,KHF-1,0.14528560809223762,1.589383815112921,2.0427563871930197,0.04,White_constantSy
2019-06-20,171,2019,KHF-1,0.010633925821537105,-1.532715519265082,1.7985636648035097,0.04,White_constantSy
2019-06-21,172,2019,KHF-1,0.07703565988091264,1.8089896836727242,0.11690181335009164,0.04,White_constantSy
2019-06-22,173,2019,KHF-1,0.08060350826352092,2.1642102607248646,-0.1491225541368415,0.04,White_constantSy
2019-06-23,174,2019,KHF-1,0.06864303530108437,1.0645929125334597,0.6514829699936495,0.04,White_constantSy
2019-06-24,175,2019,KHF-1,0.08682185268241263,0.5950827875139559,1.5754635295463597,0.04,White_constantSy
2019-06-25,176,2019,KHF-1,0.1127368725508908,2.2110938879816295,0.6073279257906403,0.04,White_constantSy
2019-06-26,177,2019,KHF-1,0.1112253434223414,1.7472199487063342,1.0334136368522007,0.04,White_constantSy
2019-06-27,178,2019,KHF-1,0.15593158897457982,3.379769160502324,0.5185205638621717,0.04,White_constantSy
2019-06-28,179,2019,KHF-1,0.251604562589769,5.474330437346708,0.8157836273975168,0.04,White_constantSy
2019-06-29,180,2019,KHF-1,0.33525614303622614,6.77883502647455,1.602568549431103,0.04,White_constantSy
2019-06-30,181,2019,KHF-1,0.5959117246607956,11.43440840976313,3.4633847067567594,0.04,White_constantSy
2019-07-01,182,2019,KHF-1,0.7427846220158266,14.138049860960344,4.43156568943532,0.04,White_constantSy
2019-07-02,183,2019,KHF-1,0.7248860144471854,14.708273870003886,3.413876491175749,0.04,White_constantSy
2019-07-03,184,2019,KHF-1,0.9222311495537518,20.037622489595087,3.018156249248708,0.04,White_constantSy
2019-07-04,185,2019,KHF-1,0.87794032673127,20.27101747951967,1.6774906887620773,0.04,White_constantSy
2019-07-05,186,2019,KHF-1,0.5743025339845488,12.316306610677287,2.0412567389364327,0.04,White_constantSy
2019-07-06,187,2019,KHF-1,0.33050491068982496,5.829272815612185,2.4333499516334385,0.04,White_constantSy
2019-07-07,188,2019,KHF-1,0.11363593504547083,-0.045907801138199034,2.88680617727497,0.04,White_constantSy
2019-07-08,189,2019,KHF-1,0.19669278316118835,3.2550373814732154,1.6622821975564932,0.04,White_constantSy
2019-07-09,190,2019,KHF-1,0.16918908492277213,2.8371870958146843,1.3925400272546185,0.04,White_constantSy
2019-07-10,191,2019,KHF-1,0.23345571823978162,4.476921463319528,1.3594714926750129,0.04,White_constantSy
2019-07-11,192,2019,KHF-1,0.25773644421017566,3.5874556835953513,2.85595542165904,0.04,White_constantSy
2019-07-12,193,2019,KHF-1,0.2353572620178511,3.901099126921224,1.9828324235250534,0.04,White_constantSy
2019-07-13,194,2019,KHF-1,0.1694865026633451,2.3566557704021847,1.880506796181443,0.04,White_constantSy
2019-07-14,195,2019,KHF-1,0.2692572446989274,5.415744537853939,1.3156865796192463,0.04,White_constantSy
2019-07-15,196,2019,KHF-1,0.31914435845995115,6.087120352257003,1.891488609241776,0.04,White_constantSy
2019-07-16,197,2019,KHF-1,0.15393963766661045,2.4924480450472686,1.3560428966179927,0.04,White_constantSy
2019-07-17,198,2019,KHF-1,0.3110745031370854,7.239206016199162,0.5376565622279728,0.04,White_constantSy
2019-07-18,199,2019,KHF-1,0.31741254117007855,6.656356947587128,1.2789565816648363,0.04,White_constantSy
2019-07-19,200,2019,KHF-1,0.21987228219080635,4.783482721147081,0.7133243336230777,0.04,White_constantSy
2019-07-20,201,2019,KHF-1,0.24837423491971578,5.248561096637161,0.9607947763557334,0.04,White_constantSy
2019-07-21,202,2019,KHF-1,0.23058063113001737,5.785989648117251,-0.021473869866817097,0.04,White_constantSy
2019-07-22,203,2019,KHF-1,0.15826032045151095,3.3008365395989614,0.6556714716888123,0.04,White_constantSy
2019-07-23,204,2019,KHF-1,0.14011030190091134,3.0567231638048753,0.44603438371790816,0.04,White_constantSy
2019-07-24,205,2019,KHF-1,0.09740810407353706,1.1009070841797808,1.3342955176586457,0.04,White_constantSy
2019-07-25,206,2019,KHF-1,0.14740702400547434,2.0881718017374595,1.597003798399399,0.04,White_constantSy
2019-07-26,207,2019,KHF-1,0.2898526082032049,6.2445478959737954,1.0017673091063273,0.04,White_constantSy
2019-07-27,208,2019,KHF-1,0.3374072777272448,7.963962727379226,0.4712192158018951,0.04,White_constantSy
2019-07-28,209,2019,KHF-1,0.3061369042257826,7.383116542670763,0.2703060629738019,0.04,White_constantSy
2019-07-29,210,2019,KHF-1,-0.16402567937922016,-5.59846252302907,1.4978205385485666,0.04,White_constantSy
2019-07-30,211,2019,KHF-1,0.1197035319214325,3.404777174507643,-0.41218887647183067,0.04,White_constantSy
2019-07-31,212,2019,KHF-1,-0.1270073285083754,-2.3120409139241644,-0.8631422987852204,0.04,White_constantSy
2019-08-01,213,2019,KHF-1,-0.046631151367620305,-1.818163866157363,0.6523850819668553,0.04,White_constantSy
2019-08-02,214,2019,KHF-1,0.020064464476780588,1.9560270386758134,-1.4544154267562988,0.04,White_constantSy
2019-08-03,215,2019,KHF-1,-0.04247893727919063,-2.3242087071377,1.2622352751579342,0.04,White_constantSy
2019-08-04,216,2019,KHF-1,0.1156322980979428,3.8318251268350423,-0.9410176743864724,0.04,White_constantSy
2019-08-05,217,2019,KHF-1,-0.17180817190229902,-4.519906205503332,0.22470190794585676,0.04,White_constantSy
2019-08-06,218,2019,KHF-1,-0.14714120207268194,-3.226059379274915,-0.4524706725421339,0.04,White_constantSy
2019-08-07,219,2019,KHF-1,-0.20215648434849243,-5.391347513371159,0.3374354046588479,0.04,White_constantSy
2019-08-08,220,2019,KHF-1,-0.14813199531229942,-3.7115133265548366,0.008213443747351334,0.04,White_constantSy
2019-08-09,221,2019,KHF-1,-0.09548889977512147,-2.978355579466239,0.5911330850882024,0.04,White_constantSy
2019-08-10,222,2019,KHF-1,-0.020133700449100615,-0.39020288251094826,-0.11313962871656713,0.04,White_constantSy
2019-08-11,223,2019,KHF-1,-0.036160185727160864,-0.20179694772895118,-0.7022076954500704,0.04,White_constantSy
2019-08-12,224,2019,KHF-1,0.04850561468556691,1.4503278074720072,-0.2376874403328344,0.04,White_constantSy
2019-08-13,225,2019,KHF-1,-0.09828058533828142,-2.186089066316697,-0.27092556714033833,0.04,White_constantSy
2019-08-14,226,2019,KHF-1,0.060229859482711846,1.5899459432809664,-0.08419945621317027,0.04,White_constantSy
2019-08-15,227,2019,KHF-1,0.007152203357711074,-0.2888988646038797,0.46770394854665653,0.04,White_constantSy
2019-08-16,228,2019,KHF-1,0.01795134031159762,-0.14346830229428065,0.5922518100842211,0.04,White_constantSy
2019-08-17,229,2019,KHF-1,-0.06275103703280423,-2.1336366739468815,0.564860748126776,0.04,White_constantSy
2019-08-18,230,2019,KHF-1,0.04221446905277844,1.4619207650067096,-0.40655903868724863,0.04,White_constantSy
2019-08-19,231,2019,KHF-1,0.0018170705168432733,0.555126853490151,-0.5097000905690692,0.04,White_constantSy
2019-08-20,232,2019,KHF-1,0.03958092582067934,1.6527587811921762,-0.6632356356751927,0.04,White_constantSy
2019-08-21,233,2019,KHF-1,-0.02042526093596564,-1.605551081119927,1.094919557720786,0.04,White_constantSy
2019-08-22,234,2019,KHF-1,-0.06673613337193957,-1.9994325768678323,0.3310292425693433,0.04,White_constantSy
2019-08-23,235,2019,KHF-1,-0.052986996449744764,-0.96514681487281,-0.3595280963708092,0.04,White_constantSy
2019-08-24,236,2019,KHF-1,0.05796010290328013,2.1186802740949418,-0.6696777015129385,0.04,White_constantSy
2019-08-25,237,2019,KHF-1,0.031740533077213515,1.0604509413579137,-0.2669376144275759,0.04,White_constantSy
2019-08-26,238,2019,KHF-1,0.030205968554355422,0.22585120977467454,0.529298004084211,0.04,White_constantSy
2019-08-27,239,2019,KHF-1,-0.0852944667320213,-2.2402099900975543,0.10784832179702164,0.04,White_constantSy
2019-08-28,240,2019,KHF-1,0.047418382573048916,1.5576688748581091,-0.3722093105318862,0.04,White_constantSy
2019-08-29,241,2019,KHF-1,-0.12712531043823957,-3.6310795514201004,0.4529467904641109,0.04,White_constantSy
2019-08-30,242,2019,KHF-1,-0.008384215545057146,-0.07613934561874203,-0.1334660430076866,0.04,White_constantSy
2019-08-31,243,2019,KHF-1,-0.032205349205272,-1.369971367136145,0.5648376370043451,0.04,White_constantSy
2019-09-01,244,2019,KHF-1,-0.00843077137588466,0.07279567613451832,-0.2835649605316348,0.04,White_constantSy
2021-06-06,157,2021,KHF-1,0.09349829056914985,-1.0468367661819116,3.3842940304106577,0.04,White_constantSy
2021-06-07,158,2021,KHF-1,0.040590347081348455,-1.702116613317628,2.7168752903513393,0.04,White_constantSy
2021-06-08,159,2021,KHF-1,-0.07373493411057552,-2.5929112146002353,0.7495378618358473,0.04,White_constantSy
2021-06-09,160,2021,KHF-1,0.14423179028468525,2.4826036004117924,1.1231911567053388,0.04,White_constantSy
2021-06-10,161,2021,KHF-1,0.15567850917345538,4.765382967052645,-0.8734202377162603,0.04,White_constantSy
2021-06-11,162,2021,KHF-1,0.19208058501529734,2.875187660702494,1.9268269646799396,0.04,White_constantSy
2021-06-12,163,2021,KHF-1,0.03796534263267404,-0.06925017714785042,1.0183837429647014,0.04,White_constantSy
2021-06-13,164,2021,KHF-1,0.10090684560879026,0.5794600956527063,1.9432110445670503,0.04,White_constantSy
2021-06-14,165,2021,KHF-1,0.02195406780244724,0.22963147637575787,0.31922021868542316,0.04,White_constantSy
2021-06-15,166,2021,KHF-1,0.07831905110793969,1.4022891382875713,0.5556871394109208,0.04,White_constantSy
2021-06-16,167,2021,KHF-1,0.0830170185988095,1.6481726249342188,0.4272528400360187,0.04,White_constantSy
2021-06-17,168,2021,KHF-1,0.13688231488967517,0.15687840392928365,3.2651794683125956,0.04,White_constantSy
2021-06-18,169,2021,KHF-1,0.01789482176524075,0.17501771165240143,0.2723528324786173,0.04,White_constantSy
2021-06-19,170,2021,KHF-1,-0.07964073680829416,-1.9968959752489468,0.005877555041593041,0.04,White_constantSy
2021-06-20,171,2021,KHF-1,0.04167088560890136,-0.967279426588874,2.009051566811408,0.04,White_constantSy
2021-07-06,187,2021,KHF-1,0.44736804596478635,9.997046270599697,1.1871548785199622,0.04,White_constantSy
2021-07-07,188,2021,KHF-1,0.31282719384131497,6.11023204366461,1.7104478023682645,0.04,White_constantSy
2021-07-08,189,2021,KHF-1,0.4012353804192219,8.793997850194614,1.2368866602859327,0.04,White_constantSy
2021-07-09,190,2021,KHF-1,0.4395592575688966,11.123599111067193,-0.13461767184477935,0.04,White_constantSy
2021-07-10,191,2021,KHF-1,0.48730909657187566,10.391130933853844,1.7915964804430473,0.04,White_constantSy
2021-07-11,192,2021,KHF-1,0.5581424660773633,12.496343259433473,1.4572183925006073,0.04,White_constantSy
2021-07-12,193,2021,KHF-1,0.5912608115326339,13.462997880919715,1.3185224073961308,0.04,White_constantSy
2021-07-13,194,2021,KHF-1,0.44525079548238183,10.089272135039494,1.0419977520200518,0.04,White_constantSy
2021-07-14,195,2021,KHF-1,0.4913591491720638,11.155950436026927,1.1280282932746672,0.04,White_constantSy
2021-07-15,196,2021,KHF-1,0.5621215485080597,13.739071973499506,0.31396673920198737,0.04,White_constantSy
2021-07-16,197,2021,KHF-1,0.48176654085899884,11.020406010867845,1.0237575106071262,0.04,White_constantSy
2021-07-17,198,2021,KHF-1,0.5393417895837002,12.997105737199234,0.48643900239326854,0.04,White_constantSy
2021-07-18,199,2021,KHF-1,0.7342994455145032,18.07834725954902,0.2791388783135602,0.04,White_constantSy
2021-07-19,200,2021,KHF-1,0.5665361292663499,13.917696245717707,0.245706985941041,0.04,White_constantSy
2021-07-20,201,2021,KHF-1,0.7024474950103331,15.72863615212583,1.8325512231324979,0.04,White_constantSy
2021-07-21,202,2021,KHF-1,0.6505859322388722,15.139723648426525,1.1249246575452787,0.04,White_constantSy
2021-07-22,203,2021,KHF-1,0.5519200552641087,13.35116190387646,0.44683947772625743,0.04,White_constantSy
2021-07-23,204,2021,KHF-1,0.6947885730239705,16.183539124487822,1.186175201111439,0.04,White_constantSy
2021-07-24,205,2021,KHF-1,0.794275404723453,18.747637560891746,1.1092475571945783,0.04,White_constantSy
2021-07-25,206,2021,KHF-1,0.6829546809164316,16.899398880029537,0.17446814288125267,0.04,White_constantSy
2021-07-26,207,2021,KHF-1,0.5521404109033909,17.542182566102582,-3.7386722935178085,0.04,White_constantSy
2021-07-27,208,2021,KHF-1,0.45060564796426095,12.896408693407977,-1.6312674943014542,0.04,White_constantSy
2021-07-28,209,2021,KHF-1,0.7447314218538713,16.8580144391953,1.7602711071514818,0.04,White_constantSy
2021-07-29,210,2021,KHF-1,0.5326784731902393,14.25803811256796,-0.9410762828119772,0.04,White_constantSy
2021-07-30,211,2021,KHF-1,0.6214997846336116,16.03624995233193,-0.49875533649164083,0.04,White_constantSy
2021-07-31,212,2021,KHF-1,0.6543520379868756,14.241382575841044,2.1174183738308443,0.04,White_constantSy
2021-08-01,213,2021,KHF-1,0.710159562403328,16.36499591509559,1.3889931449876087,0.04,White_constantSy
2021-08-02,214,2021,KHF-1,0.6060262388006538,12.91719715799826,2.2334588120180854,0.04,White_constantSy
2021-08-03,215,2021,KHF-1,0.8411479816474866,18.757756608105637,2.2709429330815283,0.04,White_constantSy
2021-08-04,216,2021,KHF-1,0.849579951501994,19.35688750313176,1.8826112844180898,0.04,White_constantSy
2021-08-05,217,2021,KHF-1,0.73639517801897,17.0968384167943,1.3130410336799514,0.04,White_constantSy
2021-08-06,218,2021,KHF-1,0.7669514498547335,20.665305572286115,-1.4915193259177784,0.04,White_constantSy
2021-08-07,219,2021,KHF-1,1.0154551531812535,23.291479622363283,2.094899207168055,0.04,White_constantSy
2021-08-08,220,2021,KHF-1,0.7714556444204738,18.09655287072553,1.1898382397863116,0.04,White_constantSy
2021-08-09,221,2021,KHF-1,0.8579038760400352,20.53912391792889,0.908472983071988,0.04,White_constantSy
2021-08-10,222,2021,KHF-1,0.9217661268997444,23.56466166959939,-0.5205084971057801,0.04,White_constantSy
2021-08-11,223,2021,KHF-1,0.9929670632799628,24.397458077952194,0.4267185040468746,0.04,White_constantSy
2021-08-12,224,2021,KHF-1,0.9223659286692385,22.557957713137398,0.5011905035935627,0.04,White_constantSy
2021-08-13,225,2021,KHF-1,0.996746797037709,25.500830442053513,-0.5821605161107897,0.04,White_constantSy
2021-08-14,226,2021,KHF-1,0.9505978687542558,23.065606966566094,0.6993397522902995,0.04,White_constantSy
2021-08-15,227,2021,KHF-1,1.0046938224884014,24.702638314389787,0.41470724782024604,0.04,White_constantSy
2021-08-16,228,2021,KHF-1,0.9571196517488073,21.15399743774256,2.773993855977622,0.04,White_constantSy
2021-08-17,229,2021,KHF-1,0.8493619421012187,20.28665310558395,0.9473954469465156,0.04,White_constantSy
2021-08-18,230,2021,KHF-1,0.7624425902600933,22.353984822098028,-3.2929200655956947,0.04,White_constantSy
2021-08-19,231,2021,KHF-1,0.834799500140519,21.806151520239325,-0.9361640167263516,0.04,White_constantSy
2021-08-20,232,2021,KHF-1,0.8556142470459406,21.455869139592522,-0.06551296344400726,0.04,White_constantSy
2021-08-21,233,2021,KHF-1,0.862262349616849,20.571983688714823,0.9845750517064005,0.04,White_constantSy
2021-08-22,234,2021,KHF-1,0.8306682065532306,21.3023102540121,-0.5356050901813347,0.04,White_constantSy
2021-08-23,235,2021,KHF-1,0.9097182455607447,22.21030596470945,0.5326501743091683,0.04,White_constantSy
2021-08-24,236,2021,KHF-1,1.0529418290210883,27.219565971460867,-0.8960202459336557,0.04,White_constantSy
2021-08-25,237,2021,KHF-1,0.9010306830695748,22.959941212255245,-0.4341741355158746,0.04,White_constantSy
2021-08-26,238,2021,KHF-1,0.9737651925647134,25.26264243463885,-0.9185126205210139,0.04,White_constantSy
2021-08-27,239,2021,KHF-1,0.8490860076048756,21.72200925241836,-0.49485906229647014,0.04,White_constantSy
2021-08-28,240,2021,KHF-1,0.8051023326892153,21.690316781980414,-1.5627584647500328,0.04,White_constantSy
2021-08-29,241,2021,KHF-1,0.9597971035576421,22.68259141961164,1.3123361693294129,0.04,White_constantSy
2021-08-30,242,2021,KHF-1,0.9420244621583647,22.2195717973662,1.331039756592915,0.04,White_constantSy
2021-08-31,243,2021,KHF-1,0.7943459862656738,16.258094522772694,3.6005551338691504,0.04,White_constantSy
2021-09-01,244,2021,KHF-1,0.8194589004591734,19.272750276225594,1.2137222352537407,0.04,White_constantSy
2021-09-02,245,2021,KHF-1,0.9289088868932219,24.948890462965153,-1.7261682906346039,0.04,White_constantSy
2021-09-03,246,2021,KHF-1,0.8917593358826355,23.929175388107012,-1.6351919910411254,0.04,White_constantSy
2021-09-04,247,2021,KHF-1,0.8750161225740334,22.389418240802826,-0.5140151764519914,0.04,White_constantSy
2021-09-05,248,2021,KHF-1,0.8259092338814145,20.2646466086116,0.3830842384237627,0.04,White_constantSy
2021-09-06,249,2021,KHF-1,0.8635269113793436,21.17406494081115,0.4141078436724399,0.04,White_constantSy
2021-09-07,250,2021,KHF-1,0.9136125717158694,22.71939978681496,0.12091450608177468,0.04,White_constantSy
2021-09-08,251,2021,KHF-1,0.84168678038826,20.171997465844214,0.8701720438622829,0.04,White_constantSy
2021-09-09,252,2021,KHF-1,0.9214625822070548,21.193725639162466,1.8428389160139034,0.04,White_constantSy
2021-09-10,253,2021,KHF-1,0.47252018225637415,25.208560123175516,-13.395555566766163,0.04,White_constantSy
2021-09-11,254,2021,KHF-1,0.33985101295454573,11.692246167101985,-3.1959708432383422,0.04,White_constantSy
2021-09-12,255,2021,KHF-1,0.40191366622043917,9.777210170145565,0.2706314853654135,0.04,White_constantSy
2021-09-13,256,2021,KHF-1,0.5161491439430745,13.616003073387617,-0.712274474810755,0.04,White_constantSy
2021-09-14,257,2021,KHF-1,0.5279179351192783,13.722573823439575,-0.524625445457616,0.04,White_constantSy
2021-09-15,258,2021,KHF-1,0.5743609604376445,15.730636085886829,-1.3716120749457161,0.04,White_constantSy
2021-09-16,259,2021,KHF-1,0.47534983843937995,14.705237743436726,-2.8214917824522274,0.04,White_constantSy
2021-09-17,260,2021,KHF-1,0.4366648594501856,13.94590205342547,-3.0292805671708294,0.04,White_constantSy
2021-09-18,261,2021,KHF-1,0.2943079012834977,9.329224640519527,-1.9715271084320847,0.04,White_constantSy
2021-09-19,262,2021,KHF-1,0.10910346502030052,6.393546924768941,-3.665960299261428,0.04,White_constantSy
2021-09-20,263,2021,KHF-1,0.32710640358412774,10.399864583084991,-2.2222044934817973,0.04,White_constantSy
2021-09-21,264,2021,KHF-1,0.31009499673183316,7.971002961557218,-0.21862804326138985,0.04,White_constantSy
2021-09-22,265,2021,KHF-1,0.2781682865123611,7.139437675159854,-0.18523051235082733,0.04,White_constantSy
2021-09-23,266,2021,KHF-1,0.30737041456359465,8.058101810516092,-0.3738414464262263,0.04,White_constantSy
2021-09-24,267,2021,KHF-1,0.44285629301737117,11.30486065757026,-0.23345333213597996,0.04,White_constantSy
2021-09-25,268,2021,KHF-1,0.2997968691596071,6.719027921747767,0.7758938072424115,0.04,White_constantSy
2021-09-26,269,2021,KHF-1,0.4521383454926496,11.50195333002273,-0.19849469270648967,0.04,White_constantSy
2021-09-27,270,2021,KHF-1,0.472830257003032,10.604094287846522,1.216662137229278,0.04,White_constantSy
2021-09-28,271,2021,KHF-1,0.4447766929596941,14.702904258362224,-3.5834869343698728,0.04,White_constantSy
2021-09-29,272,2021,KHF-1,0.3485608259784385,10.457956059909534,-1.7439354104485716,0.04,White_constantSy
2021-09-30,273,2021,KHF-1,0.3597099353109243,9.620126327793699,-0.6273779450205907,0.04,White_constantSy
2021-10-01,274,2021,KHF-1,0.37637100124447187,9.117271709576613,0.2920033215351836,0.04,White_constantSy
2021-10-02,275,2021,KHF-1,0.38658196104231024,10.008968713862743,-0.34441968780498655,0.04,White_constantSy
2021-10-03,276,2021,KHF-1,0.2797117034431338,7.06098376704638,-0.06819118096803578,0.04,White_constantSy
2021-10-04,277,2021,KHF-1,0.24114603345334018,5.931617467480166,0.09703336885333869,0.04,White_constantSy
2021-10-05,278,2021,KHF-1,0.33226959120192134,8.330726752798157,-0.02398697275012296,0.04,White_constantSy
2021-10-06,279,2021,KHF-1,0.25294700538864845,7.398223436207374,-1.0745483014911628,0.04,White_constantSy
2021-10-07,280,2021,KHF-1,0.20681551914371,6.843038527928513,-1.6726505493357635,0.04,White_constantSy
2021-10-08,281,2021,KHF-1,0.09970385180534436,3.8480106598065333,-1.3554143646729244,0.04,White_constantSy
2021-10-09,282,2021,KHF-1,0.03831270537076392,1.622442775875399,-0.6646251416063009,0.04,White_constantSy
2021-10-10,283,2021,KHF-1,0.1339360015801816,1.985356184777487,1.363043854727053,0.04,White_constantSy
2021-10-11,284,2021,KHF-1,-0.16593549622076154,-2.73236253565301,-1.4160248698660283,0.04,White_constantSy
2021-10-12,285,2021,KHF-1,-0.04162959697011814,0.006113112321415315,-1.046853036574369,0.04,White_constantSy
2021-10-13,286,2021,KHF-1,-0.007657055252913381,-0.290401181480604,0.0989748001577695,0.04,White_constantSy
2021-10-14,287,2021,KHF-1,0.0328282280833605,3.035560419728256,-2.2148547176442435,0.04,White_constantSy
2021-10-15,288,2021,KHF-1,-0.07586256307683925,-2.1519368251055937,0.2553727481846124,0.04,White_constantSy
2021-10-16,289,2021,KHF-1,0.24994429816824493,5.2134599901751955,1.0351474640309277,0.04,White_constantSy
2021-10-17,290,2021,KHF-1,0.2276085764448652,4.418324298806908,1.271890112314722,0.04,White_constantSy
2021-10-18,291,2021,KHF-1,0.041519064585628485,3.983624389547913,-2.9456477749072008,0.04,White_constantSy
2021-10-19,292,2021,KHF-1,0.03714204194476167,2.055282989597629,-1.126731940978587,0.04,White_constantSy
2021-10-20,293,2021,KHF-1,-0.09302699349061101,0.16702947927598188,-2.492704316541257,0.04,White_constantSy
2021-10-21,294,2021,KHF-1,-0.07731553531655237,12.550794361793251,-14.48368274470706,0.04,White_constantSy
2021-10-22,295,2021,KHF-1,-0.6168789574714296,-9.761451910602446,-5.660522026183294,0.04,White_constantSy
2021-10-23,296,2021,KHF-1,-0.15986280203773476,-1.4834739799368464,-2.5130960710065224,0.04,White_constantSy
2021-10-24,297,2021,KHF-1,0.3490645617344791,31.665470336445246,-22.93885629308327,0.04,White_constantSy
2021-10-25,298,2021,KHF-1,-0.4222460081488806,-12.669396980659505,2.1132467769374905,0.04,White_constantSy
2021-10-26,299,2021,KHF-1,-0.15976836940632141,-3.874301650698065,-0.11990758445996974,0.04,White_constantSy
2021-10-27,300,2021,KHF-1,-0.040002101055535914,0.005299478721422446,-1.0053520051098204,0.04,White_constantSy
2021-10-28,301,2021,KHF-1,-0.06337360841094,-2.8779451510217395,1.2936049407482395,0.04,White_constantSy
2021-10-29,302,2021,KHF-1,-0.10157269274259192,-4.506859467991088,1.96754214942629,0.04,White_constantSy
2021-10-30,303,2021,KHF-1,-0.172252817374114,-3.65908854210414,-0.6472318922487101,0.04,White_constantSy
2021-10-31,304,2021,KHF-1,0.024312356963229042,0.9506982278292551,-0.342889303748529,0.04,White_constantSy
2021-11-01,305,2021,KHF-1,0.015314539217344035,0.3542247483526815,0.028638732080919382,0.04,White_constantSy
2021-11-02,306,2021,KHF-1,0.031009817035608726,1.1560463594662185,-0.3808009335760003,0.04,White_constantSy
2021-11-03,307,2021,KHF-1,-0.044619730188727974,-2.8282623248539807,1.7127690701357814,0.04,White_constantSy
2021-11-04,308,2021,KHF-1,-0.07051851911178694,-2.323033688763953,0.5600707109692795,0.04,White_constantSy
2021-11-05,309,2021,KHF-1,-0.005358356790525107,-1.7240982531380382,1.5901393333749105,0.04,White_constantSy
2021-11-06,310,2021,KHF-1,-0.11977822006099288,-3.506534469998691,0.5120789684738689,0.04,White_constantSy
2021-11-07,311,2021,KHF-1,-0.041883470299561125,-1.5283138426717784,0.48122708518275026,0.04,White_constantSy
2021-11-08,312,2021,KHF-1,0.09608530070772801,1.620531578178241,0.7816009395149592,0.04,White_constantSy
2021-11-09,313,2021,KHF-1,0.8114091831320769,28.146777275150093,-7.861547696848169,0.04,White_constantSy
2021-11-10,314,2021,KHF-1,-0.24561483091239478,-7.46755957095786,1.3271887981479908,0.04,White_constantSy
2021-11-11,315,2021,KHF-1,0.017322222094399074,-0.8396909206045127,1.2727464729644895,0.04,White_constantSy
2021-11-12,316,2021,KHF-1,-0.17073966127946447,-5.27983387161162,1.011342339625009,0.04,White_constantSy
2021-11-13,317,2021,KHF-1,-0.08709832991539486,-2.725400716599001,0.5479424687141297,0.04,White_constantSy
2024-06-03,155,2024,KHF-1,-0.08068672215957683,-2.1418497686568116,0.12468171466739086,0.04,White_constantSy
2024-06-04,156,2024,KHF-1,-0.0005440594241094488,-0.3681934139177372,0.35459192831500097,0.04,White_constantSy
2024-06-05,157,2024,KHF-1,0.1378324917505943,1.9783221994025482,1.4674900943623097,0.04,White_constantSy
2024-06-06,158,2024,KHF-1,0.14843928802031214,2.2678770481203046,1.4431051523874991,0.04,White_constantSy
2024-06-07,159,2024,KHF-1,0.2554211466902738,3.654845606980917,2.730683060275929,0.04,White_constantSy
2024-06-08,160,2024,KHF-1,0.2470246876175304,5.102824995700619,1.0727921947376409,0.04,White_constantSy
2024-06-09,161,2024,KHF-1,0.4232011114766017,7.212319806032163,3.36770798088288,0.04,White_constantSy
2024-06-10,162,2024,KHF-1,0.6994885150169501,16.73880789808451,0.7484049773392414,0.04,White_constantSy
2024-06-11,163,2024,KHF-1,0.7703601232230515,15.137790264373095,4.12121281620319,0.04,White_constantSy
2024-06-12,164,2024,KHF-1,0.891083965074251,18.024821338172693,4.252277788683582,0.04,White_constantSy
2024-06-13,165,2024,KHF-1,1.2403107003236489,27.600279344543964,3.4074881635472565,0.04,White_constantSy
2024-06-14,166,2024,KHF-1,1.1472630131311676,25.965489643063975,2.716085685215212,0.04,White_constantSy
2024-06-15,167,2024,KHF-1,0.9529907697368841,22.18256289381162,1.6422063496104826,0.04,White_constantSy
2024-06-16,168,2024,KHF-1,0.8758558470541488,19.364217985196362,2.5321781911573567,0.04,White_constantSy
2024-06-17,169,2024,KHF-1,0.575425741690573,15.489706963360206,-1.10406342109588,0.04,White_constantSy
2024-06-18,170,2024,KHF-1,0.46101763108851657,11.784307668331806,-0.25886689111889183,0.04,White_constantSy
2024-06-19,171,2024,KHF-1,0.6254373458029278,14.316994228963111,1.3189394161100836,0.04,White_constantSy
2024-06-20,172,2024,KHF-1,0.6936896510643623,16.89476272914878,0.44747854746027826,0.04,White_constantSy
2024-06-21,173,2024,KHF-1,0.283307996702888,5.949292374234361,1.1334075433378388,0.04,White_constantSy
2024-06-22,174,2024,KHF-1,0.35595539179936225,7.646225352835856,1.2526594421482002,0.04,White_constantSy
2024-06-23,175,2024,KHF-1,0.01431998648637773,-0.196124925630059,0.5541245877895022,0.04,White_constantSy
2024-06-24,176,2024,KHF-1,0.12618340679308887,0.8030172939196945,2.351567875907527,0.04,White_constantSy
2024-06-25,177,2024,KHF-1,-0.04843060289570076,-1.8009982609342927,0.5902331885417738,0.04,White_constantSy
2024-06-26,178,2024,KHF-1,0.12136707795624346,1.896512129360417,1.1376648195456696,0.04,White_constantSy
2024-06-27,179,2024,KHF-1,0.1337314987911657,2.353459349283014,0.9898281204961279,0.04,White_constantSy
2024-06-28,180,2024,KHF-1,-0.038933102588336224,-2.103395725541148,1.1300681608327423,0.04,White_constantSy
2024-06-29,181,2024,KHF-1,0.06571500085946952,1.0737070261829018,0.569167995303836,0.04,White_constantSy
2024-06-30,182,2024,KHF-1,0.37619354238791486,10.412512086175553,-1.0076735264776815,0.04,White_constantSy
2024-07-01,183,2024,KHF-1,0.09967951270589026,1.1627336150816348,1.3292542025656218,0.04,White_constantSy
2024-07-02,184,2024,KHF-1,0.26684233009129343,7.228972120543986,-0.5579138682616502,0.04,White_constantSy
2024-07-03,185,2024,KHF-1,0.1829157952672989,3.521826668028183,1.0510682136542897,0.04,White_constantSy
2024-07-04,186,2024,KHF-1,0.26477466590555027,6.18423242721353,0.4351342204252262,0.04,White_constantSy
2024-07-05,187,2024,KHF-1,0.31210433888520583,7.380500954334934,0.4221075177952116,0.04,White_constantSy
2024-07-06,188,2024,KHF-1,0.01426632724830057,-1.1894125207710715,1.5460707019785858,0.04,White_constantSy
2024-07-07,189,2024,KHF-1,0.3116333409487666,7.418691597656846,0.37214192606231933,0.04,White_constantSy
2024-07-08,190,2024,KHF-1,0.31271910023953353,6.378748688811697,1.439228817176641,0.04,White_constantSy
2024-07-09,191,2024,KHF-1,0.16535054013741757,3.087808898578359,1.04595460485708,0.04,White_constantSy
2024-07-10,192,2024,KHF-1,0.35757433307274056,8.626690971895457,0.3126673549230574,0.04,White_constantSy
2024-07-11,193,2024,KHF-1,0.11836710772981007,2.3470867662627626,0.6120909269824892,0.04,White_constantSy
2024-07-12,194,2024,KHF-1,0.056277108060071725,2.6063441142429866,-1.1994164127411935,0.04,White_constantSy
2024-07-15,197,2024,KHF-1,0.04940261914011046,2.632818140909876,-1.3977526624071146,0.04,White_constantSy
2024-07-16,198,2024,KHF-1,0.08955958526964025,5.658132974024355,-3.4191433422833484,0.04,White_constantSy
2024-07-17,199,2024,KHF-1,0.330843809357809,10.205199978197044,-1.9341047442518189,0.04,White_constantSy
2024-07-18,200,2024,KHF-1,0.32624453212073234,6.200153066711422,1.9559602363068862,0.04,White_constantSy
2024-07-19,201,2024,KHF-1,0.214719807352715,3.9709571900750973,1.397037993742778,0.04,White_constantSy
2024-07-20,202,2024,KHF-1,0.2523564411955448,4.704041512217572,1.6048695176710481,0.04,White_constantSy
2024-07-21,203,2024,KHF-1,0.27231210665033956,4.507415092728806,2.300387573529683,0.04,White_constantSy
2024-07-22,204,2024,KHF-1,0.3853155294738144,8.581084480747592,1.0518037560977689,0.04,White_constantSy
2024-07-23,205,2024,KHF-1,0.14540969798254366,3.1838327318002513,0.45140971776334027,0.04,White_constantSy
2024-07-24,206,2024,KHF-1,0.32115578655697874,6.8442439968873,1.1846506670371681,0.04,White_constantSy
2024-07-25,207,2024,KHF-1,0.3326604536790114,7.0135173735788925,1.3029939683963931,0.04,White_constantSy
2024-07-26,208,2024,KHF-1,0.3073763625395074,4.7110737952337445,2.9733352682539405,0.04,White_constantSy
2024-07-27,209,2024,KHF-1,0.17829786556276161,4.545012713937169,-0.0875660748681284,0.04,White_constantSy
2024-07-28,210,2024,KHF-1,0.29531073995005386,7.092312834969761,0.2904556637815858,0.04,White_constantSy
2024-07-29,211,2024,KHF-1,0.11996837566103125,2.6317288351805246,0.36748055634525656,0.04,White_constantSy
2024-07-30,212,2024,KHF-1,0.2728850864653438,6.1611524499753045,0.6609747116582909,0.04,White_constantSy
2024-07-31,213,2024,KHF-1,0.45852749047870817,10.812090817852393,0.6510964441153106,0.04,White_constantSy
2024-08-01,214,2024,KHF-1,0.3490441315636503,9.031857443621007,-0.3057541545297511,0.04,White_constantSy
2024-08-02,215,2024,KHF-1,0.44751698866532025,11.158002631532682,0.029922085100324125,0.04,White_constantSy
2024-08-03,216,2024,KHF-1,0.0031842766868081184,6.519213400008496,-6.439606482838293,0.04,White_constantSy
2024-08-04,217,2024,KHF-1,0.2051850134686859,4.057733809628061,1.071891527089086,0.04,White_constantSy
2024-08-05,218,2024,KHF-1,0.4357998558704992,10.176764107790959,0.7182322889715209,0.04,White_constantSy
2024-08-06,219,2024,KHF-1,0.3885310668204838,8.954818324526315,0.7584583459857797,0.04,White_constantSy
2024-08-07,220,2024,KHF-1,0.38592186062834344,8.599989137411157,1.048057378297429,0.04,White_constantSy
2024-08-08,221,2024,KHF-1,0.37224001575994237,7.994236141994904,1.3117642520036554,0.04,White_constantSy
2024-08-09,222,2024,KHF-1,0.38935123710727737,8.923485286109667,0.8102956415722673,0.04,White_constantSy
2024-08-10,223,2024,KHF-1,0.39603463756139234,9.368481232883497,0.5323847061513121,0.04,White_constantSy
2024-08-11,224,2024,KHF-1,0.3022211558868406,6.76190302965658,0.7936258675144359,0.04,White_constantSy
2024-08-12,225,2024,KHF-1,0.3565064027056337,7.814294949978873,1.0983651176619702,0.04,White_constantSy
2024-08-13,226,2024,KHF-1,0.49146587533174796,12.889683581972733,-0.6030366986790341,0.04,White_constantSy
2024-08-14,227,2024,KHF-1,0.40361444497278004,10.598156571084473,-0.5077954467649732,0.04,White_constantSy
2024-08-15,228,2024,KHF-1,0.23331404876989836,5.451553934290843,0.3812972849566165,0.04,White_constantSy
2024-08-16,229,2024,KHF-1,0.3341674307205477,7.440834487226766,0.9133512807869266,0.04,White_constantSy
2024-08-17,230,2024,KHF-1,0.4088557630232174,9.884214638650548,0.33717943692988683,0.04,White_constantSy
2024-08-18,231,2024,KHF-1,0.5134493030246307,13.184043368169938,-0.3478107925541707,0.04,White_constantSy
2024-08-19,232,2024,KHF-1,0.5041130994665151,13.095290656890413,-0.4924631702275377,0.04,White_constantSy
2024-08-20,233,2024,KHF-1,0.5647330981732267,13.695055955005444,0.42327149932522445,0.04,White_constantSy
2024-08-21,234,2024,KHF-1,0.4753641105877051,12.03684022104099,-0.1527374563483619,0.04,White_constantSy
2024-08-22,235,2024,KHF-1,0.4193797211700951,8.501692900917845,1.9828001283345316,0.04,White_constantSy
2024-08-23,236,2024,KHF-1,0.43880465000884783,13.753217483150593,-2.783101232929397,0.04,White_constantSy
2024-08-24,237,2024,KHF-1,0.1059531399409849,12.186664246737735,-9.537835748213112,0.04,White_constantSy
2024-08-25,238,2024,KHF-1,0.08697819136798302,4.5932067235415985,-2.418751939342023,0.04,White_constantSy
2024-08-26,239,2024,KHF-1,0.2725855164437263,6.891153065092581,-0.07651515399942355,0.04,White_constantSy
2024-08-27,240,2024,KHF-1,0.3493164010423371,8.300711135708738,0.4321988903496887,0.04,White_constantSy
2024-08-28,241,2024,KHF-1,0.2808009300501979,6.3456571759761715,0.6743660752787761,0.04,White_constantSy
2024-08-29,242,2024,KHF-1,0.32818272838890294,8.66483361861441,-0.46026540889183565,0.04,White_constantSy
2024-08-30,243,2024,KHF-1,0.3005014408988984,6.487463584418052,1.0250724380544085,0.04,White_constantSy
2024-08-31,244,2024,KHF-1,0.28351248762651693,7.331671288994457,-0.24385909833153363,0.04,White_constantSy
2024-09-01,245,2024,KHF-1,0.2612503952977079,5.625734909003199,0.9055249734394977,0.04,White_constantSy
2024-09-02,246,2024,KHF-1,0.408118878650761,9.203662491368902,0.999309474900123,0.04,White_constantSy
2024-09-03,247,2024,KHF-1,0.39884136735692266,10.531394830438856,-0.5603606465157895,0.04,White_constantSy
2024-09-04,248,2024,KHF-1,0.42643965974819054,10.783423555889726,-0.12243206218496283,0.04,White_constantSy
2024-09-05,249,2024,KHF-1,0.44845648080656986,11.137805671400614,0.07360634876363292,0.04,White_constantSy
2024-09-06,250,2024,KHF-1,0.4034634020997956,8.829644800699654,1.2569402517952355,0.04,White_constantSy
2024-09-07,251,2024,KHF-1,0.5302184981664837,11.90835716430314,1.347105289858952,0.04,White_constantSy
2024-09-08,252,2024,KHF-1,0.387350570298878,9.894843846211643,-0.21107958873969324,0.04,White_constantSy
2024-09-09,253,2024,KHF-1,0.48629901090131256,11.999982589962599,0.15749268257021498,0.04,White_constantSy
2024-09-10,254,2024,KHF-1,0.5144779505236485,10.74534335925641,2.1166054038348037,0.04,White_constantSy
2024-09-11,255,2024,KHF-1,0.4052751545221014,10.718479930672942,-0.586601067620407,0.04,White_constantSy
2024-09-12,256,2024,KHF-1,0.15271497901561304,5.155704984153786,-1.33783050876346,0.04,White_constantSy
2024-09-13,257,2024,KHF-1,0.3426775433193612,9.513939378911829,-0.9470007959277993,0.04,White_constantSy
2024-09-14,258,2024,KHF-1,0.43205533678204233,10.369320258096693,0.43206316145436574,0.04,White_constantSy
2024-09-15,259,2024,KHF-1,0.1149461298959551,1.7026261735974657,1.1710270738014117,0.04,White_constantSy
2024-09-16,260,2024,KHF-1,0.07140057982307013,5.875128009267172,-4.090113513690419,0.04,White_constantSy
2024-09-17,261,2024,KHF-1,0.16484980157613194,7.775638648118033,-3.6543936087147344,0.04,White_constantSy
2024-09-18,262,2024,KHF-1,0.09039836718439859,5.922332586792933,-3.6623734071829688,0.04,White_constantSy
2024-09-19,263,2024,KHF-1,-0.05538110340121676,5.0894315831872206,-6.47395916821764,0.04,White_constantSy
2024-09-20,264,2024,KHF-1,0.17445831189525024,7.397180807509329,-3.0357230101280734,0.04,White_constantSy
2024-09-21,265,2024,KHF-1,0.1385850212640122,5.24996044036601,-1.785334908765705,0.04,White_constantSy
2024-09-22,266,2024,KHF-1,0.06158325449651869,3.123526857229919,-1.5839454948169518,0.04,White_constantSy
2024-09-23,267,2024,KHF-1,0.0008621400101151267,0.660394454591227,-0.6388409543383489,0.04,White_constantSy
2024-09-24,268,2024,KHF-1,0.045843205579389236,0.5982302391828824,0.5478499003018484,0.04,White_constantSy
2024-09-25,269,2024,KHF-1,0.13485756775335603,3.769150296119818,-0.39771110228591766,0.04,White_constantSy
2024-09-26,270,2024,KHF-1,-0.0842834425847471,-1.5101721224378934,-0.5969139421807839,0.04,White_constantSy
2024-09-27,271,2024,KHF-1,-0.03525908935052684,-1.2922719723299707,0.4107947385667998,0.04,White_constantSy
2024-09-28,272,2024,KHF-1,0.04006291567394271,0.7092585214980573,0.29231437035051044,0.04,White_constantSy
2024-09-29,273,2024,KHF-1,0.10031324108030588,4.0039323369110775,-1.4961013099034304,0.04,White_constantSy
2024-09-30,274,2024,KHF-1,0.11594689239144187,5.229578944714319,-2.3309066349282723,0.04,White_constantSy
2024-10-01,275,2024,KHF-1,0.2127376514706397,5.388638766174481,-0.0701974794084883,0.04,White_constantSy
2024-10-02,276,2024,KHF-1,0.1570628811015162,2.5272331281886338,1.3993388993492708,0.04,White_constantSy
2024-10-03,277,2024,KHF-1,0.06886933226799372,2.1110826353805123,-0.3893493286806695,0.04,White_constantSy
2024-10-04,278,2024,KHF-1,0.11408893806868221,3.5652844155492645,-0.7130609638322092,0.04,White_constantSy
2024-10-05,279,2024,KHF-1,0.05057753431504693,2.4751601031106176,-1.2107217452344443,0.04,White_constantSy
2024-10-06,280,2024,KHF-1,0.05139598728055802,2.310677746795186,-1.0257780647812353,0.04,White_constantSy
2024-10-07,281,2024,KHF-1,0.11522903717636979,2.4259314762247186,0.45479445318452605,0.04,White_constantSy
2024-10-08,282,2024,KHF-1,0.05718263455230584,1.7701119799945033,-0.34054611618685726,0.04,White_constantSy
2024-10-09,283,2024,KHF-1,0.08155909017968896,3.258888133511583,-1.2199108790193591,0.04,White_constantSy
2024-10-10,284,2024,KHF-1,0.18122088181181795,4.2471070680552,0.28341497724024833,0.04,White_constantSy
2024-10-11,285,2024,KHF-1,0.09992496558280081,4.29750681810539,-1.7993826785353697,0.04,White_constantSy
2024-10-12,286,2024,KHF-1,0.13205353283810609,3.7774582236252527,-0.4761199026726004,0.04,White_constantSy
2024-10-13,287,2024,KHF-1,0.08336288716353124,3.082266224379282,-0.998194045291001,0.04,White_constantSy
2024-10-14,288,2024,KHF-1,0.2614343767644982,6.585802387127515,-0.04994296801505982,0.04,White_constantSy
2024-10-15,289,2024,KHF-1,0.2982704137968854,7.552925116170783,-0.09616477124864886,0.04,White_constantSy
2024-10-16,290,2024,KHF-1,0.04256767841829458,7.126500838858995,-6.06230887840163,0.04,White_constantSy
2024-10-17,291,2024,KHF-1,-0.15183565053529846,-2.9866432904200195,-0.8092479729624422,0.04,White_constantSy
2024-10-18,292,2024,KHF-1,0.06885293001952433,3.690110605644037,-1.9687873551559285,0.04,White_constantSy
2024-10-19,293,2024,KHF-1,0.09591028028928193,1.3396736847294584,1.0580833225025899,0.04,White_constantSy
2024-10-20,294,2024,KHF-1,0.28536533381683554,6.3794594037162575,0.7546739417046311,0.04,White_constantSy
2024-10-21,295,2024,KHF-1,0.25705629051446255,4.8190276251411035,1.6073796377204594,0.04,White_constantSy
2024-10-22,296,2024,KHF-1,0.3164028667274445,7.650032632277991,0.2600390359081217,0.04,White_constantSy
2024-10-23,297,2024,KHF-1,0.32153329670840153,8.272092963419176,-0.2337605457091385,0.04,White_constantSy
2024-10-24,298,2024,KHF-1,0.26186317825786176,8.579729646235279,-2.033150189788735,0.04,White_constantSy
2024-10-25,299,2024,KHF-1,0.15237137852815863,4.403052814344832,-0.5937683511408665,0.04,White_constantSy
2024-10-26,300,2024,KHF-1,0.14606387263786005,2.58626285743836,1.0653339585081412,0.04,White_constantSy
2024-10-27,301,2024,KHF-1,0.16637080632343526,2.5268198975581413,1.6324502605277402,0.04,White_constantSy
2024-10-28,302,2024,KHF-1,-0.0798505603686833,1.298051071764661,-3.294315080981743,0.04,White_constantSy
2024-10-29,303,2024,KHF-1,-0.14317877354661504,-3.783670758307146,0.20420141964176963,0.04,White_constantSy
2024-10-30,304,2024,KHF-1,-0.0915452764354044,-1.2405556904425907,-1.0480762204425194,0.04,White_constantSy
2024-10-31,305,2024,KHF-1,-0.06547348447936138,-0.9150346325821133,-0.7218024794019211,0.04,White_constantSy
2024-11-01,306,2024,KHF-1,0.06214677197503015,0.6855967864520913,0.8680725129236624,0.04,White_constantSy
2024-11-02,307,2024,KHF-1,-0.08511508968561522,0.010109530510860054,-2.1379867726512405,0.04,White_constantSy
2024-11-03,308,2024,KHF-1,-0.19149572074089605,-4.785206776276141,-0.002186242246260406,0.04,White_constantSy
2024-11-04,309,2024,KHF-1,-0.10835124150645363,-1.4561895216079215,-1.2525915160534193,0.04,White_constantSy
2024-11-05,310,2024,KHF-1,-0.24098673809673785,-7.657300331722915,1.6326318793044692,0.04,White_constantSy
2024-11-06,311,2024,KHF-1,0.04565200534620587,0.861671342089565,0.27962879156558174,0.04,White_constantSy
2024-11-07,312,2024,KHF-1,0.016627333368546503,1.6845629379702132,-1.2688796037565506,0.04,White_constantSy
2024-11-08,313,2024,KHF-1,0.11190850722035528,0.902122606152723,1.895590074356159,0.04,White_constantSy
2024-11-09,314,2024,KHF-1,-0.20718645336419428,-0.9879007043611878,-4.191760629743669,0.04,White_constantSy
2025-05-27,147,2025,KHF-1,0.09696712758746813,2.1724666232273435,0.25171156645935966,0.04,White_constantSy
2025-05-28,148,2025,KHF-1,0.11907582220228363,2.036472403584,0.940423151473091,0.04,White_constantSy
2025-05-29,149,2025,KHF-1,0.2025644271455687,4.564400436098769,0.4997102425404485,0.04,White_constantSy
2025-05-30,150,2025,KHF-1,0.35286524569988037,6.67412355038406,2.14750759211295,0.04,White_constantSy
2025-05-31,151,2025,KHF-1,0.560953686756127,10.093451255692134,3.930390913211042,0.04,White_constantSy
2025-06-01,152,2025,KHF-1,0.5818037714552357,10.50832776564301,4.036766520737881,0.04,White_constantSy
2025-06-02,153,2025,KHF-1,0.7406716327032972,16.173586989120302,2.3432038284621264,0.04,White_constantSy
2025-06-03,154,2025,KHF-1,0.9346478157409225,19.991269123821056,3.374926269702005,0.04,White_constantSy
2025-06-04,155,2025,KHF-1,0.8425611028991139,17.96331415248573,3.1007134199921182,0.04,White_constantSy
2025-06-05,156,2025,KHF-1,0.8325342613357092,18.58478798662766,2.228568546765068,0.04,White_constantSy
2025-06-06,157,2025,KHF-1,0.5860987292628937,13.429667680665602,1.2228005509067401,0.04,White_constantSy
2025-06-07,158,2025,KHF-1,0.5447088329501514,12.591535881238912,1.026184942514874,0.04,White_constantSy
2025-06-08,159,2025,KHF-1,0.17474543825841238,4.271111902355784,0.09752405410452525,0.04,White_constantSy
2025-06-09,160,2025,KHF-1,0.36616847483712606,6.670964355979379,2.483247514948772,0.04,White_constantSy
2025-06-10,161,2025,KHF-1,0.32006409732644414,4.905471135376871,3.0961312977842326,0.04,White_constantSy
2025-06-11,162,2025,KHF-1,0.1423266180899458,0.9928906501478707,2.565274802100774,0.04,White_constantSy
2025-06-12,163,2025,KHF-1,0.09435144733983265,1.709160026200962,0.6496261572948541,0.04,White_constantSy
2025-06-13,164,2025,KHF-1,-0.08998871688959327,-3.1451188355077875,0.8954009132679559,0.04,White_constantSy
2025-06-14,165,2025,KHF-1,0.1807143875593556,4.361225194060125,0.15663449492376458,0.04,White_constantSy
2025-06-15,166,2025,KHF-1,0.1730609048118481,3.8153824996690844,0.5111401206271182,0.04,White_constantSy
2025-06-16,167,2025,KHF-1,0.1509558537895896,3.153851488479731,0.6200448562600087,0.04,White_constantSy
2025-06-17,168,2025,KHF-1,0.1123974363577318,1.8026457329320067,1.0072901760112885,0.04,White_constantSy
2025-06-18,169,2025,KHF-1,0.2381195257012152,6.0619585411028964,-0.10897039857251656,0.04,White_constantSy
2025-06-19,170,2025,KHF-1,0.16625919203177206,2.0238041536490243,2.132675647145277,0.04,White_constantSy
2025-06-20,171,2025,KHF-1,0.08891344054874395,1.4613880740370178,0.761447939681581,0.04,White_constantSy
2025-06-21,172,2025,KHF-1,-0.19418816248655618,-1.3355373298335564,-3.5191667323303477,0.04,White_constantSy
2025-06-22,173,2025,KHF-1,0.10745774721181789,7.651396817160361,-4.964953136864914,0.04,White_constantSy
2025-06-23,174,2025,KHF-1,0.2853646239511963,7.903058612818015,-0.7689430140381077,0.04,White_constantSy
2025-06-24,175,2025,KHF-1,0.2086245000782458,1.468477357375562,3.7471351445805823,0.04,White_constantSy
2025-06-25,176,2025,KHF-1,0.2708728319259703,5.084373856312041,1.6874469418372158,0.04,White_constantSy
2025-06-26,177,2025,KHF-1,0.2916463467515609,5.371638365250632,1.9195203035383912,0.04,White_constantSy
2025-06-27,178,2025,KHF-1,0.32891788731037536,6.936981072582782,1.2859661101766022,0.04,White_constantSy
2025-06-28,179,2025,KHF-1,0.10755725120124453,1.444681414329139,1.244249865701974,0.04,White_constantSy
2025-06-29,180,2025,KHF-1,0.2041645530578151,3.8131258885087504,1.2909879379366274,0.04,White_constantSy
2025-06-30,181,2025,KHF-1,0.27706651206374033,5.83138290959333,1.0952798920001783,0.04,White_constantSy
2025-07-01,182,2025,KHF-1,0.2616300971860639,7.069969420112798,-0.529216990461201,0.04,White_constantSy
2025-07-02,183,2025,KHF-1,0.22109724039409429,4.023548637134766,1.503882372717591,0.04,White_constantSy
2025-07-03,184,2025,KHF-1,0.21309788238969674,4.401618359907999,0.925828699834419,0.04,White_constantSy
2025-07-04,185,2025,KHF-1,0.21920165360040755,5.268698526163718,0.21134281384647124,0.04,White_constantSy
2025-07-05,186,2025,KHF-1,0.1037380145234792,2.471570620223673,0.12187974286330672,0.04,White_constantSy
2025-07-06,187,2025,KHF-1,0.18851327866023126,2.8851808068477425,1.8276511596580391,0.04,White_constantSy
2025-07-07,188,2025,KHF-1,0.11305884115052578,2.4855660926366596,0.34090493612648487,0.04,White_constantSy
2025-07-08,189,2025,KHF-1,0.27889569667927816,6.889688731772381,0.08270368520957305,0.04,White_constantSy
2025-07-09,190,2025,KHF-1,0.22098247881348954,4.8123254357349765,0.7122365346022619,0.04,White_constantSy
2025-07-10,191,2025,KHF-1,0.2532366061244673,4.965874208996013,1.3650409441156697,0.04,White_constantSy
2025-07-11,192,2025,KHF-1,0.279426861129231,5.986225465398931,0.9994460628318436,0.04,White_constantSy
2025-07-12,193,2025,KHF-1,0.17844910933690272,3.3963353522370454,1.0648923811855227,0.04,White_constantSy
2025-07-13,194,2025,KHF-1,0.31092676019897425,6.755420018375702,1.0177489865986544,0.04,White_constantSy
2025-07-14,195,2025,KHF-1,0.4579267862016178,9.872684560922806,1.5754850941176386,0.04,White_constantSy
2025-07-15,196,2025,KHF-1,0.14356988461803724,2.2746056620678985,1.3146414533830324,0.04,White_constantSy
2025-07-16,197,2025,KHF-1,0.10899454563344478,1.7543934743880811,0.9704701664480382,0.04,White_constantSy
2025-07-17,198,2025,KHF-1,0.08067727899334898,0.3413565903350957,1.6755753844986288,0.04,White_constantSy
2025-07-18,199,2025,KHF-1,0.15687494794990017,3.2163458628484705,0.7055278358990336,0.04,White_constantSy
2025-07-19,200,2025,KHF-1,0.4249597268094976,9.416643661025148,1.2073495092122926,0.04,White_constantSy
2025-07-20,201,2025,KHF-1,0.28639982982974915,7.132795325086192,0.02720042065753603,0.04,White_constantSy
2025-07-21,202,2025,KHF-1,0.339677712029669,7.920456458231939,0.571486342509786,0.04,White_constantSy
2025-07-22,203,2025,KHF-1,0.28866343746106793,5.991665733774454,1.2249202027522443,0.04,White_constantSy
2025-07-23,204,2025,KHF-1,0.2937783001909452,7.145499795805364,0.19895770896826548,0.04,White_constantSy
2025-07-24,205,2025,KHF-1,0.5041902190609221,13.871523238984508,-1.2667677624614555,0.04,White_constantSy
2025-07-25,206,2025,KHF-1,0.35165568011058895,9.904688984503451,-1.1132969817387277,0.04,White_constantSy
2025-07-26,207,2025,KHF-1,0.330956212564081,8.003725139642228,0.2701801744597958,0.04,White_constantSy
2025-07-27,208,2025,KHF-1,0.3089362576002532,8.081602673542363,-0.35819623353603447,0.04,White_constantSy
2025-07-28,209,2025,KHF-1,0.4264079848195991,11.347696591253651,-0.6874969707636751,0.04,White_constantSy
2025-07-29,210,2025,KHF-1,0.1133944141050307,2.539557681823368,0.2953026708023998,0.04,White_constantSy
2025-07-30,211,2025,KHF-1,0.15549304172399162,3.001133407691327,0.886192635408463,0.04,White_constantSy
2025-07-31,212,2025,KHF-1,0.21454971510662063,4.644867735461133,0.7188751422043822,0.04,White_constantSy
2025-08-01,213,2025,KHF-1,0.5267177136635866,15.07991458152631,-1.9119717399366465,0.04,White_constantSy
2025-08-02,214,2025,KHF-1,0.19742378758053292,4.649329831323001,0.28626485819032155,0.04,White_constantSy
2025-08-03,215,2025,KHF-1,0.39363657207778885,9.49082725568644,0.350087046258281,0.04,White_constantSy
2025-08-04,216,2025,KHF-1,0.3313654998160604,7.407314257598017,0.8768232378034924,0.04,White_constantSy
2025-08-05,217,2025,KHF-1,0.40420438879379333,10.10067953412559,0.0044301857192436955,0.04,White_constantSy
2025-08-06,218,2025,KHF-1,0.2641343409283064,5.539453128689644,1.0639053945180166,0.04,White_constantSy
2025-08-07,219,2025,KHF-1,0.36674328909231235,8.253136841733522,0.9154453855742872,0.04,White_constantSy
2025-08-08,220,2025,KHF-1,0.4112713757196133,9.389188778085213,0.8925956149051189,0.04,White_constantSy
2025-08-09,221,2025,KHF-1,0.3328373255360134,7.407220209927033,0.9137129284733021,0.04,White_constantSy
2025-08-10,222,2025,KHF-1,0.22126334117135116,3.6486124111995366,1.8829711180842423,0.04,White_constantSy
2025-08-11,223,2025,KHF-1,0.6285028341005017,15.07762918946085,0.6349416630516913,0.04,White_constantSy
2025-08-12,224,2025,KHF-1,0.5162962532120264,12.367597297347999,0.539809032952661,0.04,White_constantSy
2025-08-13,225,2025,KHF-1,0.4464669080536595,9.968251441916152,1.1934212594253353,0.04,White_constantSy
2025-08-14,226,2025,KHF-1,0.44099654514528197,10.307683886860985,0.7172297417710638,0.04,White_constantSy
2025-08-15,227,2025,KHF-1,0.4426093773516851,10.649786382661432,0.4154480511306957,0.04,White_constantSy
2025-08-16,228,2025,KHF-1,0.5978010629512965,15.067480883225983,-0.12245430944356883,0.04,White_constantSy
2025-08-17,229,2025,KHF-1,0.3657298623892814,8.726852659577531,0.41639390015450317,0.04,White_constantSy
2025-08-18,230,2025,KHF-1,0.372994963657419,8.487846900221996,0.8370271912134797,0.04,White_constantSy
2025-08-19,231,2025,KHF-1,0.38330819758623874,10.24132304001455,-0.6586181003585807,0.04,White_constantSy
2025-08-20,232,2025,KHF-1,0.5535620070837427,13.402096039406473,0.43695413768709557,0.04,White_constantSy
2025-08-21,233,2025,KHF-1,0.5413136146848598,12.3674454152507,1.1653949518707947,0.04,White_constantSy
2025-08-22,234,2025,KHF-1,0.6493194336236957,15.590442983558717,0.6425428570336749,0.04,White_constantSy
2025-08-23,235,2025,KHF-1,0.4030145664273323,13.610416694385606,-3.5350525337022987,0.04,White_constantSy
2025-08-24,236,2025,KHF-1,0.0,11.887411420364913,-8.221637537692146,0.04,White_constantSy
2025-08-25,237,2025,KHF-1,0.0,13.597014119603301,-11.404386493324374,0.04,White_constantSy
2025-08-26,238,2025,KHF-1,0.0,9.93501782620605,-5.05062996547867,0.04,White_constantSy
2025-08-27,239,2025,KHF-1,0.0,4.1819410493801,-2.4412647612575,0.04,White_constantSy
2025-08-28,240,2025,KHF-1,0.0,2.146058191091882,1.0574295532624234,0.04,White_constantSy
2025-08-29,241,2025,KHF-1,0.19848311954182662,5.67238704674331,-0.7103090581976446,0.04,White_constantSy
2025-08-30,242,2025,KHF-1,0.28102054622670636,6.204537928512011,0.8209757271556484,0.04,White_constantSy
2025-08-31,243,2025,KHF-1,0.3502877123876118,8.105938524031231,0.6512542856590642,0.04,White_constantSy
2025-09-01,244,2025,KHF-1,0.30458313453984687,6.764846128414348,0.8497322350818237,0.04,White_constantSy
2025-09-02,245,2025,KHF-1,0.0,7.595064908608151,-3.5756984139268866,0.04,White_constantSy
2025-09-03,246,2025,KHF-1,0.0,8.828242423610533,-1.2026274166979434,0.04,White_constantSy
2025-09-04,247,2025,KHF-1,0.0,5.551907028374046,2.02399811781504,0.04,White_constantSy
2025-09-05,248,2025,KHF-1,0.0,5.8701848246439425,0.8346869615460051,0.04,White_constantSy
2025-09-06,249,2025,KHF-1,0.1912643707293924,4.427071727119269,0.3545375411155405,0.04,White_constantSy
2025-09-07,250,2025,KHF-1,0.13277271053473783,3.5974517556017105,-0.27813399223326485,0.04,White_constantSy
2025-09-08,251,2025,KHF-1,0.135318720132382,2.2233803735279167,1.1595876297816332,0.04,White_constantSy
2025-09-09,252,2025,KHF-1,0.2622123622904624,5.656519687131478,0.898789370130082,0.04,White_constantSy
2025-09-10,253,2025,KHF-1,0.34874851323418454,9.373753116947725,-0.6550402860931115,0.04,White_constantSy
2025-09-11,254,2025,KHF-1,0.1885416727879914,6.3867157945196595,-1.6731739748198748,0.04,White_constantSy
2025-09-12,255,2025,KHF-1,0.2583774005682926,5.783907977788871,0.675527036418444,0.04,White_constantSy
2025-09-13,256,2025,KHF-1,0.2534503070060481,6.41808344041479,-0.08182576526358787,0.04,White_constantSy
2025-09-14,257,2025,KHF-1,0.23299881819153967,4.157966116648737,1.6670043381397548,0.04,White_constantSy
2025-09-15,258,2025,KHF-1,0.33446930997306623,8.76402329424053,-0.4022905449138747,0.04,White_constantSy
2025-09-16,259,2025,KHF-1,0.10789976989993022,2.865514555334059,-0.16802030783580335,0.04,White_constantSy
2025-09-17,260,2025,KHF-1,0.12037163412176,1.8684965821023525,1.1407942709416474,0.04,White_constantSy
2025-09-18,261,2025,KHF-1,0.25203850958706653,5.484371819809297,0.816590919867366,0.04,White_constantSy
2025-09-19,262,2025,KHF-1,0.22228378368180302,7.225217194012146,-1.6681226019670703,0.04,White_constantSy
2025-09-20,263,2025,KHF-1,0.24201929163853464,6.7409992855470335,-0.6905169945836676,0.04,White_constantSy
2025-09-21,264,2025,KHF-1,0.12240603177458098,2.7585571834617184,0.3015936109028061,0.04,White_constantSy
2025-09-22,265,2025,KHF-1,0.28118615342440023,6.115318345685239,0.9143354899247669,0.04,White_constantSy
2025-09-23,266,2025,KHF-1,0.304146706618063,7.5238323365869775,0.07983532886459699,0.04,White_constantSy
2025-09-24,267,2025,KHF-1,0.3216799227474425,8.48861692920444,-0.4466188605183774,0.04,White_constantSy
2025-09-25,268,2025,KHF-1,0.0017092705506911443,-0.15235498948413806,0.19508675325141667,0.04,White_constantSy
2025-09-26,269,2025,KHF-1,0.26739027960763195,7.018195399075466,-0.3334384088846676,0.04,White_constantSy
2025-09-27,270,2025,KHF-1,0.12300848670840026,1.7317845525248288,1.3434276151851776,0.04,White_constantSy
2025-09-28,271,2025,KHF-1,0.1616941379468031,4.057009229269681,-0.01465578059960393,0.04,White_constantSy
2025-09-29,272,2025,KHF-1,0.19251295578131078,5.250066216784077,-0.43724232225130777,0.04,White_constantSy
2025-09-30,273,2025,KHF-1,0.09426140009899342,5.040020772891651,-2.683485770416816,0.04,White_constantSy
2025-10-01,274,2025,KHF-1,0.033683724198319,3.5025187101780375,-2.6604256052200626,0.04,White_constantSy
2025-10-02,275,2025,KHF-1,0.0,3.255624890024933,-20.714801480008838,0.04,White_constantSy
2025-10-03,276,2025,KHF-1,0.0,10.766825608116193,-2.5765792946641497,0.04,White_constantSy
2025-10-04,277,2025,KHF-1,0.0,-1.0699699253237327,0.8971610224994819,0.04,White_constantSy
2025-10-05,278,2025,KHF-1,0.0,3.033787710609559,1.3079799260120595,0.04,White_constantSy
2025-10-06,279,2025,KHF-1,-0.10779499868028922,-2.3174612964659076,-0.3774136705413227,0.04,White_constantSy
2025-10-07,280,2025,KHF-1,0.003612064490475575,-0.2905487267717888,0.38085033903367815,0.04,White_constantSy
2025-10-08,281,2025,KHF-1,0.060946271209999736,-1.0448459169630553,2.5685026972130487,0.04,White_constantSy
2025-10-09,282,2025,KHF-1,0.0381303802898006,-0.5154719520582773,1.4687314593032923,0.04,White_constantSy
2025-10-10,283,2025,KHF-1,0.05457048005932734,2.7392883252194338,-1.3750263237362503,0.04,White_constantSy
2025-10-11,284,2025,KHF-1,0.03527580368862715,1.0934040571992654,-0.21150896498358662,0.04,White_constantSy
2025-10-12,285,2025,KHF-1,0.07068873239562351,3.007811469057131,-1.2405931591665436,0.04,White_constantSy
2025-10-13,286,2025,KHF-1,-0.17982457129230028,-2.146069044931309,-2.349545237376198,0.04,White_constantSy
2025-10-14,287,2025,KHF-1,0.0,3.4708233767972274,-7.699911113330952,0.04,White_constantSy
2025-10-15,288,2025,KHF-1,0.0,2.842979067982675,-4.45710905192165,0.04,White_constantSy
2025-10-16,289,2025,KHF-1,0.0,-4.488698093102872,0.5750108382350998,0.04,White_constantSy
2025-10-17,290,2025,KHF-1,0.0,-2.255070114289026,1.7058690424390086,0.04,White_constantSy
2025-10-18,291,2025,KHF-1,-0.09391095133961756,-3.57308867137651,1.2253148878860713,0.04,White_constantSy
2025-10-19,292,2025,KHF-1,0.061218390471928646,-0.7761325704748856,2.3065923322731017,0.04,White_constantSy
2025-10-20,293,2025,KHF-1,0.008932323421959296,1.2974866014296538,-1.0741785158806714,0.04,White_constantSy
2025-10-21,294,2025,KHF-1,-0.07430268359502193,-1.0462964891512883,-0.81127060072426,0.04,White_constantSy
2025-10-22,295,2025,KHF-1,0.1061851024638544,3.5682509117552996,-0.9136233501589395,0.04,White_constantSy
2025-10-23,296,2025,KHF-1,0.13532350709142194,3.705419068756676,-0.32233139147112766,0.04,White_constantSy
2025-10-24,297,2025,KHF-1,0.10966764250071918,2.23561989025076,0.5060711722672195,0.04,White_constantSy
2025-10-25,298,2025,KHF-1,-0.07638800843310406,2.0062597817589207,-3.9159599925865223,0.04,White_constantSy
2025-10-26,299,2025,KHF-1,0.010398992206808374,5.20167899698404,-4.94170419181383,0.04,White_constantSy
2025-10-27,300,2025,KHF-1,0.006874720905564758,-1.597338185564812,1.769206208203931,0.04,White_constantSy
2025-10-28,301,2025,KHF-1,-0.02704468638055609,-0.9510864870652114,0.2749693275513092,0.04,White_constantSy
2025-10-29,302,2025,KHF-1,-0.08518828912291226,-2.4696517530913162,0.3399445250185096,0.04,White_constantSy
2025-10-30,303,2025,KHF-1,0.021265491121651933,-1.1035591914847807,1.635196469526079,0.04,White_constantSy
2021-06-21,172,2021,KHR-1,0.13022144230748012,1.3568219944840365,1.8987140632029664,0.04,White_constantSy
2021-06-22,173,2021,KHR-1,0.08103046570926864,-0.4595876009734212,2.485349243705137,0.04,White_constantSy
2021-06-23,174,2021,KHR-1,0.38538038566588995,8.664808442212646,0.9697011994346028,0.04,White_constantSy
2021-06-24,175,2021,KHR-1,0.2200136413660445,8.027680585446362,-2.527339551295249,0.04,White_constantSy
2021-06-25,176,2021,KHR-1,0.3449076144331613,6.5798371488615,2.0428532119675324,0.04,White_constantSy
2021-06-26,177,2021,KHR-1,0.3148105337194451,6.318789098650512,1.5514742443356155,0.04,White_constantSy
2021-06-27,178,2021,KHR-1,0.29510577742986754,5.065986242335541,2.311658193411148,0.04,White_constantSy
2021-06-28,179,2021,KHR-1,0.16905171202115982,1.6493572425201535,2.5769355580088416,0.04,White_constantSy
2021-06-29,180,2021,KHR-1,0.23918040426038942,4.848905860552264,1.1306042459574712,0.04,White_constantSy
2021-06-30,181,2021,KHR-1,-0.002366301815434895,-1.8959220135940313,1.836764468208159,0.04,White_constantSy
2021-07-01,182,2021,KHR-1,0.11864778606521725,0.395478748897915,2.570715902732516,0.04,White_constantSy
2021-07-02,183,2021,KHR-1,0.2893331960565109,5.458964534995658,1.7743653664171148,0.04,White_constantSy
2021-07-03,184,2021,KHR-1,0.25387456895340504,4.6900902994970295,1.656773924338097,0.04,White_constantSy
2021-07-04,185,2021,KHR-1,0.3596756593001317,9.818215534094719,-0.8263240515914276,0.04,White_constantSy
2021-07-05,186,2021,KHR-1,-1.1458774382257357,-2.972017831224292,-25.6749181244191,0.04,White_constantSy
2024-07-15,197,2024,KHR-1,-0.20923753861297428,0.4332874209087123,-5.664225886233069,0.04,White_constantSy
2024-07-16,198,2024,KHR-1,0.2125729518002683,0.5083474919750586,4.805976303031649,0.04,White_constantSy
2024-07-17,199,2024,KHR-1,0.385562872511031,7.285988500627383,2.3530833121483923,0.04,White_constantSy
2024-07-18,200,2024,KHR-1,0.2628966471502068,4.050946668090205,2.5214695106649643,0.04,White_constantSy
2024-07-19,201,2024,KHR-1,0.2735893599345758,4.890426190334551,1.9493078080298432,0.04,White_constantSy
2024-07-20,202,2024,KHR-1,0.2634627113509609,4.666951852992085,1.9196159307819372,0.04,White_constantSy
2024-07-21,203,2024,KHR-1,0.2796411495734219,5.021753834096998,1.9692749052385494,0.04,White_constantSy
2024-07-22,204,2024,KHR-1,0.36032312793326327,7.878653607662045,1.1294245906695366,0.04,White_constantSy
2024-07-23,205,2024,KHR-1,0.20214163084637704,4.339898646007256,0.7136421251521696,0.04,White_constantSy
2024-07-24,206,2024,KHR-1,0.2172312450544922,3.987978236134637,1.442802890227668,0.04,White_constantSy
2024-07-25,207,2024,KHR-1,0.2111808183692503,3.1230357305492618,2.1564847286819955,0.04,White_constantSy
2024-07-26,208,2024,KHR-1,0.17914882969655083,1.1003335968815975,3.378387145532173,0.04,White_constantSy
2024-07-27,209,2024,KHR-1,0.09941224335976358,1.8008796563381964,0.6844264276558931,0.04,White_constantSy
2024-07-28,210,2024,KHR-1,0.12789036917187274,2.076808444266476,1.120450785030343,0.04,White_constantSy
2024-07-29,211,2024,KHR-1,0.09452271987854716,1.3353780666719217,1.027689930291757,0.04,White_constantSy
2024-07-30,212,2024,KHR-1,0.11688881829205229,1.147741385391356,1.7744790719099512,0.04,White_constantSy
2024-07-31,213,2024,KHR-1,0.2381141447931583,4.409722690986229,1.5431309288427286,0.04,White_constantSy
2024-08-01,214,2024,KHR-1,0.16549507578742464,3.360731829768639,0.7766450649169769,0.04,White_constantSy
2024-08-02,215,2024,KHR-1,0.240938137427342,4.3468249156056515,1.676628520077898,0.04,White_constantSy
2024-08-03,216,2024,KHR-1,-0.08832650070758064,-0.4296967421453246,-1.7784657755441913,0.04,White_constantSy
2024-08-04,217,2024,KHR-1,0.08592734478613409,-0.4250104253654001,2.5731940450187523,0.04,White_constantSy
2024-08-05,218,2024,KHR-1,0.19367620733661,3.8483672462863865,0.9935379371288633,0.04,White_constantSy
2024-08-06,219,2024,KHR-1,0.11391180338175388,1.975830187161165,0.8719648973826821,0.04,White_constantSy
2024-08-07,220,2024,KHR-1,0.18357665554795916,2.8000194661558453,1.7893969225431334,0.04,White_constantSy
2024-08-08,221,2024,KHR-1,0.11183583395254573,0.9343042301604783,1.861591618653165,0.04,White_constantSy
2024-08-09,222,2024,KHR-1,0.16241045344950295,2.4121037622279573,1.6481575740096162,0.04,White_constantSy
2024-08-10,223,2024,KHR-1,0.15884084465634488,2.7321672199203135,1.2388538964883082,0.04,White_constantSy
2024-08-11,224,2024,KHR-1,0.03544134567580102,-0.8888503878341965,1.7748840297292219,0.04,White_constantSy
2024-08-12,225,2024,KHR-1,0.05912852621257514,-1.0475390073111157,2.525752162625494,0.04,White_constantSy
2024-08-13,226,2024,KHR-1,0.20901899704087726,3.858923277028083,1.3665516489938483,0.04,White_constantSy
2024-08-14,227,2024,KHR-1,0.20184537405231992,3.063314281270067,1.9828200700379313,0.04,White_constantSy
2024-08-15,228,2024,KHR-1,0.2995736894924175,9.617584245044554,-2.1282420077341158,0.04,White_constantSy
2024-08-16,229,2024,KHR-1,-0.13699235013506722,-4.169334523150781,0.7445257697740999,0.04,White_constantSy
2024-08-17,230,2024,KHR-1,-0.1078233013362285,-3.4737411398226357,0.7781586064169232,0.04,White_constantSy
2024-08-18,231,2024,KHR-1,-0.13969720159487395,-2.864123775845769,-0.6283062640260795,0.04,White_constantSy
2024-08-19,232,2024,KHR-1,-0.007916072470516155,0.746271304341974,-0.9441731161048779,0.04,White_constantSy
2024-08-20,233,2024,KHR-1,0.09537526161320614,2.0041222408785586,0.38025929945159476,0.04,White_constantSy
2024-08-21,234,2024,KHR-1,-0.005512144045939636,-0.35888058361885555,0.22107698247036467,0.04,White_constantSy
2024-08-22,235,2024,KHR-1,-0.036780076474190085,-2.950076776806526,2.030574864951774,0.04,White_constantSy
2024-08-23,236,2024,KHR-1,0.010452199882508353,1.159121974371402,-0.8978169773086933,0.04,White_constantSy
2024-08-24,237,2024,KHR-1,-0.05786418498647663,0.01227690012694893,-1.4588815247888647,0.04,White_constantSy
2024-08-25,238,2024,KHR-1,-0.03417084958062446,-0.4963695665022101,-0.3579016730134015,0.04,White_constantSy
2024-08-26,239,2024,KHR-1,0.01674683470828086,0.729393201520395,-0.31072233381337355,0.04,White_constantSy
2024-08-27,240,2024,KHR-1,0.023403990789610703,0.222520431904627,0.36257933783564056,0.04,White_constantSy
2024-08-28,241,2024,KHR-1,-0.04026716648857416,-1.191542698372274,0.18486353615791984,0.04,White_constantSy
2024-08-29,242,2024,KHR-1,0.058232034029644525,1.7239843889708766,-0.2681835382297635,0.04,White_constantSy
2024-08-30,243,2024,KHR-1,0.0059212984144426176,0.5139892076647072,-0.3659567473036418,0.04,White_constantSy
2024-08-31,244,2024,KHR-1,0.013803793342215159,0.03675715724207862,0.30833767631330034,0.04,White_constantSy
2024-09-01,245,2024,KHR-1,-0.056776034123393514,-2.50897440099709,1.0895735479122521,0.04,White_constantSy
2024-09-02,246,2024,KHR-1,0.07124287104234213,1.9312103563283074,-0.15013858026975413,0.04,White_constantSy
2024-09-03,247,2024,KHR-1,-0.006458684873265952,0.6576265063195308,-0.8190936281511796,0.04,White_constantSy
2024-09-04,248,2024,KHR-1,-0.013001109000854855,0.12652494582812324,-0.4515526708494946,0.04,White_constantSy
2024-09-05,249,2024,KHR-1,0.07820577315986156,1.6786627262271168,0.27648160276942235,0.04,White_constantSy
2024-09-06,250,2024,KHR-1,0.026773103473476,-0.2081707698433206,0.8774983566802206,0.04,White_constantSy
2024-09-07,251,2024,KHR-1,0.11620444064731827,2.028349947296789,0.876761068886168,0.04,White_constantSy
2024-09-08,252,2024,KHR-1,0.04495551682909138,2.1195586675361255,-0.995670746808841,0.04,White_constantSy
2024-09-09,253,2024,KHR-1,0.10048315936156713,2.542172587597946,-0.030093603558768223,0.04,White_constantSy
2024-09-10,254,2024,KHR-1,0.08850831563433814,0.8663849746278061,1.3463229162306476,0.04,White_constantSy
2024-09-11,255,2024,KHR-1,-0.004786528072297074,-0.3900802108184962,0.27041700901106935,0.04,White_constantSy
2024-09-12,256,2024,KHR-1,-0.09025051665236504,-2.017454360600283,-0.23880855570884307,0.04,White_constantSy
2024-09-13,257,2024,KHR-1,-0.04470240366602639,-0.6037951832744284,-0.5137649083762312,0.04,White_constantSy
2024-09-14,258,2024,KHR-1,0.04333519965320079,0.5523033694057915,0.5310766219242282,0.04,White_constantSy
2024-09-15,259,2024,KHR-1,0.08722724168053844,1.206337071632646,0.974343970380815,0.04,White_constantSy
2024-09-16,260,2024,KHR-1,-0.1129053405852352,-2.2434283387187577,-0.5792051759121222,0.04,White_constantSy
2024-09-17,261,2024,KHR-1,-0.006100837537076131,0.33439687186529454,-0.48691781029219783,0.04,White_constantSy
2024-09-18,262,2024,KHR-1,-0.040594812505297,-0.8201482489539558,-0.19472206367846923,0.04,White_constantSy
2024-09-19,263,2024,KHR-1,-0.08118471318499416,-1.8039447412238303,-0.22567308840102385,0.04,White_constantSy
2024-09-20,264,2024,KHR-1,-0.06110401943564114,-1.1635845677244276,-0.3640159181666007,0.04,White_constantSy
2024-09-21,265,2024,KHR-1,0.0377472271939331,0.11109726126576902,0.8325834185825585,0.04,White_constantSy
2024-09-22,266,2024,KHR-1,-0.1070770950146067,-0.8732168460951186,-1.8037105292700488,0.04,White_constantSy
2024-09-23,267,2024,KHR-1,-0.07101274405426353,-1.957575955167414,0.18225735381082586,0.04,White_constantSy
2024-09-24,268,2024,KHR-1,-0.01995643871305731,-1.2998599120370216,0.8009489442105888,0.04,White_constantSy
2024-09-25,269,2024,KHR-1,0.06522170345040991,1.8099954898044075,-0.17945290354415988,0.04,White_constantSy
2024-09-26,270,2024,KHR-1,-0.204252610418111,-4.328428142823213,-0.777887117629561,0.04,White_constantSy
2024-09-27,271,2024,KHR-1,-0.051073630515730314,-1.7489168314250776,0.4720760685318197,0.04,White_constantSy
2024-09-28,272,2024,KHR-1,-0.06897574373127043,-2.205927017332016,0.4815334240502551,0.04,White_constantSy
2024-09-29,273,2024,KHR-1,0.016827630853118763,1.2079564128227673,-0.7872656414947983,0.04,White_constantSy
2024-09-30,274,2024,KHR-1,0.04674886171760534,2.251735089180727,-1.0830135462405934,0.04,White_constantSy
2024-10-01,275,2024,KHR-1,0.05491407432805147,0.8499919349693243,0.5228599232319624,0.04,White_constantSy
2024-10-02,276,2024,KHR-1,0.10346021143409473,2.0084022589008157,0.5781030269515526,0.04,White_constantSy
2024-10-03,277,2024,KHR-1,0.019535768038300035,0.09363590954882284,0.394758291408678,0.04,White_constantSy
2024-10-04,278,2024,KHR-1,-0.023760148975121638,0.5816095769453966,-1.1756133013234376,0.04,White_constantSy
2024-10-05,279,2024,KHR-1,-0.039369454623206936,-1.644242867491073,0.6600065019108996,0.04,White_constantSy
2024-10-06,280,2024,KHR-1,-3.079614213105407,-0.0034269867392708875,-76.9869283408959,0.04,White_constantSy
2025-05-27,147,2025,KHR-1,0.19192030646541874,4.5922468612005005,0.2057608004349678,0.04,White_constantSy
2025-05-28,148,2025,KHR-1,0.1878384420774561,3.74791132420318,0.9480497277332223,0.04,White_constantSy
2025-05-29,149,2025,KHR-1,0.3020622877503965,6.929194270191662,0.6223629235682502,0.04,White_constantSy
2025-05-30,150,2025,KHR-1,0.37223536044453354,8.557330061652358,0.7485539494609803,0.04,White_constantSy
2025-05-31,151,2025,KHR-1,0.41375883819625797,8.381483240652422,1.9624877142540278,0.04,White_constantSy
2025-06-01,152,2025,KHR-1,0.2661076123063573,5.021076489756403,1.6316138179025295,0.04,White_constantSy
2025-06-02,153,2025,KHR-1,0.38948917454089865,9.351933919664646,0.3852954438578209,0.04,White_constantSy
2025-06-03,154,2025,KHR-1,0.4653733917403017,10.599441045468481,1.0348937480390603,0.04,White_constantSy
2025-06-04,155,2025,KHR-1,0.3253363730667262,7.0122615796652354,1.1211477470029187,0.04,White_constantSy
2025-06-05,156,2025,KHR-1,0.4010645896046377,9.367173799534733,0.6594409405812094,0.04,White_constantSy
2025-06-06,157,2025,KHR-1,0.28265469191580195,7.152952135077939,-0.08658483718289034,0.04,White_constantSy
2025-06-07,158,2025,KHR-1,0.38858694203607796,10.037266163801206,-0.3225926128992569,0.04,White_constantSy
2025-06-08,159,2025,KHR-1,0.24493660998516872,7.652503784512319,-1.5290885348831011,0.04,White_constantSy
2025-06-09,160,2025,KHR-1,0.29979785126740527,6.76479155474712,0.7301547269380109,0.04,White_constantSy
2025-06-10,161,2025,KHR-1,0.39530496668609916,7.509600145240512,2.3730240219119665,0.04,White_constantSy
2025-06-11,162,2025,KHR-1,0.3917093947729157,8.032774378464637,1.759960490858255,0.04,White_constantSy
2025-06-12,163,2025,KHR-1,0.36283728038048396,7.2590168385204805,1.8119151709916181,0.04,White_constantSy
2025-06-13,164,2025,KHR-1,0.26009118387669616,4.984746883187441,1.5175327137299632,0.04,White_constantSy
2025-06-14,165,2025,KHR-1,0.31929996411193573,7.746918439808368,0.23558066299002434,0.04,White_constantSy
2025-06-15,166,2025,KHR-1,0.3493239980400065,7.2714714221877585,1.4616285288124047,0.04,White_constantSy
2025-06-16,167,2025,KHR-1,0.33495236374081827,7.6175638714843785,0.7562452220360782,0.04,White_constantSy
2025-06-17,168,2025,KHR-1,0.2955716006591939,6.157076714302079,1.2322133021777688,0.04,White_constantSy
2025-06-18,169,2025,KHR-1,0.4745988863887905,9.623065613571669,2.241906546148094,0.04,White_constantSy
2025-06-19,170,2025,KHR-1,0.4983552608854251,9.366517229156912,3.092364292978715,0.04,White_constantSy
2025-06-20,171,2025,KHR-1,0.33616742653585735,7.770500477160482,0.6336851862359509,0.04,White_constantSy
2025-06-21,172,2025,KHR-1,0.1559106946024471,8.500188978750245,-4.602421613689067,0.04,White_constantSy
2025-06-22,173,2025,KHR-1,0.07987395775741561,5.378537567103734,-3.381688623168344,0.04,White_constantSy
2025-06-23,174,2025,KHR-1,0.26992283209407647,4.203293943098927,2.544776859252984,0.04,White_constantSy
2025-06-24,175,2025,KHR-1,0.4084607634517062,6.593759705019053,3.6177593812736006,0.04,White_constantSy
2025-06-25,176,2025,KHR-1,0.5518601796690845,10.450224840432654,3.3462796512944593,0.04,White_constantSy
2025-06-26,177,2025,KHR-1,0.6143988370591998,13.080363986759068,2.279606939720928,0.04,White_constantSy
2025-06-27,178,2025,KHR-1,0.4960260015758973,11.702450119471976,0.6981999199254574,0.04,White_constantSy
2025-06-28,179,2025,KHR-1,0.35985873862610024,7.769610251443339,1.226858214209166,0.04,White_constantSy
2025-06-29,180,2025,KHR-1,0.38679061834888445,8.634458273222421,1.0353071854996898,0.04,White_constantSy
2025-06-30,181,2025,KHR-1,0.32147268709716487,6.454940426309051,1.5818767511200704,0.04,White_constantSy
2025-07-01,182,2025,KHR-1,0.34085091314058646,8.170831280819655,0.3504415476950058,0.04,White_constantSy
2025-07-02,183,2025,KHR-1,0.2541336012865102,4.520123214183116,1.8332168179796398,0.04,White_constantSy
2025-07-03,184,2025,KHR-1,0.2952945765754808,6.289088226446225,1.0932761879407948,0.04,White_constantSy
2025-07-04,185,2025,KHR-1,0.22054153258191178,5.227151286953102,0.28638702759469226,0.04,White_constantSy
2025-07-05,186,2025,KHR-1,0.23661134516481752,4.959461314618352,0.9558223145020861,0.04,White_constantSy
2025-07-06,187,2025,KHR-1,0.35156008863005894,6.986778953606887,1.8022232621445866,0.04,White_constantSy
2025-07-07,188,2025,KHR-1,0.2585930138713053,5.15542354623868,1.3094018005439523,0.04,White_constantSy
2025-07-08,189,2025,KHR-1,0.36497699600818834,8.598185430379957,0.5262394698247519,0.04,White_constantSy
2025-07-09,190,2025,KHR-1,0.20109644026751283,4.002499861945807,1.0249111447420134,0.04,White_constantSy
2025-07-10,191,2025,KHR-1,0.1894878561562976,2.585577683136009,2.151618720771431,0.04,White_constantSy
2025-07-11,192,2025,KHR-1,0.2366316529161665,4.694107133200021,1.221684189704142,0.04,White_constantSy
2025-07-12,193,2025,KHR-1,0.10063965456291868,0.8407745273704137,1.6752168367025533,0.04,White_constantSy
2025-07-13,194,2025,KHR-1,0.24093967943376526,4.5560404120188025,1.467451573825329,0.04,White_constantSy
2025-07-14,195,2025,KHR-1,0.36896985611915056,7.492735309455512,1.7315110935232525,0.04,White_constantSy
2025-07-15,196,2025,KHR-1,0.16215448968435625,2.0603371107480655,1.9935251313608404,0.04,White_constantSy
2025-07-16,197,2025,KHR-1,0.13775364157586978,2.082094757307118,1.3617462820896264,0.04,White_constantSy
2025-07-17,198,2025,KHR-1,0.12535872303319592,0.9033959379980843,2.230572137831814,0.04,White_constantSy
2025-07-18,199,2025,KHR-1,0.13132962801250017,2.1075399817508185,1.1757007185616857,0.04,White_constantSy
2025-07-19,200,2025,KHR-1,0.23422914362444658,4.156667880226905,1.6990607103842592,0.04,White_constantSy
2025-07-20,201,2025,KHR-1,0.1495960722619003,1.9430269542588974,1.7968748522886102,0.04,White_constantSy
2025-07-21,202,2025,KHR-1,0.28952023770744406,5.414412702062464,1.8235932406236373,0.04,White_constantSy
2025-07-22,203,2025,KHR-1,0.13921055079972974,2.567872727601241,0.9123910423920023,0.04,White_constantSy
2025-07-23,204,2025,KHR-1,0.118260794494729,1.4744827331699923,1.4820371291982326,0.04,White_constantSy
2025-07-24,205,2025,KHR-1,0.24062757832855652,5.132959065272047,0.8827303929418662,0.04,White_constantSy
2025-07-25,206,2025,KHR-1,0.28090236286288245,6.318297814956253,0.7042612566158084,0.04,White_constantSy
2025-07-26,207,2025,KHR-1,0.22544830406524569,5.075999305169887,0.5602082964612549,0.04,White_constantSy
2025-07-27,208,2025,KHR-1,0.08586108866491145,1.022562189164546,1.1239650274582402,0.04,White_constantSy
2025-07-28,209,2025,KHR-1,0.05838013289890398,0.09840354536976292,1.3610997771028366,0.04,White_constantSy
2025-07-29,210,2025,KHR-1,0.03477504225528207,-0.4300722956099605,1.2994483519920124,0.04,White_constantSy
2025-07-30,211,2025,KHR-1,0.07737170200323362,-0.25094236947822424,2.185234919559065,0.04,White_constantSy
2025-07-31,212,2025,KHR-1,0.05488640249225057,-0.24170518576269728,1.6138652480689615,0.04,White_constantSy
2025-08-01,213,2025,KHR-1,0.026751651248062558,-0.8587987604812497,1.5275900416828136,0.04,White_constantSy
2025-08-02,214,2025,KHR-1,-0.08147305254352886,-1.791524079680329,-0.24530223390789274,0.04,White_constantSy
2025-08-03,215,2025,KHR-1,0.08222836622816772,1.3644675830932727,0.6912415726109202,0.04,White_constantSy
2025-08-04,216,2025,KHR-1,-0.08126714229943616,-2.3472705384388632,0.31559198095295926,0.04,White_constantSy
2025-08-05,217,2025,KHR-1,-0.04815994329858825,-0.3707420461030324,-0.8332565363616737,0.04,White_constantSy
2025-08-06,218,2025,KHR-1,-0.036859373112556,-0.735711484736612,-0.18577284307728803,0.04,White_constantSy
2025-08-07,219,2025,KHR-1,0.04293355846827694,0.35563118973303176,0.7177077719738918,0.04,White_constantSy
2025-08-08,220,2025,KHR-1,0.08586087646849024,2.2098319160371602,-0.06331000432490441,0.04,White_constantSy
2025-08-09,221,2025,KHR-1,0.03541223936214863,1.250722635639704,-0.36541665158598846,0.04,White_constantSy
2025-08-10,222,2025,KHR-1,-0.098392292944489,-2.3822692809446266,-0.077538042667598,0.04,White_constantSy
2025-08-11,223,2025,KHR-1,0.14992851313392463,3.4024731128726557,0.34573971547546023,0.04,White_constantSy
2025-08-12,224,2025,KHR-1,-0.011994502995709127,-0.4484425434234254,0.14857996853069722,0.04,White_constantSy
2025-08-13,225,2025,KHR-1,-0.04901942812180266,-1.1626685816352733,-0.06281712140979323,0.04,White_constantSy
2025-08-14,226,2025,KHR-1,-0.045387872554770184,-1.9029237227489375,0.7682269088796829,0.04,White_constantSy
2025-08-15,227,2025,KHR-1,-0.02329376441410659,-0.5506378842341064,-0.031706226118558334,0.04,White_constantSy
2025-08-16,228,2025,KHR-1,0.11950718451983335,3.2098160041648782,-0.2221363911690446,0.04,White_constantSy
2025-08-17,229,2025,KHR-1,-0.008881961375951165,-0.7866973213739357,0.5646482869751566,0.04,White_constantSy
2025-08-18,230,2025,KHR-1,-0.013417343922327518,0.7992877605452975,-1.1347213586034854,0.04,White_constantSy
2025-08-19,231,2025,KHR-1,-0.09767369184501036,-1.9702473695012657,-0.47159492662399316,0.04,White_constantSy
2025-08-20,232,2025,KHR-1,-0.027248491149659344,-0.5528248287476742,-0.12838744999380935,0.04,White_constantSy
2025-08-21,233,2025,KHR-1,-0.009093866397879537,-0.8061396990499645,0.5787930391029761,0.04,White_constantSy
2025-08-22,234,2025,KHR-1,0.043879388080835614,0.7905290049662597,0.3064556970546306,0.04,White_constantSy
2025-08-23,235,2025,KHR-1,0.05761305846017592,2.2355760077050775,-0.7952495462006794,0.04,White_constantSy
2025-08-24,236,2025,KHR-1,0.0,-3.943492223408157,0.733526586811962,0.04,White_constantSy
2025-08-25,237,2025,KHR-1,0.0,-1.1505129905609408,0.1642251371260386,0.04,White_constantSy
2025-08-26,238,2025,KHR-1,0.0,1.1191200060151232,-0.4870232755839936,0.04,White_constantSy
2025-08-27,239,2025,KHR-1,0.0,-2.1727965362234443,-0.35706701630468274,0.04,White_constantSy
2025-08-28,240,2025,KHR-1,0.0,-1.6729515389941128,0.54570780158177,0.04,White_constantSy
2025-08-29,241,2025,KHR-1,-0.012852338991176566,-0.04187916246544887,-0.2794293123139653,0.04,White_constantSy
2025-08-30,242,2025,KHR-1,0.06384935269134247,1.3027564952182047,0.2934773220653568,0.04,White_constantSy
2025-08-31,243,2025,KHR-1,0.05954153398473977,1.5865029198880904,-0.09796457026959615,0.04,White_constantSy
2025-09-01,244,2025,KHR-1,0.023411905999724356,0.4255380933587958,0.15975955663431307,0.04,White_constantSy
2025-09-02,245,2025,KHR-1,0.0,1.6132258801966373,0.01492489940827113,0.04,White_constantSy
2025-09-03,246,2025,KHR-1,0.0,2.7204333562795853,-0.17206841912782522,0.04,White_constantSy
2025-09-04,247,2025,KHR-1,0.0,0.40423599474266325,0.9235709617371128,0.04,White_constantSy
2025-09-05,248,2025,KHR-1,0.0,-0.7754130467735934,-0.18487400911020302,0.04,White_constantSy
2025-09-06,249,2025,KHR-1,-0.06308912309000504,-0.9503486413564985,-0.6268794358936276,0.04,White_constantSy
2025-09-07,250,2025,KHR-1,-0.0624385079637193,-1.4099380443028053,-0.15102465479017724,0.04,White_constantSy
2025-09-08,251,2025,KHR-1,-0.03244054077201497,-1.7698348292995547,0.9588213099991805,0.04,White_constantSy
2025-09-09,252,2025,KHR-1,0.02533505873451418,-0.40090241334573307,1.0342788817085875,0.04,White_constantSy
2025-09-10,253,2025,KHR-1,0.11109682858458257,3.169906127762715,-0.392485413148151,0.04,White_constantSy
2025-09-11,254,2025,KHR-1,0.017832343641849206,1.295752208005041,-0.8499436169588108,0.04,White_constantSy
2025-09-12,255,2025,KHR-1,0.025866616484001383,0.7510860898765088,-0.10442067777647424,0.04,White_constantSy
2025-09-13,256,2025,KHR-1,0.01904000280143805,0.3785313355233484,0.09746873451260285,0.04,White_constantSy
2025-09-14,257,2025,KHR-1,-0.0595636157413793,-1.882469340005514,0.39337894647103155,0.04,White_constantSy
2025-09-15,258,2025,KHR-1,0.07096671322103588,2.8419809670558607,-1.0678131365299635,0.04,White_constantSy
2025-09-16,259,2025,KHR-1,-0.09116451764710064,-1.7311416989251427,-0.5479712422523733,0.04,White_constantSy
2025-09-17,260,2025,KHR-1,-0.06429742081671236,-2.4316429283945524,0.8242074079767434,0.04,White_constantSy
2025-09-18,261,2025,KHR-1,-0.0320411575083341,-1.8777563873778433,1.076727449669491,0.04,White_constantSy
2025-09-19,262,2025,KHR-1,-0.07826421677224175,-1.4411109747744604,-0.5154944445315834,0.04,White_constantSy
2025-09-20,263,2025,KHR-1,-0.013319541462237794,0.4034410117043308,-0.7364295482602756,0.04,White_constantSy
2025-09-21,264,2025,KHR-1,-0.09269167680392798,-2.617655153965927,0.3003632338677278,0.04,White_constantSy
2025-09-22,265,2025,KHR-1,0.009002457575815016,0.012319326686366594,0.21274211270900878,0.04,White_constantSy
2025-09-23,266,2025,KHR-1,0.13013066588708,3.8241725819908368,-0.5709059348138368,0.04,White_constantSy
2025-09-24,267,2025,KHR-1,0.07368653764437795,2.264907702541308,-0.42274426143185906,0.04,White_constantSy
2025-09-25,268,2025,KHR-1,-0.18016590447997657,-5.968245054523493,1.4640974425240785,0.04,White_constantSy
2025-09-26,269,2025,KHR-1,0.1539527456350959,4.513060100128996,-0.664241459251599,0.04,White_constantSy
2025-09-27,270,2025,KHR-1,-0.12155424549039254,-3.531139869268742,0.4922837320089286,0.04,White_constantSy
2025-09-28,271,2025,KHR-1,-0.12033478736140638,-2.987046230811387,-0.02132345322377205,0.04,White_constantSy
2025-09-29,272,2025,KHR-1,-0.060980356470693095,-2.491970984780778,0.9674620730134507,0.04,White_constantSy
2025-09-30,273,2025,KHR-1,-0.02543222573385549,0.23807653728775335,-0.8738821806341406,0.04,White_constantSy
2025-10-01,274,2025,KHR-1,-0.03313734011438498,-0.8695120100039162,0.04107850714429162,0.04,White_constantSy
2025-10-02,275,2025,KHR-1,0.0,-3.111376413867049,0.12353631363080808,0.04,White_constantSy
2025-10-03,276,2025,KHR-1,0.0,-2.1840374029078475,0.0545496468269846,0.04,White_constantSy
2025-10-04,277,2025,KHR-1,0.0,-1.1304665495694053,0.4633246779697373,0.04,White_constantSy
2025-10-05,278,2025,KHR-1,0.0,1.417643277903835,-0.6321303766732598,0.04,White_constantSy
2025-10-06,279,2025,KHR-1,-0.14270309124024094,-3.2692837295978734,-0.2982935514081504,0.04,White_constantSy
2025-10-07,280,2025,KHR-1,-0.012830509636351054,-0.34635354971786114,0.02559080880908482,0.04,White_constantSy
2025-10-08,281,2025,KHR-1,-0.02050615882669092,-1.983485327488836,1.470831356821563,0.04,White_constantSy
2025-10-09,282,2025,KHR-1,-0.022880269784224083,-0.4476702534155663,-0.12433649119003576,0.04,White_constantSy
2025-10-10,283,2025,KHR-1,0.04650026225793056,1.2997789015809929,-0.1372723451327289,0.04,White_constantSy
2025-10-11,284,2025,KHR-1,-0.1498499138907772,-3.270593921290697,-0.4756539259787331,0.04,White_constantSy
2025-10-12,285,2025,KHR-1,0.1520306772970383,2.0628980340092937,1.7378688984166644,0.04,White_constantSy
2025-10-13,286,2025,KHR-1,-0.11630011205664686,-3.7300864655441615,0.8225836641279898,0.04,White_constantSy
2025-10-14,287,2025,KHR-1,0.0,2.2844025861600983,-1.472644256690515,0.04,White_constantSy
2025-10-15,288,2025,KHR-1,0.0,0.5667842991976499,-1.8328238061173039,0.04,White_constantSy
2025-10-16,289,2025,KHR-1,0.0,-3.1733037303652623,-0.18649045040426415,0.04,White_constantSy
2025-10-17,290,2025,KHR-1,0.0,-1.5819020814344924,0.18729827488856188,0.04,White_constantSy
2025-10-18,291,2025,KHR-1,-0.004325488382709182,0.21203931002710874,-0.3201765195948383,0.04,White_constantSy
2025-10-19,292,2025,KHR-1,-0.06675803301065343,-1.539924527646349,-0.12902629761998696,0.04,White_constantSy
2025-10-20,293,2025,KHR-1,0.028330407552452926,1.783059327233616,-1.0747991384222928,0.04,White_constantSy
2025-10-21,294,2025,KHR-1,-0.10552790447311906,-3.8605082728533375,1.222310661025361,0.04,White_constantSy
2025-10-22,295,2025,KHR-1,0.03406786177906497,1.0348932001235767,-0.18319665564695242,0.04,White_constantSy
2025-10-23,296,2025,KHR-1,0.07467428989065411,1.8626038973921197,0.004253349874232981,0.04,White_constantSy
2025-10-24,297,2025,KHR-1,-0.02362113744395856,-0.2220067267783179,-0.3685217093206461,0.04,White_constantSy
2025-10-25,298,2025,KHR-1,0.09999511527872358,2.919239920317551,-0.41936203834946184,0.04,White_constantSy
2025-10-26,299,2025,KHR-1,-0.06833545388909955,-0.7185026113330366,-0.9898837358944519,0.04,White_constantSy
2025-10-27,300,2025,KHR-1,0.1101911849842736,5.680433356626224,-2.9256537320193843,0.04,White_constantSy
2025-10-28,301,2025,KHR-1,-0.08191336716694593,0.49582692607583567,-2.543661105249484,0.04,White_constantSy
2025-10-29,302,2025,KHR-1,-0.0748413749972326,0.179015548853954,-2.050049923784769,0.04,White_constantSy
2025-10-30,303,2025,KHR-1,-0.008468694222904105,0.822318514852725,-1.0340358704253276,0.04,White_constantSy
2024-06-03,155,2024,KHT-1,0.23443285469464437,6.860290903428957,-0.9994695360628487,0.04,White_constantSy
2024-06-04,156,2024,KHT-1,0.26966254599055617,4.506433104429064,2.2351305453348402,0.04,White_constantSy
2024-06-05,157,2024,KHT-1,0.22810117671116983,3.4774664016793864,2.2250630160998597,0.04,White_constantSy
2024-06-06,158,2024,KHT-1,0.3332060609958689,5.891572846622463,2.4385786782742596,0.04,White_constantSy
2024-06-07,159,2024,KHT-1,0.4618847715616915,8.356959826842898,3.19015946219939,0.04,White_constantSy
2024-06-08,160,2024,KHT-1,0.3857672431480305,9.335371270973162,0.3088098077276001,0.04,White_constantSy
2024-06-09,161,2024,KHT-1,0.4595585370919429,9.05034209262288,2.43862133467569,0.04,White_constantSy
2024-06-10,162,2024,KHT-1,0.45715992514844644,10.842078763570502,0.5869193651406599,0.04,White_constantSy
2024-06-11,163,2024,KHT-1,0.44619841005219085,8.91813167909598,2.2368285722087906,0.04,White_constantSy
2024-06-12,164,2024,KHT-1,0.2849263772956965,5.017239190883042,2.10592024150937,0.04,White_constantSy
2024-06-13,165,2024,KHT-1,0.21116389063028818,4.165848125755984,1.11324914000122,0.04,White_constantSy
2024-06-14,166,2024,KHT-1,0.18495172589548717,2.22849595521949,2.395297192167689,0.04,White_constantSy
2024-06-15,167,2024,KHT-1,0.32473251280425347,7.273047631007756,0.8452651890985798,0.04,White_constantSy
2024-06-16,168,2024,KHT-1,0.26369449993212934,4.155276649566652,2.437085848736581,0.04,White_constantSy
2024-06-17,169,2024,KHT-1,0.10651880352277474,3.1567181537784705,-0.49374806570910224,0.04,White_constantSy
2024-06-18,170,2024,KHT-1,0.19535785519798288,4.557353423086131,0.3265929568634416,0.04,White_constantSy
2024-06-19,171,2024,KHT-1,0.2972737394672013,5.629323127049101,1.8025203596309307,0.04,White_constantSy
2024-06-20,172,2024,KHT-1,0.5286757154252223,11.455282879581919,1.7616100060486382,0.04,White_constantSy
2024-06-21,173,2024,KHT-1,0.5551723151853589,11.957180645847721,1.9221272337862523,0.04,White_constantSy
2024-06-22,174,2024,KHT-1,0.4842844290143471,10.127272739459478,1.9798379858991986,0.04,White_constantSy
2024-06-23,175,2024,KHT-1,0.15522140406844287,0.9026599307866192,2.9778751709244524,0.04,White_constantSy
2024-06-24,176,2024,KHT-1,0.19581618096117637,2.605116678032779,2.2902878459966303,0.04,White_constantSy
2024-06-25,177,2024,KHT-1,0.10937641569933902,1.5754003062629067,1.1590100862205688,0.04,White_constantSy
2024-06-26,178,2024,KHT-1,0.10055387003558963,0.2988688805984907,2.21497787029125,0.04,White_constantSy
2024-06-27,179,2024,KHT-1,0.20043679653618113,3.7297424599159967,1.2811774534885316,0.04,White_constantSy
2024-06-28,180,2024,KHT-1,0.03677237188560582,-0.9987660955132611,1.9180753926534067,0.04,White_constantSy
2024-06-29,181,2024,KHT-1,0.23296106544124626,5.413234412301236,0.41079222372992064,0.04,White_constantSy
2024-06-30,182,2024,KHT-1,0.3842182375880782,9.639114898896352,-0.03365895919439765,0.04,White_constantSy
2024-07-01,183,2024,KHT-1,0.1092569844854836,0.8206802422737525,1.9107443698633375,0.04,White_constantSy
2024-07-02,184,2024,KHT-1,0.29318085464984905,6.1137767315369445,1.2157446347092815,0.04,White_constantSy
2024-07-03,185,2024,KHT-1,0.177662019365236,3.4482033822403224,0.9933471018905777,0.04,White_constantSy
2024-07-04,186,2024,KHT-1,0.30684587423094284,6.584333849723791,1.0868130060497805,0.04,White_constantSy
2024-07-05,187,2024,KHT-1,0.3936313344989543,7.835707280463524,2.0050760820103335,0.04,White_constantSy
2024-07-06,188,2024,KHT-1,0.34346188771953623,6.47790467864877,2.1086425143396355,0.04,White_constantSy
2024-07-07,189,2024,KHT-1,0.36254804350044484,7.934683577162318,1.1290175103488025,0.04,White_constantSy
2024-07-08,190,2024,KHT-1,0.36542759754276205,7.305342768092871,1.8303471704761805,0.04,White_constantSy
2024-07-09,191,2024,KHT-1,0.27840281288700025,6.48218567307697,0.4778846490980371,0.04,White_constantSy
2024-07-10,192,2024,KHT-1,0.34877760543640907,7.741411652489873,0.9780284834203528,0.04,White_constantSy
2024-07-11,193,2024,KHT-1,0.21549795595687188,4.532997907073664,0.8544509918481324,0.04,White_constantSy
2024-07-12,194,2024,KHT-1,0.18369349185603084,4.94835209077462,-0.35601479437384853,0.04,White_constantSy
2024-07-15,197,2024,KHT-1,0.0672494087502767,1.557792269126736,0.12344294963018143,0.04,White_constantSy
2024-07-16,198,2024,KHT-1,0.22263683719274524,3.2305555255845775,2.3353654042340537,0.04,White_constantSy
2024-07-17,199,2024,KHT-1,0.3787261867990921,9.131185335371583,0.336969334605719,0.04,White_constantSy
2024-07-18,200,2024,KHT-1,0.28111447798981004,6.1744146935250654,0.8534472562201856,0.04,White_constantSy
2024-07-19,201,2024,KHT-1,0.2666799715854111,5.712756071994463,0.9542432176408155,0.04,White_constantSy
2024-07-20,202,2024,KHT-1,0.3050680006719162,6.456763280147015,1.1699367366508895,0.04,White_constantSy
2024-07-21,203,2024,KHT-1,0.3233308232817578,7.076414635553618,1.006855946490326,0.04,White_constantSy
2024-07-22,204,2024,KHT-1,0.4444441381335835,10.37685207287602,0.7342513804635686,0.04,White_constantSy
2024-07-23,205,2024,KHT-1,0.30013305427133474,7.734831264009401,-0.23150490722603223,0.04,White_constantSy
2024-07-24,206,2024,KHT-1,0.3067347501920139,7.15958395763252,0.5087847971678272,0.04,White_constantSy
2024-07-25,207,2024,KHT-1,0.32304250659157674,7.043729474561999,1.032333190227419,0.04,White_constantSy
2024-07-26,208,2024,KHT-1,0.3366357743355124,6.886520330934687,1.5293740274531231,0.04,White_constantSy
2024-07-27,209,2024,KHT-1,0.3108957360293445,8.075377593605992,-0.30298419287237977,0.04,White_constantSy
2024-07-28,210,2024,KHT-1,0.36082024571604165,8.670066973322932,0.3504391695781095,0.04,White_constantSy
2024-07-29,211,2024,KHT-1,0.32579765921084913,7.986796753275982,0.1581447269952463,0.04,White_constantSy
2024-07-30,212,2024,KHT-1,0.3927059437273641,9.125550644710856,0.692097948473247,0.04,White_constantSy
2024-07-31,213,2024,KHT-1,0.5346243856699076,12.968055758644326,0.39755388310336315,0.04,White_constantSy
2024-08-01,214,2024,KHT-1,0.47861492619097845,12.183512989405898,-0.2181398346314367,0.04,White_constantSy
2024-08-02,215,2024,KHT-1,0.5692280947269595,14.069491330642947,0.16121103753103938,0.04,White_constantSy
2024-08-03,216,2024,KHT-1,0.15786756266913926,9.314416697516492,-5.367727630788011,0.04,White_constantSy
2024-08-04,217,2024,KHT-1,0.19554135453497423,2.0125075571268525,2.8760263062475033,0.04,White_constantSy
2024-08-05,218,2024,KHT-1,0.45048615930885916,10.157080353910786,1.1050736288106933,0.04,White_constantSy
2024-08-06,219,2024,KHT-1,0.43251395953696914,10.225003375021302,0.5878456134029264,0.04,White_constantSy
2024-08-07,220,2024,KHT-1,0.515435211766949,11.90357006066165,0.9823102335120737,0.04,White_constantSy
2024-08-08,221,2024,KHT-1,0.4799661289081101,11.29793675176316,0.7012164709395918,0.04,White_constantSy
2024-08-09,222,2024,KHT-1,0.5563133710405737,13.274325461760839,0.6335088142535028,0.04,White_constantSy
2024-08-10,223,2024,KHT-1,0.5457936987625942,13.583665323363192,0.061177145701662994,0.04,White_constantSy
2024-08-11,224,2024,KHT-1,0.45649436801991783,10.3947388104487,1.0176203900492453,0.04,White_constantSy
2024-08-12,225,2024,KHT-1,0.5424811477355505,13.151957319037066,0.41007137435169483,0.04,White_constantSy
2024-08-13,226,2024,KHT-1,0.6371260636121008,16.28249594176907,-0.3543443514665512,0.04,White_constantSy
2024-08-14,227,2024,KHT-1,0.5852867636275931,14.758011069835675,-0.1258419791458465,0.04,White_constantSy
2024-08-15,228,2024,KHT-1,0.43947750325951773,10.574177072220081,0.4127605092678621,0.04,White_constantSy
2024-08-16,229,2024,KHT-1,0.48410416095185127,11.075523824473876,1.0270801993224055,0.04,White_constantSy
2024-08-17,230,2024,KHT-1,0.5541789019238408,13.794185333294351,0.060287214801668654,0.04,White_constantSy
2024-08-18,231,2024,KHT-1,0.6238978184384223,15.325086963236956,0.27235849772360154,0.04,White_constantSy
2024-08-19,232,2024,KHT-1,0.5888204583645305,15.050145984448804,-0.3296345253355426,0.04,White_constantSy
2024-08-20,233,2024,KHT-1,0.7203016931752799,17.563832275843794,0.44371005353820436,0.04,White_constantSy
2024-08-21,234,2024,KHT-1,0.5933311412893048,14.81390620627181,0.019372325960809178,0.04,White_constantSy
2024-08-22,235,2024,KHT-1,0.5698118561926439,12.487815517566148,1.7574808872499474,0.04,White_constantSy
2024-08-23,236,2024,KHT-1,0.5233554253663556,15.751956400912846,-2.6680707667539565,0.04,White_constantSy
2024-08-24,237,2024,KHT-1,0.16966315099428897,12.68447853316772,-8.442899758310496,0.04,White_constantSy
2024-08-25,238,2024,KHT-1,0.07320971862495895,2.226298105802371,-0.3960551401783974,0.04,White_constantSy
2024-08-26,239,2024,KHT-1,0.22283688405867963,5.149049176773346,0.4218729246936448,0.04,White_constantSy
2024-08-27,240,2024,KHT-1,0.34533367219275135,7.949934287526261,0.6834075172925225,0.04,White_constantSy
2024-08-28,241,2024,KHT-1,0.3097589643826595,7.138028865986001,0.6059452435804857,0.04,White_constantSy
2024-08-29,242,2024,KHT-1,0.41607858808994536,10.105622557174598,0.29634214507403556,0.04,White_constantSy
2024-08-30,243,2024,KHT-1,0.39133869169548063,9.571662117151192,0.2118051752358241,0.04,White_constantSy
2024-08-31,244,2024,KHT-1,0.39337653438779796,9.211298385631395,0.6231149740635544,0.04,White_constantSy
2024-09-01,245,2024,KHT-1,0.3646453329733177,7.566012981374115,1.5501203429588273,0.04,White_constantSy
2024-09-02,246,2024,KHT-1,0.4892867029327874,11.93459248937181,0.29757508394787635,0.04,White_constantSy
2024-09-03,247,2024,KHT-1,0.42033281673597145,10.794660373068865,-0.28633995466957884,0.04,White_constantSy
2024-09-04,248,2024,KHT-1,0.4034844242958471,9.836752402166127,0.25035820523005015,0.04,White_constantSy
2024-09-05,249,2024,KHT-1,0.5018697091492896,12.284008934938129,0.2627337937941121,0.04,White_constantSy
2024-09-06,250,2024,KHT-1,0.4391509929059154,9.920062013912911,1.058712808734974,0.04,White_constantSy
2024-09-07,251,2024,KHT-1,0.5335131450310016,11.911814667943332,1.4260139578317066,0.04,White_constantSy
2024-09-08,252,2024,KHT-1,0.5955055688568578,15.133292901518658,-0.2456536800972131,0.04,White_constantSy
2024-09-09,253,2024,KHT-1,0.553422888812932,13.690417165867075,0.14515505445622523,0.04,White_constantSy
2024-09-10,254,2024,KHT-1,0.5655136661696076,12.85213091730526,1.2857107369349308,0.04,White_constantSy
2024-09-11,255,2024,KHT-1,0.4526094900226667,12.251302527670305,-0.9360652771036371,0.04,White_constantSy
2024-09-12,256,2024,KHT-1,0.3007987086396966,8.060903879557912,-0.5409361635654975,0.04,White_constantSy
2024-09-13,257,2024,KHT-1,0.3811153412589974,9.704613668086637,-0.17673013661170245,0.04,White_constantSy
2024-09-14,258,2024,KHT-1,0.46524815162640465,10.9222714390242,0.7089323516359158,0.04,White_constantSy
2024-09-15,259,2024,KHT-1,0.49569891890328677,12.330914870163667,0.0615581024185019,0.04,White_constantSy
2024-09-16,260,2024,KHT-1,0.21517775518889692,8.586675542347422,-3.2072316626249986,0.04,White_constantSy
2024-09-17,261,2024,KHT-1,0.16437153684868377,6.691695262499309,-2.5824068412822143,0.04,White_constantSy
2024-09-18,262,2024,KHT-1,0.06886378442303709,3.1614234496220917,-1.4398288390461644,0.04,White_constantSy
2024-09-19,263,2024,KHT-1,-0.006757735489166805,0.1904568732900458,-0.3594002605192159,0.04,White_constantSy
2024-09-20,264,2024,KHT-1,0.07231722908328209,1.3982354788218743,0.4096952482601779,0.04,White_constantSy
2024-09-21,265,2024,KHT-1,0.20380437525935946,5.257052991767708,-0.16194361028372128,0.04,White_constantSy
2024-09-22,266,2024,KHT-1,0.14136591398555964,4.037347587513906,-0.5031997378749153,0.04,White_constantSy
2024-09-23,267,2024,KHT-1,0.1577987104485743,3.910322185556936,0.034645575657421546,0.04,White_constantSy
2024-09-24,268,2024,KHT-1,0.21341852789473847,4.567775246554362,0.7676879508140999,0.04,White_constantSy
2024-09-25,269,2024,KHT-1,0.29455268321002137,7.735313912074915,-0.37149683182438054,0.04,White_constantSy
2024-09-26,270,2024,KHT-1,0.05734469650153784,1.6153648493531847,-0.1817474368147387,0.04,White_constantSy
2024-09-27,271,2024,KHT-1,0.19066897462295174,4.421861725916543,0.3448626396572507,0.04,White_constantSy
2024-09-28,272,2024,KHT-1,0.1863143685499864,4.148023934742184,0.5098352790074756,0.04,White_constantSy
2024-09-29,273,2024,KHT-1,0.27401562854551287,7.5601886979079325,-0.7097979842701108,0.04,White_constantSy
2024-09-30,274,2024,KHT-1,0.32849244003512723,9.259907420940294,-1.0475964200621135,0.04,White_constantSy
2024-10-01,275,2024,KHT-1,0.2850369759776967,6.956416537055787,0.16950786238663085,0.04,White_constantSy
2024-10-02,276,2024,KHT-1,0.30119369505959526,7.034424554904817,0.49541782158506464,0.04,White_constantSy
2024-10-03,277,2024,KHT-1,0.23225435623476187,6.142669040820081,-0.33631013495103446,0.04,White_constantSy
2024-10-04,278,2024,KHT-1,0.19903751069935538,5.657102264705927,-0.6811644972220421,0.04,White_constantSy
2024-10-05,279,2024,KHT-1,0.17048519137585316,4.5805405981109715,-0.3184108137146424,0.04,White_constantSy
2024-10-06,280,2024,KHT-1,0.1669918598425042,4.732873906014845,-0.5580774099522401,0.04,White_constantSy
2024-10-07,281,2024,KHT-1,0.16194450801876314,3.362387635777253,0.6862250646918255,0.04,White_constantSy
2024-10-08,282,2024,KHT-1,0.14408263760908113,3.6813693367363953,-0.07930339650936702,0.04,White_constantSy
2024-10-09,283,2024,KHT-1,0.14124568142396043,4.231099941802441,-0.69995790620343,0.04,White_constantSy
2024-10-10,284,2024,KHT-1,0.17815733788700783,4.655123017877472,-0.20118957070227594,0.04,White_constantSy
2024-10-11,285,2024,KHT-1,0.22010004970081098,6.047083337495351,-0.5445820949750768,0.04,White_constantSy
2024-10-12,286,2024,KHT-1,0.06274565106468089,1.9027361830445955,-0.33409490642757333,0.04,White_constantSy
2024-10-13,287,2024,KHT-1,0.08599636772276398,2.3180707845909865,-0.16816159152188703,0.04,White_constantSy
2024-10-14,288,2024,KHT-1,0.12736312472872413,3.123688431270466,0.060389686947637244,0.04,White_constantSy
2024-10-15,289,2024,KHT-1,0.16309850709442658,4.444388359461769,-0.36692568210110466,0.04,White_constantSy
2024-10-16,290,2024,KHT-1,0.1070184597971604,3.4576691155169925,-0.7822076205879824,0.04,White_constantSy
2024-10-17,291,2024,KHT-1,-0.00013494209390785272,0.4118377674771523,-0.4152113198248486,0.04,White_constantSy
2024-10-18,292,2024,KHT-1,0.12050972199224362,5.169721916739121,-2.1569788669330308,0.04,White_constantSy
2024-10-19,293,2024,KHT-1,-0.029818629344747195,-1.0298922592504738,0.28442652563179394,0.04,White_constantSy
2024-10-20,294,2024,KHT-1,0.1073808540257221,2.6873546684001752,-0.0028333177571226997,0.04,White_constantSy
2024-10-21,295,2024,KHT-1,0.03158617235997241,0.8041285057942105,-0.014474196794900251,0.04,White_constantSy
2024-10-22,296,2024,KHT-1,-0.008645683357592589,0.06669375486971774,-0.28283583880953245,0.04,White_constantSy
2024-10-23,297,2024,KHT-1,-0.0008707281533514788,0.2520365600425123,-0.27380476387629926,0.04,White_constantSy
2024-10-24,298,2024,KHT-1,0.04591417351024944,1.4371955121515327,-0.2893411743952967,0.04,White_constantSy
2024-10-25,299,2024,KHT-1,-0.02191193771866324,0.4240621737292116,-0.9718606166957926,0.04,White_constantSy
2024-10-26,300,2024,KHT-1,-0.03039240547401221,-1.0978086601760566,0.3379985233257514,0.04,White_constantSy
2024-10-27,301,2024,KHT-1,-0.04189190550675903,-1.5643791518545669,0.5170815141855911,0.04,White_constantSy
2024-10-28,302,2024,KHT-1,-0.1375750019504312,-2.713359709510499,-0.7260153392502815,0.04,White_constantSy
2024-10-29,303,2024,KHT-1,-0.15425884935643808,-3.415300495188589,-0.4411707387223629,0.04,White_constantSy
2024-10-30,304,2024,KHT-1,-0.021513228080850412,-0.4160563610892325,-0.12177434093202777,0.04,White_constantSy
2024-10-31,305,2024,KHT-1,-0.051489121559001205,-0.6989902094893807,-0.5882378294856494,0.04,White_constantSy
2024-11-01,306,2024,KHT-1,0.15427997166216273,3.4650813545347603,0.39191793701930777,0.04,White_constantSy
2024-11-02,307,2024,KHT-1,-0.035376338061062995,0.720900507639044,-1.6053089591656189,0.04,White_constantSy
2024-11-03,308,2024,KHT-1,-0.12118637072834702,-2.501757184326479,-0.5279020838821964,0.04,White_constantSy
2024-11-04,309,2024,KHT-1,-0.06235678631018999,-0.4424726220129571,-1.1164470357417926,0.04,White_constantSy
2024-11-05,310,2024,KHT-1,-0.21456682703453253,-5.387774005216215,0.02360332935290188,0.04,White_constantSy
2024-11-06,311,2024,KHT-1,0.08427040920980744,2.526344389613655,-0.41958415936846905,0.04,White_constantSy
2024-11-07,312,2024,KHT-1,0.11456288722052392,3.4766861994171876,-0.6126140189040896,0.04,White_constantSy
2024-11-08,313,2024,KHT-1,0.10516603814015639,3.0512426411121822,-0.42209168760827254,0.04,White_constantSy
2024-11-09,314,2024,KHT-1,-1.687875538538302,0.3147703828766595,-42.51165884633421,0.04,White_constantSy
2025-05-27,147,2025,KHT-1,0.3171926951051976,7.095252477940379,0.83456489968956,0.04,White_constantSy
2025-05-28,148,2025,KHT-1,0.37396620796062635,7.296266148598439,2.05288905041722,0.04,White_constantSy
2025-05-29,149,2025,KHT-1,0.4540492002319612,9.863100863818559,1.48812914198047,0.04,White_constantSy
2025-05-30,150,2025,KHT-1,0.5007446878691768,11.12778830877048,1.39082888795894,0.04,White_constantSy
2025-05-31,151,2025,KHT-1,0.39237913005688174,7.782429621449462,2.0270486299725796,0.04,White_constantSy
2025-06-01,152,2025,KHT-1,0.1117075681594464,1.0122780886014588,1.7804111153847009,0.04,White_constantSy
2025-06-02,153,2025,KHT-1,0.21126670467209216,4.831825357761964,0.4498422590403397,0.04,White_constantSy
2025-06-03,154,2025,KHT-1,0.3094205963624581,6.760691239135863,0.9748236699255894,0.04,White_constantSy
2025-06-04,155,2025,KHT-1,0.19149168624321114,3.6551992327336187,1.1320929233466597,0.04,White_constantSy
2025-06-05,156,2025,KHT-1,0.2666872111417499,5.875843166005257,0.7913371125384909,0.04,White_constantSy
2025-06-06,157,2025,KHT-1,0.16193312733441545,3.783578030719447,0.26475015264093926,0.04,White_constantSy
2025-06-07,158,2025,KHT-1,0.27253093611108975,6.853208443913093,-0.03993504113585011,0.04,White_constantSy
2025-06-08,159,2025,KHT-1,0.18149162680353498,4.879014128651704,-0.34172345856332953,0.04,White_constantSy
2025-06-09,160,2025,KHT-1,0.23047069266427664,4.258337115009425,1.5034302015974905,0.04,White_constantSy
2025-06-10,161,2025,KHT-1,0.32273315988367024,5.582060190401048,2.486268806690708,0.04,White_constantSy
2025-06-11,162,2025,KHT-1,0.3977763959103831,6.636003204835074,3.3084066929245033,0.04,White_constantSy
2025-06-12,163,2025,KHT-1,0.5208328725736581,10.443929293420993,2.5768925209204596,0.04,White_constantSy
2025-06-13,164,2025,KHT-1,0.4309436200688734,7.569680316204597,3.2039101855172376,0.04,White_constantSy
2025-06-14,165,2025,KHT-1,0.2193912786488207,4.093236036507953,1.3915459297125636,0.04,White_constantSy
2025-06-15,166,2025,KHT-1,0.21330504319943402,3.089936181405072,2.242689898580778,0.04,White_constantSy
2025-06-16,167,2025,KHT-1,0.17108410272383737,2.809118467884943,1.467984100210991,0.04,White_constantSy
2025-06-17,168,2025,KHT-1,0.1281941908778063,1.251937432354211,1.9529173395909467,0.04,White_constantSy
2025-06-18,169,2025,KHT-1,0.2805108067866516,4.928955972519589,2.083814197146701,0.04,White_constantSy
2025-06-19,170,2025,KHT-1,0.28277314006624893,3.775896709394331,3.2934317922618916,0.04,White_constantSy
2025-06-20,171,2025,KHT-1,0.03463322994769413,-0.11923424226942814,0.9850649909617815,0.04,White_constantSy
2025-06-21,172,2025,KHT-1,0.04405579360409604,2.730894867171372,-1.6295000270689712,0.04,White_constantSy
2025-06-22,173,2025,KHT-1,0.10837875239609787,3.2340604840797056,-0.5245916741772589,0.04,White_constantSy
2025-06-23,174,2025,KHT-1,0.183206143370725,2.7472890258312788,1.832864558436846,0.04,White_constantSy
2025-06-24,175,2025,KHT-1,0.20700450521757574,4.488727359863631,0.6863852705757623,0.04,White_constantSy
2025-06-25,176,2025,KHT-1,0.16480687617552406,2.16642997793808,1.9537419264500215,0.04,White_constantSy
2025-06-26,177,2025,KHT-1,0.31050443958836355,6.602815390107253,1.1597955996018356,0.04,White_constantSy
2025-06-27,178,2025,KHT-1,0.32563511726705513,7.497821752779643,0.6430561788967353,0.04,White_constantSy
2025-06-28,179,2025,KHT-1,0.23505362484590364,5.063811486751391,0.8125291343962004,0.04,White_constantSy
2025-06-29,180,2025,KHT-1,0.22622153152352809,3.640838916189182,2.0146993718990203,0.04,White_constantSy
2025-06-30,181,2025,KHT-1,0.22922548405990967,5.006159482331896,0.724477619165846,0.04,White_constantSy
2025-07-01,182,2025,KHT-1,0.2722354459061623,6.116186890560726,0.6896992570933307,0.04,White_constantSy
2025-07-02,183,2025,KHT-1,0.2391171781768989,4.556159547979675,1.4217699064427975,0.04,White_constantSy
2025-07-03,184,2025,KHT-1,0.2703312858808218,5.568812569801551,1.1894695772189934,0.04,White_constantSy
2025-07-04,185,2025,KHT-1,0.22246386643305102,6.117729515417338,-0.5561328545910627,0.04,White_constantSy
2025-07-05,186,2025,KHT-1,0.1929798121831257,4.060101088078127,0.7643942165000155,0.04,White_constantSy
2025-07-06,187,2025,KHT-1,0.3046360213386305,5.893735372674058,1.722165160791704,0.04,White_constantSy
2025-07-07,188,2025,KHT-1,0.25185890875009986,5.8803400694670955,0.4161326492854016,0.04,White_constantSy
2025-07-08,189,2025,KHT-1,0.40216277791476956,9.260142951746928,0.7939264961223103,0.04,White_constantSy
2025-07-09,190,2025,KHT-1,0.3482835751981685,8.56810569793116,0.13898368202305278,0.04,White_constantSy
2025-07-10,191,2025,KHT-1,0.3069735138860938,6.468416275589249,1.2059215715630955,0.04,White_constantSy
2025-07-11,192,2025,KHT-1,0.32285114292457706,7.694727975222548,0.37655059789187817,0.04,White_constantSy
2025-07-12,193,2025,KHT-1,0.17399340401127006,3.473913498595138,0.8759216016866134,0.04,White_constantSy
2025-07-13,194,2025,KHT-1,0.35070716271830804,8.440874311637359,0.32680475632034245,0.04,White_constantSy
2025-07-14,195,2025,KHT-1,0.45356796603506666,10.716327197247821,0.6228719536288452,0.04,White_constantSy
2025-07-15,196,2025,KHT-1,0.2822952109212906,6.076281887107626,0.9810983859246392,0.04,White_constantSy
2025-07-16,197,2025,KHT-1,0.3486737713957311,8.26232335415149,0.45452093074178634,0.04,White_constantSy
2025-07-17,198,2025,KHT-1,0.3244403232244366,7.911314835136096,0.19969324547481904,0.04,White_constantSy
2025-07-18,199,2025,KHT-1,0.3884576043105241,9.615364268272586,0.09607583949051701,0.04,White_constantSy
2025-07-19,200,2025,KHT-1,0.5385194204322516,12.600203980048263,0.8627815307580278,0.04,White_constantSy
2025-07-20,201,2025,KHT-1,0.4881969860116513,11.668756323297558,0.5361683269937245,0.04,White_constantSy
2025-07-21,202,2025,KHT-1,0.5901867751946739,13.784751511222026,0.9699178686448207,0.04,White_constantSy
2025-07-22,203,2025,KHT-1,0.4325909512880841,11.679625806684513,-0.8648520244824098,0.04,White_constantSy
2025-07-23,204,2025,KHT-1,0.4306492219710023,10.597499052554227,0.16873149672083088,0.04,White_constantSy
2025-07-24,205,2025,KHT-1,0.6688481291961494,17.239564162247945,-0.5183609323442084,0.04,White_constantSy
2025-07-25,206,2025,KHT-1,0.4898733946233804,13.787881318155115,-1.5410464525706047,0.04,White_constantSy
2025-07-26,207,2025,KHT-1,0.3489180382788746,10.982681667760374,-2.25973071078851,0.04,White_constantSy
2025-07-27,208,2025,KHT-1,0.29627186489290835,5.028133282365843,2.3786633399568657,0.04,White_constantSy
2025-07-28,209,2025,KHT-1,0.4605286184395183,10.005167381952162,1.5080480790357953,0.04,White_constantSy
2025-07-29,210,2025,KHT-1,0.544576898487513,13.135959998447788,0.478462463740037,0.04,White_constantSy
2025-07-30,211,2025,KHT-1,0.47503814886133,10.822800976710312,1.0531527448229383,0.04,White_constantSy
2025-07-31,212,2025,KHT-1,0.5613577960111513,14.770973012260669,-0.7370281119818856,0.04,White_constantSy
2025-08-01,213,2025,KHT-1,0.561764783684211,14.007483118062325,0.03663647404295034,0.04,White_constantSy
2025-08-02,214,2025,KHT-1,0.5473951829415498,12.813588850361413,0.8712907231773315,0.04,White_constantSy
2025-08-03,215,2025,KHT-1,0.7736543072756419,18.537604027428145,0.803753654462902,0.04,White_constantSy
2025-08-04,216,2025,KHT-1,0.6252359860854426,15.167984919797561,0.4629147323385041,0.04,White_constantSy
2025-08-05,217,2025,KHT-1,0.6609266077684026,16.791393006486643,-0.268227812276578,0.04,White_constantSy
2025-08-06,218,2025,KHT-1,0.6953284611035642,16.7182849287574,0.6649265988317055,0.04,White_constantSy
2025-08-07,219,2025,KHT-1,0.8146865669575121,19.60453707433274,0.7626270996050621,0.04,White_constantSy
2025-08-08,220,2025,KHT-1,0.8688121314198654,21.154710883146777,0.5655924023498571,0.04,White_constantSy
2025-08-09,221,2025,KHT-1,0.8423318654408192,20.381820771371295,0.6764758646491842,0.04,White_constantSy
2025-08-10,222,2025,KHT-1,0.7744958982664087,18.5610434837848,0.8013539728754182,0.04,White_constantSy
2025-08-11,223,2025,KHT-1,1.0385585705498457,24.7564888576143,1.2074754061318416,0.04,White_constantSy
2025-08-12,224,2025,KHT-1,0.9267823852547463,22.463651262011197,0.7059083693574593,0.04,White_constantSy
2025-08-13,225,2025,KHT-1,0.9029671460891519,22.30055909265647,0.27361955957232453,0.04,White_constantSy
2025-08-14,226,2025,KHT-1,0.9092550776521818,21.860981696267558,0.8703952450369883,0.04,White_constantSy
2025-08-15,227,2025,KHT-1,0.9422561402851102,23.07192262735711,0.48448087977064347,0.04,White_constantSy
2025-08-16,228,2025,KHT-1,1.0742772050218787,27.078375351657158,-0.22144522611019113,0.04,White_constantSy
2025-08-17,229,2025,KHT-1,0.903736285225163,22.37081117121309,0.2225959594159832,0.04,White_constantSy
2025-08-18,230,2025,KHT-1,0.9552347181699884,23.471134664424255,0.40973328982545354,0.04,White_constantSy
2025-08-19,231,2025,KHT-1,0.9185399279941021,22.871566637000697,0.09193156285185466,0.04,White_constantSy
2025-08-20,232,2025,KHT-1,1.0005377248187681,24.341701817013785,0.6717413034554198,0.04,White_constantSy
2025-08-21,233,2025,KHT-1,1.06869895875615,24.93129173587394,1.7861822330298054,0.04,White_constantSy
2025-08-22,234,2025,KHT-1,1.177566488308928,28.254199332426253,1.1849628752969465,0.04,White_constantSy
2025-08-23,235,2025,KHT-1,0.9729840219875655,29.650278507841364,-5.325677958152227,0.04,White_constantSy
2025-08-24,236,2025,KHT-1,0.0,17.616283937506296,-8.246987750434968,0.04,White_constantSy
2025-08-25,237,2025,KHT-1,0.0,10.156603598613145,-6.968793329099121,0.04,White_constantSy
2025-08-26,238,2025,KHT-1,0.0,4.668034473382264,-2.1891821080998923,0.04,White_constantSy
2025-08-27,239,2025,KHT-1,0.0,-0.06135790088706017,-0.21968333577503785,0.04,White_constantSy
2025-08-28,240,2025,KHT-1,0.0,0.17268531542526944,1.3454506919831672,0.04,White_constantSy
2025-08-29,241,2025,KHT-1,0.14704388648950442,4.067099858989167,-0.3910026967515563,0.04,White_constantSy
2025-08-30,242,2025,KHT-1,0.22885132074527975,5.0023659246388945,0.7189170939930989,0.04,White_constantSy
2025-08-31,243,2025,KHT-1,0.2749978823168604,6.611213074516442,0.2637339834050678,0.04,White_constantSy
2025-09-01,244,2025,KHT-1,0.25681384910921595,5.930527704066833,0.4898185236635655,0.04,White_constantSy
2025-09-02,245,2025,KHT-1,0.0,7.592711646698547,-2.0437204060147707,0.04,White_constantSy
2025-09-03,246,2025,KHT-1,0.0,4.2469363035881,-0.020851891664904088,0.04,White_constantSy
2025-09-04,247,2025,KHT-1,0.0,2.8310405281448254,1.3326436787519214,0.04,White_constantSy
2025-09-05,248,2025,KHT-1,0.0,4.055898650352276,0.1360808663369255,0.04,White_constantSy
2025-09-06,249,2025,KHT-1,0.16475133196185426,4.498744886858262,-0.3799615878119056,0.04,White_constantSy
2025-09-07,250,2025,KHT-1,0.1318159501991542,3.4609658633314666,-0.16556710835261157,0.04,White_constantSy
2025-09-08,251,2025,KHT-1,0.17462234813844218,3.7484021784468524,0.6171565250142024,0.04,White_constantSy
2025-09-09,252,2025,KHT-1,0.18476690012845154,5.0046991114570005,-0.38552660824571205,0.04,White_constantSy
2025-09-10,253,2025,KHT-1,0.2459933882114612,6.548508529482831,-0.39867382419630104,0.04,White_constantSy
2025-09-11,254,2025,KHT-1,0.10849918160493217,3.595400304979492,-0.8829207648561876,0.04,White_constantSy
2025-09-12,255,2025,KHT-1,0.1452953751698712,3.526691633853531,0.1056927453932488,0.04,White_constantSy
2025-09-13,256,2025,KHT-1,0.1507569583149345,3.6629887622168695,0.10593519565649245,0.04,White_constantSy
2025-09-14,257,2025,KHT-1,0.13662247059855304,2.780065953028199,0.6354958119356269,0.04,White_constantSy
2025-09-15,258,2025,KHT-1,0.310917745000836,8.22102241318241,-0.44807878816151003,0.04,White_constantSy
2025-09-16,259,2025,KHT-1,0.12846995268595407,3.419614048870301,-0.2078652317214491,0.04,White_constantSy
2025-09-17,260,2025,KHT-1,0.1621267300061419,3.431538628460686,0.6216296216928612,0.04,White_constantSy
2025-09-18,261,2025,KHT-1,0.21999463372029,5.12109792855604,0.3787679144512097,0.04,White_constantSy
2025-09-19,262,2025,KHT-1,0.1224229645910512,4.872098015452721,-1.8115239006764412,0.04,White_constantSy
2025-09-20,263,2025,KHT-1,0.1445179695584517,3.392234137818349,0.22071510114294313,0.04,White_constantSy
2025-09-21,264,2025,KHT-1,0.10927008025048224,2.8940634897729467,-0.16231148351089075,0.04,White_constantSy
2025-09-22,265,2025,KHT-1,0.21514240242067445,4.4292832840184815,0.9492767764983796,0.04,White_constantSy
2025-09-23,266,2025,KHT-1,0.3478350804994366,8.788395220217637,-0.0925182077317217,0.04,White_constantSy
2025-09-24,267,2025,KHT-1,0.28184024580184003,7.52032548684096,-0.4743193417949598,0.04,White_constantSy
2025-09-25,268,2025,KHT-1,0.024905519191854353,0.4606909425685757,0.16194703722778314,0.04,White_constantSy
2025-09-26,269,2025,KHT-1,0.38597563171423815,9.525377566180637,0.12401322667531645,0.04,White_constantSy
2025-09-27,270,2025,KHT-1,0.08990102614733615,1.9659858279794236,0.2815398257039803,0.04,White_constantSy
2025-09-28,271,2025,KHT-1,0.08468115863342802,2.3111076388509417,-0.19407867301524107,0.04,White_constantSy
2025-09-29,272,2025,KHT-1,0.08918179979771282,2.8435961035316666,-0.6140511085888463,0.04,White_constantSy
2025-09-30,273,2025,KHT-1,0.06596410007510797,2.9338475110023836,-1.2847450091246841,0.04,White_constantSy
2025-10-01,274,2025,KHT-1,-0.010713489456238108,0.7078142777963166,-0.9756515142022693,0.04,White_constantSy
2025-10-02,275,2025,KHT-1,0.0,-2.046600783296526,-2.8318187939614603,0.04,White_constantSy
2025-10-03,276,2025,KHT-1,0.0,-5.344174161283632,1.6170034419001738,0.04,White_constantSy
2025-10-04,277,2025,KHT-1,0.0,-1.0115464289118137,1.044984437181462,0.04,White_constantSy
2025-10-05,278,2025,KHT-1,0.0,3.766022456627425,-0.5823705388658951,0.04,White_constantSy
2025-10-06,279,2025,KHT-1,-0.038868429160265804,-0.9115028878571536,-0.060207841149491514,0.04,White_constantSy
2025-10-07,280,2025,KHT-1,0.061946587257445174,1.822766288096389,-0.27410160666025973,0.04,White_constantSy
2025-10-08,281,2025,KHT-1,0.07482370980493869,0.9429542438109451,0.9276385013125221,0.04,White_constantSy
2025-10-09,282,2025,KHT-1,0.05673140198805129,1.3092928181773118,0.10899223152397042,0.04,White_constantSy
2025-10-10,283,2025,KHT-1,0.10474755783430084,3.340843720135922,-0.7221547742784011,0.04,White_constantSy
2025-10-11,284,2025,KHT-1,-0.06008847588699382,-0.8958026075057006,-0.6064092896691449,0.04,White_constantSy
2025-10-12,285,2025,KHT-1,0.17527866337052672,4.015695504765304,0.36627107949786364,0.04,White_constantSy
2025-10-13,286,2025,KHT-1,-0.07940380545561425,-1.8023077570383776,-0.18278737935197853,0.04,White_constantSy
2025-10-14,287,2025,KHT-1,0.0,2.6139258872401,-2.2085888640482594,0.04,White_constantSy
2025-10-15,288,2025,KHT-1,0.0,3.815061531961206,-5.18525178128364,0.04,White_constantSy
2025-10-16,289,2025,KHT-1,0.0,-2.283315964460897,-1.1797554646502562,0.04,White_constantSy
2025-10-17,290,2025,KHT-1,0.0,-0.7732743962069151,0.49040571593809545,0.04,White_constantSy
2025-10-18,291,2025,KHT-1,0.027312609463960486,0.4031894769315443,0.27962575966746783,0.04,White_constantSy
2025-10-19,292,2025,KHT-1,0.023362807587544127,0.11531319797693129,0.46875699171167184,0.04,White_constantSy
2025-10-20,293,2025,KHT-1,0.07756099327525448,2.75517379903998,-0.8161489671586182,0.04,White_constantSy
2025-10-21,294,2025,KHT-1,-0.04791304931162273,-2.1079247468132962,0.910098514022728,0.04,White_constantSy
2025-10-22,295,2025,KHT-1,0.09494310404058098,2.9258473786313743,-0.5522697776168499,0.04,White_constantSy
2025-10-23,296,2025,KHT-1,0.12427170739302625,3.0999648047032053,0.006827880122450836,0.04,White_constantSy
2025-10-24,297,2025,KHT-1,0.09552514525798757,1.5831498462794968,0.8049787851701922,0.04,White_constantSy
2025-10-25,298,2025,KHT-1,0.0732279763341893,4.087457435507645,-2.2567580271529124,0.04,White_constantSy
2025-10-26,299,2025,KHT-1,-0.48492327692366644,-1.215413088222661,-10.907668834869,0.04,White_constantSy
2025-10-27,300,2025,KHT-1,0.098914030820373,0.7390738523582314,1.7337769181510936,0.04,White_constantSy
2025-10-28,301,2025,KHT-1,-0.07639308129256335,-3.6291430239046036,1.7193159915905198,0.04,White_constantSy
2025-10-29,302,2025,KHT-1,-0.06328704379161139,-3.4621391330666995,1.879963038276415,0.04,White_constantSy
2025-10-30,303,2025,KHT-1,-0.01989077869213105,-2.3449038263646287,1.8476343590613524,0.04,White_constantSy
2018-08-25,237,2018,KHT-XE4S,0.007097844693696516,0.31635668800547023,-0.13891057066305734,0.04,White_constantSy
2018-07-16,197,2018,KHT-XE5S,0.013000609498895983,0.10361026201906043,0.22140497545333915,0.04,White_constantSy
2018-07-17,198,2018,KHT-XE5S,0.05215249687923176,3.172372741771312,-1.868560319790518,0.04,White_constantSy
2018-07-26,207,2018,KHT-XE5S,0.07617606960888566,0.7771654570309465,1.1272362831911948,0.04,White_constantSy
2018-07-27,208,2018,KHT-XE5S,-3.502728357743805,2.5786503246379766,-90.1468592682331,0.04,White_constantSy
2019-06-04,155,2019,KHT-XE5S,-0.13403524605863762,-3.1072705031302807,-0.24361064833565993,0.04,White_constantSy
2019-06-05,156,2019,KHT-XE5S,0.0837610692345632,0.8503110473270994,1.2437156835369803,0.04,White_constantSy
2019-06-06,157,2019,KHT-XE5S,0.08860374605823408,1.7183249870541624,0.49676866440168954,0.04,White_constantSy
2019-06-07,158,2019,KHT-XE5S,-0.11387293885206162,-2.141982392564401,-0.7048410787371397,0.04,White_constantSy
2019-06-08,159,2019,KHT-XE5S,0.001487951489550774,1.1763424362619794,-1.13914364902321,0.04,White_constantSy
2019-06-09,160,2019,KHT-XE5S,-0.014700816673595175,-0.31660493564975933,-0.050915481190120015,0.04,White_constantSy
2019-06-10,161,2019,KHT-XE5S,0.0591311614642364,1.55848923654708,-0.08021019994117007,0.04,White_constantSy
2019-06-11,162,2019,KHT-XE5S,-0.006409701195189195,-1.0466127928385398,0.8863702629588099,0.04,White_constantSy
2019-06-12,163,2019,KHT-XE5S,0.061832725657715956,0.7145148147088789,0.83130332673402,0.04,White_constantSy
2019-06-13,164,2019,KHT-XE5S,-0.06809026484464324,-2.7015366385626614,0.9992800174465803,0.04,White_constantSy
2019-06-14,165,2019,KHT-XE5S,0.09463917845440767,1.8197049743893219,0.5462744869708698,0.04,White_constantSy
2019-06-15,166,2019,KHT-XE5S,0.20441354974691714,3.6942355410399585,1.41610320263297,0.04,White_constantSy
2019-06-16,167,2019,KHT-XE5S,0.1634097371945773,6.9871927115798425,-2.90194928171541,0.04,White_constantSy
2019-06-17,168,2019,KHT-XE5S,-0.07881852153479951,-2.3415586216358975,0.37109558326590975,0.04,White_constantSy
2019-06-18,169,2019,KHT-XE5S,0.06834892728325326,0.931889466805921,0.7768337152754103,0.04,White_constantSy
2019-06-19,170,2019,KHT-XE5S,0.3110292939064349,5.325927968922843,2.4498043787380293,0.04,White_constantSy
2019-06-20,171,2019,KHT-XE5S,0.4432965783296634,8.847085156759196,2.2353293014823894,0.04,White_constantSy
2019-06-21,172,2019,KHT-XE5S,0.5214760502845129,12.273652870196393,0.7632483869164304,0.04,White_constantSy
2019-06-22,173,2019,KHT-XE5S,0.5392812343175709,13.150309324786141,0.33172153315313047,0.04,White_constantSy
2019-06-23,174,2019,KHT-XE5S,0.4440749341798383,10.016101220158196,1.0857721343377609,0.04,White_constantSy
2019-06-24,175,2019,KHT-XE5S,0.22750442049313946,3.9088437192571277,1.7787667930713589,0.04,White_constantSy
2019-06-25,176,2019,KHT-XE5S,0.21936693327973622,4.697808119404435,0.7863652125889704,0.04,White_constantSy
2019-06-26,177,2019,KHT-XE5S,0.17937836616232516,3.4741652582109595,1.0102938958471697,0.04,White_constantSy
2019-06-27,178,2019,KHT-XE5S,0.1736848272044604,4.4979630871025975,-0.15584240699108776,0.04,White_constantSy
2019-06-28,179,2019,KHT-XE5S,0.17416924934274633,4.9919075195795415,-0.6376762860108833,0.04,White_constantSy
2019-06-29,180,2019,KHT-XE5S,0.19022911095083764,3.96207432849598,0.7936534452749608,0.04,White_constantSy
2019-06-30,181,2019,KHT-XE5S,0.3397592975428209,6.584112743357583,1.9098696952129401,0.04,White_constantSy
2019-07-01,182,2019,KHT-XE5S,0.3051556987015264,5.34516375791868,2.2837287096194796,0.04,White_constantSy
2019-07-02,183,2019,KHT-XE5S,0.19040110869846147,3.5590367812812644,1.200990936180272,0.04,White_constantSy
2019-07-03,184,2019,KHT-XE5S,0.19586492387440457,3.7449677668896157,1.1516553299704988,0.04,White_constantSy
2019-07-04,185,2019,KHT-XE5S,0.2665877614933626,6.463707283774077,0.20098675355998807,0.04,White_constantSy
2019-07-05,186,2019,KHT-XE5S,0.149956070204302,3.1519544072877963,0.5969473478197536,0.04,White_constantSy
2019-07-06,187,2019,KHT-XE5S,0.22812833417207812,4.490735672581934,1.212472681720019,0.04,White_constantSy
2019-07-07,188,2019,KHT-XE5S,0.02722920671937047,-0.935320014391607,1.6160501823758686,0.04,White_constantSy
2019-07-08,189,2019,KHT-XE5S,0.17528950019931103,3.807250097007355,0.5749874079754207,0.04,White_constantSy
2019-07-09,190,2019,KHT-XE5S,0.16176894906941186,3.400073018525518,0.6441507082097786,0.04,White_constantSy
2019-07-10,191,2019,KHT-XE5S,0.2075415964367983,4.678204288368114,0.5103356225518425,0.04,White_constantSy
2019-07-11,192,2019,KHT-XE5S,0.3046811133250085,5.587162080350396,2.0298657527748176,0.04,White_constantSy
2019-07-12,193,2019,KHT-XE5S,0.33448973685866296,6.43942507714992,1.9228183443166529,0.04,White_constantSy
2019-07-13,194,2019,KHT-XE5S,0.4291848603859022,7.241788451697673,3.4878330579498815,0.04,White_constantSy
2019-07-14,195,2019,KHT-XE5S,0.851550592032738,17.076906478069652,4.211858322748796,0.04,White_constantSy
2019-07-15,196,2019,KHT-XE5S,1.0547846899660343,22.142405242498597,4.227212006652259,0.04,White_constantSy
2019-07-16,197,2019,KHT-XE5S,0.6133126835420271,13.013580818548576,2.3192362700021008,0.04,White_constantSy
2019-07-17,198,2019,KHT-XE5S,0.6802669945736213,14.500158245799,2.506516618541532,0.04,White_constantSy
2019-07-18,199,2019,KHT-XE5S,0.4222359500269519,7.265227354882953,3.290671395790845,0.04,White_constantSy
2019-07-19,200,2019,KHT-XE5S,0.10020741997819727,-0.37723984094810703,2.8824253404030387,0.04,White_constantSy
2019-07-20,201,2019,KHT-XE5S,0.16782978816919325,1.4794853555727627,2.7162593486570685,0.04,White_constantSy
2019-07-21,202,2019,KHT-XE5S,0.1554991227807534,2.4935423511628585,1.3939357183559764,0.04,White_constantSy
2019-07-22,203,2019,KHT-XE5S,0.10028373993517192,0.775396969615727,1.731696528763571,0.04,White_constantSy
2019-07-23,204,2019,KHT-XE5S,0.02802213324708447,-0.8824714418025792,1.583024772979691,0.04,White_constantSy
2019-07-24,205,2019,KHT-XE5S,-0.017183555030392483,-2.8957114955474594,2.4661226197876474,0.04,White_constantSy
2019-07-25,206,2019,KHT-XE5S,0.05712454043609938,-1.0269717534804101,2.4550852643828946,0.04,White_constantSy
2019-07-26,207,2019,KHT-XE5S,0.16172271879247546,2.4899566904878156,1.553111279324071,0.04,White_constantSy
2019-07-27,208,2019,KHT-XE5S,0.1883347779331058,3.7641161904243177,0.9442532579033269,0.04,White_constantSy
2019-07-28,209,2019,KHT-XE5S,0.16364211940313397,1.0165251251382585,3.0745278599400905,0.04,White_constantSy
2019-07-29,210,2019,KHT-XE5S,0.1831584311636317,1.8038867128513232,2.775074066239469,0.04,White_constantSy
2019-07-30,211,2019,KHT-XE5S,0.19968504957383004,2.52859690506142,2.463529334284331,0.04,White_constantSy
2019-07-31,212,2019,KHT-XE5S,0.29136751483855505,5.807465235457698,1.476722635506178,0.04,White_constantSy
2019-08-01,213,2019,KHT-XE5S,0.3644984951460799,6.9113919128604095,2.201070465791588,0.04,White_constantSy
2019-08-02,214,2019,KHT-XE5S,0.26470645503517287,5.221789831401537,1.3958715444777852,0.04,White_constantSy
2019-08-03,215,2019,KHT-XE5S,0.4328613375456047,8.012105529046607,2.8094279095935093,0.04,White_constantSy
2019-08-04,216,2019,KHT-XE5S,0.4136866622509831,9.08585783266571,1.2563087236088677,0.04,White_constantSy
2019-08-05,217,2019,KHT-XE5S,0.36450898998006837,6.667436060604047,2.445288688897662,0.04,White_constantSy
2019-08-06,218,2019,KHT-XE5S,0.35270443860840717,8.121618810299623,0.6959921549105559,0.04,White_constantSy
2019-08-07,219,2019,KHT-XE5S,0.3010294079279117,6.141277707194661,1.3844574910031326,0.04,White_constantSy
2019-08-08,220,2019,KHT-XE5S,0.2524971756731986,5.052325580842876,1.26010381098709,0.04,White_constantSy
2019-08-09,221,2019,KHT-XE5S,0.21399947348480397,4.475739066317885,0.8742477708022136,0.04,White_constantSy
2019-08-10,222,2019,KHT-XE5S,0.17566880653421435,4.010224767280818,0.3814953960745413,0.04,White_constantSy
2019-08-11,223,2019,KHT-XE5S,0.21753664922156987,5.257623947180747,0.18079228335849962,0.04,White_constantSy
2019-08-12,224,2019,KHT-XE5S,0.19393714106901713,6.603340784736474,-1.7549122580110463,0.04,White_constantSy
2019-08-13,225,2019,KHT-XE5S,0.14347839351483743,5.011742425133207,-1.4247825872622712,0.04,White_constantSy
2019-08-14,226,2019,KHT-XE5S,0.1858594166503667,3.759649592590364,0.8868358236688039,0.04,White_constantSy
2019-08-15,227,2019,KHT-XE5S,0.08966439066070109,2.2037433412045004,0.03786642531302675,0.04,White_constantSy
2019-08-16,228,2019,KHT-XE5S,0.2105844315363487,4.2361344242760595,1.0284763641326577,0.04,White_constantSy
2019-08-17,229,2019,KHT-XE5S,0.05071662537930081,0.3793810509627349,0.8885345835197853,0.04,White_constantSy
2019-08-18,230,2019,KHT-XE5S,0.20449739893885294,6.275841391866436,-1.1634064183951125,0.04,White_constantSy
2019-08-19,231,2019,KHT-XE5S,0.11483740515590966,3.7724755245592974,-0.9015403956615557,0.04,White_constantSy
2019-08-20,232,2019,KHT-XE5S,0.0979377154194782,3.2311578991479166,-0.7827150136609617,0.04,White_constantSy
2019-08-21,233,2019,KHT-XE5S,0.16233426554891536,3.7932321932811135,0.2651244454417707,0.04,White_constantSy
2019-08-22,234,2019,KHT-XE5S,0.12101070072797881,2.9279014326910158,0.0973660855084546,0.04,White_constantSy
2019-08-23,235,2019,KHT-XE5S,0.13921002551089032,2.8422406913502414,0.6380099464220166,0.04,White_constantSy
2019-08-24,236,2019,KHT-XE5S,0.17581108255802805,2.0196343374533114,2.3756427264973894,0.04,White_constantSy
2019-08-25,237,2019,KHT-XE5S,0.07472641786722078,3.1039195442299103,-1.2357590975493906,0.04,White_constantSy
2019-08-26,238,2019,KHT-XE5S,0.2165780672201339,7.7906634942586095,-2.376211813755262,0.04,White_constantSy
2019-08-27,239,2019,KHT-XE5S,0.09955589114245073,1.794986462125081,0.6939108164361869,0.04,White_constantSy
2019-08-28,240,2019,KHT-XE5S,0.21471240419610468,3.3848777361203304,1.9829323687822864,0.04,White_constantSy
2019-08-29,241,2019,KHT-XE5S,-0.05707063865701116,-1.9509005341110424,0.5241345676857634,0.04,White_constantSy
2019-08-30,242,2019,KHT-XE5S,0.1328526929991284,3.6185804242318227,-0.2972630992536125,0.04,White_constantSy
2019-08-31,243,2019,KHT-XE5S,0.05455156873110468,1.0447637757243058,0.3190254425533112,0.04,White_constantSy
2019-09-01,244,2019,KHT-XE5S,0.10999571556495084,3.0235590663782546,-0.2736661772544835,0.04,White_constantSy
2019-09-02,245,2019,KHT-XE5S,0.13939928206173874,3.8739384567037405,-0.38895640516027186,0.04,White_constantSy
2019-09-03,246,2019,KHT-XE5S,0.19002584291056338,4.4425416453799755,0.3081044273841087,0.04,White_constantSy
2019-09-04,247,2019,KHT-XE5S,0.10525476145141624,2.930778416896999,-0.2994093806115927,0.04,White_constantSy
2019-09-05,248,2019,KHT-XE5S,0.1542718419484089,4.8613745964976545,-1.0045785477874318,0.04,White_constantSy
2019-09-06,249,2019,KHT-XE5S,0.22885842239478052,5.488399598081315,0.23306096178819757,0.04,White_constantSy
2019-09-07,250,2019,KHT-XE5S,0.09588945595151473,0.1578549672373697,2.2393814315504983,0.04,White_constantSy
2019-09-08,251,2019,KHT-XE5S,0.14770255125841175,4.907996301179196,-1.2154325197189024,0.04,White_constantSy
2019-09-09,252,2019,KHT-XE5S,-0.0018364140449074284,-0.7726193670432053,0.7267090159205196,0.04,White_constantSy
2019-09-10,253,2019,KHT-XE5S,0.13481729218608507,4.476552076231144,-1.1061197715790172,0.04,White_constantSy
2019-09-11,254,2019,KHT-XE5S,0.07566816325791592,2.6692317774639207,-0.7775276960160227,0.04,White_constantSy
2019-09-12,255,2019,KHT-XE5S,0.2285889240365293,6.38527754354854,-0.6705544426353072,0.04,White_constantSy
2019-09-13,256,2019,KHT-XE5S,0.13875062768711816,3.163288908820448,0.3054767833575056,0.04,White_constantSy
2019-09-14,257,2019,KHT-XE5S,0.11863472903461855,1.8473753071429826,1.118492918722481,0.04,White_constantSy
2019-09-15,258,2019,KHT-XE5S,0.22296062858375876,4.096974899828126,1.477040814765843,0.04,White_constantSy
2019-09-16,259,2019,KHT-XE5S,-0.13498745261557019,0.44031863662499404,-3.815004952014249,0.04,White_constantSy
2019-09-17,260,2019,KHT-XE5S,-0.0022085712113408817,2.3354337167219796,-2.3906479970055017,0.04,White_constantSy
2019-09-18,261,2019,KHT-XE5S,-0.1300935879974645,-0.8957940543922405,-2.3565456455443723,0.04,White_constantSy
2019-09-19,262,2019,KHT-XE5S,-0.07017621038605,-1.052640601612211,-0.7017646580390391,0.04,White_constantSy
2019-09-20,263,2019,KHT-XE5S,0.1543274893656701,3.3637966400654307,0.4943905940763216,0.04,White_constantSy
2019-09-21,264,2019,KHT-XE5S,0.29883139000815506,7.32185771804663,0.14892703215724623,0.04,White_constantSy
2019-09-22,265,2019,KHT-XE5S,0.22603858329937793,5.419956204294607,0.23100837818984132,0.04,White_constantSy
2019-09-23,266,2019,KHT-XE5S,0.2893289440798998,8.300315087143105,-1.0670914851456104,0.04,White_constantSy
2019-09-24,267,2019,KHT-XE5S,0.39131034956722033,9.483763339309803,0.2989953998707051,0.04,White_constantSy
2019-09-25,268,2019,KHT-XE5S,0.32376771293928813,7.575848852681986,0.5183439708002169,0.04,White_constantSy
2019-09-26,269,2019,KHT-XE5S,0.22914253203888507,5.697788087952915,0.030775213019211378,0.04,White_constantSy
2019-09-27,270,2019,KHT-XE5S,0.33445222423709536,6.96842990065565,1.3928757052717344,0.04,White_constantSy
2019-09-28,271,2019,KHT-XE5S,0.18814574774157053,6.222525057141183,-1.5188813636019205,0.04,White_constantSy
2019-09-29,272,2019,KHT-XE5S,-0.013618381675826186,0.7712979114636198,-1.1117574533592745,0.04,White_constantSy
2019-09-30,273,2019,KHT-XE5S,-0.11937426805590122,-0.999144634930758,-1.9852120664667723,0.04,White_constantSy
2019-10-01,274,2019,KHT-XE5S,-0.0076974848782430175,-1.4721565108501977,1.2797193888941223,0.04,White_constantSy
2019-10-02,275,2019,KHT-XE5S,0.16861265025622912,4.452592535388078,-0.2372762789823497,0.04,White_constantSy
2019-10-03,276,2019,KHT-XE5S,0.10739557446901131,2.159137875115789,0.5257514866094937,0.04,White_constantSy
2019-10-04,277,2019,KHT-XE5S,0.14580757032728514,5.3192504385457084,-1.67406118036358,0.04,White_constantSy
2019-10-05,278,2019,KHT-XE5S,0.21833492308158328,5.679076730822487,-0.22070365378290546,0.04,White_constantSy
2019-10-06,279,2019,KHT-XE5S,0.15967401665789396,4.239138233089392,-0.2472878166420429,0.04,White_constantSy
2019-10-07,280,2019,KHT-XE5S,0.21176296355278795,5.262176666559924,0.031897422259774544,0.04,White_constantSy
2019-10-08,281,2019,KHT-XE5S,0.18241521273118622,3.809941109073378,0.7504392092062773,0.04,White_constantSy
2019-10-09,282,2019,KHT-XE5S,-0.05511802997126665,0.36834743978712936,-1.7462981890687956,0.04,White_constantSy
2019-10-10,283,2019,KHT-XE5S,-0.15063107916493665,-2.1670897764802817,-1.5986872026431342,0.04,White_constantSy
2019-10-11,284,2019,KHT-XE5S,-0.052889381414282184,-1.5143815485991752,0.19214701324212058,0.04,White_constantSy
2019-10-12,285,2019,KHT-XE5S,0.025056459029983102,0.4496471457741791,0.17676432997539848,0.04,White_constantSy
2019-10-13,286,2019,KHT-XE5S,0.042090199614213474,2.0745511490335673,-1.0222961586782304,0.04,White_constantSy
2019-10-14,287,2019,KHT-XE5S,-0.04141148756688835,0.8171705420931801,-1.852457731265389,0.04,White_constantSy
2019-10-15,288,2019,KHT-XE5S,0.010454599665948194,1.3718883944761728,-1.110523402827468,0.04,White_constantSy
2019-10-16,289,2019,KHT-XE5S,0.0978236901801563,2.8683120986030985,-0.4227198440991913,0.04,White_constantSy
2019-10-17,290,2019,KHT-XE5S,-0.31927873042798355,-7.380685384407258,-0.6012828762923306,0.04,White_constantSy
2019-10-18,291,2019,KHT-XE5S,0.06874213708573507,4.767065528243819,-3.0485121011004424,0.04,White_constantSy
2019-10-19,292,2019,KHT-XE5S,-0.07666292573544979,-0.6172601925176195,-1.2993129508686252,0.04,White_constantSy
2019-10-20,293,2019,KHT-XE5S,-0.3624116130058059,3.938818250751865,-12.999108575897012,0.04,White_constantSy
2021-06-06,157,2021,KHT-XE5S,0.035573188292026714,-2.933172123480432,3.8225018307811,0.04,White_constantSy
2021-06-07,158,2021,KHT-XE5S,0.00887668253209739,-3.079653588155651,3.3015706514580856,0.04,White_constantSy
2021-06-08,159,2021,KHT-XE5S,-0.07812811020523441,-3.0184648813918358,1.0652621262609756,0.04,White_constantSy
2021-06-09,160,2021,KHT-XE5S,0.11530724481648634,2.100107970554575,0.7825731498575834,0.04,White_constantSy
2021-06-10,161,2021,KHT-XE5S,0.1792807671635262,3.766463041039003,0.715556138049152,0.04,White_constantSy
2021-06-11,162,2021,KHT-XE5S,0.15071369409501187,1.5393749547353934,2.2284673976399034,0.04,White_constantSy
2021-06-12,163,2021,KHT-XE5S,0.1333430156310345,0.6862257553152062,2.6473496354606567,0.04,White_constantSy
2021-06-13,164,2021,KHT-XE5S,0.21390240541482228,2.259333711573362,3.0882264237971953,0.04,White_constantSy
2021-06-14,165,2021,KHT-XE5S,0.1862267763360495,3.6295964468763486,1.0260729615248891,0.04,White_constantSy
2021-06-15,166,2021,KHT-XE5S,0.23009377382913385,4.4535315651839085,1.2988127805444378,0.04,White_constantSy
2021-06-16,167,2021,KHT-XE5S,0.22869198366761453,3.1811506979838384,2.5361488937065246,0.04,White_constantSy
2021-06-17,168,2021,KHT-XE5S,0.26633649210963595,2.6865711724812797,3.9718411302596195,0.04,White_constantSy
2021-06-18,169,2021,KHT-XE5S,0.2558337760720963,3.0267220990556325,3.3691223027467743,0.04,White_constantSy
2021-06-19,170,2021,KHT-XE5S,0.3062404116211059,5.166997065945054,2.4890132245825924,0.04,White_constantSy
2021-06-20,171,2021,KHT-XE5S,0.27783266776232723,6.33779088362698,0.6080258104312009,0.04,White_constantSy
2021-06-21,172,2021,KHT-XE5S,0.040053908141737225,-0.5544440666571688,1.5557917702005994,0.04,White_constantSy
2021-06-22,173,2021,KHT-XE5S,-0.11899933534870684,-0.7923398981874072,-2.1826434855302637,0.04,White_constantSy
2021-06-23,174,2021,KHT-XE5S,0.33295715623452793,6.637534516435295,1.6863943894279032,0.04,White_constantSy
2021-06-24,175,2021,KHT-XE5S,0.07370052518972899,2.5008162517529797,-0.6583031220097553,0.04,White_constantSy
2021-06-25,176,2021,KHT-XE5S,0.2555932788931938,6.51166230614848,-0.12183033381863595,0.04,White_constantSy
2021-06-26,177,2021,KHT-XE5S,0.10392663808013765,1.4615146076184544,1.1366513443849868,0.04,White_constantSy
2021-06-27,178,2021,KHT-XE5S,0.13364501993660782,2.294009713011036,1.0471157854041593,0.04,White_constantSy
2021-06-28,179,2021,KHT-XE5S,0.02512289050096058,0.3927937910546575,0.235278471469357,0.04,White_constantSy
2021-06-29,180,2021,KHT-XE5S,0.13124677022276104,3.8866328082523864,-0.6054635526833607,0.04,White_constantSy
2021-06-30,181,2021,KHT-XE5S,-0.1219901383337293,-3.281292593639762,0.23153913529652925,0.04,White_constantSy
2021-07-01,182,2021,KHT-XE5S,-0.016508610532365537,-1.1618502337413759,0.7491349704322374,0.04,White_constantSy
2021-07-02,183,2021,KHT-XE5S,0.186117222357517,4.368714795754158,0.2842157631837665,0.04,White_constantSy
2018-07-26,207,2018,KWF-1,0.02640109592728379,-0.7118522835789065,1.3718796817610013,0.04,White_constantSy
2018-07-27,208,2018,KWF-1,0.3058070607434178,0.7105314228184056,6.9346450957670385,0.04,White_constantSy
2018-08-25,237,2018,KWF-1,0.2675297582543891,6.603829766004623,0.08441419035510478,0.04,White_constantSy
2018-08-26,238,2018,KWF-1,-0.101452773589113,11.506662895252305,-14.04298223498013,0.04,White_constantSy
2018-09-30,273,2018,KWF-1,0.08677235645776478,2.8780408338839436,-0.7087319224398243,0.04,White_constantSy
2019-06-04,155,2019,KWF-2,-0.15933816163137438,-3.382672202753759,-0.6007818380306,0.04,White_constantSy
2019-06-05,156,2019,KWF-2,0.05783576886683086,0.5755411872975618,0.8703530343732098,0.04,White_constantSy
2019-06-06,157,2019,KWF-2,0.0539359318821512,0.9439137043092001,0.40448459274457993,0.04,White_constantSy
2019-06-07,158,2019,KWF-2,-0.12470488977486963,-2.4330516344094004,-0.6845706099623399,0.04,White_constantSy
2019-06-08,159,2019,KWF-2,-0.005920016599872416,0.7689875133635997,-0.9169879283604101,0.04,White_constantSy
2019-06-09,160,2019,KWF-2,-0.014467255262843252,-0.4651718512953016,0.10349046972422027,0.04,White_constantSy
2019-06-10,161,2019,KWF-2,0.05501669745629482,1.6389420737574607,-0.26352463735009035,0.04,White_constantSy
2019-06-11,162,2019,KWF-2,-0.022536267943977232,-1.251516758981821,0.6881100603823902,0.04,White_constantSy
2019-06-12,163,2019,KWF-2,0.05019062645873759,0.4913943022078797,0.76337135926056,0.04,White_constantSy
2019-06-13,164,2019,KWF-2,-0.06738789700998718,-2.4340194573692995,0.74932203211962,0.04,White_constantSy
2019-06-14,165,2019,KWF-2,0.013708582126191594,0.03616386324479981,0.30655068990999,0.04,White_constantSy
2019-06-15,166,2019,KWF-2,0.035361098246909195,0.60201439169418,0.28201306447854996,0.04,White_constantSy
2019-06-16,167,2019,KWF-2,-0.0723440330037408,-1.28086756282134,-0.52773326227218,0.04,White_constantSy
2019-06-17,168,2019,KWF-2,-0.082375705653916,-2.37210274336056,0.31271010201266003,0.04,White_constantSy
2019-06-18,169,2019,KWF-2,0.105070089716606,0.5505682508790597,2.07618399203609,0.04,White_constantSy
2019-06-19,170,2019,KWF-2,0.11706723963367,2.2381167307045797,0.68856426013717,0.04,White_constantSy
2019-06-20,171,2019,KWF-2,-0.028320163084181206,-1.8077685155855399,1.0997644384810097,0.04,White_constantSy
2019-06-21,172,2019,KWF-2,0.045070480674715835,1.4492568904379954,-0.32249487357009965,0.04,White_constantSy
2019-06-22,173,2019,KWF-2,0.046807360152371996,1.6581084190576796,-0.4879244152483797,0.04,White_constantSy
2019-06-23,174,2019,KWF-2,0.01031817840959084,-0.03382776094013895,0.29178222117990993,0.04,White_constantSy
2019-06-24,175,2019,KWF-2,0.03240076456986477,-0.38013813731580015,1.1901572515624195,0.04,White_constantSy
2019-06-25,176,2019,KWF-2,0.05840933490454631,1.3742727497525973,0.08596062286106054,0.04,White_constantSy
2019-06-26,177,2019,KWF-2,0.04845198576091278,0.7939066147517995,0.41739302927101996,0.04,White_constantSy
2019-06-27,178,2019,KWF-2,0.03448566534832736,1.454025768912004,-0.59188413520382,0.04,White_constantSy
2019-06-28,179,2019,KWF-2,0.04573375082707484,1.330886573568061,-0.18754280289119007,0.04,White_constantSy
2019-06-29,180,2019,KWF-2,0.05651116266602072,1.3486696802854183,0.06410938636509966,0.04,White_constantSy
2019-06-30,181,2019,KWF-2,0.12182222174169592,2.6629586802425376,0.3825968632998604,0.04,White_constantSy
2019-07-01,182,2019,KWF-2,0.07985750231900113,1.2417987015126588,0.7546388564623694,0.04,White_constantSy
2019-07-02,183,2019,KWF-2,0.015711081487972293,0.16879310384825708,0.22398393335105027,0.04,White_constantSy
2019-07-03,184,2019,KWF-2,0.0768247925407756,1.5016987120986602,0.4189211014207297,0.04,White_constantSy
2019-07-04,185,2019,KWF-2,0.1941010669894483,5.2258652486468975,-0.37333857391069003,0.04,White_constantSy
2019-07-05,186,2019,KWF-2,0.07515611416852747,2.2237684149604764,-0.3448655607472899,0.04,White_constantSy
2019-07-06,187,2019,KWF-2,0.22902037763378796,5.133404351753878,0.592105089090821,0.04,White_constantSy
2019-07-07,188,2019,KWF-2,0.017203927758849318,-0.725634442346756,1.155732636317989,0.04,White_constantSy
2019-07-08,189,2019,KWF-2,0.1363814395811638,3.537617198275795,-0.12808120874669982,0.04,White_constantSy
2019-07-09,190,2019,KWF-2,0.14735850455508723,3.55492995904536,0.12903265483182036,0.04,White_constantSy
2019-07-10,191,2019,KWF-2,0.24452345579172227,5.6723877525605975,0.44069864223245947,0.04,White_constantSy
2019-07-11,192,2019,KWF-2,0.46408769076094203,9.52068165187152,2.0815106171520297,0.04,White_constantSy
2019-07-12,193,2019,KWF-2,0.5254070701754759,11.512363282960797,1.6228134714261007,0.04,White_constantSy
2019-07-13,194,2019,KWF-2,0.2641719473044971,4.097590546006558,2.5067081366058694,0.04,White_constantSy
2019-07-14,195,2019,KWF-2,0.36485147909632354,7.391039509811758,1.73024746759633,0.04,White_constantSy
2019-07-15,196,2019,KWF-2,0.15808381050660977,0.7624751288705447,3.1896201337946994,0.04,White_constantSy
2019-07-16,197,2019,KWF-2,-0.10646885758970229,-3.9923013255410496,1.3305798857984925,0.04,White_constantSy
2019-07-17,198,2019,KWF-2,-0.010326940908740027,-1.2542101597780686,0.9960366370595679,0.04,White_constantSy
2019-07-18,199,2019,KWF-2,0.014223247404780466,-2.545811955411949,2.901393140531461,0.04,White_constantSy
2019-07-19,200,2019,KWF-2,-0.10921058652965628,-4.912311922955936,2.1820472597145297,0.04,White_constantSy
2019-07-20,201,2019,KWF-2,-0.027117008264553703,-3.2906881438080404,2.612762937194198,0.04,White_constantSy
2019-07-21,202,2019,KWF-2,-0.11733702632206928,-3.9580473070149225,1.0246216489631905,0.04,White_constantSy
2019-07-22,203,2019,KWF-2,-0.12101112871342835,-6.066890683004232,3.041612465168523,0.04,White_constantSy
2019-07-23,204,2019,KWF-2,-0.1512373764924959,-6.128487648317105,2.347553236004707,0.04,White_constantSy
2019-07-24,205,2019,KWF-2,-0.16255005645855647,-7.120642702766489,3.056891291302577,0.04,White_constantSy
2019-07-25,206,2019,KWF-2,-0.08148024766129851,-4.779695934561488,2.7426897430290254,0.04,White_constantSy
2019-07-26,207,2019,KWF-2,0.09863625462876513,0.5806422511174247,1.8852641146017035,0.04,White_constantSy
2019-07-27,208,2019,KWF-2,0.12139771654541676,1.8694130843758927,1.1655298292595262,0.04,White_constantSy
2019-07-28,209,2019,KWF-2,0.11484337963297833,0.7989858185080152,2.072098672316443,0.04,White_constantSy
2019-07-29,210,2019,KWF-2,0.17992927232552347,2.318517694244804,2.179714113893283,0.04,White_constantSy
2019-07-30,211,2019,KWF-2,0.18142300842317524,2.863846875270724,1.6717283353086572,0.04,White_constantSy
2019-07-31,212,2019,KWF-2,0.2235026713895394,4.880901281232042,0.7066655035064429,0.04,White_constantSy
2019-08-01,213,2019,KWF-2,0.28678282198755767,5.629053479009727,1.5405170706792148,0.04,White_constantSy
2019-08-02,214,2019,KWF-2,0.19832220946730503,4.237857392648749,0.7201978440338763,0.04,White_constantSy
2019-08-03,215,2019,KWF-2,0.29426602594642587,5.764197358996228,1.5924532896644195,0.04,White_constantSy
2019-08-04,216,2019,KWF-2,0.28665524827116545,6.425402653229241,0.7409785535498941,0.04,White_constantSy
2019-08-05,217,2019,KWF-2,0.2456928281341959,4.304168233779393,1.8381524695755047,0.04,White_constantSy
2019-08-06,218,2019,KWF-2,0.26844882593676517,5.810080389074557,0.9011402593445723,0.04,White_constantSy
2019-08-07,219,2019,KWF-2,0.2470010605243118,4.971821154483536,1.2032053586242597,0.04,White_constantSy
2019-08-08,220,2019,KWF-2,0.23863463541077579,4.959171898140369,1.006693987129026,0.04,White_constantSy
2019-08-09,221,2019,KWF-2,0.1989206563289855,3.641663902456173,1.3313525057684643,0.04,White_constantSy
2019-08-10,222,2019,KWF-2,0.2125314540127829,5.784048249200424,-0.47076189888085196,0.04,White_constantSy
2019-08-11,223,2019,KWF-2,0.23879595570871742,6.507845681365865,-0.537946788647929,0.04,White_constantSy
2019-08-12,224,2019,KWF-2,0.36407554323520913,9.745633863209946,-0.6437452823297178,0.04,White_constantSy
2019-08-13,225,2019,KWF-2,0.26358631595991255,6.356063310342108,0.2335945886557056,0.04,White_constantSy
2019-08-14,226,2019,KWF-2,0.42041753997004605,9.668961959243916,0.8414765400072355,0.04,White_constantSy
2019-08-15,227,2019,KWF-2,0.32882557944328994,6.622703717542322,1.5979357685399265,0.04,White_constantSy
2019-08-16,228,2019,KWF-2,0.32329175330737314,6.481198498168794,1.6010953345155343,0.04,White_constantSy
2019-08-17,229,2019,KWF-2,0.24291135518732973,4.626909248962676,1.4458746307205672,0.04,White_constantSy
2019-08-18,230,2019,KWF-2,0.3309938345133702,7.746926812156431,0.5279190506778235,0.04,White_constantSy
2019-08-19,231,2019,KWF-2,0.30663470701495726,7.38818274659323,0.27768492878070106,0.04,White_constantSy
2019-08-20,232,2019,KWF-2,0.31389705615541,8.304128454096428,-0.4567020502111774,0.04,White_constantSy
2019-08-21,233,2019,KWF-2,0.28530407327902024,5.283184576661483,1.8494172553140231,0.04,White_constantSy
2019-08-22,234,2019,KWF-2,0.23524054691524157,5.270981957251621,0.6100317156294182,0.04,White_constantSy
2019-08-23,235,2019,KWF-2,0.25920684516804615,5.998991845394784,0.48117928380636954,0.04,White_constantSy
2019-08-24,236,2019,KWF-2,0.37092593197338714,9.373680501348815,-0.10053220201413637,0.04,White_constantSy
2019-08-25,237,2019,KWF-2,0.3736456745814962,9.13061116595344,0.2105306985839661,0.04,White_constantSy
2019-08-26,238,2019,KWF-2,0.3627120033162896,7.877917124175582,1.1898829587316584,0.04,White_constantSy
2019-08-27,239,2019,KWF-2,0.2509228464745928,5.366610236616111,0.9064609252487088,0.04,White_constantSy
2019-08-28,240,2019,KWF-2,0.365488333111399,8.856319758413235,0.28088856937174,0.04,White_constantSy
2019-08-29,241,2019,KWF-2,0.19116170232736351,3.9544084463834395,0.8246341118006484,0.04,White_constantSy
2019-08-30,242,2019,KWF-2,0.3308457815559706,7.738415834595315,0.532728704303949,0.04,White_constantSy
2019-08-31,243,2019,KWF-2,0.3122791552977037,6.596191938512106,1.2107869439304864,0.04,White_constantSy
2019-09-01,244,2019,KWF-2,0.3351208164646539,7.673318101187874,0.7047023104284733,0.04,White_constantSy
2019-09-02,245,2019,KWF-2,0.3432855621811865,8.152770330002568,0.4293687245270945,0.04,White_constantSy
2019-09-03,246,2019,KWF-2,0.3789878696945959,8.637650131000953,0.8370466113639452,0.04,White_constantSy
2019-09-04,247,2019,KWF-2,0.2710447149158955,7.8122744720189985,-1.036156599121611,0.04,White_constantSy
2019-09-05,248,2019,KWF-2,0.26704055185259506,7.463234787597628,-0.7872209912827515,0.04,White_constantSy
2019-09-06,249,2019,KWF-2,0.3875675562808283,10.00328809187181,-0.3140991848511021,0.04,White_constantSy
2019-09-07,250,2019,KWF-2,0.28968055206819826,6.593953201861069,0.6480605998438875,0.04,White_constantSy
2019-09-08,251,2019,KWF-2,0.33034418620530176,10.888013423050324,-2.6294087679177807,0.04,White_constantSy
2019-09-09,252,2019,KWF-2,0.16698025204019756,5.49753448209529,-1.3230281810903506,0.04,White_constantSy
2019-09-10,253,2019,KWF-2,0.23064361527562482,9.595716822416733,-3.8296264405261127,0.04,White_constantSy
2019-09-11,254,2019,KWF-2,0.10794060822924906,6.104794495207244,-3.406279289476018,0.04,White_constantSy
2019-09-12,255,2019,KWF-2,0.3657694306715132,11.631110886425233,-2.4868751196374035,0.04,White_constantSy
2019-09-13,256,2019,KWF-2,0.28909693808912496,9.011411298834247,-1.7839878466061236,0.04,White_constantSy
2019-09-14,257,2019,KWF-2,0.34596076596235154,8.65791861068277,-0.00889946162398303,0.04,White_constantSy
2019-09-15,258,2019,KWF-2,0.5153271369539709,10.669652590114964,2.213525833734309,0.04,White_constantSy
2019-09-16,259,2019,KWF-2,-0.6813117837517012,6.946585559463301,-23.979380153255832,0.04,White_constantSy
2019-09-17,260,2019,KWF-2,0.7067238506034592,29.354492672441147,-11.686396407354668,0.04,White_constantSy
2019-09-18,261,2019,KWF-2,-0.5562094261158778,-6.024436687765444,-7.8807989651315005,0.04,White_constantSy
2019-09-19,262,2019,KWF-2,0.3171220360887252,14.21861490784584,-6.29056400562771,0.04,White_constantSy
2019-09-20,263,2019,KWF-2,0.11192819259351594,-0.5850375232370411,3.3832423380749397,0.04,White_constantSy
2019-09-21,264,2019,KWF-2,-0.005825361087270338,-2.6870395360671573,2.541405508885399,0.04,White_constantSy
2019-09-22,265,2019,KWF-2,-0.04703916232021925,-3.983614468393924,2.8076354103884427,0.04,White_constantSy
2019-09-23,266,2019,KWF-2,0.07392346052709797,1.5616968343344695,0.28638967884297983,0.04,White_constantSy
2019-09-24,267,2019,KWF-2,0.24322378746285908,4.825767332140508,1.2548273544309687,0.04,White_constantSy
2019-09-25,268,2019,KWF-2,0.2300460320479239,3.631068075673859,2.120082725524238,0.04,White_constantSy
2019-09-26,269,2019,KWF-2,0.11507070684145063,1.403111389757683,1.4736562812785827,0.04,White_constantSy
2019-09-27,270,2019,KWF-2,0.2090723788069927,2.4837565180845687,2.743052952090249,0.04,White_constantSy
2019-09-28,271,2019,KWF-2,-0.5745007826047812,4.614654771324169,-18.9771743364437,0.04,White_constantSy
2019-09-29,272,2019,KWF-2,-0.05510453559480752,-1.9058793664274987,0.5282659765573108,0.04,White_constantSy
2019-09-30,273,2019,KWF-2,-0.18709082193626475,-3.5223453965730585,-1.1549251518335604,0.04,White_constantSy
2019-10-01,274,2019,KWF-2,-0.17197454840322113,-4.3984181451023385,0.09905443502181033,0.04,White_constantSy
2019-10-02,275,2019,KWF-2,-0.1259716858588862,-2.004414312057534,-1.144877834414621,0.04,White_constantSy
2019-10-03,276,2019,KWF-2,0.04128704709177651,-1.9167671277195577,2.9489433050139704,0.04,White_constantSy
2019-10-04,277,2019,KWF-2,0.3206253419930436,8.6548583163225,-0.6392247664964099,0.04,White_constantSy
2019-10-05,278,2019,KWF-2,0.13144333304125397,3.1050780743157596,0.18100525171558957,0.04,White_constantSy
2019-10-06,279,2019,KWF-2,0.1917283290826096,4.43829856781802,0.3549096592472196,0.04,White_constantSy
2019-10-07,280,2019,KWF-2,0.18125362204819526,3.478572399776759,1.052768151428122,0.04,White_constantSy
2019-10-08,281,2019,KWF-2,0.05565640346340345,-0.8527133103182329,2.244123396903319,0.04,White_constantSy
2019-10-09,282,2019,KWF-2,-0.13873755839202276,-1.5609850101316773,-1.9074539496688914,0.04,White_constantSy
2019-10-10,283,2019,KWF-2,-0.2843344237092544,-3.0351819871150205,-4.073178605616339,0.04,White_constantSy
2019-10-11,284,2019,KWF-2,-0.08697281183029429,-2.034001404100076,-0.14031889165728106,0.04,White_constantSy
2019-10-12,285,2019,KWF-2,0.005928419471473418,-1.931383462467906,2.0795939492547415,0.04,White_constantSy
2019-10-13,286,2019,KWF-2,0.11016124941766514,2.1982106407808395,0.5558205946607888,0.04,White_constantSy
2019-10-14,287,2019,KWF-2,-0.06786199620189258,-0.23361541398546493,-1.4629344910618496,0.04,White_constantSy
2019-10-15,288,2019,KWF-2,0.030983759464632783,-0.35443064993430085,1.1290246365501204,0.04,White_constantSy
2019-10-16,289,2019,KWF-2,0.1264695112123931,0.03766832182709834,3.1240694584827295,0.04,White_constantSy
2019-10-17,290,2019,KWF-2,-0.3620881975577608,-6.854289642291899,-2.19791529665212,0.04,White_constantSy
2019-10-18,291,2019,KWF-2,0.0014923567854695109,1.7949036771110372,-1.7575947574742994,0.04,White_constantSy
2019-10-19,292,2019,KWF-2,-0.1000076950183842,-3.008895244629894,0.5087028691702891,0.04,White_constantSy
2021-06-06,157,2021,KWF-2,0.11528678691901462,-0.07378528126409378,2.955954954239459,0.04,White_constantSy
2021-06-07,158,2021,KWF-2,0.0779877193981875,-0.6438529623181921,2.5935459472728795,0.04,White_constantSy
2021-06-08,159,2021,KWF-2,0.000379347486834547,-0.6555673628557912,0.6650510500266549,0.04,White_constantSy
2021-06-09,160,2021,KWF-2,0.12938187906826926,2.51064543504107,0.7239015416656613,0.04,White_constantSy
2021-06-10,161,2021,KWF-2,0.10782746165776302,1.9405608902712146,0.755125651172861,0.04,White_constantSy
2021-06-11,162,2021,KWF-2,0.08611626387080662,0.5727217782734328,1.5801848184967326,0.04,White_constantSy
2021-06-12,163,2021,KWF-2,0.0568046455901694,-0.4483877896550581,1.868503929409293,0.04,White_constantSy
2021-06-13,164,2021,KWF-2,0.1122986142225173,1.0845129958784838,1.7229523596844487,0.04,White_constantSy
2021-06-14,165,2021,KWF-2,0.10147793731594107,2.2664051949647046,0.27054323793382196,0.04,White_constantSy
2021-06-15,166,2021,KWF-2,0.09372611390872124,2.3498492372730624,-0.006696389555031601,0.04,White_constantSy
2021-06-16,167,2021,KWF-2,0.06617390511386531,0.22025132055571817,1.4340963072909148,0.04,White_constantSy
2021-06-17,168,2021,KWF-2,0.06583025624152583,-0.6188870042493022,2.264643410287448,0.04,White_constantSy
2021-06-18,169,2021,KWF-2,0.07229028685318895,-0.17471257501000537,1.981969746339729,0.04,White_constantSy
2021-06-19,170,2021,KWF-2,0.22141809173849936,0.8822784016267349,4.653173891835749,0.04,White_constantSy
2021-06-20,171,2021,KWF-2,0.11385111681880006,1.3419797155378888,1.5042982049321125,0.04,White_constantSy
2021-06-21,172,2021,KWF-2,-0.0012841616837721403,-2.3122417155779544,2.280137673483651,0.04,White_constantSy
2021-06-22,173,2021,KWF-2,-0.04252644303833506,-4.0756103198543485,3.012449243895972,0.04,White_constantSy
2021-06-23,174,2021,KWF-2,0.2626619760271325,4.522186053404198,2.044363347274114,0.04,White_constantSy
2021-06-24,175,2021,KWF-2,0.17898179331057804,3.8534399471995755,0.6211048855648755,0.04,White_constantSy
2021-06-25,176,2021,KWF-2,0.26499654598477945,4.383479738997664,2.241433910621822,0.04,White_constantSy
2021-06-26,177,2021,KWF-2,0.16079432817660688,1.560027635969874,2.459830568445298,0.04,White_constantSy
2021-06-27,178,2021,KWF-2,0.15015851866932906,-0.016504372236880727,3.770467338970107,0.04,White_constantSy
2021-06-28,179,2021,KWF-2,0.04664019867194782,-3.5282557947566886,4.694260761555384,0.04,White_constantSy
2021-06-29,180,2021,KWF-2,0.12636109113819885,-0.8179237651536369,3.976951043608608,0.04,White_constantSy
2021-06-30,181,2021,KWF-2,-0.09237674392513838,-7.447749038597578,5.138330440469119,0.04,White_constantSy
2021-07-01,182,2021,KWF-2,0.01139170925162773,-5.863371333428404,6.148164064719097,0.04,White_constantSy
2021-07-02,183,2021,KWF-2,0.21373535570222088,-0.8207397520766619,6.164123644632184,0.04,White_constantSy
2021-07-03,184,2021,KWF-2,-4.6429130967451275,-0.6271758107427843,-115.4456516078854,0.04,White_constantSy
2024-06-03,155,2024,KWF-2,-0.16534696531993526,-4.264046891292182,0.13037275829380013,0.04,White_constantSy
2024-06-04,156,2024,KWF-2,-0.003304712689220342,-0.02217969052151858,-0.06043812670898996,0.04,White_constantSy
2024-06-05,157,2024,KWF-2,0.06139168533354081,0.44233825623155987,1.0924538771069603,0.04,White_constantSy
2024-06-06,158,2024,KWF-2,0.07996964426961607,1.4267711005839026,0.5724700061564993,0.04,White_constantSy
2024-06-07,159,2024,KWF-2,0.09348902992933561,1.1314919954500198,1.2057337527833702,0.04,White_constantSy
2024-06-08,160,2024,KWF-2,0.09782526322862875,1.934290653969839,0.5113409267458797,0.04,White_constantSy
2024-06-09,161,2024,KWF-2,0.0968452058423004,2.2863312019861795,0.13479894407133042,0.04,White_constantSy
2024-06-10,162,2024,KWF-2,0.22659927640331246,5.5202765834557805,0.1447053266270304,0.04,White_constantSy
2024-06-11,163,2024,KWF-2,0.28307618033287696,4.571919489355025,2.5049850189668987,0.04,White_constantSy
2024-06-12,164,2024,KWF-2,0.7028375873570031,13.147692854757775,4.423246829167301,0.04,White_constantSy
2024-06-13,165,2024,KWF-2,1.180931944130556,26.46183298632714,3.0614656169367596,0.04,White_constantSy
2024-06-14,166,2024,KWF-2,0.6914711887056898,13.303402090827955,3.9833776268142884,0.04,White_constantSy
2024-06-15,167,2024,KWF-2,0.6334200601740312,13.24156552795619,2.59393597639459,0.04,White_constantSy
2024-06-16,168,2024,KWF-2,0.4313087832014439,7.553568281759816,3.229151298276282,0.04,White_constantSy
2024-06-17,169,2024,KWF-2,0.10207368873427129,3.828075079995564,-1.276232861638782,0.04,White_constantSy
2024-06-18,170,2024,KWF-2,0.40937366161627253,11.65124702060718,-1.4169054802003664,0.04,White_constantSy
2024-06-19,171,2024,KWF-2,0.5559188245823501,10.999739596077184,2.8982310184815674,0.04,White_constantSy
2024-06-20,172,2024,KWF-2,0.46689963032629667,8.969143182005745,2.703347576151671,0.04,White_constantSy
2024-06-21,173,2024,KWF-2,0.20726096156668888,2.5657305035583278,2.615793535608894,0.04,White_constantSy
2024-06-22,174,2024,KWF-2,-0.031199700102113752,-4.598643377855538,3.818650875302694,0.04,White_constantSy
2024-06-23,175,2024,KWF-2,-0.07795840056635968,-6.3842068851769795,4.435246871017988,0.04,White_constantSy
2024-06-24,176,2024,KWF-2,0.0486074908278556,-2.1087678399947407,3.3239551106911307,0.04,White_constantSy
2024-06-25,177,2024,KWF-2,-0.008831862510019732,-2.2577034614122766,2.0369068986617833,0.04,White_constantSy
2024-06-26,178,2024,KWF-2,0.024443638651072776,-3.0169632515217444,3.6280542177985637,0.04,White_constantSy
2024-06-27,179,2024,KWF-2,0.1393239571766344,0.3681755936880933,3.1149233357277666,0.04,White_constantSy
2024-06-28,180,2024,KWF-2,0.042730653014913855,-2.2231762133969823,3.2914425387698287,0.04,White_constantSy
2024-06-29,181,2024,KWF-2,0.23752615190573323,4.306679616304265,1.6314741813390654,0.04,White_constantSy
2024-06-30,182,2024,KWF-2,0.304837912158348,6.6071242663678476,1.0138235375908522,0.04,White_constantSy
2024-07-01,183,2024,KWF-2,0.11099327285712235,0.25346081604737947,2.5213710053806793,0.04,White_constantSy
2024-07-02,184,2024,KWF-2,0.2938689348510124,5.549440361737723,1.797283009537587,0.04,White_constantSy
2024-07-03,185,2024,KWF-2,0.18508983085848768,2.832941198905914,1.7943045725562783,0.04,White_constantSy
2024-07-04,186,2024,KWF-2,0.262558021059769,5.2464320082063125,1.3175185182879119,0.04,White_constantSy
2024-07-05,187,2024,KWF-2,0.3116827970302137,5.475744938817286,2.3163249869380564,0.04,White_constantSy
2024-07-06,188,2024,KWF-2,0.22491049383353925,3.2230379338162436,2.3997244120222376,0.04,White_constantSy
2024-07-07,189,2024,KWF-2,0.28171024216290846,4.735052370717341,2.3077036833553706,0.04,White_constantSy
2024-07-08,190,2024,KWF-2,0.3229030220682108,5.301757328930989,2.770818222774281,0.04,White_constantSy
2024-07-09,191,2024,KWF-2,0.17025461191468025,2.141875043917139,2.1144902539498673,0.04,White_constantSy
2024-07-10,192,2024,KWF-2,0.23612469447994783,3.632834445671307,2.270282916327389,0.04,White_constantSy
2024-07-11,193,2024,KWF-2,0.12938289833322075,1.149128687645316,2.0854437706852025,0.04,White_constantSy
2024-07-12,194,2024,KWF-2,1.2203922067276183,1.9144294185477122,28.59537574964274,0.04,White_constantSy
2024-08-11,224,2024,KWF-2,0.12572329386634692,2.753781334398383,0.38930101226029024,0.04,White_constantSy
2024-08-12,225,2024,KWF-2,0.15371161278936313,3.2762065573681127,0.5665837623659655,0.04,White_constantSy
2024-08-13,226,2024,KWF-2,0.3018652846880673,8.101527254082356,-0.554895136880674,0.04,White_constantSy
2024-08-14,227,2024,KWF-2,0.23066286392410973,6.45159232802186,-0.6850207299191169,0.04,White_constantSy
2024-08-15,228,2024,KWF-2,0.04569192948260934,0.948921639216536,0.19337659784869743,0.04,White_constantSy
2024-08-16,229,2024,KWF-2,0.06415974724141223,0.7353445646891998,0.8686491163461056,0.04,White_constantSy
2024-08-17,230,2024,KWF-2,0.10100812351863908,2.363609183820614,0.1615939041453629,0.04,White_constantSy
2024-08-18,231,2024,KWF-2,0.17610503467894262,4.507579881854127,-0.10495401488056189,0.04,White_constantSy
2024-08-19,232,2024,KWF-2,0.148781460776587,4.4448046227704765,-0.7252681033558019,0.04,White_constantSy
2024-08-20,233,2024,KWF-2,0.28422485008846365,6.715932300254224,0.38968895195736764,0.04,White_constantSy
2024-08-21,234,2024,KWF-2,0.1644312632375801,3.9263148352947326,0.1844667456447695,0.04,White_constantSy
2024-08-22,235,2024,KWF-2,0.14266645977907844,1.5187993814061258,2.0478621130708348,0.04,White_constantSy
2024-08-23,236,2024,KWF-2,0.1550186952395478,5.379834190190991,-1.5043668092022955,0.04,White_constantSy
2024-08-24,237,2024,KWF-2,-0.10182715526619347,3.751968978944433,-6.29764786059927,0.04,White_constantSy
2024-08-25,238,2024,KWF-2,-0.14218818178152107,-6.09978167415602,2.5450771296179937,0.04,White_constantSy
2024-08-26,239,2024,KWF-2,0.10812007166969977,2.0533954507504006,0.6496063409920936,0.04,White_constantSy
2024-08-27,240,2024,KWF-2,0.1493183533413128,2.7590421539531746,0.973916679579645,0.04,White_constantSy
2024-08-28,241,2024,KWF-2,0.0974029321080883,1.9484638396392029,0.48660946306300445,0.04,White_constantSy
2024-08-29,242,2024,KWF-2,0.18881230663634654,4.791187391603614,-0.07087972569495093,0.04,White_constantSy
2024-08-30,243,2024,KWF-2,0.14230011043147614,3.7870719783082336,-0.22956921752133042,0.04,White_constantSy
2024-08-31,244,2024,KWF-2,0.1424333349498693,3.124784569374441,0.436048804372291,0.04,White_constantSy
2024-09-01,245,2024,KWF-2,0.08234601343231247,0.7597736539100026,1.2988766818978092,0.04,White_constantSy
2024-09-02,246,2024,KWF-2,0.18958716684796229,5.098068106990667,-0.35838893579160924,0.04,White_constantSy
2024-09-03,247,2024,KWF-2,0.11020111594195328,3.629677922674148,-0.8746500241253159,0.04,White_constantSy
2024-09-04,248,2024,KWF-2,0.10156485384299402,3.0275906726302537,-0.4884693265554034,0.04,White_constantSy
2024-09-05,249,2024,KWF-2,0.18433688672389623,4.871849183136902,-0.26342701503949684,0.04,White_constantSy
2024-09-06,250,2024,KWF-2,0.13196536262855432,2.509674929434482,0.7894591362793761,0.04,White_constantSy
2024-09-07,251,2024,KWF-2,0.18616217027720666,3.5384981197928767,1.1155561371372897,0.04,White_constantSy
2024-09-08,252,2024,KWF-2,0.21537999994560267,5.866283437733301,-0.48178343909323473,0.04,White_constantSy
2024-09-09,253,2024,KWF-2,0.21193660739772668,5.380037110899366,-0.08162192595619899,0.04,White_constantSy
2024-09-10,254,2024,KWF-2,0.20542207145494729,3.8202155426738216,1.3153362436998606,0.04,White_constantSy
2024-09-11,255,2024,KWF-2,0.09719294812547447,2.519868200036683,-0.09004449689982152,0.04,White_constantSy
2024-09-12,256,2024,KWF-2,-0.011820337723733587,0.17673477546509275,-0.47224321855843243,0.04,White_constantSy
2024-09-13,257,2024,KWF-2,0.03167692595476638,1.2143346423406456,-0.4224114934714862,0.04,White_constantSy
2024-09-14,258,2024,KWF-2,0.13362260933079426,2.792948940515714,0.5476162927541424,0.04,White_constantSy
2024-09-15,259,2024,KWF-2,0.14340606006050677,2.5891624365293353,0.9959890649833341,0.04,White_constantSy
2024-09-16,260,2024,KWF-2,-0.048961063517521664,-0.11800564781867706,-1.1060209401193646,0.04,White_constantSy
2024-09-17,261,2024,KWF-2,0.04937031344695413,2.250035380540311,-1.0157775443664576,0.04,White_constantSy
2024-09-18,262,2024,KWF-2,-0.03725841479668361,0.27150408156049366,-1.202964451477584,0.04,White_constantSy
2024-09-19,263,2024,KWF-2,-0.08489559484319102,-2.3807007289587716,0.2583108578789961,0.04,White_constantSy
2024-09-20,264,2024,KWF-2,-0.031364592142546145,-0.976088317286326,0.19197351372267235,0.04,White_constantSy
2024-09-21,265,2024,KWF-2,0.03082178182448729,0.8452683198318027,-0.07472377421962051,0.04,White_constantSy
2024-09-22,266,2024,KWF-2,0.002220267831775118,0.5283928728383955,-0.4728861770440176,0.04,White_constantSy
2024-09-23,267,2024,KWF-2,0.00023372254159880867,-0.20026899165807777,0.20611205519804798,0.04,White_constantSy
2024-09-24,268,2024,KWF-2,0.5355538804890346,14.857020810456277,-1.46817379823041,0.04,White_constantSy
2024-09-25,269,2024,KWF-2,0.122106563437369,3.0831357409001043,-0.030471654965879225,0.04,White_constantSy
2024-09-26,270,2024,KWF-2,-0.13234816328308624,-2.582305541437165,-0.7263985406399911,0.04,White_constantSy
2024-09-27,271,2024,KWF-2,0.023584476934386773,0.13303794295001126,0.456573980409658,0.04,White_constantSy
2024-09-28,272,2024,KWF-2,0.015197604578943924,-0.13885241594593367,0.5187925304195318,0.04,White_constantSy
2024-09-29,273,2024,KWF-2,0.09283614640161034,3.2722569990481247,-0.9513533390078663,0.04,White_constantSy
2024-09-30,274,2024,KWF-2,0.1115628960308868,3.9494839324807742,-1.1604115317086041,0.04,White_constantSy
2024-10-01,275,2024,KWF-2,0.1119403418991692,2.5449187078496323,0.2535898396295977,0.04,White_constantSy
2024-10-02,276,2024,KWF-2,0.10785794740045447,1.722678246102305,0.9737704389090567,0.04,White_constantSy
2024-10-03,277,2024,KWF-2,0.03567785390364975,0.9527722583626996,-0.06082591077145594,0.04,White_constantSy
2024-10-04,278,2024,KWF-2,0.018172741876731492,1.4188925892973714,-0.9645740423790841,0.04,White_constantSy
2024-10-05,279,2024,KWF-2,0.024423902338599535,0.34803711288628847,0.26256044557869984,0.04,White_constantSy
2024-10-06,280,2024,KWF-2,0.017535860518443087,0.3874403773188817,0.05095613564219548,0.04,White_constantSy
2024-10-07,281,2024,KWF-2,0.0025817769052378027,-0.9422833135694475,1.0068277362003926,0.04,White_constantSy
2024-10-08,282,2024,KWF-2,-0.01760250394705281,-0.6770765539975798,0.23701395532125957,0.04,White_constantSy
2024-10-09,283,2024,KWF-2,0.007596045392241991,0.6614678702899539,-0.47156673548390415,0.04,White_constantSy
2024-10-10,284,2024,KWF-2,0.029960438984645066,0.9205482960183531,-0.17153732140222644,0.04,White_constantSy
2024-10-11,285,2024,KWF-2,0.08385581013619117,2.3563416609757155,-0.25994640757093634,0.04,White_constantSy
2024-10-12,286,2024,KWF-2,-0.05313150934019575,-1.138222128558965,-0.1900656049459286,0.04,White_constantSy
2024-10-13,287,2024,KWF-2,-0.04712797879246011,-1.4900511968072294,0.3118517269957266,0.04,White_constantSy
2024-10-14,288,2024,KWF-2,0.005878864647328896,0.03644233022015442,0.11052928596306799,0.04,White_constantSy
2024-10-15,289,2024,KWF-2,0.04148780557786438,0.8744394662560069,0.16275567319060258,0.04,White_constantSy
2024-10-16,290,2024,KWF-2,-0.04432851671536582,-0.14604976612733367,-0.9621631517568119,0.04,White_constantSy
2024-10-17,291,2024,KWF-2,-0.14756566897095583,-3.917216197503677,0.22807447322978192,0.04,White_constantSy
2024-10-18,292,2024,KWF-2,0.0018381462831081308,2.2463801381699398,-2.2004264810922365,0.04,White_constantSy
2024-10-19,293,2024,KWF-2,-0.08199994497356614,-3.1770932321154817,1.1270946077763284,0.04,White_constantSy
2024-10-20,294,2024,KWF-2,0.08246017990730707,1.5590833136481592,0.5024211840345174,0.04,White_constantSy
2024-10-21,295,2024,KWF-2,-0.024168606651154504,-1.0789613560947373,0.4747461898158747,0.04,White_constantSy
2024-10-22,296,2024,KWF-2,-0.014309148383248954,-0.09788853231569306,-0.25984017726553077,0.04,White_constantSy
2024-10-23,297,2024,KWF-2,0.0031051232629988592,-0.1343439706681977,0.21197205224316917,0.04,White_constantSy
2024-10-24,298,2024,KWF-2,0.02957673172628006,0.44136227541429207,0.2980560177427094,0.04,White_constantSy
2024-10-25,299,2024,KWF-2,-0.06359008674029781,-0.5786925332721182,-1.011059635235327,0.04,White_constantSy
2024-10-26,300,2024,KWF-2,-0.05610203998354109,-2.222698213780518,0.8201472141919908,0.04,White_constantSy
2024-10-27,301,2024,KWF-2,-0.06857064889808669,-3.2490930259033064,1.5348268034511392,0.04,White_constantSy
2024-10-28,302,2024,KWF-2,-0.17255442992662837,-3.8845141494391555,-0.42934659872655345,0.04,White_constantSy
2024-10-29,303,2024,KWF-2,-0.202713049821578,-4.491778576208901,-0.5760476693305492,0.04,White_constantSy
2024-10-30,304,2024,KWF-2,-0.08478581436335049,-2.4373437099555417,0.31769835087177967,0.04,White_constantSy
2024-10-31,305,2024,KWF-2,-0.11492756603517534,-2.0638329236907396,-0.8093562271886441,0.04,White_constantSy
2024-11-01,306,2024,KWF-2,0.09041801461438581,1.098502106984256,1.1619482583753893,0.04,White_constantSy
2024-11-02,307,2024,KWF-2,-0.112622738339781,-0.5429736582845806,-2.2725948002099443,0.04,White_constantSy
2024-11-03,308,2024,KWF-2,-0.22438353976840347,-5.535074556837031,-0.07451393737305523,0.04,White_constantSy
2024-11-04,309,2024,KWF-2,-0.0731815154402824,-1.139880308960528,-0.6896575770465319,0.04,White_constantSy
2024-11-05,310,2024,KWF-2,-0.2501173671298335,-7.106946960289349,0.8540127820435117,0.04,White_constantSy
2024-11-06,311,2024,KWF-2,0.0437303530564742,1.1651292662651542,-0.07187043985329922,0.04,White_constantSy
2024-11-07,312,2024,KWF-2,0.06994501243837135,2.1786055663189643,-0.42998025535968054,0.04,White_constantSy
2024-11-08,313,2024,KWF-2,0.062199473917413574,0.9718959024646665,0.5830909454706728,0.04,White_constantSy
2024-11-09,314,2024,KWF-2,-1.8900011233906844,-1.2272872528032792,-46.02274083196383,0.04,White_constantSy
2025-06-19,170,2025,KWF-2,0.20850320125951072,1.8262118310257591,3.386368200462009,0.04,White_constantSy
2025-06-20,171,2025,KWF-2,0.05497510319066379,0.09302438838645344,1.2813531913801413,0.04,White_constantSy
2025-06-21,172,2025,KWF-2,-0.046346400048712155,0.14518705938186827,-1.3038470605996721,0.04,White_constantSy
2025-06-22,173,2025,KWF-2,0.012934177551464643,2.5835893370445007,-2.2602348982578846,0.04,White_constantSy
2025-06-23,174,2025,KWF-2,0.13488521033141865,5.47430015494399,-2.1021698966585234,0.04,White_constantSy
2025-06-24,175,2025,KWF-2,0.4108751508212254,5.122474839035007,5.149403931495627,0.04,White_constantSy
2025-06-25,176,2025,KWF-2,0.24692487990458858,4.360938014955053,1.8121839826596613,0.04,White_constantSy
2025-06-26,177,2025,KWF-2,0.3356426997011272,6.281155860960695,2.109911631567485,0.04,White_constantSy
2025-06-27,178,2025,KWF-2,0.32111413464118643,6.9318159391120275,1.0960374269176327,0.04,White_constantSy
2025-06-28,179,2025,KWF-2,0.1857240273247652,3.1770898951026822,1.4660107880164475,0.04,White_constantSy
2025-06-29,180,2025,KWF-2,0.2279912666376572,3.9693149339871354,1.7304667319542943,0.04,White_constantSy
2025-06-30,181,2025,KWF-2,0.14350165074290375,1.9776064861058558,1.6099347824667376,0.04,White_constantSy
2025-07-01,182,2025,KWF-2,0.2521310316660373,5.06403219755245,1.2392435940984825,0.04,White_constantSy
2025-07-02,183,2025,KWF-2,0.1299666490969713,1.2782845829477196,1.970881644476563,0.04,White_constantSy
2025-07-03,184,2025,KWF-2,0.19019573587698346,3.2054808953596137,1.549412501564973,0.04,White_constantSy
2025-07-04,185,2025,KWF-2,0.07945448358210457,0.882463120034771,1.103898969517843,0.04,White_constantSy
2025-07-05,186,2025,KWF-2,0.12107955315498486,2.11733177484561,0.9096570540290116,0.04,White_constantSy
2025-07-06,187,2025,KWF-2,0.20763334010628398,2.862563507314775,2.3282699953423247,0.04,White_constantSy
2025-07-07,188,2025,KWF-2,0.17457287027073676,2.5001969611864183,1.8641247955820006,0.04,White_constantSy
2025-07-08,189,2025,KWF-2,0.20067314240050393,2.698182809644578,2.3186457503680202,0.04,White_constantSy
2025-07-09,190,2025,KWF-2,0.41710360993499024,9.988385907265496,0.4392043411092601,0.04,White_constantSy
2025-07-10,191,2025,KWF-2,0.10717685210348578,1.274717270296577,1.4047040322905673,0.04,White_constantSy
2025-07-11,192,2025,KWF-2,0.23565944427519298,3.5919475105728793,2.2995385963069452,0.04,White_constantSy
2025-07-12,193,2025,KWF-2,0.09331580670524545,-0.87345868298803,3.2063538506191662,0.04,White_constantSy
2025-07-13,194,2025,KWF-2,0.2753923620166796,3.9084015428284715,2.976407507588519,0.04,White_constantSy
2025-07-14,195,2025,KWF-2,0.3668263231768583,5.643089500017595,3.5275685794038623,0.04,White_constantSy
2025-07-15,196,2025,KWF-2,0.14200953776326344,-1.869370247088085,5.419608691169671,0.04,White_constantSy
2025-07-16,197,2025,KWF-2,0.0994210632651749,-2.2606979714517195,4.746224553081092,0.04,White_constantSy
2025-07-17,198,2025,KWF-2,0.07734997958904159,-3.9992639103666647,5.933013400092705,0.04,White_constantSy
2025-07-18,199,2025,KWF-2,0.03853252571875032,-4.922992490772771,5.886305633741529,0.04,White_constantSy
2025-07-19,200,2025,KWF-2,0.22567998127485056,-1.533066681268025,7.175066213139289,0.04,White_constantSy
2025-07-20,201,2025,KWF-2,0.19699389016332475,-1.7908881917908275,6.715735445873946,0.04,White_constantSy
2025-07-21,202,2025,KWF-2,0.08477827095380462,0.663375227092331,1.4560815467527846,0.04,White_constantSy
2025-07-22,203,2025,KWF-2,-0.05748069912105507,-0.6854376420787958,-0.7515798359475809,0.04,White_constantSy
2025-07-23,204,2025,KWF-2,-0.10003875695104285,-2.2038099217791114,-0.29715900199695966,0.04,White_constantSy
2025-07-24,205,2025,KWF-2,0.12356586264495263,3.108177682049984,-0.01903111592616824,0.04,White_constantSy
2025-07-25,206,2025,KWF-2,0.07486947657646852,1.3860413285190702,0.4856955858926426,0.04,White_constantSy
2025-07-26,207,2025,KWF-2,0.02797470307983417,0.6190609424038485,0.08030663459200582,0.04,White_constantSy
2025-07-27,208,2025,KWF-2,-0.061693579542707086,-0.5838869590949685,-0.9584525294727086,0.04,White_constantSy
2025-07-28,209,2025,KWF-2,-0.04990669535113057,-1.233841313157086,-0.013826070621178133,0.04,White_constantSy
2025-07-29,210,2025,KWF-2,-0.0027799972677644293,0.036502850614226645,-0.10600278230833737,0.04,White_constantSy
2025-07-30,211,2025,KWF-2,-0.08245785340295242,-2.633320755804732,0.5718744207309214,0.04,White_constantSy
2025-07-31,212,2025,KWF-2,-0.06112484521787792,-0.48440428035996774,-1.0437168500869802,0.04,White_constantSy
2025-08-01,213,2025,KWF-2,-0.04952202324732525,-0.9041010566260184,-0.3339495245571129,0.04,White_constantSy
2025-08-02,214,2025,KWF-2,-0.11379818468636473,-3.454153616838653,0.6091989996795348,0.04,White_constantSy
2025-08-03,215,2025,KWF-2,0.08151206795411668,1.362504409511132,0.6752972893417848,0.04,White_constantSy
2025-08-04,216,2025,KWF-2,-0.09187283180612667,-2.6180916157425145,0.32127082058934775,0.04,White_constantSy
2025-08-05,217,2025,KWF-2,-0.04862396509814289,-0.3904582369866034,-0.8251408904669688,0.04,White_constantSy
2025-08-06,218,2025,KWF-2,-0.02612830367711922,-0.4685635337182248,-0.1846440582097557,0.04,White_constantSy
2025-08-07,219,2025,KWF-2,0.04120841865493162,0.314562758893544,0.7156477074797465,0.04,White_constantSy
2025-08-08,220,2025,KWF-2,0.08573285043602823,2.2222628019213744,-0.07894154102066864,0.04,White_constantSy
2025-08-09,221,2025,KWF-2,0.03203322390423182,1.1531927574332599,-0.35236215982746444,0.04,White_constantSy
2025-08-10,222,2025,KWF-2,-0.09917635958917118,-2.40008203886606,-0.07932695086321928,0.04,White_constantSy
2025-08-11,223,2025,KWF-2,0.14912776939170955,3.3696527877889366,0.35854144700380175,0.04,White_constantSy
2025-08-12,224,2025,KWF-2,-0.014403864012881514,-0.4843651271483509,0.12426852682631306,0.04,White_constantSy
2025-08-13,225,2025,KWF-2,-0.06341310465237598,-1.540619863652637,-0.04470775265676252,0.04,White_constantSy
2025-08-14,226,2025,KWF-2,-0.05192221756457343,-2.0397821714975635,0.7417267323832277,0.04,White_constantSy
2025-08-15,227,2025,KWF-2,-0.024546713311871145,-0.6019473459920732,-0.011720486804705388,0.04,White_constantSy
2025-08-16,228,2025,KWF-2,0.11508668515714816,3.108188038636058,-0.2310209097073539,0.04,White_constantSy
2025-08-17,229,2025,KWF-2,-0.004010561466587887,-0.6938799401968936,0.5936159035321964,0.04,White_constantSy
2025-08-18,230,2025,KWF-2,-0.009445761602153198,0.9198077925101984,-1.1559518325640283,0.04,White_constantSy
2025-08-19,231,2025,KWF-2,-0.09450095317769865,-1.8704799909282883,-0.4920438385141779,0.04,White_constantSy
2025-08-20,232,2025,KWF-2,-0.0282744237093425,-0.5848209089894567,-0.12203968374410579,0.04,White_constantSy
2025-08-21,233,2025,KWF-2,-0.014109098416203097,-0.9534471427520543,0.6007196823469769,0.04,White_constantSy
2025-08-22,234,2025,KWF-2,0.043647876170482505,0.8010109850502545,0.29018591921180814,0.04,White_constantSy
2025-08-23,235,2025,KWF-2,0.049116950089245395,2.0238647869258557,-0.7959410346947209,0.04,White_constantSy
2025-08-24,236,2025,KWF-2,0.0,-4.031574930860415,0.7665566758294631,0.04,White_constantSy
2025-08-25,237,2025,KWF-2,0.0,-0.9867490562691614,0.139353519311868,0.04,White_constantSy
2025-08-26,238,2025,KWF-2,0.0,1.0735046033451567,-0.4543682306312746,0.04,White_constantSy
2025-08-27,239,2025,KWF-2,0.0,-2.0343369366084403,-0.3874300554132617,0.04,White_constantSy
2025-08-28,240,2025,KWF-2,0.0,-1.6592953026751047,0.5998530857885669,0.04,White_constantSy
2025-08-29,241,2025,KWF-2,-0.02433908459392683,-0.27194829447466873,-0.33652882037350196,0.04,White_constantSy
2025-08-30,242,2025,KWF-2,0.0695576536027852,1.426683859678235,0.3122574803913949,0.04,White_constantSy
2025-08-31,243,2025,KWF-2,0.06053759766711209,1.6586629733363907,-0.1452230316585883,0.04,White_constantSy
2025-09-01,244,2025,KWF-2,0.01992020146267919,0.31815060544664675,0.17985443112033295,0.04,White_constantSy
2025-09-02,245,2025,KWF-2,0.0,1.5569547184952626,0.03711098214563435,0.04,White_constantSy
2025-09-03,246,2025,KWF-2,0.0,2.7032064775038407,-0.20010419834142112,0.04,White_constantSy
2025-09-04,247,2025,KWF-2,0.0,0.2074968683934344,0.9420753375389381,0.04,White_constantSy
2025-09-05,248,2025,KWF-2,0.0,-0.7848779686148646,-0.14333264198978668,0.04,White_constantSy
2025-09-06,249,2025,KWF-2,-0.04891870253737693,-0.5711127110355392,-0.6518548523988841,0.04,White_constantSy
2025-09-07,250,2025,KWF-2,-0.05446303926446376,-1.235499581996578,-0.12607639961501604,0.04,White_constantSy
2025-09-08,251,2025,KWF-2,-0.02438823575958395,-1.555841213313954,0.9461353193243554,0.04,White_constantSy
2025-09-09,252,2025,KWF-2,0.03426359834798746,-0.09186401431344393,0.9484539730131303,0.04,White_constantSy
2025-09-10,253,2025,KWF-2,0.10592611960623231,2.9967667878981956,-0.348613797742388,0.04,White_constantSy
2025-09-11,254,2025,KWF-2,0.015154199209216585,1.2074643501494506,-0.828609369919036,0.04,White_constantSy
2025-09-12,255,2025,KWF-2,0.02768137497658472,0.8362721655921632,-0.1442377911775452,0.04,White_constantSy
2025-09-13,256,2025,KWF-2,0.013011111187410052,0.21028388112313223,0.11499389856211906,0.04,White_constantSy
2025-09-14,257,2025,KWF-2,-0.06092659317964717,-1.9338201090740768,0.4106552795828975,0.04,White_constantSy
2025-09-15,258,2025,KWF-2,0.07291554401054441,2.9049911167128926,-1.0821025164492823,0.04,White_constantSy
2025-09-16,259,2025,KWF-2,-0.08548092000410862,-1.5892224008666744,-0.5478005992360409,0.04,White_constantSy
2025-09-17,260,2025,KWF-2,-0.05663044738898293,-2.2419487319210134,0.8261875471964402,0.04,White_constantSy
2025-09-18,261,2025,KWF-2,-0.03130989633505465,-1.8750485388511038,1.0923011304747376,0.04,White_constantSy
2025-09-19,262,2025,KWF-2,-0.07657283385746723,-1.3829543066360657,-0.5313665398006151,0.04,White_constantSy
2025-09-20,263,2025,KWF-2,-0.014599445143177264,0.36219171622224167,-0.7271778448016732,0.04,White_constantSy
2025-09-21,264,2025,KWF-2,-0.08752546950217266,-2.474183317153006,0.28604657959868973,0.04,White_constantSy
2025-09-22,265,2025,KWF-2,0.001165067926942811,-0.16802178610038254,0.19714848427395282,0.04,White_constantSy
2025-09-23,266,2025,KWF-2,0.12848148703526363,3.7755456857266836,-0.5635085098450929,0.04,White_constantSy
2025-09-24,267,2025,KWF-2,0.07451694121315314,2.2620697300975507,-0.39914619976872245,0.04,White_constantSy
2025-09-25,268,2025,KWF-2,-0.17492781581173972,-5.833822532194461,1.4606271369009676,0.04,White_constantSy
2025-09-26,269,2025,KWF-2,0.15352642436359248,4.505218485858052,-0.66705787676824,0.04,White_constantSy
2025-09-27,270,2025,KWF-2,-0.12511428210818848,-3.5912202449341066,0.46336319222939437,0.04,White_constantSy
2025-09-28,271,2025,KWF-2,-0.1320214855713573,-3.3409062713801063,0.0403691320961741,0.04,White_constantSy
2025-09-29,272,2025,KWF-2,-0.06680989958246869,-2.6191280256434766,0.9488805360817594,0.04,White_constantSy
2025-09-30,273,2025,KWF-2,-0.03096102593474825,0.11124975752147748,-0.8852754058901837,0.04,White_constantSy
2025-10-01,274,2025,KWF-2,-0.03700769385089757,-1.021548311651486,0.09635596537904689,0.04,White_constantSy
2025-10-02,275,2025,KWF-2,0.0,-2.9559494923930174,-106.2773854009162,0.04,White_constantSy
2025-10-03,276,2025,KWF-2,0.0,0.7880195759231157,-7.401490519501056,0.04,White_constantSy
2025-10-04,277,2025,KWF-2,0.0,-2.572209519843959,1.739864309735676,0.04,White_constantSy
2025-10-05,278,2025,KWF-2,0.0,1.7311645471913764,1.8874817767530416,0.04,White_constantSy
2025-10-06,279,2025,KWF-2,-0.18287876982928722,-4.080585241862522,-0.4913840038696584,0.04,White_constantSy
2025-10-07,280,2025,KWF-2,0.015223686375023249,0.5083646698501809,-0.1277725104745997,0.04,White_constantSy
2025-10-08,281,2025,KWF-2,0.05342253951934524,1.1514648126506941,0.18409867533293678,0.04,White_constantSy
2025-10-09,282,2025,KWF-2,0.018584146033461337,-1.3202919990597195,1.784895649896253,0.04,White_constantSy
2025-10-10,283,2025,KWF-2,0.06745377729894302,1.661496263527674,0.02484816894590125,0.04,White_constantSy
2025-10-11,284,2025,KWF-2,-0.1003894038038247,-0.6944420888999261,-1.8152930061956916,0.04,White_constantSy
2025-10-12,285,2025,KWF-2,0.09333606520298318,6.255829517877132,-3.9224278878025522,0.04,White_constantSy
2025-10-13,286,2025,KWF-2,-0.1845726729826822,-1.4743716740262869,-3.1399451505407683,0.04,White_constantSy
2025-10-14,287,2025,KWF-2,0.0,0.11205179369326856,-3.38224015718502,0.04,White_constantSy
2025-10-15,288,2025,KWF-2,0.0,2.0801461308863836,-2.1428841567910695,0.04,White_constantSy
2025-10-16,289,2025,KWF-2,0.0,-4.809462229966499,1.8982393042143997,0.04,White_constantSy
2025-10-17,290,2025,KWF-2,0.0,-1.1756994811200627,2.172313584092219,0.04,White_constantSy
2025-10-18,291,2025,KWF-2,-0.012972809788671213,-1.0299640721420644,0.7056438274252841,0.04,White_constantSy
2025-10-19,292,2025,KWF-2,0.04952810542461336,-0.6430532353135732,1.8812558709289071,0.04,White_constantSy
2025-10-20,293,2025,KWF-2,0.008225298178799675,0.7826104922429309,-0.576978037772939,0.04,White_constantSy
2025-10-21,294,2025,KWF-2,-0.1470127482517168,-4.320199705998419,0.6448809997054994,0.04,White_constantSy
2025-10-22,295,2025,KWF-2,-0.09614757757290633,-1.351988161626828,-1.0517012776958303,0.04,White_constantSy
2025-10-23,296,2025,KWF-2,-0.04139318233463101,-1.677098437071244,0.6422688787054689,0.04,White_constantSy
2025-10-24,297,2025,KWF-2,-0.020725523905603182,-1.7736866634876733,1.2555485658475938,0.04,White_constantSy
2025-10-25,298,2025,KWF-2,-0.09426076076018575,2.1247793964551676,-4.481298415459811,0.04,White_constantSy
2025-10-26,299,2025,KWF-2,-0.2615018545561155,-4.428957297655245,-2.1085890662476423,0.04,White_constantSy
2025-10-27,300,2025,KWF-2,0.0076033865746161665,-1.9372010728815567,2.127285737246961,0.04,White_constantSy
2025-10-28,301,2025,KWF-2,0.01884910378043898,-0.07991581632078493,0.5511434108317594,0.04,White_constantSy
2025-10-29,302,2025,KWF-2,-0.08122386152140791,-2.370568141992969,0.33997160395777115,0.04,White_constantSy
2025-10-30,303,2025,KWF-2,0.01166402951678606,-1.0170598915124387,1.3086606294320902,0.04,White_constantSy
2018-07-16,197,2018,KWR-1,0.15409861430791097,3.1580274026488127,0.6944379550489614,0.04,White_constantSy
2018-07-17,198,2018,KWR-1,0.2864651991507972,7.195691021041071,-0.03406104227114071,0.04,White_constantSy
2018-07-26,207,2018,KWR-1,0.16421107652833114,2.9318531318093264,1.1734237813989523,0.04,White_constantSy
2018-07-27,208,2018,KWR-1,0.22529020871792796,4.407886657099127,1.2243685608490722,0.04,White_constantSy
2018-08-25,237,2018,KWR-1,0.1072165244249561,2.9146624386790165,-0.2342493280551139,0.04,White_constantSy
2018-08-26,238,2018,KWR-1,0.2994863216745688,4.711365744575289,2.7757922972889304,0.04,White_constantSy
2018-08-29,241,2018,KWR-1,0.04454041669864495,-0.1316687371719638,1.2451791546380875,0.04,White_constantSy
2018-08-30,242,2018,KWR-1,0.13543249428964543,3.9927700378601827,-0.6069576806190469,0.04,White_constantSy
2018-08-31,243,2018,KWR-1,0.04492055250896243,0.24559571772115874,0.877418095002902,0.04,White_constantSy
2018-09-01,244,2018,KWR-1,0.08198449495903049,2.265794477719396,-0.216182103743634,0.04,White_constantSy
2018-09-02,245,2018,KWR-1,0.08642072043012661,2.7223453848076673,-0.5618273740545021,0.04,White_constantSy
2018-09-03,246,2018,KWR-1,-0.023620175958313894,-0.7965474920190729,0.2060430930612256,0.04,White_constantSy
2018-09-04,247,2018,KWR-1,0.09204015614930938,2.5072894866717377,-0.20628558293900312,0.04,White_constantSy
2018-09-05,248,2018,KWR-1,-0.05197179416654052,-0.4020291006426646,-0.8972657535208484,0.04,White_constantSy
2018-09-06,249,2018,KWR-1,0.03925889549501704,0.8749372667235633,0.10653512065186277,0.04,White_constantSy
2018-09-07,250,2018,KWR-1,0.047745122405579536,1.1335314613283742,0.06009659881111418,0.04,White_constantSy
2018-09-08,251,2018,KWR-1,-0.04612387654977795,-1.7355531221220133,0.5824562083775646,0.04,White_constantSy
2018-09-09,252,2018,KWR-1,-0.01101976696453022,-0.8840567297610846,0.6085625556478291,0.04,White_constantSy
2018-09-10,253,2018,KWR-1,0.14059687814978616,3.6294204040842715,-0.11449845033961736,0.04,White_constantSy
2018-09-11,254,2018,KWR-1,0.06112701426150835,0.7480408085662305,0.7801345479714783,0.04,White_constantSy
2018-09-12,255,2018,KWR-1,-0.04373051943584556,-1.781939826140146,0.6886768402440069,0.04,White_constantSy
2018-09-13,256,2018,KWR-1,0.09301861856737048,3.4272889498645043,-1.1018234856802422,0.04,White_constantSy
2018-09-14,257,2018,KWR-1,0.012190586356233268,0.2090921715577565,0.09567248734807521,0.04,White_constantSy
2018-09-15,258,2018,KWR-1,-0.07751412469211545,-1.8885599842697331,-0.04929313303315297,0.04,White_constantSy
2018-09-16,259,2018,KWR-1,-0.04909941424100055,0.7714400556533292,-1.9989254116783428,0.04,White_constantSy
2018-09-17,260,2018,KWR-1,0.03281935400685938,0.3495869279891224,0.47089692218236223,0.04,White_constantSy
2018-09-18,261,2018,KWR-1,0.020344748412894378,0.01457449515309861,0.4940442151692608,0.04,White_constantSy
2018-09-19,262,2018,KWR-1,0.09975956253980371,3.206505181044193,-0.7125161175491002,0.04,White_constantSy
2018-09-20,263,2018,KWR-1,0.09625419635541704,3.029627457641837,-0.623272548756411,0.04,White_constantSy
2018-09-21,264,2018,KWR-1,-0.018991503652289056,0.23775933510950154,-0.7125469264167279,0.04,White_constantSy
2018-09-22,265,2018,KWR-1,0.0048326139737540075,-0.8899522257596715,1.0107675751035217,0.04,White_constantSy
2018-09-23,266,2018,KWR-1,-0.03516661885117003,-1.386075189288107,0.5069097180088562,0.04,White_constantSy
2018-09-24,267,2018,KWR-1,0.03224568520523292,2.1002586073556984,-1.2941164772248754,0.04,White_constantSy
2018-09-25,268,2018,KWR-1,-0.04189225737993496,-0.8233734128658909,-0.22393302163248308,0.04,White_constantSy
2018-09-26,269,2018,KWR-1,0.03136085740652021,1.1178000118967617,-0.33377857673375644,0.04,White_constantSy
2018-09-27,270,2018,KWR-1,-0.0010446023966682106,-0.827030523085881,0.8009154631691757,0.04,White_constantSy
2018-09-28,271,2018,KWR-1,-0.048806273782149676,-2.4471252805863912,1.2269684360326494,0.04,White_constantSy
2018-09-29,272,2018,KWR-1,-0.01656572965179123,-1.8453607833546641,1.4312175420598834,0.04,White_constantSy
2018-10-02,275,2018,KWR-1,-0.18978971758054514,-4.54171609952958,-0.20302683998404802,0.04,White_constantSy
2018-10-03,276,2018,KWR-1,-0.18867598363971752,0.6350556697608738,-5.351955260753812,0.04,White_constantSy
2018-10-04,277,2018,KWR-1,-0.394583259054869,-12.449070356614556,2.58448888024283,0.04,White_constantSy
2018-10-05,278,2018,KWR-1,-0.17966938725455067,-4.976996942977905,0.4852622616141389,0.04,White_constantSy
2018-10-06,279,2018,KWR-1,0.40807209840552644,9.454856136732559,0.7469463234056022,0.04,White_constantSy
2018-10-07,280,2018,KWR-1,-0.15426061073236497,-3.8595611513500216,0.003045883040897479,0.04,White_constantSy
2018-10-08,281,2018,KWR-1,-0.09033741144400978,-3.6320669955763236,1.3736317094760793,0.04,White_constantSy
2018-10-09,282,2018,KWR-1,0.08129857208617437,1.8300406059047276,0.20242369624963175,0.04,White_constantSy
2018-10-10,283,2018,KWR-1,-0.03896984783668387,-1.037236670637796,0.0629904747206993,0.04,White_constantSy
2018-10-11,284,2018,KWR-1,-0.00521260977895679,0.9303481270844998,-1.0606633715584195,0.04,White_constantSy
2018-10-12,285,2018,KWR-1,0.042223062830457535,1.5452813728610977,-0.4897048020996593,0.04,White_constantSy
2018-10-13,286,2018,KWR-1,-0.07604705678851816,-2.460025793888221,0.5588493741752671,0.04,White_constantSy
2018-10-14,287,2018,KWR-1,-0.06120995302643422,-0.040746130251179125,-1.4895026954096764,0.04,White_constantSy
2018-10-15,288,2018,KWR-1,-0.11236866534383552,-2.185704749920305,-0.6235118836755831,0.04,White_constantSy
2018-10-16,289,2018,KWR-1,-0.03858455081744154,-1.536934432823898,0.5723206623878596,0.04,White_constantSy
2018-10-17,290,2018,KWR-1,-0.12298318899619404,-2.7662258802475748,-0.308353844657276,0.04,White_constantSy
2018-10-18,291,2018,KWR-1,-0.05761768568046051,-1.7515622169866703,0.3111200749751575,0.04,White_constantSy
2018-10-19,292,2018,KWR-1,0.03063506902424251,1.3799555098625405,-0.6140787842564777,0.04,White_constantSy
2018-10-20,293,2018,KWR-1,-0.004724978381311758,-0.9963120993251806,0.8781876397923867,0.04,White_constantSy
2018-10-21,294,2018,KWR-1,-0.08992148438290741,-3.1330941670191663,0.8850570574464811,0.04,White_constantSy
2018-10-22,295,2018,KWR-1,0.05605676393771148,1.3272558255948752,0.0741632728479118,0.04,White_constantSy
2018-10-23,296,2018,KWR-1,-0.03501109374472122,-0.799551797587128,-0.07572554603090254,0.04,White_constantSy
2018-10-24,297,2018,KWR-1,-0.02928478866046902,0.6511959327131223,-1.3833156492248477,0.04,White_constantSy
2018-10-25,298,2018,KWR-1,-0.12854415128230584,-3.1628853653678846,-0.050718416689761625,0.04,White_constantSy
2018-10-26,299,2018,KWR-1,-0.027547243079034445,-1.04119580944122,0.3525147324653588,0.04,White_constantSy
2018-10-27,300,2018,KWR-1,-0.07099957120078813,-2.364645920586426,0.589656640566723,0.04,White_constantSy
2018-10-28,301,2018,KWR-1,0.08890980522629349,2.5330263610324977,-0.31028123037516053,0.04,White_constantSy
2018-10-29,302,2018,KWR-1,-0.1628270900122874,-4.0247934453305305,-0.04588380497665412,0.04,White_constantSy
2018-10-30,303,2018,KWR-1,0.026534407122417464,1.2505516684164348,-0.5871914903559983,0.04,White_constantSy
2018-10-31,304,2018,KWR-1,-0.12527830554634675,-2.6926293635821423,-0.4393282750765266,0.04,White_constantSy
2018-11-01,305,2018,KWR-1,-0.08372865264800425,-1.3501722744890827,-0.7430440417110233,0.04,White_constantSy
2018-11-02,306,2018,KWR-1,-0.05218764291675058,-2.0275111925180482,0.7228201195992838,0.04,White_constantSy
2018-11-03,307,2018,KWR-1,-0.02766464929107599,-0.5261874414905776,-0.1654287907863221,0.04,White_constantSy
2018-11-04,308,2018,KWR-1,-0.09415576962161509,-4.181511708977936,1.827617468437559,0.04,White_constantSy
2018-11-05,309,2018,KWR-1,0.10588167564216462,2.6683398696458767,-0.02129797859176108,0.04,White_constantSy
2018-11-06,310,2018,KWR-1,0.0009708988557747489,0.2693969135673342,-0.24512444217296547,0.04,White_constantSy
2018-11-07,311,2018,KWR-1,-0.05403838516262738,-1.0276671729826603,-0.32329245608302415,0.04,White_constantSy
2018-11-08,312,2018,KWR-1,-0.15615165620404384,-3.0632547796897853,-0.8405366254113105,0.04,White_constantSy
2018-11-09,313,2018,KWR-1,-0.0004918940356827762,-0.6400531056957703,0.6277557548037009,0.04,White_constantSy
2018-11-10,314,2018,KWR-1,-0.1309636529449847,-3.241639522359918,-0.03245180126469904,0.04,White_constantSy
2018-11-11,315,2018,KWR-1,-0.06875498621089804,-0.7776052183452009,-0.9412694369272501,0.04,White_constantSy
2018-11-12,316,2018,KWR-1,-0.0448668416114711,-0.09818993142718568,-1.0234811088595919,0.04,White_constantSy
2018-11-13,317,2018,KWR-1,-0.07096904311437953,-1.6878402100921193,-0.086385867767369,0.04,White_constantSy
2018-11-14,318,2018,KWR-1,0.0639657419438251,0.9317637531136569,0.6673797954819705,0.04,White_constantSy
2018-11-15,319,2018,KWR-1,0.05854585706826043,0.7881439074100882,0.6755025192964226,0.04,White_constantSy
2018-11-16,320,2018,KWR-1,-0.0850499492918857,-3.208812389748772,1.0825636574516295,0.04,White_constantSy
2018-11-17,321,2018,KWR-1,-0.030525675084254262,-0.01162246483157503,-0.7515194122747815,0.04,White_constantSy
2018-11-18,322,2018,KWR-1,-1.350991808682705,0.7215048388609091,-34.496300055928536,0.04,White_constantSy
2025-05-27,147,2025,KWR-1,-0.17274531756360273,-4.146468397829038,-0.17216454126102998,0.04,White_constantSy
2025-05-28,148,2025,KWR-1,-0.14403710992011204,-3.993622784420461,0.3926950364176598,0.04,White_constantSy
2025-05-29,149,2025,KWR-1,-0.13288652797753284,-2.839333795908061,-0.4828294035302598,0.04,White_constantSy
2025-05-30,150,2025,KWR-1,-0.12886337986255078,-2.70809043684642,-0.5134940597173501,0.04,White_constantSy
2025-05-31,151,2025,KWR-1,-0.08059994461770882,-2.5333828967614207,0.5183842813187001,0.04,White_constantSy
2025-06-01,152,2025,KWR-1,-0.20005289718754596,-6.44302151798148,1.4416990882928302,0.04,White_constantSy
2025-06-02,153,2025,KWR-1,-0.11731096050435513,-3.223975407784618,0.29120139517573973,0.04,White_constantSy
2025-06-03,154,2025,KWR-1,-0.04882966123962154,-2.055699103206239,0.8349575722157003,0.04,White_constantSy
2025-06-04,155,2025,KWR-1,-0.13536392720938992,-5.104396069231138,1.7202978889963898,0.04,White_constantSy
2025-06-05,156,2025,KWR-1,-0.07235633290617326,-2.256641601302041,0.44773327864770973,0.04,White_constantSy
2025-06-06,157,2025,KWR-1,-0.13361638223159325,-3.5726214102922214,0.23221185450239012,0.04,White_constantSy
2025-06-07,158,2025,KWR-1,-0.07272320793108378,-2.6730948689916545,0.85501467071456,0.04,White_constantSy
2025-06-08,159,2025,KWR-1,-0.10940336945210341,-3.0693656968136356,0.33428146051105045,0.04,White_constantSy
2025-06-09,160,2025,KWR-1,0.044991621189801205,-1.1614175425027184,2.2862080722477485,0.04,White_constantSy
2025-06-10,161,2025,KWR-1,0.04085915850979596,-0.9376269803134321,1.959105943058331,0.04,White_constantSy
2025-06-11,162,2025,KWR-1,0.08256872879334132,0.013856074522443862,2.050362145311089,0.04,White_constantSy
2025-06-12,163,2025,KWR-1,0.09152055069687713,0.30057863923181927,1.9874351281901088,0.04,White_constantSy
2025-06-13,164,2025,KWR-1,0.017203177298321534,-1.3737083110285333,1.8037877434865717,0.04,White_constantSy
2025-06-14,165,2025,KWR-1,0.08465642943529061,1.8791952348159455,0.23721550106631994,0.04,White_constantSy
2025-06-15,166,2025,KWR-1,0.16566033836802008,2.7608360158612797,1.380672443339222,0.04,White_constantSy
2025-06-16,167,2025,KWR-1,0.134593376370497,2.831152296951366,0.5336821123110589,0.04,White_constantSy
2025-06-17,168,2025,KWR-1,0.12969056053985725,2.24968650994699,0.9925775035494411,0.04,White_constantSy
2025-06-18,169,2025,KWR-1,0.26047775126664957,5.381753375601072,1.130190406065168,0.04,White_constantSy
2025-06-19,170,2025,KWR-1,0.2514185057878605,4.102060904995142,2.1834017397013703,0.04,White_constantSy
2025-06-20,171,2025,KWR-1,0.09654724571355744,2.055229711972075,0.35845143086686093,0.04,White_constantSy
2025-06-21,172,2025,KWR-1,0.06490006782223076,3.3485531015199115,-1.7260514059641423,0.04,White_constantSy
2025-06-22,173,2025,KWR-1,0.021859289481133432,0.6845605728933464,-0.13807833586501062,0.04,White_constantSy
2025-06-23,174,2025,KWR-1,0.05964736122731949,0.4436879504311051,1.0474960802518822,0.04,White_constantSy
2025-06-24,175,2025,KWR-1,0.1102077245698608,2.2242752015646516,0.5309179126818684,0.04,White_constantSy
2025-06-25,176,2025,KWR-1,0.16672768308310937,2.719627678978732,1.448564398099002,0.04,White_constantSy
2025-06-26,177,2025,KWR-1,0.3261430734493112,7.32413938616083,0.8294374500719499,0.04,White_constantSy
2025-06-27,178,2025,KWR-1,0.3238570922907863,8.172599670445258,-0.07617236317560128,0.04,White_constantSy
2025-06-28,179,2025,KWR-1,0.24730284818202505,5.800818251982108,0.3817529525685188,0.04,White_constantSy
2025-06-29,180,2025,KWR-1,0.31878235140600025,7.032705151340224,0.9368536338097826,0.04,White_constantSy
2025-06-30,181,2025,KWR-1,0.2142947945953108,4.66883228261743,0.6885375822653401,0.04,White_constantSy
2025-07-01,182,2025,KWR-1,0.24124433838831294,6.149998550465696,-0.11889009075787271,0.04,White_constantSy
2025-07-02,183,2025,KWR-1,0.15648807674816112,2.867682398647986,1.044519520056042,0.04,White_constantSy
2025-07-03,184,2025,KWR-1,0.22136088505188695,5.03532233449171,0.4986997918054641,0.04,White_constantSy
2025-07-04,185,2025,KWR-1,0.13517035959351062,4.353600389958999,-0.9743414001212329,0.04,White_constantSy
2025-07-05,186,2025,KWR-1,0.12651910153529258,3.0448718785588653,0.11810565982344912,0.04,White_constantSy
2025-07-06,187,2025,KWR-1,0.22871119628959463,4.124505112226018,1.5932747950138477,0.04,White_constantSy
2025-07-07,188,2025,KWR-1,0.17837313466036733,4.556984816249312,-0.09765644974012844,0.04,White_constantSy
2025-07-08,189,2025,KWR-1,0.33846915269813993,8.2424099326158,0.21931888483769768,0.04,White_constantSy
2025-07-09,190,2025,KWR-1,0.24890757847852313,6.583440774555882,-0.3607513125928037,0.04,White_constantSy
2025-07-10,191,2025,KWR-1,0.2066302928026218,4.287012637376719,0.8787446826888257,0.04,White_constantSy
2025-07-11,192,2025,KWR-1,0.2402735686512969,5.719535552764299,0.28730366351812364,0.04,White_constantSy
2025-07-12,193,2025,KWR-1,0.08070092702138425,1.5129415636380799,0.5045816118965263,0.04,White_constantSy
2025-07-13,194,2025,KWR-1,0.2501485930177762,5.955681186454953,0.2980336389894518,0.04,White_constantSy
2025-07-14,195,2025,KWR-1,0.34371118571029596,8.173490083320402,0.4192895594369972,0.04,White_constantSy
2025-07-15,196,2025,KWR-1,0.14622735794800718,2.789973784947364,0.8657101637528157,0.04,White_constantSy
2025-07-16,197,2025,KWR-1,0.18428499379149316,4.547876223033143,0.059248621754186104,0.04,White_constantSy
2025-07-17,198,2025,KWR-1,0.12642495992984237,3.2602594229445003,-0.099635424698441,0.04,White_constantSy
2025-07-18,199,2025,KWR-1,0.16767390452925754,4.386485477290549,-0.19463786405911065,0.04,White_constantSy
2025-07-19,200,2025,KWR-1,0.3061274648645718,7.117475091281335,0.5357115303329607,0.04,White_constantSy
2025-07-20,201,2025,KWR-1,0.23165472449994554,5.123855678694113,0.6675124338045251,0.04,White_constantSy
2025-07-21,202,2025,KWR-1,0.252679709096428,5.747095364787256,0.5698973626234434,0.04,White_constantSy
2025-07-22,203,2025,KWR-1,0.15088839559265238,4.615296588189466,-0.8430866983731562,0.04,White_constantSy
2025-07-23,204,2025,KWR-1,0.10335062515634519,2.5577559769917713,0.026009651916858445,0.04,White_constantSy
2025-07-24,205,2025,KWR-1,0.35418863742508394,9.231003359632737,-0.3762874240056391,0.04,White_constantSy
2025-07-25,206,2025,KWR-1,0.1180280482951872,6.111660467522739,-3.160959260143059,0.04,White_constantSy
2025-07-26,207,2025,KWR-1,-0.06431489414917764,-3.348025567417068,1.740153213687627,0.04,White_constantSy
2025-07-27,208,2025,KWR-1,0.04565095452525554,0.6815391790126597,0.45973468411872886,0.04,White_constantSy
2025-07-28,209,2025,KWR-1,0.13328593264421187,2.2583022097122836,1.0738461063930131,0.04,White_constantSy
2025-07-29,210,2025,KWR-1,0.20887281721322637,4.97048610661075,0.2513343237199095,0.04,White_constantSy
2025-07-30,211,2025,KWR-1,0.1227920850289138,2.112692680922777,0.9571094448000679,0.04,White_constantSy
2025-07-31,212,2025,KWR-1,0.174261609890479,5.332869554890252,-0.9763293076282764,0.04,White_constantSy
2025-08-01,213,2025,KWR-1,0.168719413158085,4.379537794057555,-0.1615524651054301,0.04,White_constantSy
2025-08-02,214,2025,KWR-1,0.08558488783824998,1.431857185609033,0.7077650103472166,0.04,White_constantSy
2025-08-03,215,2025,KWR-1,0.28510423431024495,6.278623477874447,0.8489823798816758,0.04,White_constantSy
2025-08-04,216,2025,KWR-1,0.12163945774143059,2.702984638376549,0.33800180515921596,0.04,White_constantSy
2025-08-05,217,2025,KWR-1,0.14822152087318757,4.373322466509009,-0.6677844446793202,0.04,White_constantSy
2025-08-06,218,2025,KWR-1,0.1651710530286809,4.255678978305653,-0.12640265258863081,0.04,White_constantSy
2025-08-07,219,2025,KWR-1,0.22379533258593826,4.751603503882194,0.843279810766262,0.04,White_constantSy
2025-08-08,220,2025,KWR-1,0.27192413267668203,6.78942698658571,0.00867633033134041,0.04,White_constantSy
2025-08-09,221,2025,KWR-1,0.21830406929618676,5.704722010297971,-0.24712027789330193,0.04,White_constantSy
2025-08-10,222,2025,KWR-1,0.07616791355009411,1.7607395825251615,0.14345825622719133,0.04,White_constantSy
2025-08-11,223,2025,KWR-1,0.32832099787877667,7.4938470759029485,0.7141778710664681,0.04,White_constantSy
2025-08-12,224,2025,KWR-1,0.17862587174790434,4.244661053051857,0.2209857406457516,0.04,White_constantSy
2025-08-13,225,2025,KWR-1,0.11119231602535223,2.8604148323349676,-0.08060693170116195,0.04,White_constantSy
2025-08-14,226,2025,KWR-1,0.09743292317167403,1.6995478074115056,0.7362752718803449,0.04,White_constantSy
2025-08-15,227,2025,KWR-1,0.13455083724150002,3.4910469988574704,-0.12727606781997025,0.04,White_constantSy
2025-08-16,228,2025,KWR-1,0.2645336487605704,6.886099873769112,-0.2727586547548526,0.04,White_constantSy
2025-08-17,229,2025,KWR-1,0.1376010344075314,3.0015333018997836,0.43849255828850175,0.04,White_constantSy
2025-08-18,230,2025,KWR-1,0.1346751538946191,4.1186056672401605,-0.7517268198746834,0.04,White_constantSy
2025-08-19,231,2025,KWR-1,0.06713361117627444,2.1141091286285274,-0.4357688492216667,0.04,White_constantSy
2025-08-20,232,2025,KWR-1,0.11802334289614579,2.9980886371575792,-0.04750506475393479,0.04,White_constantSy
2025-08-21,233,2025,KWR-1,0.14417207565023232,2.9221595076968754,0.6821423835589329,0.04,White_constantSy
2025-08-22,234,2025,KWR-1,0.18440049709227851,4.231215214356652,0.3787972129503103,0.04,White_constantSy
2025-08-23,235,2025,KWR-1,0.1628587596398316,5.726332950425572,-1.6548639594297825,0.04,White_constantSy
2025-08-24,236,2025,KWR-1,0.0,-1.3212964811775123,-2.6670083870518653,0.04,White_constantSy
2025-08-25,237,2025,KWR-1,0.0,-6.154926233468629,-3.653057425935202,0.04,White_constantSy
2025-08-26,238,2025,KWR-1,0.0,-9.568910250193909,1.6959173535317618,0.04,White_constantSy
2025-08-27,239,2025,KWR-1,0.0,-8.36309724560489,2.7642892292501386,0.04,White_constantSy
2025-08-28,240,2025,KWR-1,0.0,-1.1140350425385748,1.3199331149861493,0.04,White_constantSy
2025-08-29,241,2025,KWR-1,0.06216144312786469,1.6060426253876585,-0.052006547191041363,0.04,White_constantSy
2025-08-30,242,2025,KWR-1,0.15022715529819836,3.067097618521018,0.6885812639339406,0.04,White_constantSy
2025-08-31,243,2025,KWR-1,0.14867037336620115,3.5862527562908753,0.13050657786415343,0.04,White_constantSy
2025-09-01,244,2025,KWR-1,0.10578979097948775,2.3650388112365732,0.27970596325062047,0.04,White_constantSy
2025-09-02,245,2025,KWR-1,0.0,3.6176801549050452,-5.616295226948154,0.04,White_constantSy
2025-09-03,246,2025,KWR-1,0.0,-3.9034281880283572,3.796837789145961,0.04,White_constantSy
2025-09-04,247,2025,KWR-1,0.0,0.7401046813889423,1.8544074079423893,0.04,White_constantSy
2025-09-05,248,2025,KWR-1,0.0,0.8763978360232016,0.22426678706590053,0.04,White_constantSy
2025-09-06,249,2025,KWR-1,0.02365403769934318,1.1054573520084006,-0.5141064095248211,0.04,White_constantSy
2025-09-07,250,2025,KWR-1,0.006451865864768536,0.2662360203636638,-0.10493937374445039,0.04,White_constantSy
2025-09-08,251,2025,KWR-1,0.044722491301508,0.03774071919306721,1.0803215633446328,0.04,White_constantSy
2025-09-09,252,2025,KWR-1,0.09028633894542708,1.5140510567722458,0.7431074168634311,0.04,White_constantSy
2025-09-10,253,2025,KWR-1,0.16924924575010353,4.95914482395645,-0.7279136802038622,0.04,White_constantSy
2025-09-11,254,2025,KWR-1,0.06207197815125909,2.538065886893648,-0.9862664331121707,0.04,White_constantSy
2025-09-12,255,2025,KWR-1,0.06330053046308308,1.637036345867358,-0.054523084290281076,0.04,White_constantSy
2025-09-13,256,2025,KWR-1,0.07869436114915544,1.7185093481927964,0.24884968053608958,0.04,White_constantSy
2025-09-14,257,2025,KWR-1,0.011588470854087802,-0.4807627966438872,0.7704745679960823,0.04,White_constantSy
2025-09-15,258,2025,KWR-1,0.14161023245996773,4.546832525371514,-1.0065767138723203,0.04,White_constantSy
2025-09-16,259,2025,KWR-1,-0.02819593981720942,-0.27683103809508225,-0.4280674573351533,0.04,White_constantSy
2025-09-17,260,2025,KWR-1,-0.0037194995611019976,-0.970514865905912,0.877527376878362,0.04,White_constantSy
2025-09-18,261,2025,KWR-1,0.017766047871582202,-0.5927368503382269,1.036888047127782,0.04,White_constantSy
2025-09-19,262,2025,KWR-1,-0.029923275812215877,0.3529843562489532,-1.1010662515543501,0.04,White_constantSy
2025-09-20,263,2025,KWR-1,0.024586382400029267,1.139516768110795,-0.5248572081100633,0.04,White_constantSy
2025-09-21,264,2025,KWR-1,-0.05845769861408627,-1.7042139688794293,0.24277150352727261,0.04,White_constantSy
2025-09-22,265,2025,KWR-1,0.054596182642811186,0.9990440721630023,0.3658604939072774,0.04,White_constantSy
2025-09-23,266,2025,KWR-1,0.18139623355093448,4.98436109379341,-0.44945525502004813,0.04,White_constantSy
2025-09-24,267,2025,KWR-1,0.11890777197917231,3.3730219578593363,-0.4003276583800286,0.04,White_constantSy
2025-09-25,268,2025,KWR-1,-0.1580102116999615,-5.196289225125426,1.2460339326263892,0.04,White_constantSy
2025-09-26,269,2025,KWR-1,0.1976518449413672,5.503965619386221,-0.5626694958520417,0.04,White_constantSy
2025-09-27,270,2025,KWR-1,-0.08918443814714437,-2.6645612517591104,0.43495029808050134,0.04,White_constantSy
2025-09-28,271,2025,KWR-1,-0.08940976046667118,-2.1573982224996087,-0.07784578916717066,0.04,White_constantSy
2025-09-29,272,2025,KWR-1,-0.04560630127571301,-1.7679846307974572,0.627827098904632,0.04,White_constantSy
2025-09-30,273,2025,KWR-1,-0.008049006055394159,1.081881408935459,-1.283106560320313,0.04,White_constantSy
2025-10-01,274,2025,KWR-1,-0.055479024912756074,-0.0451101173194246,-1.3418655054994773,0.04,White_constantSy
2025-10-02,275,2025,KWR-1,0.0,-3.9976736078859005,-7.983637462857551,0.04,White_constantSy
2025-10-03,276,2025,KWR-1,0.0,-18.10192153179311,6.6723398098339715,0.04,White_constantSy
2025-10-04,277,2025,KWR-1,0.0,-2.6894945581502867,1.900833608610057,0.04,White_constantSy
2025-10-05,278,2025,KWR-1,0.0,0.5700959496393949,-0.02191457810684483,0.04,White_constantSy
2025-10-06,279,2025,KWR-1,-0.11527443133574906,-2.8052890498127425,-0.0765717335809839,0.04,White_constantSy
2025-10-07,280,2025,KWR-1,0.0028699093848473466,-0.11456496572432684,0.1863127003455105,0.04,White_constantSy
2025-10-08,281,2025,KWR-1,-0.014743710816729276,-1.9652943021433629,1.596701531725131,0.04,White_constantSy
2025-10-09,282,2025,KWR-1,0.0023491193765767093,-0.10294005204936241,0.16166803646378014,0.04,White_constantSy
2025-10-10,283,2025,KWR-1,0.09423768688380278,2.5588182297127986,-0.2028760576177291,0.04,White_constantSy
2025-10-11,284,2025,KWR-1,-0.12159532213075692,-2.4019141417940943,-0.6379689114748288,0.04,White_constantSy
2025-10-12,285,2025,KWR-1,0.14858704714775145,2.153368664980036,1.56130751371375,0.04,White_constantSy
2025-10-13,286,2025,KWR-1,-0.1649864747244436,-3.563078795745156,-0.5615830723659343,0.04,White_constantSy
2025-10-14,287,2025,KWR-1,0.0,1.9578243524883447,-7.51729537758888,0.04,White_constantSy
2025-10-15,288,2025,KWR-1,0.0,-4.360662478146793,0.20836066276289245,0.04,White_constantSy
2025-10-16,289,2025,KWR-1,0.0,-9.764288929173404,2.7464477172458075,0.04,White_constantSy
2025-10-17,290,2025,KWR-1,0.0,-2.387675978214787,1.2445008939503026,0.04,White_constantSy
2025-10-18,291,2025,KWR-1,0.005320066300130861,0.08200275466560925,0.050998902837662285,0.04,White_constantSy
2025-10-19,292,2025,KWR-1,-0.03358711006013777,-1.1516483974758813,0.31197064597243696,0.04,White_constantSy
2025-10-20,293,2025,KWR-1,0.0647426810127257,2.6121515706201563,-0.9935845453020136,0.04,White_constantSy
2025-10-21,294,2025,KWR-1,-0.10306144249207137,-3.931837655912716,1.3553015936109318,0.04,White_constantSy
2025-10-22,295,2025,KWR-1,0.04868019030789981,1.5410367940245067,-0.3240320363270115,0.04,White_constantSy
2025-10-23,296,2025,KWR-1,0.07559623820873895,1.7089680541658936,0.18093790105258023,0.04,White_constantSy
2025-10-24,297,2025,KWR-1,0.041386804690161226,-0.3466530433553032,1.381323160609334,0.04,White_constantSy
2025-10-25,298,2025,KWR-1,0.001245207633033374,1.5738333350242328,-1.5427031441983985,0.04,White_constantSy
2025-10-26,299,2025,KWR-1,-0.22924667294404913,-1.057292289093283,-4.673874534507945,0.04,White_constantSy
2025-10-27,300,2025,KWR-1,0.00038031596453294016,-2.4543497671239294,2.463857666237253,0.04,White_constantSy
2025-10-28,301,2025,KWR-1,-0.056961864101516824,-1.5577047289202284,0.13365812638230778,0.04,White_constantSy
2025-10-29,302,2025,KWR-1,-0.0315203576412685,-1.757948393887034,0.9699394528553213,0.04,White_constantSy
2025-10-30,303,2025,KWR-1,-0.022588968139588703,-2.069186141855937,1.5044619383662194,0.04,White_constantSy
2025-06-19,170,2025,KWT-2,-0.006269578481692406,-6.502375076330225,6.3456356142879144,0.04,White_constantSy
2025-06-20,171,2025,KWT-2,-0.06381929381974061,-4.734838364326066,3.139356018832551,0.04,White_constantSy
2025-06-21,172,2025,KWT-2,-0.15770184282172295,-3.5656655931965986,-0.3768804773464751,0.04,White_constantSy
2025-06-22,173,2025,KWT-2,-0.07675603566799793,-1.571683193748541,-0.34721769795140744,0.04,White_constantSy
2025-06-23,174,2025,KWT-2,-0.025964758149157774,-0.8689907595307744,0.21987180580183008,0.04,White_constantSy
2025-06-24,175,2025,KWT-2,-0.09265166455896434,-1.2316125958033552,-1.0846790181707533,0.04,White_constantSy
2025-06-25,176,2025,KWT-2,-0.09358748510437209,-2.1743680783966823,-0.16531904921261997,0.04,White_constantSy
2025-06-26,177,2025,KWT-2,0.38477729273550665,10.839706577460007,-1.2202742590723403,0.04,White_constantSy
2025-06-27,178,2025,KWT-2,0.22354367497536032,5.317332620166937,0.2712592542170711,0.04,White_constantSy
2025-06-28,179,2025,KWT-2,0.00896741945205548,-0.23624521314999924,0.46043069945138626,0.04,White_constantSy
2025-06-29,180,2025,KWT-2,0.08139600091891452,1.6436763265371468,0.3912236964357163,0.04,White_constantSy
2025-06-30,181,2025,KWT-2,0.046176879814595395,0.24720640842303965,0.9072155869418452,0.04,White_constantSy
2025-07-01,182,2025,KWT-2,0.179575113616238,3.699403925676492,0.7899739147294582,0.04,White_constantSy
2025-07-02,183,2025,KWT-2,0.03820520121814752,0.34282473295270677,0.6123052975009813,0.04,White_constantSy
2025-07-03,184,2025,KWT-2,0.06560758367150754,1.586712362503917,0.05347722928377152,0.04,White_constantSy
2025-07-04,185,2025,KWT-2,-0.08917963062261691,-3.0053920026965386,0.7759012371311158,0.04,White_constantSy
2025-07-05,186,2025,KWT-2,-0.0300446260001479,-0.8823379382317142,0.13122228822801674,0.04,White_constantSy
2025-07-06,187,2025,KWT-2,0.11619384512757591,1.9163600504068512,0.9884860777825466,0.04,White_constantSy
2025-07-07,188,2025,KWT-2,0.036146436322660236,0.2163183814751335,0.6873425265913724,0.04,White_constantSy
2025-07-08,189,2025,KWT-2,0.09233193425728103,2.037216280204035,0.27108207622799085,0.04,White_constantSy
2025-07-09,190,2025,KWT-2,0.04554825867138845,1.3438289135379478,-0.20512244675323643,0.04,White_constantSy
2025-07-10,191,2025,KWT-2,-0.073072272379342,-1.8274355431771028,0.0006287336935528742,0.04,White_constantSy
2025-07-11,192,2025,KWT-2,0.05988182555952193,1.0122958433527174,0.4847497956353308,0.04,White_constantSy
2025-07-12,193,2025,KWT-2,-0.07840358327109698,-3.2657504997644082,1.3056609179869838,0.04,White_constantSy
2025-07-13,194,2025,KWT-2,0.028053120277903076,0.44428387400934355,0.25704413293823336,0.04,White_constantSy
2025-07-14,195,2025,KWT-2,0.16425061988926615,3.5601969097886155,0.5460685874430382,0.04,White_constantSy
2025-07-15,196,2025,KWT-2,0.024303062663896924,-0.24441975083782097,0.8519963174352441,0.04,White_constantSy
2025-07-16,197,2025,KWT-2,0.021741222454615183,0.020036376470500272,0.5234941848948793,0.04,White_constantSy
2025-07-17,198,2025,KWT-2,-0.003307926697914354,-0.8064171557826683,0.7237189883348094,0.04,White_constantSy
2025-07-18,199,2025,KWT-2,-0.06935186023641648,-1.80973365779451,0.07593715188409789,0.04,White_constantSy
2025-07-19,200,2025,KWT-2,0.09461994660966155,2.3840940337244376,-0.018595368482898778,0.04,White_constantSy
2025-07-20,201,2025,KWT-2,0.03323454069858656,0.7244339607904493,0.10642955667421461,0.04,White_constantSy
2025-07-21,202,2025,KWT-2,0.22454808841911245,4.593525758539485,1.020176451938326,0.04,White_constantSy
2025-07-22,203,2025,KWT-2,-0.021683727238944073,-1.4573224879462998,0.915229306972698,0.04,White_constantSy
2025-07-23,204,2025,KWT-2,-0.05878260823770631,-1.4858196737467466,0.01625446780408879,0.04,White_constantSy
2025-07-24,205,2025,KWT-2,0.214174460884756,5.28231858769459,0.07204293442431009,0.04,White_constantSy
2025-07-25,206,2025,KWT-2,0.27031409875812074,7.116935051389106,-0.3590825824360877,0.04,White_constantSy
2025-07-26,207,2025,KWT-2,0.23772222273678523,5.152808824877653,0.790246743541978,0.04,White_constantSy
2025-07-27,208,2025,KWT-2,-0.03407220120015353,-0.14872992529717521,-0.703075104706663,0.04,White_constantSy
2025-07-28,209,2025,KWT-2,0.039985580343518734,1.0404620641324414,-0.040822555544473005,0.04,White_constantSy
2025-07-29,210,2025,KWT-2,-0.0005339191647451003,0.21152521742813235,-0.22487319654675986,0.04,White_constantSy
2025-07-30,211,2025,KWT-2,0.008657616231822374,-0.7474828093961605,0.9639232151917199,0.04,White_constantSy
2025-07-31,212,2025,KWT-2,4.328387763052888e-05,0.524079110098441,-0.5229970131576778,0.04,White_constantSy
2025-08-01,213,2025,KWT-2,0.005493857121336987,0.13035697037331317,0.006989457660111498,0.04,White_constantSy
2025-08-02,214,2025,KWT-2,-0.05301420063285889,-1.6779064556544654,0.3525514398329932,0.04,White_constantSy
2025-08-03,215,2025,KWT-2,0.1853346080575946,4.830541419597623,-0.19717621815775743,0.04,White_constantSy
2025-08-04,216,2025,KWT-2,0.09405776366486407,0.6875386341086198,1.663905457512982,0.04,White_constantSy
2025-08-05,217,2025,KWT-2,-0.03326751361625213,-0.8115993350049422,-0.02008850540136109,0.04,White_constantSy
2025-08-06,218,2025,KWT-2,0.06971888332225262,1.8783042832868801,-0.13533220023056458,0.04,White_constantSy
2025-08-07,219,2025,KWT-2,0.113889876433511,2.066440223606847,0.7808066872309283,0.04,White_constantSy
2025-08-08,220,2025,KWT-2,0.22201610294550989,4.758104469577518,0.7922981040602295,0.04,White_constantSy
2025-08-09,221,2025,KWT-2,0.12954752711721795,3.14291262511901,0.09577555281143901,0.04,White_constantSy
2025-08-10,222,2025,KWT-2,-0.08082484614395469,-2.1623852780734865,0.14176412447461928,0.04,White_constantSy
2025-08-11,223,2025,KWT-2,0.14173335916105856,3.3765009357022535,0.16683304332421045,0.04,White_constantSy
2025-08-12,224,2025,KWT-2,0.08805085872241136,1.5643746051662077,0.6368968628940763,0.04,White_constantSy
2025-08-13,225,2025,KWT-2,-0.0489679767617659,-1.8428379026246944,0.618638483580547,0.04,White_constantSy
2025-08-14,226,2025,KWT-2,-0.004922920807238995,-1.4426658500056533,1.3195928298246784,0.04,White_constantSy
2025-08-15,227,2025,KWT-2,0.07033460747862108,0.8561737646008538,0.9021914223646732,0.04,White_constantSy
2025-08-16,228,2025,KWT-2,0.17594823251666014,4.560406788294813,-0.1617009753783094,0.04,White_constantSy
2025-08-17,229,2025,KWT-2,0.018219405811514378,-0.03046932594656937,0.4859544712344288,0.04,White_constantSy
2025-08-18,230,2025,KWT-2,-0.008842694080151148,0.20974632867236664,-0.43081368067614534,0.04,White_constantSy
2025-08-19,231,2025,KWT-2,-0.010279203701713868,-0.2513073108993069,-0.005672781643539793,0.04,White_constantSy
2025-08-20,232,2025,KWT-2,0.06038072500236069,1.2815249201814538,0.22799320487756347,0.04,White_constantSy
2025-08-21,233,2025,KWT-2,0.0813395054058006,1.4500398602560693,0.5834477748889455,0.04,White_constantSy
2025-08-22,234,2025,KWT-2,0.1295941859946126,1.7180397395517133,1.5218149103136014,0.04,White_constantSy
2025-08-23,235,2025,KWT-2,0.06498067504422522,2.9900362945461723,-1.3655194184405417,0.04,White_constantSy
2025-08-24,236,2025,KWT-2,0.0,3.7489661772806215,-7.053097012025589,0.04,White_constantSy
2025-08-25,237,2025,KWT-2,0.0,1.8665697297915784,-3.7176764005023344,0.04,White_constantSy
2025-08-26,238,2025,KWT-2,0.0,5.504736494956575,-1.3420835628060956,0.04,White_constantSy
2025-08-27,239,2025,KWT-2,0.0,2.4544098276670923,-0.16501464223352968,0.04,White_constantSy
2025-08-28,240,2025,KWT-2,0.0,0.6957979502196565,0.7607439189067478,0.04,White_constantSy
2025-08-29,241,2025,KWT-2,0.03811843027845896,0.9585793584413693,-0.0056186014798953465,0.04,White_constantSy
2025-08-30,242,2025,KWT-2,0.11658452676189768,2.467709128985973,0.4469040400614688,0.04,White_constantSy
2025-08-31,243,2025,KWT-2,0.08831096675314853,2.3946687461858573,-0.186894577357144,0.04,White_constantSy
2025-09-01,244,2025,KWT-2,0.0405470561766208,0.7538796311980178,0.25979677321750216,0.04,White_constantSy
2025-09-02,245,2025,KWT-2,0.0,2.538100361627116,-0.6842216131728307,0.04,White_constantSy
2025-09-03,246,2025,KWT-2,0.0,4.4771296035413854,-0.17130223838641712,0.04,White_constantSy
2025-09-04,247,2025,KWT-2,0.0,1.6211219940682753,0.6529865790124489,0.04,White_constantSy
2025-09-05,248,2025,KWT-2,0.0,1.164312340776874,0.765727471590516,0.04,White_constantSy
2025-09-06,249,2025,KWT-2,0.042470295622209164,1.2405782458039027,-0.17882085524867364,0.04,White_constantSy
2025-09-07,250,2025,KWT-2,-0.04706235319895313,-0.16527176554248513,-1.0112870644313432,0.04,White_constantSy
2025-09-08,251,2025,KWT-2,0.02098497377637898,0.30685200021025594,0.21777234419921854,0.04,White_constantSy
2025-09-09,252,2025,KWT-2,0.09962913892052683,1.402626866028811,1.0881016069843596,0.04,White_constantSy
2025-09-10,253,2025,KWT-2,0.161469582099798,2.8594228460743665,1.1773167064205836,0.04,White_constantSy
2025-09-11,254,2025,KWT-2,-0.016295592993891717,0.5881295714086576,-0.9955193962559505,0.04,White_constantSy
2025-09-12,255,2025,KWT-2,0.09346271893735292,2.3809171579561195,-0.044349184522296525,0.04,White_constantSy
2025-09-13,256,2025,KWT-2,0.06452161875116502,2.0265378621353136,-0.41349739335618807,0.04,White_constantSy
2025-09-14,257,2025,KWT-2,0.10890958276770846,1.6843265643636585,1.038413004829053,0.04,White_constantSy
2025-09-15,258,2025,KWT-2,0.15619580438547587,4.666575912781923,-0.7616808031450262,0.04,White_constantSy
2025-09-16,259,2025,KWT-2,-0.02748288686165523,0.1008321813841917,-0.7879043529255725,0.04,White_constantSy
2025-09-17,260,2025,KWT-2,-0.008622298239735926,0.4155596467768419,-0.63111710277024,0.04,White_constantSy
2025-09-18,261,2025,KWT-2,0.09069330290285649,0.4867207391171746,1.7806118334542376,0.04,White_constantSy
2025-09-19,262,2025,KWT-2,0.1623766314667634,3.465007915394125,0.5944078712749601,0.04,White_constantSy
2025-09-20,263,2025,KWT-2,0.07158603474715619,3.254178747994274,-1.4645278793153693,0.04,White_constantSy
2025-09-21,264,2025,KWT-2,0.05534415529700709,1.1349256762798632,0.2486782061453141,0.04,White_constantSy
2025-09-22,265,2025,KWT-2,0.047846574946234455,0.45560512679685417,0.7405592468590072,0.04,White_constantSy
2025-09-23,266,2025,KWT-2,0.1676043925116275,4.752031318665217,-0.5619215058745297,0.04,White_constantSy
2025-09-24,267,2025,KWT-2,0.14519131159743637,4.507219799336681,-0.8774370094007722,0.04,White_constantSy
2025-09-25,268,2025,KWT-2,-0.06519492270362548,-2.302615749096404,0.6727426815057669,0.04,White_constantSy
2025-09-26,269,2025,KWT-2,0.10152312112263928,2.9134190762995615,-0.3753410482335795,0.04,White_constantSy
2025-09-27,270,2025,KWT-2,0.001066481657360896,-0.8077521074049798,0.8344141488390022,0.04,White_constantSy
2025-09-28,271,2025,KWT-2,-0.07058289153460606,-1.8578128258727844,0.09324053750763284,0.04,White_constantSy
2025-09-29,272,2025,KWT-2,0.12141784643285547,2.9052370318336074,0.13020912898777937,0.04,White_constantSy
2025-09-30,273,2025,KWT-2,0.08563948543002198,1.7354127126342433,0.4055744231163061,0.04,White_constantSy
2025-10-01,274,2025,KWT-2,0.07378165904381007,2.321402966509112,-0.47686149041386017,0.04,White_constantSy
2025-10-02,275,2025,KWT-2,0.0,1.1390331616301097,-2.4524365643294743,0.04,White_constantSy
2025-10-03,276,2025,KWT-2,0.0,2.86847605716396,-0.05390443704875736,0.04,White_constantSy
2025-10-04,277,2025,KWT-2,0.0,0.6688531870928216,-0.651929470396162,0.04,White_constantSy
2025-10-05,278,2025,KWT-2,0.0,3.22292241231672,0.5777183850993239,0.04,White_constantSy
2025-10-06,279,2025,KWT-2,-0.049503278107934534,-0.9780826728544412,-0.2594992798439222,0.04,White_constantSy
2025-10-07,280,2025,KWT-2,0.05805903439350146,2.2393918069102625,-0.7879159470727259,0.04,White_constantSy
2025-10-08,281,2025,KWT-2,0.10493954832480767,1.9457702311999725,0.6777184769202194,0.04,White_constantSy
2025-10-09,282,2025,KWT-2,0.00017906961312519343,-1.1569842711804057,1.1614610115085355,0.04,White_constantSy
2025-10-10,283,2025,KWT-2,0.09120407025503852,3.460449982821956,-1.180348226445993,0.04,White_constantSy
2025-10-11,284,2025,KWT-2,-0.010948203485909858,-1.3286766899842206,1.0549716028364742,0.04,White_constantSy
2025-10-12,285,2025,KWT-2,0.1601208280469919,4.543559773795636,-0.5405390726208381,0.04,White_constantSy
2025-10-13,286,2025,KWT-2,-0.06469935068437138,-3.282983447589416,1.6654996804801314,0.04,White_constantSy
2025-10-14,287,2025,KWT-2,0.0,1.8830012260288242,-1.2063887772578497,0.04,White_constantSy
2025-10-15,288,2025,KWT-2,0.0,5.911998013314346,-6.000652478597424,0.04,White_constantSy
2025-10-16,289,2025,KWT-2,0.0,-1.199611266448386,-0.20854713760414256,0.04,White_constantSy
2025-10-17,290,2025,KWT-2,0.0,1.4961326165110478,1.03925584232325,0.04,White_constantSy
2025-10-18,291,2025,KWT-2,-0.026597522935567497,-0.800936660177598,0.1359985867884106,0.04,White_constantSy
2025-10-19,292,2025,KWT-2,0.0934220769658296,1.0622741688575132,1.2732777552882268,0.04,White_constantSy
2025-10-20,293,2025,KWT-2,0.11580167415276321,4.070691256963954,-1.1756494031448739,0.04,White_constantSy
2025-10-21,294,2025,KWT-2,0.0017854211993295621,0.2274190574535595,-0.18278352747032045,0.04,White_constantSy
2025-10-22,295,2025,KWT-2,0.1641593354357056,2.5165960096277473,1.5873873762648927,0.04,White_constantSy
2025-10-23,296,2025,KWT-2,0.13342863185245335,3.9861402037875138,-0.65042440747618,0.04,White_constantSy
2025-10-24,297,2025,KWT-2,0.1433529693456279,3.8012422967927506,-0.2174180631520528,0.04,White_constantSy
2025-10-25,298,2025,KWT-2,0.09931980586176081,1.9770164908607057,0.5059786556833146,0.04,White_constantSy
2025-10-26,299,2025,KWT-2,-0.13889781657529454,0.3886420668155921,-3.8610874811979556,0.04,White_constantSy
2025-10-27,300,2025,KWT-2,0.2224985426211319,5.344775121922751,0.21768844360554596,0.04,White_constantSy
2025-10-28,301,2025,KWT-2,0.07134039609201182,1.885295452810709,-0.10178555051041371,0.04,White_constantSy
2025-10-29,302,2025,KWT-2,-0.0235661866951844,-0.3491127664748461,-0.24004190090476385,0.04,White_constantSy
2025-10-30,303,2025,KWT-2,0.05269537326825002,-0.42963178890680354,1.7470161206130541,0.04,White_constantSy
2024-06-03,155,2024,LET-1,-0.026232210213800188,-1.3858783483830166,0.7300730930380119,0.04,White_constantSy
2024-06-04,156,2024,LET-1,-0.017075949368454958,-0.9392248732759114,0.5123261390645375,0.04,White_constantSy
2024-06-05,157,2024,LET-1,0.13080517861366986,1.2729888043171655,1.9971406610245808,0.04,White_constantSy
2024-06-06,158,2024,LET-1,0.11868439467161025,0.43443862771750474,2.5326712390727515,0.04,White_constantSy
2024-06-07,159,2024,LET-1,0.1325977042410848,-0.2078414189075275,3.522784024934648,0.04,White_constantSy
2024-06-08,160,2024,LET-1,0.06921054983893613,0.448664353841032,1.281599392132371,0.04,White_constantSy
2024-06-09,161,2024,LET-1,0.2020633852190423,3.531708862590598,1.519875767885459,0.04,White_constantSy
2024-06-10,162,2024,LET-1,0.33655575322198744,8.162362649359544,0.25153118119014195,0.04,White_constantSy
2024-06-11,163,2024,LET-1,0.1863451289449847,3.127355647536568,1.5312725760880497,0.04,White_constantSy
2024-06-12,164,2024,LET-1,0.18097461267741025,2.048506580522158,2.475858736413098,0.04,White_constantSy
2024-06-13,165,2024,LET-1,0.15281491926596374,3.1339125277337843,0.6864604539153092,0.04,White_constantSy
2024-06-14,166,2024,LET-1,0.13644538674351736,1.3965836948024446,2.0145509737854894,0.04,White_constantSy
2024-06-15,167,2024,LET-1,0.15588719065613646,3.040308286358197,0.8568714800452142,0.04,White_constantSy
2024-06-16,168,2024,LET-1,0.08874998863984018,0.38005992077749795,1.8386897952185066,0.04,White_constantSy
2024-06-17,169,2024,LET-1,0.018545825808686515,0.7244077376068248,-0.26076209238966186,0.04,White_constantSy
2024-06-18,170,2024,LET-1,0.0441105345178201,0.5175594041521236,0.5852039587933788,0.04,White_constantSy
2024-06-19,171,2024,LET-1,0.12108505426230239,1.8813077090200636,1.1458186475374958,0.04,White_constantSy
2024-06-20,172,2024,LET-1,0.3144818189261258,7.102865837611105,0.7591796355420399,0.04,White_constantSy
2024-06-21,173,2024,LET-1,0.22950829477778,4.944110130256263,0.7935972391882373,0.04,White_constantSy
2024-06-22,174,2024,LET-1,0.25491290097828995,6.190880588559722,0.18194193589752672,0.04,White_constantSy
2024-06-23,175,2024,LET-1,0.1492414496143141,2.624103658899159,1.1069325814586932,0.04,White_constantSy
2024-06-24,176,2024,LET-1,0.18397362128624167,3.797509853004044,0.8018306791519976,0.04,White_constantSy
2024-06-25,177,2024,LET-1,0.08392929647154404,2.1066314077923494,-0.008398996003748493,0.04,White_constantSy
2024-06-26,178,2024,LET-1,0.11047781290688619,1.5543105550790415,1.2076347675931132,0.04,White_constantSy
2024-06-27,179,2024,LET-1,0.32493091596274754,6.338594536583429,1.7846783624852591,0.04,White_constantSy
2024-06-28,180,2024,LET-1,0.10047404312955138,0.856670250293945,1.6551808279448395,0.04,White_constantSy
2024-06-29,181,2024,LET-1,0.17107067609207177,3.888825884587277,0.3879410177145175,0.04,White_constantSy
2024-06-30,182,2024,LET-1,0.2395781200162915,6.116146895660577,-0.12669389525328967,0.04,White_constantSy
2024-07-01,183,2024,LET-1,0.13590946220016803,0.688696977669423,2.709039577334778,0.04,White_constantSy
2024-07-02,184,2024,LET-1,0.24779420410201425,5.687853522316644,0.5070015802337124,0.04,White_constantSy
2024-07-03,185,2024,LET-1,0.13953848600831265,2.3730888931208227,1.1153732570869934,0.04,White_constantSy
2024-07-04,186,2024,LET-1,0.1796810134868423,3.638437693610541,0.8535876435605161,0.04,White_constantSy
2024-07-05,187,2024,LET-1,0.28799559041704725,4.688079020327152,2.5118107400990297,0.04,White_constantSy
2024-07-06,188,2024,LET-1,0.11575509866126765,1.8553988192099524,1.038478647321739,0.04,White_constantSy
2024-07-07,189,2024,LET-1,0.25218052660853374,4.6009515158328185,1.703561649380525,0.04,White_constantSy
2024-07-08,190,2024,LET-1,0.3254742498727836,6.325225084194486,1.8116311626251047,0.04,White_constantSy
2024-07-09,191,2024,LET-1,0.1564926604365411,2.261122094475354,1.651194416438173,0.04,White_constantSy
2024-07-10,192,2024,LET-1,0.18802309722686772,3.554658392577892,1.1459190380938011,0.04,White_constantSy
2024-07-11,193,2024,LET-1,0.2434714814152511,0.6785466470624613,5.408240388318816,0.04,White_constantSy
2024-07-15,197,2024,LET-1,-0.07546975586137705,-1.2323490996649866,-0.6543947968694397,0.04,White_constantSy
2024-07-16,198,2024,LET-1,0.17891773990257492,2.315941718595525,2.157001778968848,0.04,White_constantSy
2024-07-17,199,2024,LET-1,0.2835990854784939,6.272939961780509,0.8170371751818379,0.04,White_constantSy
2024-07-18,200,2024,LET-1,0.08406123996076645,0.7454337720094202,1.356097227009741,0.04,White_constantSy
2024-07-19,201,2024,LET-1,0.09500925301033192,1.3875347970838448,0.9876965281744532,0.04,White_constantSy
2024-07-20,202,2024,LET-1,0.14749774631821708,1.8057266274187782,1.8817170305366488,0.04,White_constantSy
2024-07-21,203,2024,LET-1,0.11461037538408221,0.9406568963946427,1.9246024882074124,0.04,White_constantSy
2024-07-22,204,2024,LET-1,0.20249816289148156,3.8189339667202375,1.2435201055668017,0.04,White_constantSy
2024-07-23,205,2024,LET-1,0.05509410204786036,0.6145493091949561,0.7628032420015529,0.04,White_constantSy
2024-07-24,206,2024,LET-1,0.10732052016525132,1.4682197696014327,1.21479323452985,0.04,White_constantSy
2024-07-25,207,2024,LET-1,0.19324191777002397,2.3664183594156896,2.46462958483491,0.04,White_constantSy
2024-07-26,208,2024,LET-1,0.41770566611241977,5.4089658430623615,5.033675809748132,0.04,White_constantSy
2024-07-27,209,2024,LET-1,0.28625822487005337,5.819910055635802,1.3365455661155323,0.04,White_constantSy
2024-07-28,210,2024,LET-1,0.37440151010257183,7.939547259272217,1.4204904932920783,0.04,White_constantSy
2024-07-29,211,2024,LET-1,0.38281174185170075,7.697396850600228,1.8728966956922903,0.04,White_constantSy
2024-07-30,212,2024,LET-1,0.45590199517136115,8.582816223766315,2.8147336555177134,0.04,White_constantSy
2024-07-31,213,2024,LET-1,0.6538105350124976,14.868446696923428,1.4768166783890138,0.04,White_constantSy
2024-08-01,214,2024,LET-1,0.46143954033176726,10.084016181740196,1.4519723265539852,0.04,White_constantSy
2024-08-02,215,2024,LET-1,0.5198138741408934,11.551191158889651,1.4441556946326841,0.04,White_constantSy
2024-08-03,216,2024,LET-1,-0.007950962018132942,6.278142174550766,-6.476916225004089,0.04,White_constantSy
2024-08-04,217,2024,LET-1,0.3534416939047293,5.782457386287064,3.0535849613311683,0.04,White_constantSy
2024-08-05,218,2024,LET-1,0.5080941701913071,8.889508691361357,3.8128455634213196,0.04,White_constantSy
2024-08-06,219,2024,LET-1,0.5069113755054764,9.323180863874342,3.3496035237625676,0.04,White_constantSy
2024-08-07,220,2024,LET-1,0.7061344535504032,16.024377160709548,1.6289841780505299,0.04,White_constantSy
2024-08-08,221,2024,LET-1,0.6333329402284779,14.57779093596443,1.2555325697475155,0.04,White_constantSy
2024-08-09,222,2024,LET-1,0.5759111953790148,14.30099368118789,0.09678620328747911,0.04,White_constantSy
2024-08-10,223,2024,LET-1,-0.015500406508169818,0.5133148238170406,-0.9008249865212861,0.04,White_constantSy
2024-08-11,224,2024,LET-1,-0.09951183158758284,-2.7541178107266546,0.2663220210370838,0.04,White_constantSy
2024-08-12,225,2024,LET-1,-0.02342469978012389,-1.5208353202720275,0.9352178257689303,0.04,White_constantSy
2024-08-13,226,2024,LET-1,-0.007618030838096957,0.013702236479275598,-0.2041530074316995,0.04,White_constantSy
2024-08-14,227,2024,LET-1,0.017187812856947746,1.050899842431761,-0.6212045210080674,0.04,White_constantSy
2024-08-15,228,2024,LET-1,-0.1425371058511729,-3.754764482337066,0.19133683605774365,0.04,White_constantSy
2024-08-16,229,2024,LET-1,-0.1452053736115556,-4.24800106404399,0.6178667237550997,0.04,White_constantSy
2024-08-17,230,2024,LET-1,-0.10358124532194438,-3.0153923519876855,0.425861218939076,0.04,White_constantSy
2024-08-18,231,2024,LET-1,-0.035314789926823666,-0.5883372867512264,-0.2945324614193652,0.04,White_constantSy
2024-08-19,232,2024,LET-1,-0.04085548928471667,-0.16349821546342014,-0.8578890166544966,0.04,White_constantSy
2024-08-20,233,2024,LET-1,0.0758603893187825,1.497731637833823,0.39877809513573936,0.04,White_constantSy
2024-08-21,234,2024,LET-1,0.006925417374410472,0.04869592453431437,0.12443950982594743,0.04,White_constantSy
2024-08-22,235,2024,LET-1,-0.006144303931402533,-2.2974626007511176,2.1438550024660543,0.04,White_constantSy
2024-08-23,236,2024,LET-1,0.062159311232036885,2.7645747516089614,-1.2105919708080393,0.04,White_constantSy
2024-08-24,237,2024,LET-1,-0.06253109832070436,-0.23550942889087878,-1.3277680291267302,0.04,White_constantSy
2024-08-25,238,2024,LET-1,-0.044023562206817246,-0.9731942241302249,-0.1273948310402062,0.04,White_constantSy
2024-08-26,239,2024,LET-1,0.35847345046068085,9.134308896620212,-0.17247263510319044,0.04,White_constantSy
2024-08-27,240,2024,LET-1,0.14960316360104003,3.6260834514938836,0.11399563853211703,0.04,White_constantSy
2024-08-28,241,2024,LET-1,0.0013311264652082855,-0.6302772226016771,0.6635553842318842,0.04,White_constantSy
2024-08-29,242,2024,LET-1,0.04250994424188377,0.6883454601268397,0.3744031459202546,0.04,White_constantSy
2024-08-30,243,2024,LET-1,0.20632095814021625,6.510596691702688,-1.3525727381972814,0.04,White_constantSy
2024-08-31,244,2024,LET-1,0.00497837055967807,-0.17397762481112977,0.2984368888030815,0.04,White_constantSy
2024-09-01,245,2024,LET-1,-0.05936687686943969,-2.184310096166797,0.7001381744308048,0.04,White_constantSy
2024-09-02,246,2024,LET-1,0.013275508469231454,0.06975238190341315,0.2621353298273732,0.04,White_constantSy
2024-09-03,247,2024,LET-1,0.004917231326830347,0.9009252104288805,-0.7779944272581218,0.04,White_constantSy
2024-09-04,248,2024,LET-1,0.009574513574825687,0.7409991399249805,-0.5016363005543383,0.04,White_constantSy
2024-09-05,249,2024,LET-1,0.07540834459976964,2.2840812968897524,-0.3988726818955115,0.04,White_constantSy
2024-09-06,250,2024,LET-1,0.018878642324148133,-0.29290760300230545,0.7648736611060087,0.04,White_constantSy
2024-09-07,251,2024,LET-1,0.07511781601918699,0.853261820356721,1.0246835801229537,0.04,White_constantSy
2024-09-08,252,2024,LET-1,0.08623860334417088,2.5172465116106935,-0.3612814280064214,0.04,White_constantSy
2024-09-09,253,2024,LET-1,0.09209341150496869,2.3372868864228735,-0.03495159879865639,0.04,White_constantSy
2024-09-10,254,2024,LET-1,0.09761549304336199,0.9874960427427766,1.4528912833412733,0.04,White_constantSy
2024-09-11,255,2024,LET-1,0.09170317179021481,2.2642521812208827,0.02832711353448758,0.04,White_constantSy
2024-09-12,256,2024,LET-1,-0.09018500625471404,-2.2079866213296384,-0.04663853503821258,0.04,White_constantSy
2024-09-13,257,2024,LET-1,-0.04751239095961125,-0.630379488372057,-0.5574302856182243,0.04,White_constantSy
2024-09-14,258,2024,LET-1,0.0561151308856563,0.8693109902643528,0.5335672818770547,0.04,White_constantSy
2024-09-15,259,2024,LET-1,0.12782088218918147,2.1764579749429345,1.0190640797866024,0.04,White_constantSy
2024-09-16,260,2024,LET-1,-0.09265771448164116,-1.3864744414223082,-0.9299684206187209,0.04,White_constantSy
2024-09-17,261,2024,LET-1,0.0065186930071558895,0.5425242015922151,-0.3795568764133179,0.04,White_constantSy
2024-09-18,262,2024,LET-1,-0.18580779226628294,-1.133881444392813,-3.5113133622642607,0.04,White_constantSy
2024-09-19,263,2024,LET-1,-0.09085356200340926,2.1853966894546772,-4.4567357395399085,0.04,White_constantSy
2024-09-20,264,2024,LET-1,0.17543831263450443,4.878837752240628,-0.4928799363780172,0.04,White_constantSy
2024-09-21,265,2024,LET-1,0.27320425666697645,7.430239764801485,-0.6001333481270734,0.04,White_constantSy
2024-09-22,266,2024,LET-1,0.35354739227818127,10.417745786821627,-1.5790609798670943,0.04,White_constantSy
2024-09-23,267,2024,LET-1,0.33634569418451576,8.76135162214311,-0.3527092675302157,0.04,White_constantSy
2024-09-24,268,2024,LET-1,0.44608505281583005,11.041605089244257,0.1105212311514947,0.04,White_constantSy
2024-09-25,269,2024,LET-1,0.45593174887885424,13.395542560073892,-1.9972488381025357,0.04,White_constantSy
2024-09-26,270,2024,LET-1,0.1941425112695214,5.83198353901588,-0.9784207572778456,0.04,White_constantSy
2024-09-27,271,2024,LET-1,0.2761086956156561,7.4997417476968735,-0.5970243573054717,0.04,White_constantSy
2024-09-28,272,2024,LET-1,0.28515138348114705,7.429499648203034,-0.3007150611743583,0.04,White_constantSy
2024-09-29,273,2024,LET-1,0.3256204735882568,9.901349332971193,-1.7608374932647735,0.04,White_constantSy
2024-09-30,274,2024,LET-1,0.31089962714110303,10.267715480515307,-2.4952248019877317,0.04,White_constantSy
2024-10-01,275,2024,LET-1,0.3226979040341877,8.94410560334262,-0.8766580024879289,0.04,White_constantSy
2024-10-02,276,2024,LET-1,0.261315907879158,7.286549364273043,-0.7536516672940934,0.04,White_constantSy
2024-10-03,277,2024,LET-1,0.19567042867640624,6.4803949285920055,-1.5886342116818497,0.04,White_constantSy
2024-10-04,278,2024,LET-1,0.09849705239031437,4.0501087188538065,-1.5876824090959474,0.04,White_constantSy
2024-10-05,279,2024,LET-1,0.014026674659384071,2.0272753541249244,-1.6766084876403227,0.04,White_constantSy
2024-10-06,280,2024,LET-1,0.0010975428213623672,1.7474152895026407,-1.7199767189685815,0.04,White_constantSy
2024-10-07,281,2024,LET-1,0.0148403304519519,0.9759243410552472,-0.6049160797564497,0.04,White_constantSy
2024-10-08,282,2024,LET-1,0.028728241601058357,1.4187320332339937,-0.7005259932075347,0.04,White_constantSy
2024-10-09,283,2024,LET-1,-0.022102242663555673,1.2640661848334105,-1.8166222514223023,0.04,White_constantSy
2024-10-10,284,2024,LET-1,0.019157288095526043,1.5869677798316957,-1.1080355774435446,0.04,White_constantSy
2024-10-11,285,2024,LET-1,0.06531326808640643,3.160621953949061,-1.5277902517889004,0.04,White_constantSy
2024-10-12,286,2024,LET-1,-0.03994884846717639,-0.3127574910863018,-0.685963720593108,0.04,White_constantSy
2024-10-13,287,2024,LET-1,-0.04022767005075252,-0.4972460665566132,-0.5084456847121999,0.04,White_constantSy
2024-10-14,288,2024,LET-1,0.0075930285366109735,0.8920743927490093,-0.702248679333735,0.04,White_constantSy
2024-10-15,289,2024,LET-1,0.026888887560829744,1.36305322422956,-0.6908310352088165,0.04,White_constantSy
2024-10-16,290,2024,LET-1,0.04095033589909747,1.306593730750194,-0.28283533327275734,0.04,White_constantSy
2024-10-17,291,2024,LET-1,0.0012189362848147312,1.3004221925939419,-1.2699487854735736,0.04,White_constantSy
2024-10-18,292,2024,LET-1,0.032231464177746715,4.078687564346552,-3.272900959902884,0.04,White_constantSy
2024-10-19,293,2024,LET-1,-0.045367288809890736,-0.78884516288187,-0.34533705736539844,0.04,White_constantSy
2024-10-20,294,2024,LET-1,0.14588947132145336,4.3880959078911985,-0.7408591248548646,0.04,White_constantSy
2024-10-21,295,2024,LET-1,0.014202718580682472,0.8149853865805596,-0.45991742206349784,0.04,White_constantSy
2024-10-22,296,2024,LET-1,-0.0780004169474097,-0.6411601267497531,-1.3088502969354892,0.04,White_constantSy
2024-10-23,297,2024,LET-1,-0.01442282803940742,0.40429141928441936,-0.7648621202696049,0.04,White_constantSy
2024-10-24,298,2024,LET-1,-0.026188037827992616,-0.1540399552638405,-0.5006609904359749,0.04,White_constantSy
2024-10-25,299,2024,LET-1,-0.05019930950152229,-0.19802679279727897,-1.0569559447407784,0.04,White_constantSy
2024-10-26,300,2024,LET-1,-0.10661103446974352,-0.8998352304228519,-1.765440631320736,0.04,White_constantSy
2024-10-27,301,2024,LET-1,0.07650779697316068,1.4631844752962309,0.44951044903278614,0.04,White_constantSy
2024-10-28,302,2024,LET-1,-0.19515796897356097,-4.811852078814383,-0.06709714552464163,0.04,White_constantSy
2024-10-29,303,2024,LET-1,-0.18977642814337514,-4.44085900178095,-0.3035517018034284,0.04,White_constantSy
2024-10-30,304,2024,LET-1,-0.10083401419309723,-0.10557774462149894,-2.415272610205932,0.04,White_constantSy
2024-10-31,305,2024,LET-1,0.013885235117321315,-0.20209739213754574,0.5492282700705786,0.04,White_constantSy
2024-11-01,306,2024,LET-1,0.1478128857247114,5.30043648068208,-1.6051143375642951,0.04,White_constantSy
2024-11-02,307,2024,LET-1,-0.04145218908571735,-0.766911705992257,-0.26939302115067676,0.04,White_constantSy
2024-11-03,308,2024,LET-1,-0.11819051955500726,-1.0800261705853131,-1.8747368182898683,0.04,White_constantSy
2024-11-04,309,2024,LET-1,-0.047891751474082866,0.8759199636042325,-2.073213750456304,0.04,White_constantSy
2024-11-05,310,2024,LET-1,-0.13882727684453755,-3.2567386790038455,-0.21394324210959326,0.04,White_constantSy
2024-11-06,311,2024,LET-1,0.027003866384809783,1.2753854129034181,-0.6002887532831735,0.04,White_constantSy
2024-11-07,312,2024,LET-1,0.0974172281082204,3.3673477016222364,-0.9319169989167264,0.04,White_constantSy
2024-11-08,313,2024,LET-1,0.07666384743041021,3.6252088162836316,-1.7086126305233762,0.04,White_constantSy
2019-10-06,279,2019,LHT-1,0.03374438935815761,1.9618341606304455,-1.1182244266765053,0.04,White_constantSy
2019-10-07,280,2019,LHT-1,0.020079165641709553,1.1761502782082118,-0.6741711371654731,0.04,White_constantSy
2019-10-08,281,2019,LHT-1,-0.02138604944298038,-0.8338030628586068,0.29915182678409735,0.04,White_constantSy
2019-10-09,282,2019,LHT-1,-0.1372762818832996,-1.5362466834367297,-1.89566036364576,0.04,White_constantSy
2019-10-10,283,2019,LHT-1,-0.19867214043233447,-3.0017790826906605,-1.965024428117701,0.04,White_constantSy
2019-10-11,284,2019,LHT-1,-0.13091017274408273,-3.2145171167700823,-0.058237201831985885,0.04,White_constantSy
2019-10-12,285,2019,LHT-1,-0.06240815307197181,-1.4643267090076222,-0.09587711779167307,0.04,White_constantSy
2019-10-13,286,2019,LHT-1,-0.00844153451740965,0.9861440336280225,-1.1971823965632638,0.04,White_constantSy
2019-10-14,287,2019,LHT-1,-0.09164921955290595,-0.38745516500142685,-1.9037753238212218,0.04,White_constantSy
2019-10-15,288,2019,LHT-1,-0.03701100258677343,-0.20313292050673226,-0.7221421441626035,0.04,White_constantSy
2019-10-16,289,2019,LHT-1,0.06498492413021438,1.1463358412463265,0.47828726200903304,0.04,White_constantSy
2019-10-17,290,2019,LHT-1,-0.4092223551341101,-9.92555588080512,-0.30500299754763205,0.04,White_constantSy
2019-10-18,291,2019,LHT-1,0.036089644188602395,3.047881532160318,-2.145640427445258,0.04,White_constantSy
2019-10-19,292,2019,LHT-1,-0.15223027056672778,-3.5933781929753366,-0.21237857119285763,0.04,White_constantSy
2019-10-20,293,2019,LHT-1,-2.7632430756430186,2.7529015065791214,-71.83397839765459,0.04,White_constantSy
2024-06-03,155,2024,LHT-1,0.11613137179014757,1.6134795488838662,1.289804745869823,0.04,White_constantSy
2024-06-04,156,2024,LHT-1,0.16896191069428568,2.901604243539424,1.322443523817718,0.04,White_constantSy
2024-06-05,157,2024,LHT-1,0.16363931283069805,3.0736468826856083,1.0173359380818425,0.04,White_constantSy
2024-06-06,158,2024,LHT-1,0.2011151595738744,2.8953694169047353,2.1325095724421246,0.04,White_constantSy
2024-06-07,159,2024,LHT-1,0.26502956125740723,3.573072037331926,3.052666994103255,0.04,White_constantSy
2024-06-08,160,2024,LHT-1,0.10445440106578702,1.6496938225937896,0.9616662040508857,0.04,White_constantSy
2024-06-09,161,2024,LHT-1,0.08967628021840582,-0.367867977551839,2.6097749830119845,0.04,White_constantSy
2024-06-10,162,2024,LHT-1,0.1481832380070216,3.9028437985827225,-0.19826284840718245,0.04,White_constantSy
2024-06-11,163,2024,LHT-1,-0.026421087115409136,-4.131750932114642,3.4712237542294133,0.04,White_constantSy
2024-06-12,164,2024,LHT-1,0.25660401421097134,3.9693123895872873,2.4457879656869963,0.04,White_constantSy
2024-06-13,165,2024,LHT-1,0.10245111848036714,1.5748644357778119,0.9864135262313667,0.04,White_constantSy
2024-06-14,166,2024,LHT-1,0.09889086972852112,0.4375073945016794,2.0347643487113487,0.04,White_constantSy
2024-06-15,167,2024,LHT-1,0.16356884471711197,2.862649491203584,1.2265716267242155,0.04,White_constantSy
2024-06-16,168,2024,LHT-1,0.18759269524398547,2.421073418471309,2.268743962628328,0.04,White_constantSy
2024-06-17,169,2024,LHT-1,-0.09625532543807225,-2.1552911644910466,-0.25109197146075957,0.04,White_constantSy
2024-06-18,170,2024,LHT-1,0.029332153396261162,0.3379279255259604,0.39537590938056866,0.04,White_constantSy
2024-06-19,171,2024,LHT-1,0.06752329483721553,0.6221124725801275,1.0659698983502608,0.04,White_constantSy
2024-06-20,172,2024,LHT-1,0.27451950089227495,6.323761963366792,0.5392255589400818,0.04,White_constantSy
2024-06-21,173,2024,LHT-1,0.13514238740039985,2.544865268957963,0.8336944160520332,0.04,White_constantSy
2024-06-22,174,2024,LHT-1,0.18334771144181872,4.031782081160529,0.5519107048849392,0.04,White_constantSy
2024-06-23,175,2024,LHT-1,0.12087371533537805,1.5449797732337345,1.4768631101507168,0.04,White_constantSy
2024-06-24,176,2024,LHT-1,0.1652051283156979,3.1382005752039532,0.991927632688494,0.04,White_constantSy
2024-06-25,177,2024,LHT-1,0.01954494397040918,-0.11318617320519309,0.6018097724654226,0.04,White_constantSy
2024-06-26,178,2024,LHT-1,0.041664325264591184,-0.30610773869597097,1.3477158703107506,0.04,White_constantSy
2024-06-27,179,2024,LHT-1,0.1521121045267151,2.3785541994573833,1.4242484137104938,0.04,White_constantSy
2024-06-28,180,2024,LHT-1,-0.009884732984268396,-2.2023882805754624,1.9552699559687525,0.04,White_constantSy
2024-06-29,181,2024,LHT-1,0.14030678810891573,2.929710324086088,0.5779593786368054,0.04,White_constantSy
2024-06-30,182,2024,LHT-1,0.16240509350577526,3.7168877089968078,0.3432396286475736,0.04,White_constantSy
2024-07-01,183,2024,LHT-1,-0.014455201628763348,-1.950436204852224,1.5890561641331402,0.04,White_constantSy
2024-07-02,184,2024,LHT-1,0.11423356866626477,1.9087968941168043,0.947042322539815,0.04,White_constantSy
2024-07-03,185,2024,LHT-1,0.03758681877944525,-0.565728376550112,1.5053988460362433,0.04,White_constantSy
2024-07-04,186,2024,LHT-1,0.07452628959512708,0.9995507922401003,0.8636064476380767,0.04,White_constantSy
2024-07-05,187,2024,LHT-1,0.17363927226797699,3.309138180333804,1.031843626365621,0.04,White_constantSy
2024-07-06,188,2024,LHT-1,0.056603967705052584,-0.06340796971105078,1.4785071623373653,0.04,White_constantSy
2024-07-07,189,2024,LHT-1,0.17702184324942608,2.2020192177652405,2.2235268634704113,0.04,White_constantSy
2024-07-08,190,2024,LHT-1,0.24151328790355991,3.926188792911887,2.1116434046771104,0.04,White_constantSy
2024-07-09,191,2024,LHT-1,0.08413106790628433,0.8821718735667616,1.2211048240903466,0.04,White_constantSy
2024-07-10,192,2024,LHT-1,0.11765873364629613,2.055489630841521,0.8859787103158823,0.04,White_constantSy
2024-07-11,193,2024,LHT-1,0.07589625570369378,-1.5404981578456045,3.437904550437949,0.04,White_constantSy
2024-07-15,197,2024,LHT-1,-0.030635880003437137,-0.3316265170973054,-0.43427048298862303,0.04,White_constantSy
2024-07-16,198,2024,LHT-1,0.04132527676015798,-0.26369755781621507,1.2968294768201645,0.04,White_constantSy
2024-07-17,199,2024,LHT-1,0.06762448947678991,1.2336742865425094,0.45693795037723817,0.04,White_constantSy
2024-07-18,200,2024,LHT-1,-0.04991573651806107,-3.0341852699667697,1.786291857015243,0.04,White_constantSy
2024-07-19,201,2024,LHT-1,0.011039947258075245,-1.1917779017597923,1.4677765832116734,0.04,White_constantSy
2024-07-20,202,2024,LHT-1,0.0379367968609472,-0.353464431680095,1.301884353203775,0.04,White_constantSy
2024-07-21,203,2024,LHT-1,0.031457284180946773,-0.7981310534556769,1.5845631579793462,0.04,White_constantSy
2024-07-22,204,2024,LHT-1,0.10251962194371914,1.1795543478594368,1.3834362007335415,0.04,White_constantSy
2024-07-23,205,2024,LHT-1,-0.0256800680911698,-1.184883926458724,0.5428822241794791,0.04,White_constantSy
2024-07-24,206,2024,LHT-1,-0.039448588872351704,-1.6509428639057262,0.6647281420969335,0.04,White_constantSy
2024-07-25,207,2024,LHT-1,0.036046169379440586,0.02675465898857965,0.874399575497435,0.04,White_constantSy
2024-07-26,208,2024,LHT-1,0.11481295761707429,1.1464704545790312,1.723853485847826,0.04,White_constantSy
2024-07-27,209,2024,LHT-1,-0.033730669350999845,-1.7995297418923712,0.9562630081173751,0.04,White_constantSy
2024-07-28,210,2024,LHT-1,-0.02476389495133958,-2.019587919607659,1.4004905458241694,0.04,White_constantSy
2024-07-29,211,2024,LHT-1,-0.019954564286853726,-0.761768289745703,0.2629041825743599,0.04,White_constantSy
2024-07-30,212,2024,LHT-1,0.004744501324917679,-0.9562449175255097,1.0748574506484516,0.04,White_constantSy
2024-07-31,213,2024,LHT-1,0.14503833214365386,2.989069700071269,0.6368886035200774,0.04,White_constantSy
2024-08-01,214,2024,LHT-1,0.03428369646588863,1.745035090680517,-0.8879426790333014,0.04,White_constantSy
2024-08-02,215,2024,LHT-1,0.11226402886491826,3.2722085542640684,-0.46560783264111194,0.04,White_constantSy
2024-08-03,216,2024,LHT-1,-0.15114782872431193,-4.281466696755842,0.5027709786480443,0.04,White_constantSy
2024-08-04,217,2024,LHT-1,-0.04333210418219267,-1.5969334806360962,0.5136308760812796,0.04,White_constantSy
2024-08-05,218,2024,LHT-1,-0.0370537200111454,-0.40937585472460114,-0.5169671455540339,0.04,White_constantSy
2024-08-06,219,2024,LHT-1,-0.08823991066060842,-2.075372301974369,-0.13062546454084156,0.04,White_constantSy
2024-08-07,220,2024,LHT-1,0.09296461991360161,1.6850842197484894,0.6390312780915508,0.04,White_constantSy
2024-08-08,221,2024,LHT-1,0.04616103191033176,0.4784993658657015,0.6755264318925924,0.04,White_constantSy
2024-08-09,222,2024,LHT-1,0.12754859963337084,2.8420042370157717,0.34671075381849903,0.04,White_constantSy
2024-08-10,223,2024,LHT-1,0.08132805831520329,2.254151091307449,-0.22094963342736662,0.04,White_constantSy
2024-08-11,224,2024,LHT-1,-0.048268769786812986,-1.3730854946294926,0.16636624995916804,0.04,White_constantSy
2024-08-12,225,2024,LHT-1,0.004197265229873892,-1.0401938735705016,1.145125504317349,0.04,White_constantSy
2024-08-13,226,2024,LHT-1,0.07242269342714906,2.1747346573548043,-0.3641673216760779,0.04,White_constantSy
2024-08-14,227,2024,LHT-1,0.08962422418353583,2.791788325522674,-0.5511827209342783,0.04,White_constantSy
2024-08-15,228,2024,LHT-1,-0.016899680665523532,-0.6338449298620503,0.211352913223962,0.04,White_constantSy
2024-08-16,229,2024,LHT-1,-0.07756159145663787,-3.1069477867508226,1.1679080003348759,0.04,White_constantSy
2024-08-17,230,2024,LHT-1,0.07005129109081565,0.945386419749866,0.8058958575205253,0.04,White_constantSy
2024-08-18,231,2024,LHT-1,0.15474359171809682,3.5527866844593063,0.3158031084931139,0.04,White_constantSy
2024-08-19,232,2024,LHT-1,0.13234349044792112,3.496889350572502,-0.18830208937447424,0.04,White_constantSy
2024-08-20,233,2024,LHT-1,0.22546895719704027,4.978052158744447,0.6586717711815595,0.04,White_constantSy
2024-08-21,234,2024,LHT-1,0.03576508465609834,1.4295533750853906,-0.5354262586829321,0.04,White_constantSy
2024-08-22,235,2024,LHT-1,0.013878298465034505,-0.3771715529105677,0.7241290145364303,0.04,White_constantSy
2024-08-23,236,2024,LHT-1,0.10336102516418691,1.8047839149089953,0.7792417141956776,0.04,White_constantSy
2024-08-24,237,2024,LHT-1,-0.14813873653805446,0.7246890471775771,-4.428157460628938,0.04,White_constantSy
2024-08-25,238,2024,LHT-1,-0.10240766105119634,-2.6528271873019094,0.09263566102200116,0.04,White_constantSy
2024-08-26,239,2024,LHT-1,0.062107402372098476,2.174953282311833,-0.622268223009371,0.04,White_constantSy
2024-08-27,240,2024,LHT-1,0.14563452740976118,3.2668543396830785,0.37400884556095093,0.04,White_constantSy
2024-08-28,241,2024,LHT-1,0.0053640319709597865,-0.8094721201344726,0.9435729194084672,0.04,White_constantSy
2024-08-29,242,2024,LHT-1,0.09893993184021099,1.7690214855617228,0.7044768104435519,0.04,White_constantSy
2024-08-30,243,2024,LHT-1,0.1543569617093931,3.5115330238425315,0.34739101889229573,0.04,White_constantSy
2024-08-31,244,2024,LHT-1,0.19701689559826718,5.406908178918712,-0.48148578896203276,0.04,White_constantSy
2024-09-01,245,2024,LHT-1,0.047088656199496766,0.2765827537718053,0.9006336512156139,0.04,White_constantSy
2024-09-02,246,2024,LHT-1,0.08571518224191892,0.251430343213201,1.8914492128347717,0.04,White_constantSy
2024-09-03,247,2024,LHT-1,-0.054243932024925244,-1.4381488479712061,0.08205054734807504,0.04,White_constantSy
2024-09-04,248,2024,LHT-1,0.05000838697790584,1.1018146820805725,0.14839499236707354,0.04,White_constantSy
2024-09-05,249,2024,LHT-1,0.1178418644421214,3.4248179586438425,-0.47877134759080775,0.04,White_constantSy
2024-09-06,250,2024,LHT-1,0.05291075716100409,0.7278757905874897,0.5948931384376124,0.04,White_constantSy
2024-09-07,251,2024,LHT-1,0.13874558552200938,3.1939684997894346,0.2746711382607998,0.04,White_constantSy
2024-09-08,252,2024,LHT-1,0.0834670373492952,1.0181192737402682,1.0685566599921117,0.04,White_constantSy
2024-09-09,253,2024,LHT-1,0.05012815994281368,1.1380705467974224,0.11513345177291967,0.04,White_constantSy
2024-09-10,254,2024,LHT-1,0.10204481705017714,2.008239563750493,0.5428808625039352,0.04,White_constantSy
2024-09-11,255,2024,LHT-1,0.1780869140124315,3.343951244353775,1.108221605957013,0.04,White_constantSy
2024-09-12,256,2024,LHT-1,-0.09334848259272349,-3.347039251935513,1.0133271871174259,0.04,White_constantSy
2024-09-13,257,2024,LHT-1,0.008523635919622734,0.3904067800093003,-0.17731588201873194,0.04,White_constantSy
2024-09-14,258,2024,LHT-1,0.08654620620576736,2.4301228528059937,-0.26646769766180967,0.04,White_constantSy
2024-09-15,259,2024,LHT-1,0.2506025967321932,6.255884295112679,0.00918062319215096,0.04,White_constantSy
2024-09-16,260,2024,LHT-1,0.08420213632900982,0.9549894474243388,1.1500639608009067,0.04,White_constantSy
2024-09-17,261,2024,LHT-1,0.11211339808131981,3.962480746395869,-1.1596457943628735,0.04,White_constantSy
2024-09-18,262,2024,LHT-1,-0.23895809709094523,0.9674437855952362,-6.941396212868867,0.04,White_constantSy
2024-09-19,263,2024,LHT-1,-0.006046625002672954,0.025630456407952806,-0.17679608147477666,0.04,White_constantSy
2024-09-20,264,2024,LHT-1,-0.006532109619594166,0.2595168364205165,-0.42281957691037064,0.04,White_constantSy
2024-09-21,265,2024,LHT-1,0.0076311766113246905,0.11098602496235799,0.07979339032075927,0.04,White_constantSy
2024-09-22,266,2024,LHT-1,0.00318056362157904,0.9385667587752664,-0.8590526682357904,0.04,White_constantSy
2024-09-23,267,2024,LHT-1,-0.0788216580181927,-1.4978708981054467,-0.4726705523493706,0.04,White_constantSy
2024-09-24,268,2024,LHT-1,0.026120373628126574,0.36237892999815813,0.29063041070500617,0.04,White_constantSy
2024-09-25,269,2024,LHT-1,0.10797286944550478,2.7162792488354626,-0.016957512697842958,0.04,White_constantSy
2024-09-26,270,2024,LHT-1,-0.11107051204560037,-3.287955161447087,0.5111923603070778,0.04,White_constantSy
2024-09-27,271,2024,LHT-1,-0.009456515624105464,-0.05943361599767627,-0.17697927460496032,0.04,White_constantSy
2024-09-28,272,2024,LHT-1,0.023585332962676946,-0.24962408928064406,0.8392574133475676,0.04,White_constantSy
2024-09-29,273,2024,LHT-1,0.0796527729986667,2.1021977367632303,-0.11087841179656266,0.04,White_constantSy
2024-09-30,274,2024,LHT-1,0.1217279562023333,4.148497643158805,-1.1052987381004726,0.04,White_constantSy
2024-10-01,275,2024,LHT-1,0.1663323865807638,4.504859839262963,-0.34655017474386796,0.04,White_constantSy
2024-10-02,276,2024,LHT-1,0.16054407506056406,3.147297586123443,0.8663042903906586,0.04,White_constantSy
2024-10-03,277,2024,LHT-1,0.10450809364078452,2.3411917013498282,0.27151063966978484,0.04,White_constantSy
2024-10-04,278,2024,LHT-1,0.12411653348691971,2.850685436452949,0.25222790072004386,0.04,White_constantSy
2024-10-05,279,2024,LHT-1,0.014856785147824212,0.8880022547963904,-0.5165826261007851,0.04,White_constantSy
2024-10-06,280,2024,LHT-1,0.009133090638371186,1.7483296994649606,-1.520002433505681,0.04,White_constantSy
2024-10-07,281,2024,LHT-1,0.06485720081542069,1.5163304655609409,0.10509955482457656,0.04,White_constantSy
2024-10-08,282,2024,LHT-1,0.033947168305210766,0.2793026517160513,0.5693765559142179,0.04,White_constantSy
2024-10-09,283,2024,LHT-1,0.015138764753342571,1.0848694580032827,-0.7064003391697184,0.04,White_constantSy
2024-10-10,284,2024,LHT-1,0.06079440523014398,1.1681692544912323,0.35169087626236717,0.04,White_constantSy
2024-10-11,285,2024,LHT-1,0.09095971857258349,2.741396277484398,-0.467403313169811,0.04,White_constantSy
2024-10-12,286,2024,LHT-1,-0.003145596943075475,-0.07225396373277704,-0.006385959844109834,0.04,White_constantSy
2024-10-13,287,2024,LHT-1,-0.004593913909369576,-0.25640261233132833,0.14155476459708893,0.04,White_constantSy
2024-10-14,288,2024,LHT-1,0.024827838331707427,0.9529408580333723,-0.3322448997406866,0.04,White_constantSy
2024-10-15,289,2024,LHT-1,0.06532035404936608,2.6238487119717604,-0.9908398607376085,0.04,White_constantSy
2024-10-16,290,2024,LHT-1,0.1057464823848153,3.526496771786782,-0.8828347121663995,0.04,White_constantSy
2024-10-17,291,2024,LHT-1,0.07960231607729157,1.540183997015987,0.4498739049163021,0.04,White_constantSy
2024-10-18,292,2024,LHT-1,0.05584547311046322,3.5391281697207546,-2.142991341959174,0.04,White_constantSy
2024-10-19,293,2024,LHT-1,-0.03575093332610663,-0.42850669903060634,-0.4652666341220595,0.04,White_constantSy
2024-10-20,294,2024,LHT-1,0.12750745939849253,3.5484068591653113,-0.3607203742029981,0.04,White_constantSy
2024-10-21,295,2024,LHT-1,0.05217749407709391,1.1743753951091378,0.13006195681820998,0.04,White_constantSy
2024-10-22,296,2024,LHT-1,-0.0347809289425885,-1.1807523826774968,0.31122915911278426,0.04,White_constantSy
2024-10-23,297,2024,LHT-1,-0.005191734873230303,0.40518069532811296,-0.5349740671588705,0.04,White_constantSy
2024-10-24,298,2024,LHT-1,0.01303476820237222,0.7465992631668712,-0.4207300581075657,0.04,White_constantSy
2024-10-25,299,2024,LHT-1,-0.04938019121789807,-0.6175704044547388,-0.6169343759927131,0.04,White_constantSy
2024-10-26,300,2024,LHT-1,-0.09057163874021512,-0.53943586051588,-1.724855107989498,0.04,White_constantSy
2024-10-27,301,2024,LHT-1,-0.04949956238793789,-0.5769389680420716,-0.6605500916563756,0.04,White_constantSy
2024-10-28,302,2024,LHT-1,-0.21394156614518012,-5.111089391142798,-0.23744976248670469,0.04,White_constantSy
2024-10-29,303,2024,LHT-1,-0.17058844657324698,-4.080766398978454,-0.1839447653527202,0.04,White_constantSy
2024-10-30,304,2024,LHT-1,-0.14399361000116756,-0.2850824500328031,-3.3147577999963858,0.04,White_constantSy
2024-10-31,305,2024,LHT-1,-0.14131046670083153,-2.121696218893419,-1.4110654486273688,0.04,White_constantSy
2024-11-01,306,2024,LHT-1,0.14265889807337828,6.021322172725974,-2.4548497208915165,0.04,White_constantSy
2024-11-02,307,2024,LHT-1,-0.020663966590441875,1.6329862310914507,-2.1495853958524975,0.04,White_constantSy
2024-11-03,308,2024,LHT-1,-0.08376924633733665,1.3806797521405088,-3.474910910573925,0.04,White_constantSy
2024-11-04,309,2024,LHT-1,-0.022260690900820918,2.796516906353162,-3.353034178873685,0.04,White_constantSy
2024-11-05,310,2024,LHT-1,-0.12680480957917836,-2.056187557298415,-1.1139326821810442,0.04,White_constantSy
2024-11-06,311,2024,LHT-1,0.0594107774329143,3.195882861500678,-1.7106134256778205,0.04,White_constantSy
2024-11-07,312,2024,LHT-1,0.061043226666726014,3.007927656343057,-1.4818469896749065,0.04,White_constantSy
2024-11-08,313,2024,LHT-1,0.0982911989851516,4.1657562019178584,-1.7084762272890686,0.04,White_constantSy
2024-06-03,155,2024,LWT-1,-0.020626433235130293,-0.6057764917976485,0.09011566091939116,0.04,White_constantSy
2024-06-04,156,2024,LWT-1,0.10411804489261627,1.8206436040209653,0.7823075182944415,0.04,White_constantSy
2024-06-05,157,2024,LWT-1,0.18479976390149574,2.5928844132934827,2.0271096842439107,0.04,White_constantSy
2024-06-06,158,2024,LWT-1,0.2278795144356708,3.794290976623671,1.9026968842680994,0.04,White_constantSy
2024-06-07,159,2024,LWT-1,0.2281926507607038,3.392013679480854,2.312802589536741,0.04,White_constantSy
2024-06-08,160,2024,LWT-1,0.17240359371758984,3.088501049169068,1.2215887937706782,0.04,White_constantSy
2024-06-09,161,2024,LWT-1,0.18406133968181848,3.711641736690652,0.8898917553548102,0.04,White_constantSy
2024-06-10,162,2024,LWT-1,0.21415139331003133,4.562286324657052,0.7914985080937313,0.04,White_constantSy
2024-06-11,163,2024,LWT-1,0.20073976979874603,3.367213924259758,1.6512803207088922,0.04,White_constantSy
2024-06-12,164,2024,LWT-1,0.27496994870984537,5.048378754963423,1.8258699627827113,0.04,White_constantSy
2024-06-13,165,2024,LWT-1,0.25080917698121397,5.713761526505579,0.5564678980247706,0.04,White_constantSy
2024-06-14,166,2024,LWT-1,0.1968381717753968,3.1364371682272463,1.7845171261576738,0.04,White_constantSy
2024-06-15,167,2024,LWT-1,0.23587423787073733,5.319936900955781,0.5769190458126516,0.04,White_constantSy
2024-06-16,168,2024,LWT-1,0.18874321408842604,2.6598991495113466,2.0586812026993044,0.04,White_constantSy
2024-06-17,169,2024,LWT-1,0.04494600842600221,1.6843599743531001,-0.5607097637030449,0.04,White_constantSy
2024-06-18,170,2024,LWT-1,0.1285071051089858,3.0375009454576514,0.17517668226699357,0.04,White_constantSy
2024-06-19,171,2024,LWT-1,0.16987898815613706,3.321180049314208,0.9257946545892182,0.04,White_constantSy
2024-06-20,172,2024,LWT-1,0.3352758414316685,7.762723685075599,0.6191723507161129,0.04,White_constantSy
2024-06-21,173,2024,LWT-1,0.26230288666286017,5.963990342577617,0.5935818239938868,0.04,White_constantSy
2024-06-22,174,2024,LWT-1,0.3041073789925832,7.270737584761733,0.3319468900528477,0.04,White_constantSy
2024-06-23,175,2024,LWT-1,0.21603633130265906,4.363964680877743,1.0369436016887335,0.04,White_constantSy
2024-06-24,176,2024,LWT-1,0.23356862332506126,5.177400283712743,0.6618152994137887,0.04,White_constantSy
2024-06-25,177,2024,LWT-1,0.15432681430848305,3.366602470653035,0.4915678870590412,0.04,White_constantSy
2024-06-26,178,2024,LWT-1,0.15087995245114172,2.5743769089793034,1.1976219022992396,0.04,White_constantSy
2024-06-27,179,2024,LWT-1,0.29613390001635026,6.158600935129499,1.2447465652792573,0.04,White_constantSy
2024-06-28,180,2024,LWT-1,0.1272675037817808,1.6965209049899954,1.485166689554525,0.04,White_constantSy
2024-06-29,181,2024,LWT-1,0.2686649476405307,6.588685585932552,0.127938105080716,0.04,White_constantSy
2024-06-30,182,2024,LWT-1,0.3307738412100551,8.45602938041172,-0.18668335016034376,0.04,White_constantSy
2024-07-01,183,2024,LWT-1,0.1583038568230481,2.1885594744070573,1.7690369461691446,0.04,White_constantSy
2024-07-02,184,2024,LWT-1,0.3289879596988854,7.187703875199247,1.0369951172728875,0.04,White_constantSy
2024-07-03,185,2024,LWT-1,0.2375308189806944,4.8929012766389945,1.0453691978783652,0.04,White_constantSy
2024-07-04,186,2024,LWT-1,0.29367383133723024,6.4582611227809394,0.8835846606498166,0.04,White_constantSy
2024-07-05,187,2024,LWT-1,0.3803886611630318,7.567911005707018,1.941805523368778,0.04,White_constantSy
2024-07-06,188,2024,LWT-1,0.311347346566059,5.815209540154953,1.968474123996522,0.04,White_constantSy
2024-07-07,189,2024,LWT-1,0.4201739725485609,8.740782146240278,1.7635671674737452,0.04,White_constantSy
2024-07-08,190,2024,LWT-1,0.4274680572666085,8.725072210969742,1.961629220695471,0.04,White_constantSy
2024-07-09,191,2024,LWT-1,0.291286567857135,5.800955567975308,1.4812086284530679,0.04,White_constantSy
2024-07-10,192,2024,LWT-1,0.41481744421943745,8.894526533205749,1.4759095722801874,0.04,White_constantSy
2024-07-11,193,2024,LWT-1,0.24165298216176836,6.258395124474703,-0.2170705704304936,0.04,White_constantSy
2024-07-15,197,2024,LWT-1,0.054124870411925485,0.8675362770539152,0.4855854832442219,0.04,White_constantSy
2024-07-16,198,2024,LWT-1,0.3329165443300099,5.4358844969857785,2.887029111264468,0.04,White_constantSy
2024-07-17,199,2024,LWT-1,0.4275950556389671,9.812823475765242,0.8770529152089352,0.04,White_constantSy
2024-07-18,200,2024,LWT-1,0.25405758773892045,5.065373340645607,1.2860663528274046,0.04,White_constantSy
2024-07-19,201,2024,LWT-1,0.19140438398170545,4.087425770489261,0.6976838290533749,0.04,White_constantSy
2024-07-20,202,2024,LWT-1,0.18629155173019968,4.265598305082108,0.391690488172884,0.04,White_constantSy
2024-07-21,203,2024,LWT-1,0.16900293424213544,4.3604646288844435,-0.13539127283105756,0.04,White_constantSy
2024-07-22,204,2024,LWT-1,0.14889475884039882,3.3988355556296312,0.3235334153803393,0.04,White_constantSy
2024-07-23,205,2024,LWT-1,0.1510900046579377,4.934459403416724,-1.157209286968282,0.04,White_constantSy
2024-07-24,206,2024,LWT-1,0.10691561993339463,2.4880869382105004,0.18480356012436516,0.04,White_constantSy
2024-07-25,207,2024,LWT-1,0.17644124333684771,3.986365012168534,0.4246660712526591,0.04,White_constantSy
2024-07-26,208,2024,LWT-1,0.23252037245576504,3.969361686315011,1.8436476250791145,0.04,White_constantSy
2024-07-27,209,2024,LWT-1,0.15505646315889293,4.439821190693749,-0.5634096117214256,0.04,White_constantSy
2024-07-28,210,2024,LWT-1,0.1687960223037112,4.279410072665655,-0.059509515072875274,0.04,White_constantSy
2024-07-29,211,2024,LWT-1,0.10800639699330361,2.957264416799177,-0.2571044919665866,0.04,White_constantSy
2024-07-30,212,2024,LWT-1,0.17429525241733929,4.142667292550016,0.2147140178834661,0.04,White_constantSy
2024-07-31,213,2024,LWT-1,0.27420612554963214,6.648347869852245,0.20680526888855866,0.04,White_constantSy
2024-08-01,214,2024,LWT-1,0.2338325358440727,6.72385455225637,-0.878041156154552,0.04,White_constantSy
2024-08-02,215,2024,LWT-1,0.2554059180981892,6.331029769453835,0.054118183000895215,0.04,White_constantSy
2024-08-03,216,2024,LWT-1,-0.061951459050129644,0.6380801298543588,-2.1868666061076,0.04,White_constantSy
2024-08-04,217,2024,LWT-1,0.030237537495651168,-1.1176392404919966,1.8735776778832758,0.04,White_constantSy
2024-08-05,218,2024,LWT-1,0.21408590401451194,4.929331746918962,0.42281585344383643,0.04,White_constantSy
2024-08-06,219,2024,LWT-1,0.18810364803330515,4.462951352686417,0.23963984814621142,0.04,White_constantSy
2024-08-07,220,2024,LWT-1,0.2437296682610622,5.524264999929727,0.5689767065968283,0.04,White_constantSy
2024-08-08,221,2024,LWT-1,0.1853284840446662,3.957678557714985,0.67553354340167,0.04,White_constantSy
2024-08-09,222,2024,LWT-1,0.24430526193980712,5.780833376661576,0.3267981718336017,0.04,White_constantSy
2024-08-10,223,2024,LWT-1,0.28049507811547186,7.053182166666261,-0.04080521377946411,0.04,White_constantSy
2024-08-11,224,2024,LWT-1,0.09688133751996703,1.7457184329700226,0.6763150050291529,0.04,White_constantSy
2024-08-12,225,2024,LWT-1,0.2509718159095854,5.679062927005731,0.5952324707339045,0.04,White_constantSy
2024-08-13,226,2024,LWT-1,0.30077550906841566,8.23353846350443,-0.7141507367940392,0.04,White_constantSy
2024-08-14,227,2024,LWT-1,0.31958203692483494,8.430758902285618,-0.4412079791647443,0.04,White_constantSy
2024-08-15,228,2024,LWT-1,0.07265695738837337,1.4050896489461024,0.41133428576323183,0.04,White_constantSy
2024-08-16,229,2024,LWT-1,0.14638768122435408,3.0718318545311263,0.5878601760777258,0.04,White_constantSy
2024-08-17,230,2024,LWT-1,0.17881359342273867,4.42448411135814,0.0458557242103268,0.04,White_constantSy
2024-08-18,231,2024,LWT-1,0.2478759489903854,6.1914844176467625,0.005414307112872052,0.04,White_constantSy
2024-08-19,232,2024,LWT-1,0.21114467255909516,5.836440304942812,-0.5578234909654327,0.04,White_constantSy
2024-08-20,233,2024,LWT-1,0.28265903019354255,6.477680793534546,0.5887949613040178,0.04,White_constantSy
2024-08-21,234,2024,LWT-1,0.20251912495328953,4.968559907088689,0.09441821674354856,0.04,White_constantSy
2024-08-22,235,2024,LWT-1,0.17625211064984114,2.5624912302554037,1.8438115359906249,0.04,White_constantSy
2024-08-23,236,2024,LWT-1,0.13735903934558452,5.40454157191985,-1.9705655882802375,0.04,White_constantSy
2024-08-24,237,2024,LWT-1,0.06267011332488437,3.9644590867951024,-2.397706253672993,0.04,White_constantSy
2024-08-25,238,2024,LWT-1,0.03837391539501482,1.6667475529406488,-0.7073996680652783,0.04,White_constantSy
2024-08-26,239,2024,LWT-1,0.10806806466597152,2.5342066776332217,0.16749493901606627,0.04,White_constantSy
2024-08-27,240,2024,LWT-1,0.22799818835530233,5.185961165349482,0.5139935435330756,0.04,White_constantSy
2024-08-28,241,2024,LWT-1,0.1381259066632498,2.8495950639513694,0.6035526026298754,0.04,White_constantSy
2024-08-29,242,2024,LWT-1,0.23330518730777783,5.668238222202859,0.16439146049158637,0.04,White_constantSy
2024-08-30,243,2024,LWT-1,0.2743152468935023,7.470448161334929,-0.6125669889973722,0.04,White_constantSy
2024-08-31,244,2024,LWT-1,0.21337225933213802,4.385881860094855,0.9484246232085951,0.04,White_constantSy
2024-09-01,245,2024,LWT-1,0.1846243139212777,3.995548271025882,0.6200595770060602,0.04,White_constantSy
2024-09-02,246,2024,LWT-1,0.25486921501881626,6.489486206954751,-0.11775583148434521,0.04,White_constantSy
2024-09-03,247,2024,LWT-1,0.22811107066767988,6.120778328308063,-0.41800156161606594,0.04,White_constantSy
2024-09-04,248,2024,LWT-1,0.20756914023486103,5.240869770457522,-0.05164126458599583,0.04,White_constantSy
2024-09-05,249,2024,LWT-1,0.382203027345609,10.08396444017552,-0.5288887565352951,0.04,White_constantSy
2024-09-06,250,2024,LWT-1,0.2096735479467287,4.326968127219288,0.9148705714489296,0.04,White_constantSy
2024-09-07,251,2024,LWT-1,0.18511341093879138,3.853149719651981,0.7746855538178039,0.04,White_constantSy
2024-09-08,252,2024,LWT-1,0.38543409285504143,10.257108065302447,-0.6212557439264117,0.04,White_constantSy
2024-09-09,253,2024,LWT-1,0.36448789935889864,9.05716257432232,0.055034909650146346,0.04,White_constantSy
2024-09-10,254,2024,LWT-1,0.38961084137420016,8.727378097891147,1.0128929364638566,0.04,White_constantSy
2024-09-11,255,2024,LWT-1,0.26730575075616686,7.724299918666986,-1.0416561497628152,0.04,White_constantSy
2024-09-12,256,2024,LWT-1,-0.042990800004501464,-0.7081369025339086,-0.36663309757862805,0.04,White_constantSy
2024-09-13,257,2024,LWT-1,0.05088189409328834,1.7694957858193732,-0.4974484334871647,0.04,White_constantSy
2024-09-14,258,2024,LWT-1,0.20771020140514737,4.469182204426005,0.723572830702679,0.04,White_constantSy
2024-09-15,259,2024,LWT-1,0.29182378280683735,6.076548977587493,1.2190455925834414,0.04,White_constantSy
2024-09-16,260,2024,LWT-1,-0.014267208623471106,1.133293341742501,-1.4899735573292787,0.04,White_constantSy
2024-09-17,261,2024,LWT-1,0.05051953293796032,1.3825310948344622,-0.11954277138545422,0.04,White_constantSy
2024-09-18,262,2024,LWT-1,-0.08741567541761015,-1.5540916657606374,-0.6313002196796162,0.04,White_constantSy
2024-09-19,263,2024,LWT-1,-0.1016546624206211,-1.8346403929946575,-0.7067261675208698,0.04,White_constantSy
2024-09-20,264,2024,LWT-1,0.0030336207152640783,0.01873002909675847,0.05711048878484348,0.04,White_constantSy
2024-09-21,265,2024,LWT-1,0.09919998635395928,2.15012138552666,0.329878273322322,0.04,White_constantSy
2024-09-22,266,2024,LWT-1,0.03634213030760918,1.0576155560350742,-0.14906229834484463,0.04,White_constantSy
2024-09-23,267,2024,LWT-1,0.026740515265244087,0.4812282905422478,0.1872845910888543,0.04,White_constantSy
2024-09-24,268,2024,LWT-1,-0.006320550126014269,-0.7785176651790664,0.6205039120287097,0.04,White_constantSy
2024-09-25,269,2024,LWT-1,0.17192522591922627,4.93542569900751,-0.6372950510268538,0.04,White_constantSy
2024-09-26,270,2024,LWT-1,-0.15705542284292334,-3.228026184888222,-0.6983593861848618,0.04,White_constantSy
2024-09-27,271,2024,LWT-1,0.03130317707389281,0.29961093559936103,0.48296849124795926,0.04,White_constantSy
2024-09-28,272,2024,LWT-1,-0.0028540019271969187,-0.2506393533657558,0.17928930518583286,0.04,White_constantSy
2024-09-29,273,2024,LWT-1,0.04721534992944669,2.101214750619505,-0.9208310023833377,0.04,White_constantSy
2024-09-30,274,2024,LWT-1,0.1108951332993155,4.207591406047584,-1.4352130735646966,0.04,White_constantSy
2024-10-01,275,2024,LWT-1,0.0798924340651564,1.5639859588179945,0.4333248928109157,0.04,White_constantSy
2024-10-02,276,2024,LWT-1,0.09571143971599667,1.4064306737029426,0.9863553191969743,0.04,White_constantSy
2024-10-03,277,2024,LWT-1,-0.12153554612027222,-3.2397314635748558,0.20134281056805037,0.04,White_constantSy
2024-10-04,278,2024,LWT-1,0.008093962098797647,1.2900172340692961,-1.087668181599355,0.04,White_constantSy
2024-10-05,279,2024,LWT-1,-0.011578101767781845,0.40716004588361443,-0.6966125900781606,0.04,White_constantSy
2024-10-06,280,2024,LWT-1,0.06949190386975204,2.707270236595207,-0.9699726398514059,0.04,White_constantSy
2024-10-07,281,2024,LWT-1,-0.06596234569620492,-2.864140082572277,1.215081440167154,0.04,White_constantSy
2024-10-08,282,2024,LWT-1,0.0063252392549856045,0.27864151593956876,-0.12051053456492866,0.04,White_constantSy
2024-10-09,283,2024,LWT-1,-0.05250874767166806,-0.4160612384229694,-0.8966574533687321,0.04,White_constantSy
2024-10-10,284,2024,LWT-1,0.042751400202247394,1.7067771898577462,-0.6379921848015613,0.04,White_constantSy
2024-10-11,285,2024,LWT-1,0.09090589964293941,3.5804991229301493,-1.3078516318566642,0.04,White_constantSy
2024-10-12,286,2024,LWT-1,0.025650635743069188,1.367162634364405,-0.7258967407876753,0.04,White_constantSy
2024-10-13,287,2024,LWT-1,-0.010633024791120533,0.1626201362188624,-0.42844575599687573,0.04,White_constantSy
2024-10-14,288,2024,LWT-1,0.030387506656167036,1.371936945306686,-0.6122492789025102,0.04,White_constantSy
2024-10-15,289,2024,LWT-1,0.07288389602906875,2.502927035891389,-0.6808296351646703,0.04,White_constantSy
2024-10-16,290,2024,LWT-1,0.05295094717778454,2.206609111174629,-0.8828354317300153,0.04,White_constantSy
2024-10-17,291,2024,LWT-1,-0.021978427258993634,1.060459977403383,-1.6099206588782238,0.04,White_constantSy
2024-10-18,292,2024,LWT-1,0.045829241936019116,4.498617671093896,-3.3528866226934184,0.04,White_constantSy
2024-10-19,293,2024,LWT-1,-0.025769883279792793,-0.608898853405293,-0.0353482285895268,0.04,White_constantSy
2024-10-20,294,2024,LWT-1,0.16188661786952707,4.508046581584679,-0.4608811348465025,0.04,White_constantSy
2024-10-21,295,2024,LWT-1,0.03220671994115776,1.1150821494645413,-0.3099141509355974,0.04,White_constantSy
2024-10-22,296,2024,LWT-1,-0.023203508331334888,0.07877519279553269,-0.6588629010789049,0.04,White_constantSy
2024-10-23,297,2024,LWT-1,0.005972239651320876,0.5241503533827796,-0.3748443620997577,0.04,White_constantSy
2024-10-24,298,2024,LWT-1,0.0658083444515043,2.1858586454875706,-0.5406500341999632,0.04,White_constantSy
2024-10-25,299,2024,LWT-1,-0.055402342238586755,-0.13809918972427226,-1.2469593662403966,0.04,White_constantSy
2024-10-26,300,2024,LWT-1,-0.03541728381292586,-0.23989858245094808,-0.6455335128721984,0.04,White_constantSy
2024-10-27,301,2024,LWT-1,-0.08949103561266014,-3.156795943032975,0.9195200527164715,0.04,White_constantSy
2024-10-28,302,2024,LWT-1,-0.21876057095338552,-5.171973063954383,-0.2970412098802555,0.04,White_constantSy
2024-10-29,303,2024,LWT-1,-0.20337452165863112,-4.260873691296041,-0.8234893501697371,0.04,White_constantSy
2024-10-30,304,2024,LWT-1,-0.035240423512036045,0.014343686739692885,-0.895354274540594,0.04,White_constantSy
2024-10-31,305,2024,LWT-1,-0.11851544670652459,-2.302161030297256,-0.6607251373658585,0.04,White_constantSy
2024-11-01,306,2024,LWT-1,0.12180558677876263,2.5402959831016148,0.504843686367451,0.04,White_constantSy
2024-11-02,307,2024,LWT-1,-0.07265032082340639,0.1331044842004303,-1.94936250478559,0.04,White_constantSy
2024-11-03,308,2024,LWT-1,-0.1125938941312441,-1.4401381511596867,-1.3747092021214158,0.04,White_constantSy
2024-11-04,309,2024,LWT-1,-0.05549667861064478,-0.0841747293627293,-1.3032422359033902,0.04,White_constantSy
2024-11-05,310,2024,LWT-1,-0.23243084082758259,-5.9568261034918635,0.14605508280229884,0.04,White_constantSy
2024-11-06,311,2024,LWT-1,0.026202770080743676,1.0953065025439912,-0.4402372505253993,0.04,White_constantSy
2024-11-07,312,2024,LWT-1,0.1322131039529708,4.027255703352495,-0.7219281045282244,0.04,White_constantSy
2024-11-08,313,2024,LWT-1,0.11825950864999868,2.785121984340222,0.17136573190974502,0.04,White_constantSy
