date,doy,year,well_id,ET_gw_cm,R_cm,S_cm,Sy_star,method_id
2018-07-18,199,2018,EEF-1,0.0986844702767783,0.286114403476034,1.75193443919656,0.048421052631579,White_wavg
2018-07-19,200,2018,EEF-1,0.0934622701072417,2.16582002203469,-0.235620965472094,0.048421052631579,White_wavg
2018-07-20,201,2018,EEF-1,0.229327880520626,5.60114771156033,-0.865028439938698,0.048421052631579,White_wavg
2018-07-21,202,2018,EEF-1,0.0405860505163162,1.19424597823146,-0.356055804524928,0.048421052631579,White_wavg
2018-07-22,203,2018,EEF-1,0.00512312475661391,0.625216498215053,-0.519412834763244,0.048421052631579,White_wavg
2018-07-23,204,2018,EEF-1,0.17602577527542,3.77087505289462,-0.135560128728329,0.048421052631579,White_wavg
2018-07-24,205,2018,EEF-1,0.0359269255768758,1.21564934748442,-0.473680232309807,0.048421052631579,White_wavg
2018-07-25,206,2018,EEF-1,0.522976872275195,-0.149816511212819,10.9504258299397,0.048421052631579,White_wavg
2018-07-28,209,2018,EEF-1,0.777842485151187,16.1315597224305,-0.0674214421342967,0.048421052631579,White_wavg
2018-07-29,210,2018,EEF-1,0.68780248571053,17.9981693316552,-3.79355277893776,0.048421052631579,White_wavg
2018-07-30,211,2018,EEF-1,0.583571540652063,16.1754644662946,-4.12344351804546,0.048421052631579,White_wavg
2018-07-31,212,2018,EEF-1,0.705822542378659,18.2582173401997,-3.68144744324912,0.048421052631579,White_wavg
2018-08-01,213,2018,EEF-1,0.703359595731612,14.489516254628,0.0363884398291603,0.048421052631579,White_wavg
2018-08-02,214,2018,EEF-1,0.671523842572278,15.0174333676414,-1.14900618408349,0.048421052631579,White_wavg
2018-08-03,215,2018,EEF-1,0.467074744407282,15.8281275532499,-6.18201870136037,0.048421052631579,White_wavg
2018-08-04,216,2018,EEF-1,0.355227867087104,12.228886375603,-4.89265868576059,0.048421052631579,White_wavg
2018-08-05,217,2018,EEF-1,0.469657196262881,10.496268800188,-0.796826703454551,0.048421052631579,White_wavg
2018-08-06,218,2018,EEF-1,0.505521446962788,10.690306704036,-0.250189864587119,0.048421052631579,White_wavg
2018-08-07,219,2018,EEF-1,0.35900147156358,6.11089411341085,1.30326671235874,0.048421052631579,White_wavg
2018-08-08,220,2018,EEF-1,0.607583103830263,13.3027229137198,-0.75481098679048,0.048421052631579,White_wavg
2018-08-09,221,2018,EEF-1,0.501993236363178,9.44665988877384,0.920591731770051,0.048421052631579,White_wavg
2018-08-10,222,2018,EEF-1,0.660858867939869,13.4514409059619,0.19673136670928,0.048421052631579,White_wavg
2018-08-11,223,2018,EEF-1,0.358046084933907,6.39092426321316,1.00350575172623,0.048421052631579,White_wavg
2018-08-12,224,2018,EEF-1,0.320166565337896,7.05862533672491,-0.44648974822489,0.048421052631579,White_wavg
2018-08-13,225,2018,EEF-1,0.459842007151054,9.60971834452596,-0.112981240319421,0.048421052631579,White_wavg
2018-08-14,226,2018,EEF-1,0.501637653972707,12.2238563808921,-1.86394830971662,0.048421052631579,White_wavg
2018-08-15,227,2018,EEF-1,0.44974283435703,7.90534598960622,1.38282124168026,0.048421052631579,White_wavg
2018-08-16,228,2018,EEF-1,0.435515198294986,10.7918915537458,-1.79755593678408,0.048421052631579,White_wavg
2018-08-17,229,2018,EEF-1,0.354539823107606,7.18518107422847,0.136837011689471,0.048421052631579,White_wavg
2018-08-18,230,2018,EEF-1,0.530464373786534,11.23608298196,-0.280840479846841,0.048421052631579,White_wavg
2018-08-19,231,2018,EEF-1,1.01372714000398,20.6852706258772,0.250398569857241,0.048421052631579,White_wavg
2018-08-20,232,2018,EEF-1,1.05573544390329,23.5939641304189,-1.79073213676393,0.048421052631579,White_wavg
2018-08-21,233,2018,EEF-1,0.796112287586774,19.9967105813094,-3.55526116375646,0.048421052631579,White_wavg
2018-08-22,234,2018,EEF-1,0.219580995425359,5.1597004271574,-0.624875521633681,0.048421052631579,White_wavg
2018-08-23,235,2018,EEF-1,0.155723342690398,2.90904359048802,0.30698196507455,0.048421052631579,White_wavg
2018-08-24,236,2018,EEF-1,-0.0237410867517488,1.85490189340068,-2.34520694588245,0.048421052631579,White_wavg
2018-08-27,239,2018,EEF-1,0.0972000189974337,2.25952074147312,-0.25212904478699,0.048421052631579,White_wavg
2018-08-28,240,2018,EEF-1,-0.00986629981107078,0.139202773236898,-0.34296331281336,0.048421052631579,White_wavg
2018-08-29,241,2018,EEF-1,-0.00469602224856136,-0.835970667133861,0.73898759895705,0.048421052631579,White_wavg
2018-08-30,242,2018,EEF-1,0.160722278024076,4.52606255458932,-1.20679811713558,0.048421052631579,White_wavg
2018-08-31,243,2018,EEF-1,0.027611683903078,0.00521301828048004,0.56502827971787,0.048421052631579,White_wavg
2018-09-01,244,2018,EEF-1,0.0320793395565207,0.30641453747862,0.35609356205822,0.048421052631579,White_wavg
2018-09-02,245,2018,EEF-1,0.0435495604131458,1.76729076025242,-0.86789766476354,0.048421052631579,White_wavg
2018-09-03,246,2018,EEF-1,-0.113736246956485,-2.51132550685536,0.16242475449317,0.048421052631579,White_wavg
2018-09-04,247,2018,EEF-1,0.0494127384133046,1.14920044433868,-0.12871997710739,0.048421052631579,White_wavg
2018-09-05,248,2018,EEF-1,-0.131873093908165,-1.78470437537502,-0.93876169446751,0.048421052631579,White_wavg
2018-09-06,249,2018,EEF-1,-0.0224728674245337,-0.53118219887268,0.06706863249644,0.048421052631579,White_wavg
2018-09-07,250,2018,EEF-1,-0.0041275706316487,-0.0794318338506594,-0.00581147267252014,0.048421052631579,White_wavg
2018-09-08,251,2018,EEF-1,-0.140127487446339,-3.45664126752354,0.56270402678393,0.048421052631579,White_wavg
2018-09-09,252,2018,EEF-1,-0.0588084154497776,-1.86096189721884,0.64644027379952,0.048421052631579,White_wavg
2018-09-10,253,2018,EEF-1,0.0906413000634719,1.93289061845088,-0.0609507258357001,0.048421052631579,White_wavg
2018-09-11,254,2018,EEF-1,-0.00612003080301263,-0.81867621638988,0.69228427589288,0.048421052631579,White_wavg
2018-09-12,255,2018,EEF-1,-0.108944882007279,-2.90123926691232,0.65129061676199,0.048421052631579,White_wavg
2018-09-13,256,2018,EEF-1,0.0833448364146577,2.42228688308118,-0.70103482669151,0.048421052631579,White_wavg
2018-09-14,257,2018,EEF-1,-0.0322514745343157,-0.713939020773661,0.04787595973888,0.048421052631579,White_wavg
2018-09-15,258,2018,EEF-1,-0.16186749949476,-3.43606293496242,0.0931471845271701,0.048421052631579,White_wavg
2018-09-16,259,2018,EEF-1,-0.0521225875285618,-0.13601890630464,-0.94042583613305,0.048421052631579,White_wavg
2018-09-17,260,2018,EEF-1,-0.00459400965049729,-0.66828008086902,0.57340379460875,0.048421052631579,White_wavg
2018-09-18,261,2018,EEF-1,-0.0159940655314825,-0.91669924967058,0.58638702673779,0.048421052631579,White_wavg
2018-09-19,262,2018,EEF-1,0.0806593212148573,2.40926310530118,-0.74347277586391,0.048421052631579,White_wavg
2018-09-20,263,2018,EEF-1,0.0360902464127647,1.27582126718298,-0.53047922170197,0.048421052631579,White_wavg
2018-09-21,264,2018,EEF-1,-0.0669234199821306,-0.6557430204243,-0.72637108790231,0.048421052631579,White_wavg
2018-09-22,265,2018,EEF-1,-0.0424144486103503,-1.60877605084266,0.73282548171586,0.048421052631579,White_wavg
2018-09-23,266,2018,EEF-1,-0.107914282076467,-2.92805789044548,0.69939336930105,0.048421052631579,White_wavg
2018-09-24,267,2018,EEF-1,0.0290381848772798,1.84539146623488,-1.24568982203019,0.048421052631579,White_wavg
2018-09-25,268,2018,EEF-1,-0.0667167408339484,-1.13128298780259,-0.24656274681156,0.048421052631579,White_wavg
2018-09-26,269,2018,EEF-1,-0.021549025632711,-0.13312987103334,-0.31190435399004,0.048421052631579,White_wavg
2018-09-27,270,2018,EEF-1,-0.0350513275372773,-1.55936101879986,0.83547490661696,0.048421052631579,White_wavg
2018-09-28,271,2018,EEF-1,-0.0609208882473447,-2.6298121859721,1.37166340695085,0.048421052631579,White_wavg
2018-09-29,272,2018,EEF-1,-0.0494211773556869,-1.52612761906104,0.50547286932403,0.048421052631579,White_wavg
2018-09-30,273,2018,EEF-1,0.125300426753132,3.00404465987364,-0.41631845518939,0.048421052631579,White_wavg
2018-10-01,274,2018,EEF-1,0.00633494784234798,0.44882664412782,-0.31799619955759,0.048421052631579,White_wavg
2018-10-02,275,2018,EEF-1,-0.2759806415799,-5.67852401562516,-0.02107619091625,0.048421052631579,White_wavg
2018-10-03,276,2018,EEF-1,0.011620305434474,0.37299243257004,-0.1330078638146,0.048421052631579,White_wavg
2018-10-04,277,2018,EEF-1,-0.030079828795194,-0.00187734338045997,-0.61933651217246,0.048421052631579,White_wavg
2018-10-05,278,2018,EEF-1,-0.137628960654087,-3.01844100173094,0.17610377083131,0.048421052631579,White_wavg
2018-10-06,279,2018,EEF-1,-0.0944148259660196,-2.25859429602906,0.30872289020909,0.048421052631579,White_wavg
2018-10-07,280,2018,EEF-1,-0.198435612880597,-3.79489605303186,-0.30323073471959,0.048421052631579,White_wavg
2018-10-08,281,2018,EEF-1,-0.101494961108517,-3.06430733483262,0.96821574672195,0.048421052631579,White_wavg
2018-10-09,282,2018,EEF-1,0.0330090084540039,0.504533818620361,0.17717396466885,0.048421052631579,White_wavg
2018-10-10,283,2018,EEF-1,-0.0477595193246523,-1.07750444387736,0.09116654478128,0.048421052631579,White_wavg
2018-10-11,284,2018,EEF-1,-0.0711448454031042,-0.38089173115062,-1.08840398913088,0.048421052631579,White_wavg
2018-10-12,285,2018,EEF-1,0.0413284744193411,1.3159818388875,-0.4624589976185,0.048421052631579,White_wavg
2018-10-13,286,2018,EEF-1,-0.0507478875794616,-1.463634431634,0.41558023162338,0.048421052631579,White_wavg
2018-10-14,287,2018,EEF-1,-0.052197852346465,0.4572975383592,-1.53529666290576,0.048421052631579,White_wavg
2018-10-15,288,2018,EEF-1,-0.0606781609317344,-0.7109064799248,-0.54222945236102,0.048421052631579,White_wavg
2018-10-16,289,2018,EEF-1,0.0281362905128401,-0.0200702972800801,0.60114586221917,0.048421052631579,White_wavg
2018-10-17,290,2018,EEF-1,-0.0553771995661526,-0.81790078395372,-0.32575877230378,0.048421052631579,White_wavg
2018-10-18,291,2018,EEF-1,0.031265643785588,0.31853916559404,0.32716434736919,0.048421052631579,White_wavg
2018-10-19,292,2018,EEF-1,0.100272157376702,2.70204336580524,-0.63120533302552,0.048421052631579,White_wavg
2018-10-20,293,2018,EEF-1,0.0837023921289526,0.99834975940002,0.73028659978487,0.048421052631579,White_wavg
2018-10-21,294,2018,EEF-1,-0.0488739842446249,-1.8713711072589,0.86201708481556,0.048421052631579,White_wavg
2018-10-22,295,2018,EEF-1,0.116075727024364,2.30467589349384,0.09254020809628,0.048421052631579,White_wavg
2018-10-23,296,2018,EEF-1,0.0190170673239373,0.56052781834524,-0.16778403665523,0.048421052631579,White_wavg
2018-10-24,297,2018,EEF-1,0.0354967718011826,2.21110583915016,-1.47802033456052,0.048421052631579,White_wavg
2018-10-25,298,2018,EEF-1,-0.106499066170224,-2.16984741857796,-0.0295898175462399,0.048421052631579,White_wavg
2018-10-26,299,2018,EEF-1,-0.00527020625617908,-0.44432078955306,0.33547957339284,0.048421052631579,White_wavg
2018-10-27,300,2018,EEF-1,-0.104457392348857,-2.51519952674004,0.35792729344842,0.048421052631579,White_wavg
2018-10-28,301,2018,EEF-1,0.0758809807068838,1.99951488028956,-0.4324076700387,0.048421052631579,White_wavg
2018-10-29,302,2018,EEF-1,-0.221437075059176,-4.82861431772328,0.25545733280552,0.048421052631579,White_wavg
2018-10-30,303,2018,EEF-1,0.0765136380544861,2.31731577177072,-0.73714281194981,0.048421052631579,White_wavg
2018-10-31,304,2018,EEF-1,-0.0210154242286274,-0.49485433678674,0.06084014076074,0.048421052631579,White_wavg
2018-11-01,305,2018,EEF-1,-0.0695610077000311,-0.462546518037839,-0.97403951054976,0.048421052631579,White_wavg
2018-11-02,306,2018,EEF-1,-0.0229453232521823,-1.06213096976232,0.58826016346725,0.048421052631579,White_wavg
2018-11-03,307,2018,EEF-1,0.0230075475236906,0.493230162820142,-0.01807429004827,0.048421052631579,White_wavg
2018-11-04,308,2018,EEF-1,-0.0734126942074249,-2.95475159433702,1.4386198661402,0.048421052631579,White_wavg
2018-11-05,309,2018,EEF-1,0.135853270570869,2.98291743307254,-0.17725206258721,0.048421052631579,White_wavg
2018-11-06,310,2018,EEF-1,0.113739946585153,2.87364844688154,-0.52467128914469,0.048421052631579,White_wavg
2018-11-07,311,2018,EEF-1,0.0245516826485376,1.12619370306174,-0.61914808314629,0.048421052631579,White_wavg
2018-11-08,312,2018,EEF-1,-0.0319666926155999,0.867786341783339,-1.52796803710551,0.048421052631579,White_wavg
2018-11-09,313,2018,EEF-1,0.209391748329065,3.66886211681214,0.65553268563594,0.048421052631579,White_wavg
2018-11-10,314,2018,EEF-1,-0.0471624572229415,-0.89500497773862,-0.0790022909960402,0.048421052631579,White_wavg
2018-11-11,315,2018,EEF-1,0.0261791024175049,2.17325829026754,-1.63260291425385,0.048421052631579,White_wavg
2018-11-12,316,2018,EEF-1,0.115791217495917,4.11787715187906,-1.72653679055035,0.048421052631579,White_wavg
2018-11-13,317,2018,EEF-1,0.0458140761497208,0.93389224894338,0.0122680193660702,0.048421052631579,White_wavg
2018-11-14,318,2018,EEF-1,0.1816084255417,3.27735064145748,0.47325814690371,0.048421052631579,White_wavg
2018-11-15,319,2018,EEF-1,0.218216987222356,3.68724117141672,0.819413999479759,0.048421052631579,White_wavg
2018-11-16,320,2018,EEF-1,0.0181413968166863,-0.130669707384001,0.50532898946774,0.048421052631579,White_wavg
2018-11-17,321,2018,EEF-1,0.112960914792905,3.33319864248876,-1.0003101848092,0.048421052631579,White_wavg
2018-11-18,322,2018,EEF-1,0.689044246492242,5.53335129713874,8.69691031520104,0.048421052631579,White_wavg
2019-09-22,265,2019,EEF-1,0.10630516519762,1.44059873551752,0.75483402399854,0.048421052631579,White_wavg
2019-09-23,266,2019,EEF-1,0.152890557504329,4.46939364555624,-1.31187126231467,0.048421052631579,White_wavg
2019-09-24,267,2019,EEF-1,0.294728307114106,5.81722432304478,0.26955593257263,0.048421052631579,White_wavg
2019-09-25,268,2019,EEF-1,0.256164083134666,4.6267220445795,0.66362315059294,0.048421052631579,White_wavg
2019-09-26,269,2019,EEF-1,0.152497025837633,3.14301873702654,0.0063763617941297,0.048421052631579,White_wavg
2019-09-27,270,2019,EEF-1,0.219592633920527,2.75840657288808,1.77665869286194,0.048421052631579,White_wavg
2019-09-28,271,2019,EEF-1,0.195901908096533,3.65956086149946,0.38623941440719,0.048421052631579,White_wavg
2019-09-29,272,2019,EEF-1,-0.122223882357724,-1.76221848191634,-0.76197039286274,0.048421052631579,White_wavg
2019-09-30,273,2019,EEF-1,-0.117900011769497,-2.17200191324166,-0.26288963417187,0.048421052631579,White_wavg
2019-10-01,274,2019,EEF-1,-0.00887828021254617,0.091323273548154,-0.27467906054639,0.048421052631579,White_wavg
2019-10-02,275,2019,EEF-1,0.0929680206118337,2.51760365806818,-0.59761192804118,0.048421052631579,White_wavg
2019-10-03,276,2019,EEF-1,0.0214528534585862,-0.215651329563842,0.6586993901216,0.048421052631579,White_wavg
2019-10-04,277,2019,EEF-1,0.0579008906119783,3.0661176238404,-1.87033836120172,0.048421052631579,White_wavg
2019-10-05,278,2019,EEF-1,0.0843942499207202,1.788137017488,-0.0452122908644301,0.048421052631579,White_wavg
2019-10-06,279,2019,EEF-1,0.014562413622033,0.176658589402799,0.1240869093131,0.048421052631579,White_wavg
2019-10-07,280,2019,EEF-1,0.0613800079232071,0.86307961894368,0.40455097947038,0.048421052631579,White_wavg
2019-10-08,281,2019,EEF-1,0.0412774514851135,0.00278826891281803,0.84968083784496,0.048421052631579,White_wavg
2019-10-09,282,2019,EEF-1,-0.161408311564788,-2.34125600112486,-0.99217652032184,0.048421052631579,White_wavg
2019-10-10,283,2019,EEF-1,-0.266229379984557,-4.8375946974165,-0.6606207587863,0.048421052631579,White_wavg
2019-10-11,284,2019,EEF-1,-0.0803276723230884,-2.70722380515198,1.04828274630559,0.048421052631579,White_wavg
2019-10-12,285,2019,EEF-1,-0.0212310494636536,-1.45126425450606,1.01279692862626,0.048421052631579,White_wavg
2019-10-13,286,2019,EEF-1,0.00857802701828145,0.543482289583984,-0.36632738377165,0.048421052631579,White_wavg
2019-10-14,287,2019,EEF-1,-0.0948563475924433,-0.810528935523902,-1.14846085171134,0.048421052631579,White_wavg
2019-10-15,288,2019,EEF-1,-0.0276389579443234,-0.724103408798282,0.15329884255682,0.048421052631579,White_wavg
2019-10-16,289,2019,EEF-1,0.0667582732173096,1.27846905355398,0.10023441506437,0.048421052631579,White_wavg
2019-10-17,290,2019,EEF-1,-0.327305522275509,-8.25405006165774,1.4944794929244,0.048421052631579,White_wavg
2019-10-18,291,2019,EEF-1,0.0505849850187918,2.55098585833836,-1.50629595034157,0.048421052631579,White_wavg
2019-10-19,292,2019,EEF-1,-0.13174036946581,-3.1482231415989,0.42749812002238,0.048421052631579,White_wavg
2019-10-20,293,2019,EEF-1,3.60042358828183,1.86149648991642,72.495077615904,0.048421052631579,White_wavg
2021-07-04,185,2021,EEF-1,0.197434959475046,4.50481039898807,-0.427349279394733,0.048421052631579,White_wavg
2021-07-05,186,2021,EEF-1,-0.0834303497826758,-4.77162131758848,3.04860322425061,0.048421052631579,White_wavg
2024-07-15,197,2024,EEF-1,-0.024712137261169,-1.13389204664682,0.623532690166158,0.048421052631579,White_wavg
2024-07-16,198,2024,EEF-1,0.491741946409214,9.41493489578815,0.740605301793451,0.048421052631579,White_wavg
2024-07-17,199,2024,EEF-1,0.640352055488926,13.0358670242924,0.18879499123976,0.048421052631579,White_wavg
2024-07-18,200,2024,EEF-1,0.546350814148359,9.89224869914906,1.39108333217574,0.048421052631579,White_wavg
2024-07-19,201,2024,EEF-1,0.635814295254651,12.7523922766137,0.378555125384494,0.048421052631579,White_wavg
2024-07-20,202,2024,EEF-1,0.598177470754234,11.9574413277846,0.396223829096343,0.048421052631579,White_wavg
2024-07-21,203,2024,EEF-1,0.661780450139381,12.2677528410708,1.39945210745989,0.048421052631579,White_wavg
2024-07-22,204,2024,EEF-1,0.668169976078884,13.957985823279,-0.158823273823757,0.048421052631579,White_wavg
2024-07-23,205,2024,EEF-1,0.552301324785367,11.3330034179195,0.0732195939521745,0.048421052631579,White_wavg
2024-07-24,206,2024,EEF-1,0.499737148960994,9.89096531517291,0.429693195978047,0.048421052631579,White_wavg
2024-07-25,207,2024,EEF-1,0.35114950680333,6.69598184592988,0.556018838051926,0.048421052631579,White_wavg
2024-07-26,208,2024,EEF-1,-0.0523263631883934,-2.57287557905701,1.49222242625324,0.048421052631579,White_wavg
2024-07-27,209,2024,EEF-1,-0.144613032480564,-2.42421830482584,-0.562355192055364,0.048421052631579,White_wavg
2024-07-28,210,2024,EEF-1,-0.0908722685961579,-1.92719448386924,0.0504845889485921,0.048421052631579,White_wavg
2024-07-29,211,2024,EEF-1,-0.130500087216101,-2.18088121842825,-0.514229278426015,0.048421052631579,White_wavg
2024-07-30,212,2024,EEF-1,-0.0868180300068271,-2.03541057713639,0.242429522647569,0.048421052631579,White_wavg
2024-07-31,213,2024,EEF-1,0.077133925403324,1.72846157867568,-0.135478336650507,0.048421052631579,White_wavg
2024-08-01,214,2024,EEF-1,-0.0251110541637863,0.636710951474129,-1.1553088092045,0.048421052631579,White_wavg
2024-08-02,215,2024,EEF-1,0.0599733431292869,1.20326479946584,0.0353151129868223,0.048421052631579,White_wavg
2024-08-03,216,2024,EEF-1,-0.170855624918968,-3.23109000277029,-0.297450077077954,0.048421052631579,White_wavg
2024-08-04,217,2024,EEF-1,0.130179161953879,6.1971962681294,-3.50871357560365,0.048421052631579,White_wavg
2024-08-05,218,2024,EEF-1,0.177918514788846,6.3193830623149,-2.64497895254524,0.048421052631579,White_wavg
2024-08-06,219,2024,EEF-1,0.250442274059722,8.08084508828486,-2.90866768922538,0.048421052631579,White_wavg
2024-08-07,220,2024,EEF-1,0.605457417041968,14.796855298755,-2.29284342506215,0.048421052631579,White_wavg
2024-08-08,221,2024,EEF-1,0.395307793563576,10.7707929485841,-2.60682764672762,0.048421052631579,White_wavg
2024-08-09,222,2024,EEF-1,0.612918427933113,12.1103902839771,0.547707684206785,0.048421052631579,White_wavg
2024-08-10,223,2024,EEF-1,0.692261644144714,14.3955664966953,-0.098858628489225,0.048421052631579,White_wavg
2024-08-11,224,2024,EEF-1,0.517480637591966,9.82371233426278,0.863387789919131,0.048421052631579,White_wavg
2024-08-12,225,2024,EEF-1,0.576016121578004,10.4863350862885,1.40965003325721,0.048421052631579,White_wavg
2024-08-13,226,2024,EEF-1,0.685246881447956,13.5515322600181,0.600305509015797,0.048421052631579,White_wavg
2024-08-14,227,2024,EEF-1,0.635305079787476,12.4332429167588,0.687188078852159,0.048421052631579,White_wavg
2024-08-15,228,2024,EEF-1,0.459374144669611,8.05952067586344,1.42755405100895,0.048421052631579,White_wavg
2024-08-16,229,2024,EEF-1,0.575806831689681,9.95786822308631,1.93379460528753,0.048421052631579,White_wavg
2024-08-17,230,2024,EEF-1,0.512965376826577,10.00464900814,0.58920116545238,0.048421052631579,White_wavg
2024-08-18,231,2024,EEF-1,0.592167671428047,11.7847718107065,0.444777925307534,0.048421052631579,White_wavg
2024-08-19,232,2024,EEF-1,0.599876593176753,12.5858626423768,-0.197106913726415,0.048421052631579,White_wavg
2024-08-20,233,2024,EEF-1,0.727235658254298,14.5211936476076,0.49780364242676,0.048421052631579,White_wavg
2024-08-21,234,2024,EEF-1,0.652003951159348,13.2190825293894,0.246216461944996,0.048421052631579,White_wavg
2024-08-22,235,2024,EEF-1,0.618052998759304,11.1346372373521,1.62950078050308,0.048421052631579,White_wavg
2024-08-23,236,2024,EEF-1,0.533618984080498,14.8450937841574,-3.82470172162535,0.048421052631579,White_wavg
2024-08-24,237,2024,EEF-1,-0.112189751143976,10.1609359227904,-12.4778981746768,0.048421052631579,White_wavg
2024-08-25,238,2024,EEF-1,0.168633901355531,14.768356450763,-11.2856997923336,0.048421052631579,White_wavg
2024-08-26,239,2024,EEF-1,0.321945951651639,12.4425742176726,-5.79369043356266,0.048421052631579,White_wavg
2024-08-27,240,2024,EEF-1,0.314356748316055,8.78303913711744,-2.29088890015543,0.048421052631579,White_wavg
2024-08-28,241,2024,EEF-1,0.183044552311649,5.13995214602652,-1.35968421785116,0.048421052631579,White_wavg
2024-08-29,242,2024,EEF-1,0.318689608052617,8.02886253358039,-1.4472293237981,0.048421052631579,White_wavg
2024-08-30,243,2024,EEF-1,0.359520529765313,8.13143020307305,-0.706549697050292,0.048421052631579,White_wavg
2024-08-31,244,2024,EEF-1,0.502397955372574,10.6673496203789,-0.291739672467088,0.048421052631579,White_wavg
2024-09-01,245,2024,EEF-1,0.53267434361665,9.79975393978698,1.20112924360036,0.048421052631579,White_wavg
2024-09-02,246,2024,EEF-1,0.680999517926375,13.7964380585935,0.267682420320803,0.048421052631579,White_wavg
2024-09-03,247,2024,EEF-1,0.737310491018853,15.7777561681793,-0.5506916797465,0.048421052631579,White_wavg
2024-09-04,248,2024,EEF-1,0.782758665891108,16.175274293051,-0.00960619312593991,0.048421052631579,White_wavg
2024-09-05,249,2024,EEF-1,0.921361383895998,19.2479185187561,-0.219802981773569,0.048421052631579,White_wavg
2024-09-06,250,2024,EEF-1,0.838234205918278,17.1089529981004,0.202405602385795,0.048421052631579,White_wavg
2024-09-07,251,2024,EEF-1,0.918324940181478,17.9254836310896,1.03992274222353,0.048421052631579,White_wavg
2024-09-08,252,2024,EEF-1,0.916603089166419,19.3535414082831,-0.423695001585315,0.048421052631579,White_wavg
2024-09-09,253,2024,EEF-1,0.868048276614798,18.5992420824103,-0.672158108843853,0.048421052631579,White_wavg
2024-09-10,254,2024,EEF-1,0.897380793272644,17.1739365259999,1.35892768289168,0.048421052631579,White_wavg
2024-09-11,255,2024,EEF-1,0.749840385862288,17.6881374262152,-2.20230337036362,0.048421052631579,White_wavg
2024-09-12,256,2024,EEF-1,0.368350233662706,9.73710991024466,-2.12987682373225,0.048421052631579,White_wavg
2024-09-13,257,2024,EEF-1,0.379099246221146,9.99258711991797,-2.16336355665518,0.048421052631579,White_wavg
2024-09-14,258,2024,EEF-1,0.457686239357393,10.3621104702846,-0.909894657468868,0.048421052631579,White_wavg
2024-09-15,259,2024,EEF-1,0.440596039625059,9.57522687198917,-0.475960836254252,0.048421052631579,White_wavg
2024-09-16,260,2024,EEF-1,0.0290538148382778,3.61755103894343,-3.01752660206596,0.048421052631579,White_wavg
2024-09-17,261,2024,EEF-1,0.0770809572836511,3.88573387926991,-2.29384454406408,0.048421052631579,White_wavg
2024-09-18,262,2024,EEF-1,-0.040505360746816,1.95672406922436,-2.79324782377817,0.048421052631579,White_wavg
2024-09-19,263,2024,EEF-1,-0.0370188516112975,1.43548827832412,-2.20000803986178,0.048421052631579,White_wavg
2024-09-20,264,2024,EEF-1,0.0470115684917347,2.56052205081936,-1.5896309624031,0.048421052631579,White_wavg
2024-09-21,265,2024,EEF-1,0.121024376507943,3.57780812409416,-1.07839165273447,0.048421052631579,White_wavg
2024-09-22,266,2024,EEF-1,0.0923998544980106,3.11411783968723,-1.2058599750544,0.048421052631579,White_wavg
2024-09-23,267,2024,EEF-1,0.0979655688131931,2.40098529501331,-0.377783330393022,0.048421052631579,White_wavg
2024-09-24,268,2024,EEF-1,0.155547236997863,2.69976802316447,0.512620567008781,0.048421052631579,White_wavg
2024-09-25,269,2024,EEF-1,0.252969905706549,5.75933831821158,-0.534959830793721,0.048421052631579,White_wavg
2024-09-26,270,2024,EEF-1,-0.0727250354351653,-0.744363089836142,-0.757566989803141,0.048421052631579,White_wavg
2024-09-27,271,2024,EEF-1,0.117560108264473,2.47750555588662,-0.0496337547724899,0.048421052631579,White_wavg
2024-09-28,272,2024,EEF-1,0.105355401669349,1.7071454096826,0.468672668271349,0.048421052631579,White_wavg
2024-09-29,273,2024,EEF-1,0.215552468486734,5.60825440227895,-1.1566273357051,0.048421052631579,White_wavg
2024-09-30,274,2024,EEF-1,0.224933244325358,6.24912871231873,-1.60376823168633,0.048421052631579,White_wavg
2024-10-01,275,2024,EEF-1,0.250802400581706,4.97470814663927,0.204906647982916,0.048421052631579,White_wavg
2024-10-02,276,2024,EEF-1,0.257803488372576,4.45477816973892,0.869424307520813,0.048421052631579,White_wavg
2024-10-03,277,2024,EEF-1,0.159042501089955,3.60736959153127,-0.322796199456118,0.048421052631579,White_wavg
2024-10-04,278,2024,EEF-1,0.12056899125135,3.85230515292283,-1.36229337707973,0.048421052631579,White_wavg
2024-10-05,279,2024,EEF-1,0.0658893548878241,2.24741870124245,-0.886660285080868,0.048421052631579,White_wavg
2024-10-06,280,2024,EEF-1,0.0900579335668119,1.73976238972207,0.120129716549048,0.048421052631579,White_wavg
2024-10-07,281,2024,EEF-1,0.110569116753292,1.13235319602334,1.15113943257725,0.048421052631579,White_wavg
2024-10-08,282,2024,EEF-1,0.0644237213992722,1.27856321395079,0.0519266845124413,0.048421052631579,White_wavg
2024-10-09,283,2024,EEF-1,0.0998679078458766,2.95359625427238,-0.891106853107541,0.048421052631579,White_wavg
2024-10-10,284,2024,EEF-1,0.161556281204483,3.42994796473841,-0.0934595485588794,0.048421052631579,White_wavg
2024-10-11,285,2024,EEF-1,0.169487585681932,4.41895624838867,-0.91866915278356,0.048421052631579,White_wavg
2024-10-12,286,2024,EEF-1,0.0591994038252369,1.44128504082029,-0.21868865747301,0.048421052631579,White_wavg
2024-10-13,287,2024,EEF-1,0.0251528460103654,0.667743282632216,-0.148282332418148,0.048421052631579,White_wavg
2024-10-14,288,2024,EEF-1,0.0510912578231505,1.28594658136375,-0.230801039363902,0.048421052631579,White_wavg
2024-10-15,289,2024,EEF-1,0.0864476296333621,1.84952328549493,-0.0641918039363603,0.048421052631579,White_wavg
2024-10-16,290,2024,EEF-1,-0.0253460143759436,2.1090897220176,-2.63254001891209,0.048421052631579,White_wavg
2024-10-17,291,2024,EEF-1,-0.0910216748085182,-0.951493629099474,-0.928301828902532,0.048421052631579,White_wavg
2024-10-18,292,2024,EEF-1,-0.0672732522746124,0.288471396016377,-1.67781030168772,0.048421052631579,White_wavg
2024-10-19,293,2024,EEF-1,-0.0966774363965411,-3.17841402329118,1.18181479336261,0.048421052631579,White_wavg
2024-10-20,294,2024,EEF-1,0.0862124856816913,1.68784474839684,0.0926304993772202,0.048421052631579,White_wavg
2024-10-21,295,2024,EEF-1,0.0591701793643741,0.45985638803322,0.76213644666581,0.048421052631579,White_wavg
2024-10-22,296,2024,EEF-1,-0.0524055695822533,-0.484034062829885,-0.598254874194911,0.048421052631579,White_wavg
2024-10-23,297,2024,EEF-1,-0.0271648561996268,-0.933038039653379,0.372024705095869,0.048421052631579,White_wavg
2024-10-24,298,2024,EEF-1,-0.0147672894535092,-0.387723552727326,0.0827469227092017,0.048421052631579,White_wavg
2024-10-25,299,2024,EEF-1,-0.16176844530516,-2.12218684510398,-1.21868322098084,0.048421052631579,White_wavg
2024-10-26,300,2024,EEF-1,-0.132465198063636,-2.48591117894286,-0.2497831288931,0.048421052631579,White_wavg
2024-10-27,301,2024,EEF-1,-0.0546303506890037,-2.84450823079716,1.7162727274373,0.048421052631579,White_wavg
2024-10-28,302,2024,EEF-1,-0.196633224818052,-3.31792907719122,-0.74297447883378,0.048421052631579,White_wavg
2024-10-29,303,2024,EEF-1,-0.189334954516808,-4.34511966781841,0.434941259319109,0.048421052631579,White_wavg
2024-10-30,304,2024,EEF-1,-0.168099775980465,-2.85475520355551,-0.61687060473669,0.048421052631579,White_wavg
2024-10-31,305,2024,EEF-1,-7.38697260651646E-05,1.27246466475876,-1.27399023518837,0.048421052631579,White_wavg
2024-11-01,306,2024,EEF-1,0.0560948081522453,0.301557264109007,0.856922469469971,0.048421052631579,White_wavg
2024-11-02,307,2024,EEF-1,-0.103613244637401,-0.0262819718116809,-2.11355677613465,0.048421052631579,White_wavg
2024-11-03,308,2024,EEF-1,-0.3733226120385,-8.12802197939747,0.418098469906708,0.048421052631579,White_wavg
2024-11-04,309,2024,EEF-1,-0.151461391651771,-2.73399053827639,-0.394016463227588,0.048421052631579,White_wavg
2024-11-05,310,2024,EEF-1,-0.265552696863795,-6.34439364912821,0.860153170419411,0.048421052631579,White_wavg
2024-11-06,311,2024,EEF-1,0.0775504250616638,1.52701346971579,0.0745713956881389,0.048421052631579,White_wavg
2024-11-07,312,2024,EEF-1,0.118914100596115,2.63080916182974,-0.174974475605621,0.048421052631579,White_wavg
2024-11-08,313,2024,EEF-1,0.2755179598583,5.45602736296367,0.234017460196872,0.048421052631579,White_wavg
2019-07-27,208,2019,EEF-2,-0.0152548683018687,-2.01531094077154,1.24118329560208,0.0197058823529412,White_wavg
2019-07-28,209,2019,EEF-2,-0.0773325825914942,-5.93380619147897,2.00946617937329,0.0197058823529412,White_wavg
2019-07-29,210,2019,EEF-2,-0.0723444516938857,-5.45126789088539,1.78005690940462,0.0197058823529412,White_wavg
2019-07-30,211,2019,EEF-2,-0.0575588732048992,-3.9528856604262,1.03198761719251,0.0197058823529412,White_wavg
2019-07-31,212,2019,EEF-2,-0.0163187195470541,-1.31541140418005,0.487297277911637,0.0197058823529412,White_wavg
2019-08-01,213,2019,EEF-2,0.00614593261127704,-0.674843955190994,0.986727102628933,0.0197058823529412,White_wavg
2019-08-02,214,2019,EEF-2,-0.0564879005655727,-3.12806185018815,0.261511672233709,0.0197058823529412,White_wavg
2019-08-03,215,2019,EEF-2,0.00298291779559899,-1.37704999726407,1.52842194510043,0.0197058823529412,White_wavg
2019-08-04,216,2019,EEF-2,-0.0177100009579823,-1.87967330724672,0.980956840722243,0.0197058823529412,White_wavg
2019-08-05,217,2019,EEF-2,-0.0448471038276485,-3.66921845372193,1.39339527440842,0.0197058823529412,White_wavg
2019-08-06,218,2019,EEF-2,-0.0186123474120585,-1.83025487547326,0.885747693368799,0.0197058823529412,White_wavg
2019-08-07,219,2019,EEF-2,-0.043640485801323,-3.47189699711632,1.25730518033276,0.0197058823529412,White_wavg
2019-08-08,220,2019,EEF-2,-0.0222265382444825,-2.18300666566927,1.05509278460598,0.0197058823529412,White_wavg
2019-08-09,221,2019,EEF-2,-0.0144081187907123,-2.18510735316428,1.45394908617291,0.0197058823529412,White_wavg
2019-08-10,222,2019,EEF-2,-0.0148192450145914,-1.55662823486912,0.804606846068964,0.0197058823529412,White_wavg
2019-08-11,223,2019,EEF-2,0.00119106335315175,0.242604059419676,-0.182162038513468,0.0197058823529412,White_wavg
2019-08-12,224,2019,EEF-2,0.0435067014415764,1.81468601111985,0.39311674860194,0.0197058823529412,White_wavg
2019-08-13,225,2019,EEF-2,0.00875283027248728,0.202340548625557,0.241832927888723,0.0197058823529412,White_wavg
2019-08-14,226,2019,EEF-2,0.079183339608777,3.81901689889222,0.199242126030796,0.0197058823529412,White_wavg
2019-08-15,227,2019,EEF-2,0.0443659487243015,1.50421657212578,0.747189781047723,0.0197058823529412,White_wavg
2019-08-16,228,2019,EEF-2,0.0268141079565793,0.259053687768244,1.10166223838652,0.0197058823529412,White_wavg
2019-08-17,229,2019,EEF-2,-0.00772890155271102,-1.84804131674019,1.45582840212501,0.0197058823529412,White_wavg
2019-08-18,230,2019,EEF-2,0.0321206439245592,0.977013586342366,0.652989239680039,0.0197058823529412,White_wavg
2019-08-19,231,2019,EEF-2,0,0.191415009674188,0.15637848544614,0.0197058823529412,White_wavg
2019-08-20,232,2019,EEF-2,0,-0.286942957304291,-0.311846670581758,0.0197058823529412,White_wavg
2019-08-21,233,2019,EEF-2,0,-0.259066387172481,1.78114299722353,0.0197058823529412,White_wavg
2019-08-22,234,2019,EEF-2,0,-1.06381643957837,1.52005435446017,0.0197058823529412,White_wavg
2019-08-23,235,2019,EEF-2,0,-1.61460996574903,0.655483482700873,0.0197058823529412,White_wavg
2019-08-24,236,2019,EEF-2,0,-0.00945798450646862,0.698914369932339,0.0197058823529412,White_wavg
2019-08-25,237,2019,EEF-2,0,1.27020879993887,0.482275748742126,0.0197058823529412,White_wavg
2019-08-26,238,2019,EEF-2,0,0.0110851387514117,1.32132123519798,0.0197058823529412,White_wavg
2019-08-27,239,2019,EEF-2,0,-2.7293005000073,1.00777879541081,0.0197058823529412,White_wavg
2019-08-28,240,2019,EEF-2,0,0.98752375720079,-0.896131123456115,0.0197058823529412,White_wavg
2019-08-29,241,2019,EEF-2,0,-3.470406103051,0.819012856617206,0.0197058823529412,White_wavg
2019-08-30,242,2019,EEF-2,0,-1.76987465899856,1.47535355314793,0.0197058823529412,White_wavg
2019-08-31,243,2019,EEF-2,0,-6.11757195422138,1.4109731104364,0.0197058823529412,White_wavg
2019-09-01,244,2019,EEF-2,0,-2.14162018887123,1.71052159717001,0.0197058823529412,White_wavg
2019-09-02,245,2019,EEF-2,0,-0.219139326464244,0.958203346848677,0.0197058823529412,White_wavg
2019-09-03,246,2019,EEF-2,0,3.23261764194922,-4.001037127426,0.0197058823529412,White_wavg
2019-09-04,247,2019,EEF-2,0,-6.94970145825664,4.71723510109462,0.0197058823529412,White_wavg
2019-09-05,248,2019,EEF-2,0,-2.20279486624202,2.39249370092782,0.0197058823529412,White_wavg
2019-09-06,249,2019,EEF-2,0,2.57563974639572,1.12648002478866,0.0197058823529412,White_wavg
2019-09-07,250,2019,EEF-2,0,-1.92731853859192,3.04300860969596,0.0197058823529412,White_wavg
2019-09-08,251,2019,EEF-2,0,1.73760129589868,-0.954661016425177,0.0197058823529412,White_wavg
2019-09-09,252,2019,EEF-2,0,-4.1418997734894,-7.52594604265994,0.0197058823529412,White_wavg
2019-09-10,253,2019,EEF-2,0,-20.3200583736804,-1.22020387587597,0.0197058823529412,White_wavg
2019-09-11,254,2019,EEF-2,0,-27.4902833554768,-9.75039977614927,0.0197058823529412,White_wavg
2019-09-12,255,2019,EEF-2,0,4.26032103636516,-0.558302265865876,0.0197058823529412,White_wavg
2019-09-13,256,2019,EEF-2,0,-0.305158471933794,0.0500045435560139,0.0197058823529412,White_wavg
2019-09-14,257,2019,EEF-2,0,-1.46592593888562,1.01180408876579,0.0197058823529412,White_wavg
2019-09-15,258,2019,EEF-2,0,0.056988605308959,1.24807565681451,0.0197058823529412,White_wavg
2019-09-16,259,2019,EEF-2,0,-3.84908679191898,-0.625096750442992,0.0197058823529412,White_wavg
2019-09-17,260,2019,EEF-2,0,-0.619967019583044,-0.314225753684383,0.0197058823529412,White_wavg
2019-09-18,261,2019,EEF-2,0,-3.88686503141247,0.274547168338472,0.0197058823529412,White_wavg
2019-09-19,262,2019,EEF-2,0,-4.85318229186697,0.448423451138069,0.0197058823529412,White_wavg
2019-09-20,263,2019,EEF-2,0,1.68928548904898,-0.763862855248306,0.0197058823529412,White_wavg
2019-09-21,264,2019,EEF-2,0,2.64797176428999,-0.296495828502827,0.0197058823529412,White_wavg
2019-09-22,265,2019,EEF-2,0,-2.24859636176609,0.593074085318079,0.0197058823529412,White_wavg
2019-09-23,266,2019,EEF-2,0,1.81589619783659,-1.48031938415178,0.0197058823529412,White_wavg
2019-09-24,267,2019,EEF-2,0,3.13816817071739,0.0392048834235936,0.0197058823529412,White_wavg
2019-09-25,268,2019,EEF-2,0,-1.04033732361484,0.620545393774734,0.0197058823529412,White_wavg
2019-09-26,269,2019,EEF-2,0,-2.06196848915954,0.271273625955899,0.0197058823529412,White_wavg
2019-09-27,270,2019,EEF-2,0,-1.76883737347606,2.16862085266314,0.0197058823529412,White_wavg
2019-09-28,271,2019,EEF-2,0,0.277972775873536,0.718726876552893,0.0197058823529412,White_wavg
2019-09-29,272,2019,EEF-2,0,-0.482743731946698,-0.802018192869099,0.0197058823529412,White_wavg
2019-09-30,273,2019,EEF-2,0,-2.8863171199319,-0.575658140995813,0.0197058823529412,White_wavg
2019-10-01,274,2019,EEF-2,0,-0.413084803450261,-0.533514250113711,0.0197058823529412,White_wavg
2019-10-02,275,2019,EEF-2,0,1.75676389120008,-0.491870288563035,0.0197058823529412,White_wavg
2019-10-03,276,2019,EEF-2,0,4.09704817168932,-2.65696310105258,0.0197058823529412,White_wavg
2019-10-04,277,2019,EEF-2,-2.11478715824964,3.82944854194665,-111.147005826257,0.0197058823529412,White_wavg
2024-06-03,155,2024,EEF-2,-0.0785407325036192,-6.99031058356279,3.00466147143883,0.0197058823529412,White_wavg
2024-06-04,156,2024,EEF-2,0.0117120791069317,-3.19532213784757,3.78966645073664,0.0197058823529412,White_wavg
2024-06-05,157,2024,EEF-2,0.0349123376371027,-0.677622406897484,2.44929327206389,0.0197058823529412,White_wavg
2024-06-06,158,2024,EEF-2,0.0822103559194441,-0.0493656478510758,4.22123445570346,0.0197058823529412,White_wavg
2024-06-07,159,2024,EEF-2,0.0845059476113266,-0.637180722020815,4.9255422425956,0.0197058823529412,White_wavg
2024-06-08,160,2024,EEF-2,0.0488530773913911,-1.26375722483769,3.74286861484858,0.0197058823529412,White_wavg
2024-06-09,161,2024,EEF-2,0.0532872109134086,-1.07365663106123,3.77778375204017,0.0197058823529412,White_wavg
2024-06-10,162,2024,EEF-2,0.0307914070422721,-1.22452077544462,2.78706978953007,0.0197058823529412,White_wavg
2024-06-11,163,2024,EEF-2,0.0330547659211476,-1.38833529923272,3.06574133105215,0.0197058823529412,White_wavg
2024-06-12,164,2024,EEF-2,0.0778035704496913,0.804897695094155,3.14334319339764,0.0197058823529412,White_wavg
2024-06-13,165,2024,EEF-2,0.0541580263245429,0.0768068338561818,2.67151091992659,0.0197058823529412,White_wavg
2024-06-14,166,2024,EEF-2,0.0459728745588627,-0.409520268647555,2.74247211193313,0.0197058823529412,White_wavg
2024-06-15,167,2024,EEF-2,0.014518655120716,-0.594702548583513,1.33147012187358,0.0197058823529412,White_wavg
2024-06-16,168,2024,EEF-2,0.033075747245746,-2.59748719715418,4.27595795290846,0.0197058823529412,White_wavg
2024-06-17,169,2024,EEF-2,-0.0962747590261606,-6.01982999901441,1.13424521261223,0.0197058823529412,White_wavg
2024-06-18,170,2024,EEF-2,-0.0424725986371073,-4.10524643833301,1.94992053734548,0.0197058823529412,White_wavg
2024-06-19,171,2024,EEF-2,-0.0210596037614093,-3.02262970105542,1.95393339077495,0.0197058823529412,White_wavg
2024-06-20,172,2024,EEF-2,0.0674291297762337,1.62798162693107,1.79379510798228,0.0197058823529412,White_wavg
2024-06-21,173,2024,EEF-2,0.0309166514914265,-0.0356007432216643,1.60450544577166,0.0197058823529412,White_wavg
2024-06-22,174,2024,EEF-2,0.0459094689419446,1.13774170279797,1.19199254201713,0.0197058823529412,White_wavg
2024-06-23,175,2024,EEF-2,0.00172876669872744,-2.13709477298178,2.22482323232019,0.0197058823529412,White_wavg
2024-06-24,176,2024,EEF-2,0.0181291775580568,-1.14269678229988,2.06268489718634,0.0197058823529412,White_wavg
2024-06-25,177,2024,EEF-2,-0.00290235611376458,-2.27532291309132,2.12803917000475,0.0197058823529412,White_wavg
2024-06-26,178,2024,EEF-2,0.00462370500820876,-3.31882457556318,3.55346035209915,0.0197058823529412,White_wavg
2024-06-27,179,2024,EEF-2,-0.00170354252341702,-2.73431686382861,2.64786843726715,0.0197058823529412,White_wavg
2024-06-28,180,2024,EEF-2,-0.0618808167947715,-6.22375775215392,3.08353719838939,0.0197058823529412,White_wavg
2024-06-29,181,2024,EEF-2,0.0168294731599455,-0.749728409562863,1.60376137588845,0.0197058823529412,White_wavg
2024-06-30,182,2024,EEF-2,0.0457969646340263,0.831879661316037,1.4921454096644,0.0197058823529412,White_wavg
2024-07-01,183,2024,EEF-2,-0.011451976507161,-3.17546181028914,2.59431673380634,0.0197058823529412,White_wavg
2024-07-02,184,2024,EEF-2,0.0511958167112057,0.528034277060385,2.06996239186647,0.0197058823529412,White_wavg
2024-07-03,185,2024,EEF-2,0.00360572799342679,-2.35052043723493,2.53349767869241,0.0197058823529412,White_wavg
2024-07-04,186,2024,EEF-2,0.0414260949852631,0.572658384933789,1.52956136058702,0.0197058823529412,White_wavg
2024-07-05,187,2024,EEF-2,0.0872454897755894,2.38509764584802,2.04228541739084,0.0197058823529412,White_wavg
2024-07-06,188,2024,EEF-2,-0.0198500843642097,-1.24487692218511,0.237559208180443,0.0197058823529412,White_wavg
2024-07-07,189,2024,EEF-2,0.0270600805068354,1.22070309808186,0.15249501719039,0.0197058823529412,White_wavg
2024-07-08,190,2024,EEF-2,0.0354190799153009,1.47184459079676,0.325541554158804,0.0197058823529412,White_wavg
2024-07-09,191,2024,EEF-2,-0.0392572718056664,-1.84483275761735,-0.147327304162729,0.0197058823529412,White_wavg
2024-07-10,192,2024,EEF-2,0.00875058090173738,0.699155213219569,-0.255095883877672,0.0197058823529412,White_wavg
2024-07-11,193,2024,EEF-2,-0.0603629513899888,-2.61747377203147,-0.445720776117213,0.0197058823529412,White_wavg
2024-07-12,194,2024,EEF-2,-1.43730086264989,-2.45906034447501,-70.4785953720867,0.0197058823529412,White_wavg
2025-05-27,147,2025,EEF-2,0.00598277435404864,-3.5555344578452,3.85913793252826,0.0197058823529412,White_wavg
2025-05-28,148,2025,EEF-2,0.00436028487578932,-3.93410512717512,4.15537331490174,0.0197058823529412,White_wavg
2025-05-29,149,2025,EEF-2,0.0296668833661416,-1.63631182222734,3.14179545573303,0.0197058823529412,White_wavg
2025-05-30,150,2025,EEF-2,0.046242912096929,-0.889848908639522,3.2365041493792,0.0197058823529412,White_wavg
2025-05-31,151,2025,EEF-2,0.041915548224191,-1.78132089430321,3.90837856538155,0.0197058823529412,White_wavg
2025-06-01,152,2025,EEF-2,-0.0217767127045166,-4.83603987118393,3.7309529578204,0.0197058823529412,White_wavg
2025-06-02,153,2025,EEF-2,0.0232902042861577,-1.29930584213973,2.4811968059149,0.0197058823529412,White_wavg
2025-06-03,154,2025,EEF-2,0.0581382078565092,0.135017899774681,2.81527921533176,0.0197058823529412,White_wavg
2025-06-04,155,2025,EEF-2,0.00345037113187185,-2.44106798901562,2.61616144943897,0.0197058823529412,White_wavg
2025-06-05,156,2025,EEF-2,0.023622458047035,-0.610633428504315,1.80938503089116,0.0197058823529412,White_wavg
2025-06-06,157,2025,EEF-2,-0.0173183322680998,-2.35515596887655,1.47631522691327,0.0197058823529412,White_wavg
2025-06-07,158,2025,EEF-2,0.031219971396463,0.140970883205682,1.44332617273423,0.0197058823529412,White_wavg
2025-06-08,159,2025,EEF-2,-0.0130436326190692,-1.95382371628097,1.29190803113417,0.0197058823529412,White_wavg
2025-06-09,160,2025,EEF-2,-0.00470957246782684,-2.56475846030071,2.32576523059009,0.0197058823529412,White_wavg
2025-06-10,161,2025,EEF-2,0.0341019379680346,-0.92826934652561,2.65881545236617,0.0197058823529412,White_wavg
2025-06-11,162,2025,EEF-2,0.0316266677984153,-0.356229951242824,1.96116533205793,0.0197058823529412,White_wavg
2025-06-12,163,2025,EEF-2,0.0122322510001182,-1.30482590560845,1.92556700113684,0.0197058823529412,White_wavg
2025-06-13,164,2025,EEF-2,-0.0414085122774046,-4.2991703091559,2.19784282045178,0.0197058823529412,White_wavg
2025-06-14,165,2025,EEF-2,-0.0115663359968733,-2.11978896832576,1.53284057445458,0.0197058823529412,White_wavg
2025-06-15,166,2025,EEF-2,0.0181669182275942,-1.78409196948479,2.70599528252689,0.0197058823529412,White_wavg
2025-06-16,167,2025,EEF-2,-0.00168490010838079,-2.01550150197676,1.92999910841714,0.0197058823529412,White_wavg
2025-06-17,168,2025,EEF-2,-0.00165249247388784,-2.81938394975541,2.73552612272229,0.0197058823529412,White_wavg
2025-06-18,169,2025,EEF-2,0.0510743056718094,-0.21999538230699,2.81182581938388,0.0197058823529412,White_wavg
2025-06-19,170,2025,EEF-2,0.037948761371828,-1.75508318883257,3.68084122859698,0.0197058823529412,White_wavg
2025-06-20,171,2025,EEF-2,-0.0220134108853096,-3.28531613520045,2.16821767236384,0.0197058823529412,White_wavg
2025-06-21,172,2025,EEF-2,-0.0213928705866498,-1.23063827215657,0.145029914028072,0.0197058823529412,White_wavg
2025-06-22,173,2025,EEF-2,-0.0237066765143891,-1.78373239646174,0.580707021104686,0.0197058823529412,White_wavg
2025-06-23,174,2025,EEF-2,-0.000744614894008531,-1.72972774139373,1.69194131393658,0.0197058823529412,White_wavg
2025-06-24,175,2025,EEF-2,0.0220875401637551,0.362609786158117,0.758250460957811,0.0197058823529412,White_wavg
2025-06-25,176,2025,EEF-2,0.0305888828989572,-0.40745289204915,1.95972456154847,0.0197058823529412,White_wavg
2025-06-26,177,2025,EEF-2,0.097310274567683,3.3895188753192,1.54861446095128,0.0197058823529412,White_wavg
2025-06-27,178,2025,EEF-2,0.116098888209941,5.10911651201656,0.782468859831198,0.0197058823529412,White_wavg
2025-06-28,179,2025,EEF-2,0.108173259189083,4.24256906220037,1.24682021008145,0.0197058823529412,White_wavg
2025-06-29,180,2025,EEF-2,0.161280879609113,5.74880993418674,2.43559291164883,0.0197058823529412,White_wavg
2025-06-30,181,2025,EEF-2,0.118525809540363,3.90367874565527,2.11106382803482,0.0197058823529412,White_wavg
2025-07-01,182,2025,EEF-2,0.10828266929937,3.91056589989103,1.58437552724119,0.0197058823529412,White_wavg
2025-07-02,183,2025,EEF-2,0.0845411247470032,1.38926349183288,2.90088313711952,0.0197058823529412,White_wavg
2025-07-03,184,2025,EEF-2,0.104841110833085,2.37275902818124,2.94753614842307,0.0197058823529412,White_wavg
2025-07-04,185,2025,EEF-2,0.0398535895492869,0.423869119223411,1.59855184297921,0.0197058823529412,White_wavg
2025-07-05,186,2025,EEF-2,0.0722953041020873,0.918294335884042,2.75042258869949,0.0197058823529412,White_wavg
2025-07-06,187,2025,EEF-2,0.116612146224613,1.69803474423821,4.21959655671229,0.0197058823529412,White_wavg
2025-07-07,188,2025,EEF-2,0.103422629827636,2.35162001425547,2.89669254416188,0.0197058823529412,White_wavg
2025-07-08,189,2025,EEF-2,0.179433086179694,6.65004330845989,2.4555162887186,0.0197058823529412,White_wavg
2025-07-09,190,2025,EEF-2,0,2.27504900386015,2.42925323247326,0.0197058823529412,White_wavg
2025-07-10,191,2025,EEF-2,0,-0.221321849039668,3.57590024343926,0.0197058823529412,White_wavg
2025-07-11,192,2025,EEF-2,0,0.173056223713843,2.70591670327926,0.0197058823529412,White_wavg
2025-07-12,193,2025,EEF-2,0,-2.74058706108798,0.581469103310525,0.0197058823529412,White_wavg
2025-07-13,194,2025,EEF-2,0,4.91861280307649,-0.10912687108231,0.0197058823529412,White_wavg
2025-07-14,195,2025,EEF-2,0,-2.27819353738528,0.407291785014337,0.0197058823529412,White_wavg
2025-07-15,196,2025,EEF-2,0,1.28402772063367,0.556385982909006,0.0197058823529412,White_wavg
2025-07-16,197,2025,EEF-2,0,-0.0968799309404744,-1.48294625174719,0.0197058823529412,White_wavg
2025-07-17,198,2025,EEF-2,0,-9.25037268148464,-0.661829527500061,0.0197058823529412,White_wavg
2025-07-18,199,2025,EEF-2,0,-6.47162778991191,-0.796303283404683,0.0197058823529412,White_wavg
2025-07-19,200,2025,EEF-2,0,0.866077435245984,0.35936176085923,0.0197058823529412,White_wavg
2025-07-20,201,2025,EEF-2,0,-1.22509721316453,0.520646879538759,0.0197058823529412,White_wavg
2025-07-21,202,2025,EEF-2,0,0.15362071155397,0.234212717818139,0.0197058823529412,White_wavg
2025-07-22,203,2025,EEF-2,0,-1.46845336866801,-0.483372249247083,0.0197058823529412,White_wavg
2025-07-23,204,2025,EEF-2,0,-2.63923032158976,-0.263438486070356,0.0197058823529412,White_wavg
2025-07-24,205,2025,EEF-2,0,2.84611177493628,-0.0514945596584937,0.0197058823529412,White_wavg
2025-07-25,206,2025,EEF-2,0,0.941507030635023,0.512398719593676,0.0197058823529412,White_wavg
2025-07-26,207,2025,EEF-2,0,0.49458927883785,0.0898818555283185,0.0197058823529412,White_wavg
2025-07-27,208,2025,EEF-2,0,-0.71877265213044,-0.920934299510094,0.0197058823529412,White_wavg
2025-07-28,209,2025,EEF-2,0,-0.67517633517889,0.00724534362532836,0.0197058823529412,White_wavg
2025-07-29,210,2025,EEF-2,0,-0.179754725909561,-0.138279593100776,0.0197058823529412,White_wavg
2025-07-30,211,2025,EEF-2,0,-2.81191479375877,0.576264690620576,0.0197058823529412,White_wavg
2025-07-31,212,2025,EEF-2,0,-0.506602905627631,-1.04846012895922,0.0197058823529412,White_wavg
2025-08-01,213,2025,EEF-2,0,-0.743909165714342,-0.307377644356791,0.0197058823529412,White_wavg
2025-08-02,214,2025,EEF-2,0,-3.08226874661557,0.622745217503109,0.0197058823529412,White_wavg
2025-08-03,215,2025,EEF-2,0,1.45702025118499,0.707980361850048,0.0197058823529412,White_wavg
2025-08-04,216,2025,EEF-2,0,-2.51996863846085,0.269765665233734,0.0197058823529412,White_wavg
2025-08-05,217,2025,EEF-2,0,0.0201722211713218,-0.909908157365351,0.0197058823529412,White_wavg
2025-08-06,218,2025,EEF-2,0,-0.841705168124122,-0.119480298361736,0.0197058823529412,White_wavg
2025-08-07,219,2025,EEF-2,0,0.156583591766378,0.731663969273541,0.0197058823529412,White_wavg
2025-08-08,220,2025,EEF-2,0,2.09206606832981,-0.120450139664285,0.0197058823529412,White_wavg
2025-08-09,221,2025,EEF-2,0,1.04007545785367,-0.325438759928744,0.0197058823529412,White_wavg
2025-08-10,222,2025,EEF-2,0,-2.35750414675141,-0.0316918485399924,0.0197058823529412,White_wavg
2025-08-11,223,2025,EEF-2,0,3.53639456992738,0.376559907266852,0.0197058823529412,White_wavg
2025-08-12,224,2025,EEF-2,0,0.0556475455518921,0.0727437726693552,0.0197058823529412,White_wavg
2025-08-13,225,2025,EEF-2,0,-1.67749253668586,0.0590213417358996,0.0197058823529412,White_wavg
2025-08-14,226,2025,EEF-2,0,-1.88137139709039,0.636749581412687,0.0197058823529412,White_wavg
2025-08-15,227,2025,EEF-2,0,-0.656072495256638,-0.0144761084550851,0.0197058823529412,White_wavg
2025-08-16,228,2025,EEF-2,0,3.19259591262124,-0.275798169444187,0.0197058823529412,White_wavg
2025-08-17,229,2025,EEF-2,0,-0.851256729862996,0.49961541369683,0.0197058823529412,White_wavg
2025-08-18,230,2025,EEF-2,0,0.507014437425198,-1.01946454167302,0.0197058823529412,White_wavg
2025-08-19,231,2025,EEF-2,0,-1.69757510445265,-0.44733904241491,0.0197058823529412,White_wavg
2025-08-20,232,2025,EEF-2,0,-0.361620369549826,-0.142021951148053,0.0197058823529412,White_wavg
2025-08-21,233,2025,EEF-2,0,-1.17030622474528,0.559682429285516,0.0197058823529412,White_wavg
2025-08-22,234,2025,EEF-2,0,0.799224435956035,0.261396924536314,0.0197058823529412,White_wavg
2025-08-23,235,2025,EEF-2,0,2.12588374410308,-0.782982102490593,0.0197058823529412,White_wavg
2025-08-24,236,2025,EEF-2,0,-4.58825738351271,0.689209056460896,0.0197058823529412,White_wavg
2025-08-25,237,2025,EEF-2,0,-0.634173722705668,0.160214548182921,0.0197058823529412,White_wavg
2025-08-26,238,2025,EEF-2,0,1.07180482047249,-0.548563304233142,0.0197058823529412,White_wavg
2025-08-27,239,2025,EEF-2,0,-2.65344431271922,-0.310271913714644,0.0197058823529412,White_wavg
2025-08-28,240,2025,EEF-2,0,-1.67465974654584,0.365272559333874,0.0197058823529412,White_wavg
2025-08-29,241,2025,EEF-2,0,-0.057661449500074,-0.119294901387491,0.0197058823529412,White_wavg
2025-08-30,242,2025,EEF-2,0,0.432944020667094,0.344685229925716,0.0197058823529412,White_wavg
2025-08-31,243,2025,EEF-2,0,1.64968538472681,-0.0669562037103333,0.0197058823529412,White_wavg
2025-09-01,244,2025,EEF-2,0,0.547288073422521,0.129437364306824,0.0197058823529412,White_wavg
2025-09-02,245,2025,EEF-2,0,1.64410379536974,-0.242261547061048,0.0197058823529412,White_wavg
2025-09-03,246,2025,EEF-2,0,1.08000875698417,0.0915147809093639,0.0197058823529412,White_wavg
2025-09-04,247,2025,EEF-2,0,0.0822475740804407,0.968514770075046,0.0197058823529412,White_wavg
2025-09-05,248,2025,EEF-2,0,-0.581279444891436,-0.359923590103506,0.0197058823529412,White_wavg
2025-09-06,249,2025,EEF-2,0,-1.27033962063723,-0.560586502979987,0.0197058823529412,White_wavg
2025-09-07,250,2025,EEF-2,0,-2.08539856750645,-0.222881924786492,0.0197058823529412,White_wavg
2025-09-08,251,2025,EEF-2,0,-1.77823805970854,1.02766901152691,0.0197058823529412,White_wavg
2025-09-09,252,2025,EEF-2,0,-0.130645386310846,1.10623870366402,0.0197058823529412,White_wavg
2025-09-10,253,2025,EEF-2,0,2.93357520112022,-0.456775256421025,0.0197058823529412,White_wavg
2025-09-11,254,2025,EEF-2,0,1.19171668602945,-0.837151793402114,0.0197058823529412,White_wavg
2025-09-12,255,2025,EEF-2,0,0.728410186451583,-0.0950272218011037,0.0197058823529412,White_wavg
2025-09-13,256,2025,EEF-2,0,0.323065196966695,0.165598898006891,0.0197058823529412,White_wavg
2025-09-14,257,2025,EEF-2,0,-1.50779059629684,0.415111599340179,0.0197058823529412,White_wavg
2025-09-15,258,2025,EEF-2,0,3.17515967432911,-1.15937844599776,0.0197058823529412,White_wavg
2025-09-16,259,2025,EEF-2,0,-2.17991616837145,-0.538547865034644,0.0197058823529412,White_wavg
2025-09-17,260,2025,EEF-2,0,-2.30032296515196,0.934928694843507,0.0197058823529412,White_wavg
2025-09-18,261,2025,EEF-2,0,-1.36359587741919,0.860032621526784,0.0197058823529412,White_wavg
2025-09-19,262,2025,EEF-2,0,-1.94885047533,-0.390634796070458,0.0197058823529412,White_wavg
2025-09-20,263,2025,EEF-2,0,0.805028142799017,-0.698350763137341,0.0197058823529412,White_wavg
2025-09-21,264,2025,EEF-2,0,-2.83158085653707,0.294537552618664,0.0197058823529412,White_wavg
2025-09-22,265,2025,EEF-2,0,-0.18344115254547,0.251072318035909,0.0197058823529412,White_wavg
2025-09-23,266,2025,EEF-2,0,4.2499332114852,-0.672380965232122,0.0197058823529412,White_wavg
2025-09-24,267,2025,EEF-2,0,1.77728981623653,-0.327347285113973,0.0197058823529412,White_wavg
2025-09-25,268,2025,EEF-2,0,-4.99556826093874,1.41549909385185,0.0197058823529412,White_wavg
2025-09-26,269,2025,EEF-2,0,4.34186789345716,-0.594982454821576,0.0197058823529412,White_wavg
2025-09-27,270,2025,EEF-2,0,-3.66776716714736,0.420324312428733,0.0197058823529412,White_wavg
2025-09-28,271,2025,EEF-2,0,-3.16089429819874,0.0202981228204351,0.0197058823529412,White_wavg
2025-09-29,272,2025,EEF-2,0,-1.20857558779863,0.94845053520416,0.0197058823529412,White_wavg
2025-09-30,273,2025,EEF-2,0,0.500432043974456,-0.719334079839655,0.0197058823529412,White_wavg
2025-10-01,274,2025,EEF-2,0,0.238711943401484,-0.276246053309137,0.0197058823529412,White_wavg
2025-10-02,275,2025,EEF-2,0,-2.85079292430828,0.277842693246384,0.0197058823529412,White_wavg
2025-10-03,276,2025,EEF-2,0,-1.62929246728254,0.0915367303075811,0.0197058823529412,White_wavg
2025-10-04,277,2025,EEF-2,0,-0.884749945703334,0.377513418324156,0.0197058823529412,White_wavg
2025-10-05,278,2025,EEF-2,0,1.49318345144422,-0.64086618746515,0.0197058823529412,White_wavg
2025-10-06,279,2025,EEF-2,0,-3.06342870269805,-0.298183454085262,0.0197058823529412,White_wavg
2025-10-07,280,2025,EEF-2,0,-0.154684322246055,0.131018747445921,0.0197058823529412,White_wavg
2025-10-08,281,2025,EEF-2,0,-1.74950016369695,1.33890353725371,0.0197058823529412,White_wavg
2025-10-09,282,2025,EEF-2,0,-0.957496758268576,-0.0790251150961865,0.0197058823529412,White_wavg
2025-10-10,283,2025,EEF-2,0,2.13409866005492,-0.291394045371248,0.0197058823529412,White_wavg
2025-10-11,284,2025,EEF-2,0,-3.51486357361864,-0.212797578255845,0.0197058823529412,White_wavg
2025-10-12,285,2025,EEF-2,0,2.60910971650219,1.61049673512127,0.0197058823529412,White_wavg
2025-10-13,286,2025,EEF-2,0,-4.41356917814488,0.798074369108377,0.0197058823529412,White_wavg
2025-10-14,287,2025,EEF-2,0,1.8880260025619,-1.5812102854577,0.0197058823529412,White_wavg
2025-10-15,288,2025,EEF-2,0,0.523034596853393,-1.72706935832386,0.0197058823529412,White_wavg
2025-10-16,289,2025,EEF-2,0,-2.76024601221008,-0.159218859526447,0.0197058823529412,White_wavg
2025-10-17,290,2025,EEF-2,0,-1.73357242459713,0.220840596714055,0.0197058823529412,White_wavg
2025-10-18,291,2025,EEF-2,0,-0.0869940348983391,-0.282098650859041,0.0197058823529412,White_wavg
2025-10-19,292,2025,EEF-2,0,-2.56659300754234,-0.104339187906533,0.0197058823529412,White_wavg
2025-10-20,293,2025,EEF-2,0,2.618858420648,-1.12766081650051,0.0197058823529412,White_wavg
2025-10-21,294,2025,EEF-2,0,-4.16718126098181,1.27109775764538,0.0197058823529412,White_wavg
2025-10-22,295,2025,EEF-2,0,0.888647814967897,-0.208124729019374,0.0197058823529412,White_wavg
2025-10-23,296,2025,EEF-2,0,1.54467812557976,0.0335801213344098,0.0197058823529412,White_wavg
2025-10-24,297,2025,EEF-2,0,-0.309399767587593,1.18410459841644,0.0197058823529412,White_wavg
2025-10-25,298,2025,EEF-2,0,2.04970449778506,0.089825698887239,0.0197058823529412,White_wavg
2025-10-26,299,2025,EEF-2,0,1.57329332393141,-0.725715276755608,0.0197058823529412,White_wavg
2025-10-27,300,2025,EEF-2,0,2.53582039954563,-1.03974100048009,0.0197058823529412,White_wavg
2025-10-28,301,2025,EEF-2,0,31.3761992979518,-52.5794425281957,0.0197058823529412,White_wavg
2025-10-29,302,2025,EEF-2,0.0695445734039258,11.7192259091244,-8.19009830355206,0.0197058823529412,White_wavg
2025-10-30,303,2025,EEF-2,-0.00114781853508074,3.69460744135321,-3.75285494910358,0.0197058823529412,White_wavg
2018-07-18,199,2018,EER-1,0.224624158370622,18.3720219356751,0.516827745490815,0.0118918918918919,White_wavg
2018-07-19,200,2018,EER-1,0.234025507712136,18.6628069449476,1.01661074902744,0.0118918918918919,White_wavg
2018-07-20,201,2018,EER-1,0.209764262928329,17.6925403475537,-0.0532727831259905,0.0118918918918919,White_wavg
2018-07-21,202,2018,EER-1,0.225256994524023,18.6598741445558,0.282191304055239,0.0118918918918919,White_wavg
2018-07-22,203,2018,EER-1,0.198106611398222,18.8711569757182,-2.21219192632222,0.0118918918918919,White_wavg
2018-07-23,204,2018,EER-1,0.199361710419989,19.3155064597644,-2.55099899262899,0.0118918918918919,White_wavg
2018-07-24,205,2018,EER-1,0.18174312379297,13.2239915958525,2.05895290492002,0.0118918918918919,White_wavg
2018-07-25,206,2018,EER-1,0.209921333536658,16.695580936776,0.956894837897536,0.0118918918918919,White_wavg
2018-07-28,209,2018,EER-1,0.249548486781608,20.9784590774376,0.00630003828855763,0.0118918918918919,White_wavg
2018-07-29,210,2018,EER-1,0.222171863430508,19.8424996405969,-1.15986567030415,0.0118918918918919,White_wavg
2018-07-30,211,2018,EER-1,0.204816715449287,16.8804285961631,0.342795202981534,0.0118918918918919,White_wavg
2018-07-31,212,2018,EER-1,0.240340578683535,19.6415783978644,0.568879355069278,0.0118918918918919,White_wavg
2018-08-01,213,2018,EER-1,0.236168707320194,18.4929259691309,1.36671532824906,0.0118918918918919,White_wavg
2018-08-02,214,2018,EER-1,0.261800664969301,21.6583730026393,0.356682915233719,0.0118918918918919,White_wavg
2018-08-03,215,2018,EER-1,0.247053621757339,22.0433913053522,-1.26842765757598,0.0118918918918919,White_wavg
2018-08-04,216,2018,EER-1,0.212503847059405,17.0445082973906,0.825133387150252,0.0118918918918919,White_wavg
2018-08-05,217,2018,EER-1,0.273956512258674,24.3321459340767,-1.29489376686998,0.0118918918918919,White_wavg
2018-08-06,218,2018,EER-1,0.238425440785431,20.4148601980123,-0.365448131964641,0.0118918918918919,White_wavg
2018-08-07,219,2018,EER-1,0.199533074212,15.7536453274655,1.02527227672536,0.0118918918918919,White_wavg
2018-08-08,220,2018,EER-1,0.238631297827585,20.4745090051582,-0.407786233293102,0.0118918918918919,White_wavg
2018-08-09,221,2018,EER-1,0.207734184772739,17.1623373389639,0.3062191078346,0.0118918918918919,White_wavg
2018-08-10,222,2018,EER-1,0.268228882647745,22.5090643859723,0.0465462003154116,0.0118918918918919,White_wavg
2018-08-11,223,2018,EER-1,0.228942230118947,18.5604084260397,0.691551833962649,0.0118918918918919,White_wavg
2018-08-12,224,2018,EER-1,0.232707057051189,19.6428243112219,-0.0742763319173889,0.0118918918918919,White_wavg
2018-08-13,225,2018,EER-1,0.211473337012244,16.8968374220877,0.886147735760019,0.0118918918918919,White_wavg
2018-08-14,226,2018,EER-1,0.239889288921485,21.5877705539434,-1.41526216736399,0.0118918918918919,White_wavg
2018-08-15,227,2018,EER-1,0.197673472845094,15.8131188845153,0.809423150185751,0.0118918918918919,White_wavg
2018-08-16,228,2018,EER-1,0.21454518191905,19.3183123876458,-1.27701299899847,0.0118918918918919,White_wavg
2018-08-17,229,2018,EER-1,0.180844438829808,14.9203420789409,0.287031186292985,0.0118918918918919,White_wavg
2018-08-18,230,2018,EER-1,0.23249403322514,19.5434328762026,0.00720173591144402,0.0118918918918919,White_wavg
2018-08-19,231,2018,EER-1,0.24329295986066,19.4840047088938,0.974721461207118,0.0118918918918919,White_wavg
2018-08-20,232,2018,EER-1,0.211072807934813,17.6258067685666,0.123497535042631,0.0118918918918919,White_wavg
2018-08-21,233,2018,EER-1,0.201796830737558,18.1060642131527,-1.13678526476714,0.0118918918918919,White_wavg
2018-08-22,234,2018,EER-1,0.202260217025226,17.3102887882052,-0.302043265629422,0.0118918918918919,White_wavg
2018-08-23,235,2018,EER-1,0.219061449960702,18.0276375081963,0.393438965771871,0.0118918918918919,White_wavg
2018-08-24,236,2018,EER-1,0.205887156674378,18.4891177272927,-1.17587955240188,0.0118918918918919,White_wavg
2018-08-27,239,2018,EER-1,0.202212923981438,17.5122922636572,-0.508023656127143,0.0118918918918919,White_wavg
2018-08-28,240,2018,EER-1,0.158912793555849,14.7237565585527,-1.3606352822654,0.0118918918918919,White_wavg
2018-08-29,241,2018,EER-1,0.158838891192023,12.1798625392515,1.17704422007776,0.0118918918918919,White_wavg
2018-08-30,242,2018,EER-1,0.189796101511855,17.1000007818552,-1.13987406381284,0.0118918918918919,White_wavg
2018-08-31,243,2018,EER-1,0.142384399389877,12.83475916931,-0.861525584252121,0.0118918918918919,White_wavg
2018-09-01,244,2018,EER-1,0.150208199413892,12.0041605998548,0.626983441767948,0.0118918918918919,White_wavg
2018-09-02,245,2018,EER-1,0.148229433413411,12.6189221082434,-0.154174298479326,0.0118918918918919,White_wavg
2018-09-03,246,2018,EER-1,0.117845319821952,10.6048026638359,-0.695082587898988,0.0118918918918919,White_wavg
2018-09-04,247,2018,EER-1,0.138514189771837,12.727456883529,-1.07967274362455,0.0118918918918919,White_wavg
2018-09-05,248,2018,EER-1,0.0900039040998341,8.22395547922739,-0.655445361741336,0.0118918918918919,White_wavg
2018-09-06,249,2018,EER-1,0.131248843610259,10.4517502978869,0.585084278430337,0.0118918918918919,White_wavg
2018-09-07,250,2018,EER-1,0.137435594668112,11.5451985229086,0.0118855741826351,0.0118918918918919,White_wavg
2018-09-08,251,2018,EER-1,0.114215562366489,9.22387429655096,0.380616175176485,0.0118918918918919,White_wavg
2018-09-09,252,2018,EER-1,0.118416328705533,10.3621252837119,-0.404388551655721,0.0118918918918919,White_wavg
2018-09-10,253,2018,EER-1,0.152247779858775,13.2561210849708,-0.453466869573838,0.0118918918918919,White_wavg
2018-09-11,254,2018,EER-1,0.123037987782544,10.1483923149495,0.197983930400802,0.0118918918918919,White_wavg
2018-09-12,255,2018,EER-1,0.0868153434807889,7.09026169295406,0.210119463385006,0.0118918918918919,White_wavg
2018-09-13,256,2018,EER-1,0.116422492228957,11.0812772642081,-1.29120405404581,0.0118918918918919,White_wavg
2018-09-14,257,2018,EER-1,0.0998181131489782,8.35020213045752,0.0435937479792869,0.0118918918918919,White_wavg
2018-09-15,258,2018,EER-1,0.0509770152345097,5.14136565338674,-0.854662099575698,0.0118918918918919,White_wavg
2018-09-16,259,2018,EER-1,0.0756309968387022,7.19136630621051,-0.83148702659237,0.0118918918918919,White_wavg
2018-09-17,260,2018,EER-1,0.0885488882370716,7.62567828562872,-0.179521774784064,0.0118918918918919,White_wavg
2018-09-18,261,2018,EER-1,0.082945370138278,6.8476479827698,0.127303597039941,0.0118918918918919,White_wavg
2018-09-19,262,2018,EER-1,0.0984398464969556,9.73565072800078,-1.45775454530224,0.0118918918918919,White_wavg
2018-09-20,263,2018,EER-1,0.0887221701905148,8.28012096916737,-0.819393021328629,0.0118918918918919,White_wavg
2018-09-21,264,2018,EER-1,0.0627729119983271,5.99649670286802,-0.717865466645051,0.0118918918918919,White_wavg
2018-09-22,265,2018,EER-1,0.0718901473066159,5.85510506328326,0.190202778409443,0.0118918918918919,White_wavg
2018-09-23,266,2018,EER-1,0.0430872831857182,3.29554837851767,0.327700434826816,0.0118918918918919,White_wavg
2018-09-24,267,2018,EER-1,0.0773734784981265,8.45271411348563,-1.94630796705226,0.0118918918918919,White_wavg
2018-09-25,268,2018,EER-1,0.0435438752216059,4.43533409565262,-0.773690042926667,0.0118918918918919,White_wavg
2018-09-26,269,2018,EER-1,0.0618048527540257,5.74011455769856,-0.54288830338276,0.0118918918918919,White_wavg
2018-09-27,270,2018,EER-1,0.0584482852510644,4.48551792441128,0.429451517155499,0.0118918918918919,White_wavg
2018-09-28,271,2018,EER-1,0.0470324606625865,3.35883329295505,0.596169080944264,0.0118918918918919,White_wavg
2018-09-29,272,2018,EER-1,0.0339075857584884,3.29166391413445,-0.440344202625198,0.0118918918918919,White_wavg
2018-09-30,273,2018,EER-1,0.0715063450974993,6.7656085989352,-0.752575033918213,0.0118918918918919,White_wavg
2018-10-01,274,2018,EER-1,0.0446390627034622,3.90479787124212,-0.15105850754189,0.0118918918918919,White_wavg
2018-10-02,275,2018,EER-1,-0.0219938998770958,-0.746979527309222,-1.1025075078102,0.0118918918918919,White_wavg
2018-10-03,276,2018,EER-1,-0.00981244891208341,3.72437423617531,-4.5495119856005,0.0118918918918919,White_wavg
2018-10-04,277,2018,EER-1,-0.0451065146088356,-4.16783421507039,0.374786395691025,0.0118918918918919,White_wavg
2018-10-05,278,2018,EER-1,-0.0265937587120391,-3.51710660596325,1.2808132597236,0.0118918918918919,White_wavg
2018-10-06,279,2018,EER-1,0.0717741113557049,6.71269957060652,-0.677149297513154,0.0118918918918919,White_wavg
2018-10-07,280,2018,EER-1,-0.0358467087494163,-3.03651254480042,0.0221302181449516,0.0118918918918919,White_wavg
2018-10-08,281,2018,EER-1,-0.00768716242871321,-2.05690014288678,1.4104796659268,0.0118918918918919,White_wavg
2018-10-09,282,2018,EER-1,0.0356423706944087,2.83207311393885,0.165126239909156,0.0118918918918919,White_wavg
2018-10-10,283,2018,EER-1,0.00755933719601099,1.03302691869125,-0.397355381753961,0.0118918918918919,White_wavg
2018-10-11,284,2018,EER-1,0.0120033507389861,2.09566019146972,-1.08628751569135,0.0118918918918919,White_wavg
2018-10-12,285,2018,EER-1,0.0250109409330052,2.61672500603609,-0.513532245760651,0.0118918918918919,White_wavg
2018-10-13,286,2018,EER-1,0.00422559262796443,-0.0328723847374164,0.388206310270789,0.0118918918918919,White_wavg
2018-10-14,287,2018,EER-1,-0.00247799447835135,1.67747594669052,-1.88585275509734,0.0118918918918919,White_wavg
2018-10-15,288,2018,EER-1,-0.0168006164570369,-0.551048519648802,-0.861730591511122,0.0118918918918919,White_wavg
2018-10-16,289,2018,EER-1,0.00067097799580883,-0.240361049322189,0.29678419896975,0.0118918918918919,White_wavg
2018-10-17,290,2018,EER-1,-0.0246442423773653,-1.51370859329174,-0.558648152077616,0.0118918918918919,White_wavg
2018-10-18,291,2018,EER-1,-0.00341358351920156,-0.556570791003644,0.26951944961624,0.0118918918918919,White_wavg
2018-10-19,292,2018,EER-1,0.0176646577002349,2.13942470734987,-0.653987582557392,0.0118918918918919,White_wavg
2018-10-20,293,2018,EER-1,0.0165040034709525,0.560627458924799,0.82720919658712,0.0118918918918919,White_wavg
2018-10-21,294,2018,EER-1,-0.0140717089448987,-2.01413468622924,0.830831888590033,0.0118918918918919,White_wavg
2018-10-22,295,2018,EER-1,0.0302047300385888,2.76803525876979,-0.228092050979363,0.0118918918918919,White_wavg
2018-10-23,296,2018,EER-1,-0.00493957728855276,-0.31068873794635,-0.104684806772859,0.0118918918918919,White_wavg
2018-10-24,297,2018,EER-1,0.00389782810060981,1.82763465836753,-1.49986274990716,0.0118918918918919,White_wavg
2018-10-25,298,2018,EER-1,-0.0301216548043474,-2.44380398698247,-0.0891533488376446,0.0118918918918919,White_wavg
2018-10-26,299,2018,EER-1,2.42984349056453E-05,-0.228974400396019,0.231017677876721,0.0118918918918919,White_wavg
2018-10-27,300,2018,EER-1,-0.00865717398755893,-1.19400281091053,0.466013180138532,0.0118918918918919,White_wavg
2018-10-28,301,2018,EER-1,0.0223446863150306,2.26831538617098,-0.389330400588861,0.0118918918918919,White_wavg
2018-10-29,302,2018,EER-1,-0.0455668410424709,-3.95850682476036,0.126749737098031,0.0118918918918919,White_wavg
2018-10-30,303,2018,EER-1,0.00780049995384421,1.36526642293013,-0.70931529044778,0.0118918918918919,White_wavg
2018-10-31,304,2018,EER-1,-0.0326411648457516,-2.28010387263642,-0.464721353029059,0.0118918918918919,White_wavg
2018-11-01,305,2018,EER-1,-0.0151185819505031,-0.250811096356784,-1.02052420402643,0.0118918918918919,White_wavg
2018-11-02,306,2018,EER-1,-0.0115718201724271,-1.50347036285119,0.530385484715271,0.0118918918918919,White_wavg
2018-11-03,307,2018,EER-1,-0.00710363759965016,-0.430436212477737,-0.166915131129208,0.0118918918918919,White_wavg
2018-11-04,308,2018,EER-1,-0.0219124008571575,-3.44774784765642,1.60511413921363,0.0118918918918919,White_wavg
2018-11-05,309,2018,EER-1,0.037432961165293,3.18172661168676,-0.0339548773325795,0.0118918918918919,White_wavg
2018-11-06,310,2018,EER-1,0.0018419179915921,0.0293838142745528,0.125504744109328,0.0118918918918919,White_wavg
2018-11-07,311,2018,EER-1,-0.00486818464849027,0.200350500179525,-0.60972057289348,0.0118918918918919,White_wavg
2018-11-08,312,2018,EER-1,-0.0258928579835218,-1.37381581047684,-0.803538156319313,0.0118918918918919,White_wavg
2018-11-09,313,2018,EER-1,0.0230309297895702,0.917641112705027,1.01905071050883,0.0118918918918919,White_wavg
2018-11-10,314,2018,EER-1,-0.0254180349423968,-1.87586414704879,-0.261561518561852,0.0118918918918919,White_wavg
2018-11-11,315,2018,EER-1,-0.000717232287997654,0.907198325726455,-0.96751104085353,0.0118918918918919,White_wavg
2018-11-12,316,2018,EER-1,-0.00389807470754487,0.39385053552683,-0.721643181388558,0.0118918918918919,White_wavg
2018-11-13,317,2018,EER-1,-0.0184651785652755,-1.19668676420694,-0.356066887873038,0.0118918918918919,White_wavg
2018-11-14,318,2018,EER-1,0.0378208605370552,3.11264206893793,0.0677484762235281,0.0118918918918919,White_wavg
2018-11-15,319,2018,EER-1,0.0306923744764024,2.08781081829912,0.49313885358017,0.0118918918918919,White_wavg
2018-11-16,320,2018,EER-1,-0.0129378246487954,-1.97046035658313,0.882506920207149,0.0118918918918919,White_wavg
2018-11-17,321,2018,EER-1,0.00307243928187143,0.880394085396176,-0.622029873056988,0.0118918918918919,White_wavg
2018-11-18,322,2018,EER-1,0.282103977320466,1.62766948979467,22.0947104212445,0.0118918918918919,White_wavg
2021-07-04,185,2021,EER-1,0.203907697384922,16.7529612975002,0.393822346231865,0.0118918918918919,White_wavg
2021-07-05,186,2021,EER-1,-0.0980826856819948,10.394841101531,-18.6427033066078,0.0118918918918919,White_wavg
2024-10-07,281,2024,EER-1,0.0406699702342771,2.48008981371086,0.939884955989712,0.0118918918918919,White_wavg
2024-10-08,282,2024,EER-1,0.0300019196143846,2.31321595581733,0.209672739028655,0.0118918918918919,White_wavg
2024-10-09,283,2024,EER-1,0.0454387208884284,4.50973439339717,-0.688751045961141,0.0118918918918919,White_wavg
2024-10-10,284,2024,EER-1,0.049026930850879,4.23442502752702,-0.111705842339475,0.0118918918918919,White_wavg
2024-10-11,285,2024,EER-1,0.0670461544130062,6.51741096371876,-0.879438888079605,0.0118918918918919,White_wavg
2024-10-12,286,2024,EER-1,0.0290891837841756,2.96124790053827,-0.515111991414408,0.0118918918918919,White_wavg
2024-10-13,287,2024,EER-1,0.0188175087042503,1.86069583322137,-0.278314419454869,0.0118918918918919,White_wavg
2024-10-14,288,2024,EER-1,0.0229033741332952,2.23706381781168,-0.311098265693673,0.0118918918918919,White_wavg
2024-10-15,289,2024,EER-1,0.0319035395773211,2.92630267086509,-0.243505024590359,0.0118918918918919,White_wavg
2024-10-16,290,2024,EER-1,-0.00720362292446553,2.41685099246993,-3.02261019293635,0.0118918918918919,White_wavg
2024-10-17,291,2024,EER-1,-0.0251715984682446,-1.95250811902423,-0.164194479441797,0.0118918918918919,White_wavg
2024-10-18,292,2024,EER-1,0.00823926195690363,2.6534413547175,-1.96059432652333,0.0118918918918919,White_wavg
2024-10-19,293,2024,EER-1,-0.0124759685310894,-2.30532587559505,1.25621034002616,0.0118918918918919,White_wavg
2024-10-20,294,2024,EER-1,0.0422725933821589,3.16315018537381,0.39159062176228,0.0118918918918919,White_wavg
2024-10-21,295,2024,EER-1,0.0140580782162164,0.688380682696256,0.493775894576491,0.0118918918918919,White_wavg
2024-10-22,296,2024,EER-1,-0.0008445270598231,0.143546626695134,-0.214563674907531,0.0118918918918919,White_wavg
2024-10-23,297,2024,EER-1,0.0119772556948602,0.856262520064611,0.150915799730448,0.0118918918918919,White_wavg
2024-10-24,298,2024,EER-1,0.0208070772226149,1.72145633169792,0.0282297074765232,0.0118918918918919,White_wavg
2024-10-25,299,2024,EER-1,-0.0121160044316635,-0.0584621448605844,-0.960383682347484,0.0118918918918919,White_wavg
2024-10-26,300,2024,EER-1,-0.00409105013875904,-0.717673959399789,0.373653834095052,0.0118918918918919,White_wavg
2024-10-27,301,2024,EER-1,-0.0184751895622717,-3.01464759658139,1.46105211066309,0.0118918918918919,White_wavg
2024-10-28,302,2024,EER-1,-0.0510580329129724,-3.73857618646518,-0.554940217580221,0.0118918918918919,White_wavg
2024-10-29,303,2024,EER-1,-0.0659559418897788,-5.07250263457843,-0.473792478880238,0.0118918918918919,White_wavg
2024-10-30,304,2024,EER-1,-0.0127472671791159,-1.2741201469314,0.202190861414838,0.0118918918918919,White_wavg
2024-10-31,305,2024,EER-1,-0.0266383752225606,-0.139420351590069,-2.1006248375798,0.0118918918918919,White_wavg
2024-11-01,306,2024,EER-1,0.0251758979711795,-0.18879457410641,2.30585872168287,0.0118918918918919,White_wavg
2024-11-02,307,2024,EER-1,-0.0463355901245697,-0.198152251904958,-3.69824964493386,0.0118918918918919,White_wavg
2024-11-03,308,2024,EER-1,-0.0718528351358911,-7.16413936368918,1.12196913635288,0.0118918918918919,White_wavg
2024-11-04,309,2024,EER-1,-0.034602630939731,-3.08147321762777,0.171706524968581,0.0118918918918919,White_wavg
2024-11-05,310,2024,EER-1,-0.0744301298699418,-7.34820078089873,1.0893034963809,0.0118918918918919,White_wavg
2024-11-06,311,2024,EER-1,0.0141261613198909,1.06748638424006,0.120395363114408,0.0118918918918919,White_wavg
2024-11-07,312,2024,EER-1,0.0345361944114136,3.0647075017626,-0.160527517166457,0.0118918918918919,White_wavg
2024-11-08,313,2024,EER-1,0.0297974778207039,2.11254951177158,0.393147486787615,0.0118918918918919,White_wavg
2024-11-09,314,2024,EER-1,0.0194316508606399,-0.175193782201454,1.80921896820981,0.0118918918918919,White_wavg
2025-05-27,147,2025,EER-1,0.0761461330559111,5.7958274156789,0.607370136749985,0.0118918918918919,White_wavg
2025-05-28,148,2025,EER-1,0.0826317176541488,5.53216708765092,1.41640916962977,0.0118918918918919,White_wavg
2025-05-29,149,2025,EER-1,0.107544285820931,8.13286138079123,0.910635381423397,0.0118918918918919,White_wavg
2025-05-30,150,2025,EER-1,0.100915409727367,7.62002137482125,0.86604717043457,0.0118918918918919,White_wavg
2025-05-31,151,2025,EER-1,0.107192363987124,6.90643748315338,2.10746585212753,0.0118918918918919,White_wavg
2025-06-01,152,2025,EER-1,0.0829205255877246,5.58965899501056,1.38320338395719,0.0118918918918919,White_wavg
2025-06-02,153,2025,EER-1,0.111700151292554,9.07268488437509,0.320282383407822,0.0118918918918919,White_wavg
2025-06-03,154,2025,EER-1,0.14505740264227,11.4027145556513,0.795294302903212,0.0118918918918919,White_wavg
2025-06-04,155,2025,EER-1,0.117994502043284,9.3062919371256,0.615973007423246,0.0118918918918919,White_wavg
2025-06-05,156,2025,EER-1,0.128415690233494,10.599588870102,0.19900326316904,0.0118918918918919,White_wavg
2025-06-06,157,2025,EER-1,0.103230216459327,9.15467772661673,-0.473954978900618,0.0118918918918919,White_wavg
2025-06-07,158,2025,EER-1,0.145586803965794,12.249734697378,-0.00720800025444035,0.0118918918918919,White_wavg
2025-06-08,159,2025,EER-1,0.101286388548129,10.2168353845581,-1.6995708930109,0.0118918918918919,White_wavg
2025-06-09,160,2025,EER-1,0.119841536471164,9.72046827095454,0.357115477756945,0.0118918918918919,White_wavg
2025-06-10,161,2025,EER-1,0.157227052746553,10.2811926346963,2.94017316444571,0.0118918918918919,White_wavg
2025-06-11,162,2025,EER-1,0.143993816290562,11.2150842036578,0.893486711684936,0.0118918918918919,White_wavg
2025-06-12,163,2025,EER-1,0.123874292303532,9.84213357076802,0.57456828202902,0.0118918918918919,White_wavg
2025-06-13,164,2025,EER-1,0.105247210028453,7.50778754862256,1.34254602195192,0.0118918918918919,White_wavg
2025-06-14,165,2025,EER-1,0.118805492628867,10.922796596029,-0.932334715874276,0.0118918918918919,White_wavg
2025-06-15,166,2025,EER-1,0.143129988936625,11.4601496169673,0.575781270885223,0.0118918918918919,White_wavg
2025-06-16,167,2025,EER-1,0.131593312409897,11.2341429392512,-0.168341668418933,0.0118918918918919,White_wavg
2025-06-17,168,2025,EER-1,0.122355189751825,9.94558251839695,0.343376619824738,0.0118918918918919,White_wavg
2025-06-18,169,2025,EER-1,0.172458967027736,13.5707870258489,0.931444292392492,0.0118918918918919,White_wavg
2025-06-19,170,2025,EER-1,0.166386692060647,11.854994208845,2.136613987164,0.0118918918918919,White_wavg
2025-06-20,171,2025,EER-1,0.126178680606986,11.0245065225016,-0.414026562368619,0.0118918918918919,White_wavg
2025-06-21,172,2025,EER-1,0.079529091589799,12.091224728331,-5.40355111737067,0.0118918918918919,White_wavg
2025-06-22,173,2025,EER-1,0.0447423684622638,4.75314597728558,-0.990719538413391,0.0118918918918919,White_wavg
2025-06-23,174,2025,EER-1,0.0952748925123086,6.30143541463113,1.71031691026755,0.0118918918918919,White_wavg
2025-06-24,175,2025,EER-1,0.132942304848645,9.77156817483402,1.40767109652931,0.0118918918918919,White_wavg
2025-06-25,176,2025,EER-1,0.142244786023218,9.90125881626121,2.06023455387303,0.0118918918918919,White_wavg
2025-06-26,177,2025,EER-1,0.17832542468299,14.2369700300435,0.758577045571578,0.0118918918918919,White_wavg
2025-06-27,178,2025,EER-1,0.176112775454464,14.9379906438096,-0.128507253320535,0.0118918918918919,White_wavg
2025-06-28,179,2025,EER-1,0.152184891946642,12.6316848874066,0.165681026288304,0.0118918918918919,White_wavg
2025-06-29,180,2025,EER-1,0.176513767600626,13.8394945341751,1.00370865042301,0.0118918918918919,White_wavg
2025-06-30,181,2025,EER-1,0.152762556878116,12.5333924591896,0.312549823742891,0.0118918918918919,White_wavg
2025-07-01,182,2025,EER-1,0.148244061684236,13.3814531203683,-0.915475206012147,0.0118918918918919,White_wavg
2025-07-02,183,2025,EER-1,0.1266866999878,9.36202581750898,1.29117395419237,0.0118918918918919,White_wavg
2025-07-03,184,2025,EER-1,0.161433010653664,12.9807630311266,0.594285592022459,0.0118918918918919,White_wavg
2025-07-04,185,2025,EER-1,0.130509930113628,12.2696204106386,-1.29492174199264,0.0118918918918919,White_wavg
2025-07-05,186,2025,EER-1,0.138003219544256,11.5861152310945,0.0187009578542785,0.0118918918918919,White_wavg
2025-07-06,187,2025,EER-1,0.171554837447761,13.088600420388,1.33760181953733,0.0118918918918919,White_wavg
2025-07-07,188,2025,EER-1,0.160611064577317,13.6185829751124,-0.112652544747149,0.0118918918918919,White_wavg
2025-07-08,189,2025,EER-1,0.211694363792473,17.737599830993,0.0639716697376613,0.0118918918918919,White_wavg
2025-07-09,190,2025,EER-1,0.187348728410011,16.3018737681995,-0.547548879175793,0.0118918918918919,White_wavg
2025-07-10,191,2025,EER-1,0.181388256347107,14.4100733707013,0.843030003941792,0.0118918918918919,White_wavg
2025-07-11,192,2025,EER-1,0.189744908121954,15.8808820412993,0.0749397780468897,0.0118918918918919,White_wavg
2025-07-12,193,2025,EER-1,0.151503563561815,11.8887459017393,0.851326488685984,0.0118918918918919,White_wavg
2025-07-13,194,2025,EER-1,0.214655936351621,17.8096100881188,0.241002741449307,0.0118918918918919,White_wavg
2025-07-14,195,2025,EER-1,0.239884150157875,19.6730475845491,0.49902867872671,0.0118918918918919,White_wavg
2025-07-15,196,2025,EER-1,0.186341961207368,14.6527909705654,1.01687394914514,0.0118918918918919,White_wavg
2025-07-16,197,2025,EER-1,0.204986739302758,17.0510245787899,0.186496680760229,0.0118918918918919,White_wavg
2025-07-17,198,2025,EER-1,0.194555619388764,16.420004865962,-0.0596459628159423,0.0118918918918919,White_wavg
2025-07-18,199,2025,EER-1,0.20499687857437,17.2147537245756,0.0236201555418702,0.0118918918918919,White_wavg
2025-07-19,200,2025,EER-1,0.256578838697044,20.7173327987629,0.858615000761283,0.0118918918918919,White_wavg
2025-07-20,201,2025,EER-1,0.241553962473336,19.5817013916792,0.730790907214995,0.0118918918918919,White_wavg
2025-07-21,202,2025,EER-1,0.228757763758236,21.0875196960665,-1.851071380033,0.0118918918918919,White_wavg
2025-07-22,203,2025,EER-1,0.162149494470971,15.1532026644247,-1.51790426572944,0.0118918918918919,White_wavg
2025-07-23,204,2025,EER-1,0.196017998797834,14.4481161510971,2.03521556599355,0.0118918918918919,White_wavg
2025-07-24,205,2025,EER-1,0.248962403627734,22.3367505748069,-1.4012757242929,0.0118918918918919,White_wavg
2025-07-25,206,2025,EER-1,0.184669478967925,18.6355577755755,-3.10653340781819,0.0118918918918919,White_wavg
2025-07-26,207,2025,EER-1,0.133059486162065,12.4892237899374,-1.30013063540008,0.0118918918918919,White_wavg
2025-07-27,208,2025,EER-1,0.127245590004305,8.09207637108575,2.60812097018536,0.0118918918918919,White_wavg
2025-07-28,209,2025,EER-1,0.212142708136429,15.3914161419678,2.44785704223194,0.0118918918918919,White_wavg
2025-07-29,210,2025,EER-1,0.233282021287958,18.7069863025492,0.909910942120014,0.0118918918918919,White_wavg
2025-07-30,211,2025,EER-1,0.213697763105634,17.1733561518224,0.796683018424098,0.0118918918918919,White_wavg
2025-07-31,212,2025,EER-1,0.227046284682912,19.5788021671216,-0.486273682422222,0.0118918918918919,White_wavg
2025-08-01,213,2025,EER-1,0.237833187097449,20.1867963206631,-0.187187405650306,0.0118918918918919,White_wavg
2025-08-02,214,2025,EER-1,0.22040514933767,17.7806396852006,0.753429690921692,0.0118918918918919,White_wavg
2025-08-03,215,2025,EER-1,0.281478744551689,22.8023246104872,0.86747890863208,0.0118918918918919,White_wavg
2025-08-04,216,2025,EER-1,0.235450340942277,19.6689302565176,0.13030295908294,0.0118918918918919,White_wavg
2025-08-05,217,2025,EER-1,0.238750819234934,20.767692849445,-0.690919413780122,0.0118918918918919,White_wavg
2025-08-06,218,2025,EER-1,0.24625525386813,20.8674491548361,-0.15962098865252,0.0118918918918919,White_wavg
2025-08-07,219,2025,EER-1,0.268488427557835,21.5067592579381,1.07067669578899,0.0118918918918919,White_wavg
2025-08-08,220,2025,EER-1,0.291598819444932,24.3430472561168,0.17776256084332,0.0118918918918919,White_wavg
2025-08-09,221,2025,EER-1,0.27938802309191,23.349811622435,0.144181228475659,0.0118918918918919,White_wavg
2025-08-10,222,2025,EER-1,0.242217803886459,19.8297862032006,0.538529123615213,0.0118918918918919,White_wavg
2025-08-11,223,2025,EER-1,0.323599289950198,26.8055462517989,0.406212221285955,0.0118918918918919,White_wavg
2025-08-12,224,2025,EER-1,0.28098716133728,23.1451844896757,0.483281350050113,0.0118918918918919,White_wavg
2025-08-13,225,2025,EER-1,0.258548254242515,22.0698120895409,-0.32825434642038,0.0118918918918919,White_wavg
2025-08-14,226,2025,EER-1,0.256176434429639,21.1457946888125,0.396314570043536,0.0118918918918919,White_wavg
2025-08-15,227,2025,EER-1,0.258050001229718,21.9553780175136,-0.25571882319646,0.0118918918918919,White_wavg
2025-08-16,228,2025,EER-1,0.290006420659764,25.3228406226231,-0.935937067142938,0.0118918918918919,White_wavg
2025-08-17,229,2025,EER-1,0.239421922545162,20.2571947158329,-0.123987592717079,0.0118918918918919,White_wavg
2025-08-18,230,2025,EER-1,0.237602631251873,20.2245579672653,-0.244336702903247,0.0118918918918919,White_wavg
2025-08-19,231,2025,EER-1,0.223495896237662,19.0500140835805,-0.256040990868023,0.0118918918918919,White_wavg
2025-08-20,232,2025,EER-1,0.251791455708175,21.2874279135491,-0.114055501725304,0.0118918918918919,White_wavg
2025-08-21,233,2025,EER-1,0.260508061714211,20.658159618954,1.24820011610467,0.0118918918918919,White_wavg
2025-08-22,234,2025,EER-1,0.285644917348243,23.8904526141905,0.129688162820862,0.0118918918918919,White_wavg
2025-08-23,235,2025,EER-1,0.236196792354538,25.0348991624833,-5.17289616903351,0.0118918918918919,White_wavg
2025-08-24,236,2025,EER-1,0,11.9077689700557,-6.53867954088998,0.0118918918918919,White_wavg
2025-08-25,237,2025,EER-1,0,-3.93962294845878,-10.5191790228288,0.0118918918918919,White_wavg
2025-08-26,238,2025,EER-1,0,-5.82999276891454,0.959861085408601,0.0118918918918919,White_wavg
2025-08-27,239,2025,EER-1,0,-6.61574630398614,3.37226023496573,0.0118918918918919,White_wavg
2025-08-28,240,2025,EER-1,0,-0.963825705223442,2.31729437948829,0.0118918918918919,White_wavg
2025-08-29,241,2025,EER-1,0.0448040648872652,3.24856332130956,0.519051226028648,0.0118918918918919,White_wavg
2025-08-30,242,2025,EER-1,0.0727615002018618,4.80498669382217,1.31359400497076,0.0118918918918919,White_wavg
2025-08-31,243,2025,EER-1,0.0922026811885959,7.10070431528149,0.6527029664868,0.0118918918918919,White_wavg
2025-09-01,244,2025,EER-1,0.0826210483696752,6.1782542458086,0.769424821641358,0.0118918918918919,White_wavg
2025-09-02,245,2025,EER-1,0,7.81617381333182,-7.68253444708229,0.0118918918918919,White_wavg
2025-09-03,246,2025,EER-1,0,5.03468179326845,0.571272310886602,0.0118918918918919,White_wavg
2025-09-04,247,2025,EER-1,0,3.91686240747828,2.77870331805073,0.0118918918918919,White_wavg
2025-09-05,248,2025,EER-1,0,4.33242968358807,1.40988517674483,0.0118918918918919,White_wavg
2025-09-06,249,2025,EER-1,0.0556520592477299,4.35980192840655,0.320030326516193,0.0118918918918919,White_wavg
2025-09-07,250,2025,EER-1,0.0484520861788114,3.90036569086476,0.174014283262565,0.0118918918918919,White_wavg
2025-09-08,251,2025,EER-1,0.0666906053808783,4.21006810421469,1.39800553008644,0.0118918918918919,White_wavg
2025-09-09,252,2025,EER-1,0.0779684068640851,6.34822423640809,0.20820997716271,0.0118918918918919,White_wavg
2025-09-10,253,2025,EER-1,0.0831749893489838,9.0377864164239,-2.04352594844117,0.0118918918918919,White_wavg
2025-09-11,254,2025,EER-1,0.0452987038670666,5.44777239508001,-1.6385632062585,0.0118918918918919,White_wavg
2025-09-12,255,2025,EER-1,0.0530404991668788,5.58527420755051,-1.12505041397206,0.0118918918918919,White_wavg
2025-09-13,256,2025,EER-1,0.0558924064183343,4.63413579674106,0.0659074702552331,0.0118918918918919,White_wavg
2025-09-14,257,2025,EER-1,0.0604150573060873,3.22366355097972,1.85669354066853,0.0118918918918919,White_wavg
2025-09-15,258,2025,EER-1,0.105314369124892,9.04731521711959,-0.191334177071845,0.0118918918918919,White_wavg
2025-09-16,259,2025,EER-1,0.0584049189535732,4.70989295947606,0.201429770710782,0.0118918918918919,White_wavg
2025-09-17,260,2025,EER-1,0.0670042244357,4.4110059161188,1.22344022961051,0.0118918918918919,White_wavg
2025-09-18,261,2025,EER-1,0.0646229812314996,5.34859659236629,0.0856086475552687,0.0118918918918919,White_wavg
2025-09-19,262,2025,EER-1,0.0204424928436019,4.99644583192307,-3.27741802462018,0.0118918918918919,White_wavg
2025-09-20,263,2025,EER-1,0.0485124944238464,3.97522911236299,0.104230646005913,0.0118918918918919,White_wavg
2025-09-21,264,2025,EER-1,0.0257234294969299,2.73803123962004,-0.574924668287302,0.0118918918918919,White_wavg
2025-09-22,265,2025,EER-1,0.0686269473520273,4.42913573064418,1.34176666032175,0.0118918918918919,White_wavg
2025-09-23,266,2025,EER-1,0.120215035616518,9.82104978178453,0.287941849604501,0.0118918918918919,White_wavg
2025-09-24,267,2025,EER-1,0.0982405344133479,8.19017395316448,0.0709618952306812,0.0118918918918919,White_wavg
2025-09-25,268,2025,EER-1,0.0147289309869,1.48263732748823,-0.244068130862551,0.0118918918918919,White_wavg
2025-09-26,269,2025,EER-1,0.114646688446152,9.49537509407286,0.145369161626263,0.0118918918918919,White_wavg
2025-09-27,270,2025,EER-1,0.0301011760472624,2.62477651013846,-0.0935412516186638,0.0118918918918919,White_wavg
2025-09-28,271,2025,EER-1,0.0395079222478083,3.12341459606422,0.198842502046933,0.0118918918918919,White_wavg
2025-09-29,272,2025,EER-1,0.0457014033046354,4.91230888300578,-1.06923633238871,0.0118918918918919,White_wavg
2025-09-30,273,2025,EER-1,0.024522461378211,3.98127839286353,-1.91916232242306,0.0118918918918919,White_wavg
2025-10-01,274,2025,EER-1,-0.00679826040010455,3.35523131630424,-3.92690321358576,0.0118918918918919,White_wavg
2025-10-02,275,2025,EER-1,0,-0.867738710450936,-11.137063632161,0.0118918918918919,White_wavg
2025-10-03,276,2025,EER-1,0,-16.0932856353224,7.62104270835753,0.0118918918918919,White_wavg
2025-10-04,277,2025,EER-1,0,-3.82453325504706,3.02918965140418,0.0118918918918919,White_wavg
2025-10-05,278,2025,EER-1,0,0.291494807726167,0.709181496675271,0.0118918918918919,White_wavg
2025-10-06,279,2025,EER-1,-0.0360895004484959,-3.48699789782958,0.452198996478792,0.0118918918918919,White_wavg
2025-10-07,280,2025,EER-1,0.00383432532427412,-0.216518055633941,0.538949957902446,0.0118918918918919,White_wavg
2025-10-08,281,2025,EER-1,0.0105206599999558,-0.61883124971336,1.503523113346,0.0118918918918919,White_wavg
2025-10-09,282,2025,EER-1,0.0123843425022045,0.359097392727016,0.682313226776547,0.0118918918918919,White_wavg
2025-10-10,283,2025,EER-1,0.0622358577650261,5.7338819226505,-0.500412065136938,0.0118918918918919,White_wavg
2025-10-11,284,2025,EER-1,-0.0167494254314321,-0.341851472834897,-1.06662293844462,0.0118918918918919,White_wavg
2025-10-12,285,2025,EER-1,0.0596892577662658,4.22251669842984,0.796807250097057,0.0118918918918919,White_wavg
2025-10-13,286,2025,EER-1,-0.0552490178947188,-2.24308531610262,-2.40285482504419,0.0118918918918919,White_wavg
2025-10-14,287,2025,EER-1,0,3.92209558592784,-7.07001992402514,0.0118918918918919,White_wavg
2025-10-15,288,2025,EER-1,0,7.54137847263295,-6.37457808896436,0.0118918918918919,White_wavg
2025-10-16,289,2025,EER-1,0,-14.0982330086566,3.5714354159298,0.0118918918918919,White_wavg
2025-10-17,290,2025,EER-1,0,-8.99932559704123,4.47021650784318,0.0118918918918919,White_wavg
2025-10-18,291,2025,EER-1,-0.00979059193305212,-2.36923196020373,1.54593218401526,0.0118918918918919,White_wavg
2025-10-19,292,2025,EER-1,-0.0270607100211014,-3.29367300726204,1.01811330094215,0.0118918918918919,White_wavg
2025-10-20,293,2025,EER-1,0.0161614625427258,1.9564225530992,-0.597390475642712,0.0118918918918919,White_wavg
2025-10-21,294,2025,EER-1,-0.0328236961772323,-4.22971047343594,1.46953602216868,0.0118918918918919,White_wavg
2025-10-22,295,2025,EER-1,0.0163651876981529,2.09447574496513,-0.71831223398409,0.0118918918918919,White_wavg
2025-10-23,296,2025,EER-1,0.0329672051550825,2.37717083032396,0.395071421353428,0.0118918918918919,White_wavg
2025-10-24,297,2025,EER-1,0.017682516675685,0.349558748182965,1.13738015409055,0.0118918918918919,White_wavg
2025-10-25,298,2025,EER-1,-0.039179700779922,2.70403105532537,-5.99868771181882,0.0118918918918919,White_wavg
2025-10-26,299,2025,EER-1,-0.0603811438996737,1.56463987799393,-6.64214516046649,0.0118918918918919,White_wavg
2025-10-27,300,2025,EER-1,-0.0381677453266754,-8.15193752982072,4.94237712735029,0.0118918918918919,White_wavg
2025-10-28,301,2025,EER-1,-0.0306437704194997,-4.20682107726121,1.62995856471237,0.0118918918918919,White_wavg
2025-10-29,302,2025,EER-1,-0.0202715972047661,-3.46455756539046,1.75990052771695,0.0118918918918919,White_wavg
2025-10-30,303,2025,EER-1,-0.0123812427301147,-2.72796146187564,1.68681150502508,0.0118918918918919,White_wavg
2025-05-27,147,2025,EET-1,0.344571055828167,2.28755992601531,1.7238643060141,0.0858974358974359,White_wavg
2025-05-28,148,2025,EET-1,0.333728786069288,1.26259699749194,2.6226037955535,0.0858974358974359,White_wavg
2025-05-29,149,2025,EET-1,0.490262266503638,3.61263421146809,2.0948966523056,0.0858974358974359,White_wavg
2025-05-30,150,2025,EET-1,0.534708109762715,3.69723418813273,2.52772589567201,0.0858974358974359,White_wavg
2025-05-31,151,2025,EET-1,0.476922054488419,2.75140759940737,2.80081930359213,0.0858974358974359,White_wavg
2025-06-01,152,2025,EET-1,0.0564458904074312,-1.13780513091619,1.79493639237584,0.0858974358974359,White_wavg
2025-06-02,153,2025,EET-1,0.146519481898641,1.18210783036541,0.523641361887428,0.0858974358974359,White_wavg
2025-06-03,154,2025,EET-1,0.259680862413732,2.1479112929462,0.875239045601724,0.0858974358974359,White_wavg
2025-06-04,155,2025,EET-1,0.0274349127178662,-0.847273968565787,1.16666548975886,0.0858974358974359,White_wavg
2025-06-05,156,2025,EET-1,0.150828414537862,0.915507332484822,0.840405553179835,0.0858974358974359,White_wavg
2025-06-06,157,2025,EET-1,-8.05926654237692E-05,-0.88797553522042,0.887037292249815,0.0858974358974359,White_wavg
2025-06-07,158,2025,EET-1,0.193764480745237,1.07101135226095,1.18475424447464,0.0858974358974359,White_wavg
2025-06-08,159,2025,EET-1,0.0633074257862112,-0.548850243663068,1.28586206624881,0.0858974358974359,White_wavg
2025-06-09,160,2025,EET-1,0.117412651002299,-0.845261667070218,2.2121552160522,0.0858974358974359,White_wavg
2025-06-10,161,2025,EET-1,0.296783374257732,0.29990433322773,3.15518569544437,0.0858974358974359,White_wavg
2025-06-11,162,2025,EET-1,0.36437268611126,1.52699153294549,2.7149591411856,0.0858974358974359,White_wavg
2025-06-12,163,2025,EET-1,0.324544168473594,0.950038105572659,2.82823728859754,0.0858974358974359,White_wavg
2025-06-13,164,2025,EET-1,0.232584720612977,-1.14430154070067,3.85200425828458,0.0858974358974359,White_wavg
2025-06-14,165,2025,EET-1,0.411464406575639,2.36024161089827,2.42994103281812,0.0858974358974359,White_wavg
2025-06-15,166,2025,EET-1,0.691870040986544,4.31803913242246,3.73656731488357,0.0858974358974359,White_wavg
2025-06-16,167,2025,EET-1,0.735088571638673,5.15218446101784,3.40556308940253,0.0858974358974359,White_wavg
2025-06-17,168,2025,EET-1,0.898666044046339,6.52080931206496,3.9412729917581,0.0858974358974359,White_wavg
2025-06-18,169,2025,EET-1,1.41365656511141,11.0246482204019,5.43284611970113,0.0858974358974359,White_wavg
2025-06-19,170,2025,EET-1,1.5121030935232,16.8114445953506,0.792143657606019,0.0858974358974359,White_wavg
2025-06-20,171,2025,EET-1,-0.211922106329417,-2.12463494761516,-0.342517932040735,0.0858974358974359,White_wavg
2025-06-21,172,2025,EET-1,-0.218556055799369,-1.65561971234811,-0.888764220838567,0.0858974358974359,White_wavg
2025-06-22,173,2025,EET-1,-0.244023139634078,-2.73538721182547,-0.10547918988469,0.0858974358974359,White_wavg
2025-06-23,174,2025,EET-1,-0.194112557596106,-2.72610207391688,0.466284239215938,0.0858974358974359,White_wavg
2025-06-24,175,2025,EET-1,0.335165697045036,4.53212985496023,-0.63020084458519,0.0858974358974359,White_wavg
2025-06-25,176,2025,EET-1,0.159862697342476,1.60272699839652,0.258361119918874,0.0858974358974359,White_wavg
2025-06-26,177,2025,EET-1,0.0242043940279971,0.603067925840549,-0.321285428201179,0.0858974358974359,White_wavg
2025-06-27,178,2025,EET-1,-0.0434692774854706,-0.201138670505287,-0.304921574847953,0.0858974358974359,White_wavg
2025-06-28,179,2025,EET-1,-0.182829716710067,-1.6083312033154,-0.520134155398807,0.0858974358974359,White_wavg
2025-06-29,180,2025,EET-1,0.0261425476454629,-0.766284857796507,1.07063093486309,0.0858974358974359,White_wavg
2025-06-30,181,2025,EET-1,-0.226917769560203,-1.82882018266071,-0.812909074905832,0.0858974358974359,White_wavg
2025-07-01,182,2025,EET-1,-0.0705299261622269,-1.58507114741053,0.763976484626397,0.0858974358974359,White_wavg
2025-07-02,183,2025,EET-1,-0.273263840706016,-2.97138619080744,-0.209894342784992,0.0858974358974359,White_wavg
2025-07-03,184,2025,EET-1,-0.274780928807404,-2.33516914039637,-0.863773015868929,0.0858974358974359,White_wavg
2025-07-04,185,2025,EET-1,-0.684040880819139,-8.18456328845412,0.221102287873094,0.0858974358974359,White_wavg
2025-07-05,186,2025,EET-1,0.119043650077903,2.87085583960973,-1.48497454019534,0.0858974358974359,White_wavg
2025-07-06,187,2025,EET-1,-0.0637198097391342,-1.81674264223801,1.07492993184212,0.0858974358974359,White_wavg
2025-07-07,188,2025,EET-1,-0.175109074179229,-1.51352457743852,-0.525058674200267,0.0858974358974359,White_wavg
2025-07-08,189,2025,EET-1,0.147138654204866,2.00331167539503,-0.290354208532406,0.0858974358974359,White_wavg
2025-07-09,190,2025,EET-1,-0.0428647738248658,0.0902739294261323,-0.589296669476809,0.0858974358974359,White_wavg
2025-07-10,191,2025,EET-1,-0.109497092269828,-1.8783166509682,0.603574382752299,0.0858974358974359,White_wavg
2025-07-11,192,2025,EET-1,-0.10272187492832,-1.23439524650522,0.0385286428620901,0.0858974358974359,White_wavg
2025-07-12,193,2025,EET-1,-0.365082743460336,-4.2720672280538,0.0218502146349664,0.0858974358974359,White_wavg
2025-07-13,194,2025,EET-1,-0.0366602593674286,-0.277317632797747,-0.149473446405153,0.0858974358974359,White_wavg
2025-07-14,195,2025,EET-1,0.116637687415969,1.16522318594679,0.192648398895841,0.0858974358974359,White_wavg
2025-07-15,196,2025,EET-1,-0.302431887482508,-4.14593031218362,0.625081472835021,0.0858974358974359,White_wavg
2025-07-16,197,2025,EET-1,-0.179181937162067,-2.04454180374114,-0.0414568676978462,0.0858974358974359,White_wavg
2025-07-17,198,2025,EET-1,-0.281942345704251,-2.98464623775803,-0.297667637604889,0.0858974358974359,White_wavg
2025-07-18,199,2025,EET-1,-0.201113060341694,-1.99521742954221,-0.346098795331244,0.0858974358974359,White_wavg
2025-07-19,200,2025,EET-1,0.117749488436371,1.00945658525058,0.361358354754941,0.0858974358974359,White_wavg
2025-07-20,201,2025,EET-1,-0.048063086227474,-1.00980257263745,0.450262165810145,0.0858974358974359,White_wavg
2025-07-21,202,2025,EET-1,0.00672331147844481,-0.250069158101951,0.32834054546295,0.0858974358974359,White_wavg
2025-07-22,203,2025,EET-1,-0.148677528149975,-1.23288091495763,-0.497991800818198,0.0858974358974359,White_wavg
2025-07-23,204,2025,EET-1,-0.239244991627717,-2.48539994415719,-0.299840256881893,0.0858974358974359,White_wavg
2025-07-24,205,2025,EET-1,0.250739737175033,2.99113931281912,-0.0720796860052957,0.0858974358974359,White_wavg
2025-07-25,206,2025,EET-1,0.127725659784351,0.957411431628998,0.529544010636585,0.0858974358974359,White_wavg
2025-07-26,207,2025,EET-1,0.0746318446165374,0.808933129497859,0.0599152108140686,0.0858974358974359,White_wavg
2025-07-27,208,2025,EET-1,-0.131656325392633,-0.634306735756866,-0.898408694187225,0.0858974358974359,White_wavg
2025-07-28,209,2025,EET-1,-0.0578708717823985,-0.699330329512151,0.0256097326424367,0.0858974358974359,White_wavg
2025-07-29,210,2025,EET-1,-0.0178449639778419,-0.0843056111918372,-0.123441730639755,0.0858974358974359,White_wavg
2025-07-30,211,2025,EET-1,-0.155548323920862,-2.34600737535229,0.535146290900457,0.0858974358974359,White_wavg
2025-07-31,212,2025,EET-1,-0.129867318132612,-0.46758223341854,-1.0443059478268,0.0858974358974359,White_wavg
2025-08-01,213,2025,EET-1,-0.0882120363424676,-0.719059624943611,-0.307886469789594,0.0858974358974359,White_wavg
2025-08-02,214,2025,EET-1,-0.216947525976767,-3.1565730370279,0.630915271925232,0.0858974358974359,White_wavg
2025-08-03,215,2025,EET-1,0.184304139739962,1.43630874863985,0.709321534900013,0.0858974358974359,White_wavg
2025-08-04,216,2025,EET-1,-0.169386365909952,-2.19028978985958,0.218329112101927,0.0858974358974359,White_wavg
2025-08-05,217,2025,EET-1,-0.0999561150285044,-0.306463486611449,-0.857204718198005,0.0858974358974359,White_wavg
2025-08-06,218,2025,EET-1,-0.0774634232311409,-0.752708796618862,-0.149104190251137,0.0858974358974359,White_wavg
2025-08-07,219,2025,EET-1,0.0667554322337152,0.00284917131278917,0.774303621855836,0.0858974358974359,White_wavg
2025-08-08,220,2025,EET-1,0.187299867504496,2.29617750220928,-0.115671582007678,0.0858974358974359,White_wavg
2025-08-09,221,2025,EET-1,0.0887400773683568,1.42751620152603,-0.394422763506356,0.0858974358974359,White_wavg
2025-08-10,222,2025,EET-1,-0.231562826826764,-2.68352315573566,-0.0122828879192127,0.0858974358974359,White_wavg
2025-08-11,223,2025,EET-1,0.323222415754851,3.38539820868138,0.377489616524343,0.0858974358974359,White_wavg
2025-08-12,224,2025,EET-1,-0.00387159180382604,-0.0963789590886961,0.0513066962978854,0.0858974358974359,White_wavg
2025-08-13,225,2025,EET-1,-0.151335167789277,-1.82355018008664,0.0617377789577489,0.0858974358974359,White_wavg
2025-08-14,226,2025,EET-1,-0.121042058969192,-2.08705904659286,0.677912688444053,0.0858974358974359,White_wavg
2025-08-15,227,2025,EET-1,-0.0605034801419536,-0.693215218467458,-0.0111536548269271,0.0858974358974359,White_wavg
2025-08-16,228,2025,EET-1,0.276009933791259,3.51867680783573,-0.305426832355408,0.0858974358974359,White_wavg
2025-08-17,229,2025,EET-1,-0.0258664871061215,-0.820380763034393,0.519248525082531,0.0858974358974359,White_wavg
2025-08-18,230,2025,EET-1,-0.0726795656387197,0.207054243744096,-1.05317456013516,0.0858974358974359,White_wavg
2025-08-19,231,2025,EET-1,-0.207459765361652,-1.96439343458903,-0.45080980394961,0.0858974358974359,White_wavg
2025-08-20,232,2025,EET-1,-0.0617538517825135,-0.572340419632809,-0.146585019029288,0.0858974358974359,White_wavg
2025-08-21,233,2025,EET-1,-0.0520386564266765,-1.19946893042169,0.593645766051424,0.0858974358974359,White_wavg
2025-08-22,234,2025,EET-1,0.0900756244472362,0.762676230170541,0.28596536787191,0.0858974358974359,White_wavg
2025-08-23,235,2025,EET-1,0.129021393066154,2.3352519669495,-0.833211868567403,0.0858974358974359,White_wavg
2025-08-24,236,2025,EET-1,0,-4.51763390865025,0.763564050373773,0.0858974358974359,White_wavg
2025-08-25,237,2025,EET-1,0,-0.619605421353242,0.13859325842418,0.0858974358974359,White_wavg
2025-08-26,238,2025,EET-1,0,1.13660958590822,-0.514350949816674,0.0858974358974359,White_wavg
2025-08-27,239,2025,EET-1,0,-2.58729057704059,-0.327042043066328,0.0858974358974359,White_wavg
2025-08-28,240,2025,EET-1,0,-1.53015406891828,0.40660331045359,0.0858974358974359,White_wavg
2025-08-29,241,2025,EET-1,-0.0125336360726113,-0.0143046421385407,-0.131609330050068,0.0858974358974359,White_wavg
2025-08-30,242,2025,EET-1,0.103233336457044,0.874218033976604,0.327602897911376,0.0858974358974359,White_wavg
2025-08-31,243,2025,EET-1,0.145823921397214,1.79369654683583,-0.0960449245996102,0.0858974358974359,White_wavg
2025-09-01,244,2025,EET-1,0.0507577936238179,0.451440845284083,0.139470781978275,0.0858974358974359,White_wavg
2025-09-02,245,2025,EET-1,0,1.90530511630595,-0.241532069404997,0.0858974358974359,White_wavg
2025-09-03,246,2025,EET-1,0,1.09425002115842,0.0821633460771949,0.0858974358974359,White_wavg
2025-09-04,247,2025,EET-1,0,-0.0833551609079848,0.978011059097028,0.0858974358974359,White_wavg
2025-09-05,248,2025,EET-1,0,-0.564460806087652,-0.339412227142162,0.0858974358974359,White_wavg
2025-09-06,249,2025,EET-1,-0.131098232627655,-0.943982235711701,-0.582235994878914,0.0858974358974359,White_wavg
2025-09-07,250,2025,EET-1,-0.19343427158088,-2.04733772908514,-0.204583641557932,0.0858974358974359,White_wavg
2025-09-08,251,2025,EET-1,-0.0678764831911949,-1.80697350206489,1.01676966789874,0.0858974358974359,White_wavg
2025-09-09,252,2025,EET-1,0.107659084440058,0.17237585393093,1.08096871119213,0.0858974358974359,White_wavg
2025-09-10,253,2025,EET-1,0.20789964757501,2.85578705079467,-0.435462795443812,0.0858974358974359,White_wavg
2025-09-11,254,2025,EET-1,0.0376989950513994,1.3222622788891,-0.883378455902658,0.0858974358974359,White_wavg
2025-09-12,255,2025,EET-1,0.0104647841868319,0.196794115293784,-0.0749652844620101,0.0858974358974359,White_wavg
2025-09-13,256,2025,EET-1,0.0362240118611837,0.226938369161189,0.194774007730203,0.0858974358974359,White_wavg
2025-09-14,257,2025,EET-1,-0.0853873169749665,-1.42494327352307,0.430881971426444,0.0858974358974359,White_wavg
2025-09-15,258,2025,EET-1,0.175401011501896,3.19613172444062,-1.15414979949317,0.0858974358974359,White_wavg
2025-09-16,259,2025,EET-1,-0.205394345491574,-1.85266980138113,-0.538488250610328,0.0858974358974359,White_wavg
2025-09-17,260,2025,EET-1,-0.108937827732902,-2.15713998622573,0.888908558887465,0.0858974358974359,White_wavg
2025-09-18,261,2025,EET-1,-0.0541894157059244,-1.52272266197673,0.891860807489849,0.0858974358974359,White_wavg
2025-09-19,262,2025,EET-1,-0.189728093308755,-1.78953936926507,-0.419235448359245,0.0858974358974359,White_wavg
2025-09-20,263,2025,EET-1,0.0133977775826654,0.831226512682235,-0.675252385600459,0.0858974358974359,White_wavg
2025-09-21,264,2025,EET-1,-0.182163418198236,-2.44380831735538,0.323099866689347,0.0858974358974359,White_wavg
2025-09-22,265,2025,EET-1,0.0399956312264574,0.256405098465166,0.209215682977174,0.0858974358974359,White_wavg
2025-09-23,266,2025,EET-1,0.310127460177907,4.27368328257711,-0.663244193938795,0.0858974358974359,White_wavg
2025-09-24,267,2025,EET-1,0.132581617544574,1.91631406348591,-0.372826575653562,0.0858974358974359,White_wavg
2025-09-25,268,2025,EET-1,-0.33125732486692,-5.29077074933184,1.43434219117964,0.0858974358974359,White_wavg
2025-09-26,269,2025,EET-1,0.315527400715586,4.23922640961587,-0.565922341583672,0.0858974358974359,White_wavg
2025-09-27,270,2025,EET-1,-0.249718692131751,-3.34783225783752,0.440659424064904,0.0858974358974359,White_wavg
2025-09-28,271,2025,EET-1,-0.221164648761072,-2.51894234052594,-0.055810286841762,0.0858974358974359,White_wavg
2025-09-29,272,2025,EET-1,-0.0823477122552957,-1.93094123780151,0.972266378710003,0.0858974358974359,White_wavg
2025-09-30,273,2025,EET-1,-0.00357545963281933,0.678168783137778,-0.719793537072093,0.0858974358974359,White_wavg
2025-10-01,274,2025,EET-1,-0.00485077428704754,0.128017465878202,-0.184489166533382,0.0858974358974359,White_wavg
2025-10-02,275,2025,EET-1,0,-2.738959112494,0.204224684604881,0.0858974358974359,White_wavg
2025-10-03,276,2025,EET-1,0,-1.6186171373175,0.0728573274699329,0.0858974358974359,White_wavg
2025-10-04,277,2025,EET-1,0,-0.825329312518221,0.42303210779302,0.0858974358974359,White_wavg
2025-10-05,278,2025,EET-1,0,1.4376971822681,-0.620993764852614,0.0858974358974359,White_wavg
2025-10-06,279,2025,EET-1,-0.274278435061554,-2.8738859375903,-0.319206291484505,0.0858974358974359,White_wavg
2025-10-07,280,2025,EET-1,-0.00629044737111188,-0.209782078946489,0.136550005073843,0.0858974358974359,White_wavg
2025-10-08,281,2025,EET-1,-0.0387624773745989,-1.72455365648068,1.27328899450774,0.0858974358974359,White_wavg
2025-10-09,282,2025,EET-1,-0.108316181944337,-1.30839085630998,0.0473964993460641,0.0858974358974359,White_wavg
2025-10-10,283,2025,EET-1,0.19074886666348,2.61467764324163,-0.394019195517544,0.0858974358974359,White_wavg
2025-10-11,284,2025,EET-1,-0.345779037255255,-3.79618108999833,-0.229306209391211,0.0858974358974359,White_wavg
2025-10-12,285,2025,EET-1,0.346776314115063,2.38673554078983,1.65036184741538,0.0858974358974359,White_wavg
2025-10-13,286,2025,EET-1,-0.304166289923457,-4.32159909381369,0.780558703660006,0.0858974358974359,White_wavg
2025-10-14,287,2025,EET-1,0,1.84388115496685,-1.54439337387747,0.0858974358974359,White_wavg
2025-10-15,288,2025,EET-1,0,0.527463379669115,-1.71373069974763,0.0858974358974359,White_wavg
2025-10-16,289,2025,EET-1,0,-2.5856275377738,-0.170968346122706,0.0858974358974359,White_wavg
2025-10-17,290,2025,EET-1,0,-1.41819158075438,0.212509135875294,0.0858974358974359,White_wavg
2025-10-18,291,2025,EET-1,-0.022148191846774,0.0389894315627544,-0.296834053062511,0.0858974358974359,White_wavg
2025-10-19,292,2025,EET-1,-0.181119977811572,-2.00766469274529,-0.100896242971515,0.0858974358974359,White_wavg
2025-10-20,293,2025,EET-1,0.129446291375836,2.62537038974418,-1.11838371402548,0.0858974358974359,White_wavg
2025-10-21,294,2025,EET-1,-0.223775365436615,-3.86041958650236,1.25527354112087,0.0858974358974359,White_wavg
2025-10-22,295,2025,EET-1,0.0691853963646871,0.993065575208931,-0.18762364738123,0.0858974358974359,White_wavg
2025-10-23,296,2025,EET-1,0.145539610488539,1.68474869448545,0.0095930395602295,0.0858974358974359,White_wavg
2025-10-24,297,2025,EET-1,0.0614567936887607,-0.306616266328774,1.02208341673524,0.0858974358974359,White_wavg
2025-10-25,298,2025,EET-1,0.442433911842916,7.22487174099018,-2.07414858819206,0.0858974358974359,White_wavg
2025-10-26,299,2025,EET-1,-0.2266688660202,0.816428919244629,-3.45526049380815,0.0858974358974359,White_wavg
2025-10-27,300,2025,EET-1,0.341112238517682,4.4165621061687,-0.445404702530013,0.0858974358974359,White_wavg
2025-10-28,301,2025,EET-1,0.179219217214782,2.8842741570279,-0.797841479005072,0.0858974358974359,White_wavg
2025-10-29,302,2025,EET-1,0.126204510495843,1.5893414814073,-0.120094941306448,0.0858974358974359,White_wavg
2025-10-30,303,2025,EET-1,0.204393999714792,1.78147511531779,0.598037120167845,0.0858974358974359,White_wavg
2019-06-03,154,2019,EHF-XA5S,-0.10087077400722,-1.64095188600372,-0.88081746417679,0.04,White_wavg
2019-06-04,155,2019,EHF-XA5S,-0.123790130977178,-2.70184806525828,-0.39290520917116,0.04,White_wavg
2019-06-05,156,2019,EHF-XA5S,0.0777657234643173,0.769084587410523,1.17505849919741,0.04,White_wavg
2019-06-06,157,2019,EHF-XA5S,0.0296327926400868,-0.0796307215974599,0.82045053759963,0.04,White_wavg
2019-06-07,158,2019,EHF-XA5S,-0.175449742817476,-3.87555248390892,-0.51069108652797,0.04,White_wavg
2019-06-08,159,2019,EHF-XA5S,-0.0182414189360076,0.505481173629721,-0.96151664702991,0.04,White_wavg
2019-06-09,160,2019,EHF-XA5S,-0.00754139096078202,-0.28199245233936,0.09345767831981,0.04,White_wavg
2019-06-10,161,2019,EHF-XA5S,0.0742926952448635,2.06673301177494,-0.20941563065335,0.04,White_wavg
2019-06-11,162,2019,EHF-XA5S,-0.0156599736485029,-1.10987833236462,0.71837899115205,0.04,White_wavg
2019-06-12,163,2019,EHF-XA5S,0.0343868009411899,0.239717780475898,0.61995224305385,0.04,White_wavg
2019-06-13,164,2019,EHF-XA5S,-0.146301649179819,-4.84640898097128,1.1888677514758,0.04,White_wavg
2019-06-14,165,2019,EHF-XA5S,0.0193082933566224,-0.27069408253908,0.75340141645464,0.04,White_wavg
2019-06-15,166,2019,EHF-XA5S,0.0598044087367784,0.52665833694114,0.96845188147832,0.04,White_wavg
2019-06-16,167,2019,EHF-XA5S,-0.047681105220144,-1.3564585867002,0.1644309561966,0.04,White_wavg
2019-06-17,168,2019,EHF-XA5S,-0.0684843509553168,-1.68644460960474,-0.0256641642781799,0.04,White_wavg
2019-06-18,169,2019,EHF-XA5S,0.052605618021616,1.07159270323578,0.24354774730462,0.04,White_wavg
2019-06-19,170,2019,EHF-XA5S,0.175414293095663,2.29266955943466,2.09268776795692,0.04,White_wavg
2019-06-20,171,2019,EHF-XA5S,0.0439861232370549,-3.59330875013448,4.69296183106085,0.04,White_wavg
2019-06-21,172,2019,EHF-XA5S,0.125508910715601,-0.634930070820548,3.77265283871058,0.04,White_wavg
2019-06-22,173,2019,EHF-XA5S,0.0988247251496483,-0.937406395782482,3.40802452452369,0.04,White_wavg
2019-06-23,174,2019,EHF-XA5S,0.0791341647946238,-2.11523314186303,4.09358726172862,0.04,White_wavg
2019-06-24,175,2019,EHF-XA5S,0.0804846307679125,-3.01230201985128,5.02441778904909,0.04,White_wavg
2019-06-25,176,2019,EHF-XA5S,0.0908324805296257,-1.31975086058173,3.59056287382238,0.04,White_wavg
2019-06-26,177,2019,EHF-XA5S,0.0258632091119949,-2.43023375238782,3.07681398018769,0.04,White_wavg
2019-06-27,178,2019,EHF-XA5S,0.0207340614004676,-2.14829763448741,2.6666491694991,0.04,White_wavg
2019-06-28,179,2019,EHF-XA5S,0.0526738228467283,-1.17759317839585,2.49443874956406,0.04,White_wavg
2019-06-29,180,2019,EHF-XA5S,0.042628197713762,-1.29321816514465,2.3589231079887,0.04,White_wavg
2019-06-30,181,2019,EHF-XA5S,0.10538573899609,-0.216993425118559,2.8516369000208,0.04,White_wavg
2019-07-01,182,2019,EHF-XA5S,0.0396097413498936,-2.23408093505273,3.22432446880007,0.04,White_wavg
2019-07-02,183,2019,EHF-XA5S,-0.0319614944066015,-3.58908226903978,2.79004490887474,0.04,White_wavg
2019-07-03,184,2019,EHF-XA5S,0.0353853174451189,-1.79531579700125,2.67994873312922,0.04,White_wavg
2019-07-04,185,2019,EHF-XA5S,0.122261146255966,1.55431970955355,1.50220894684558,0.04,White_wavg
2019-07-05,186,2019,EHF-XA5S,0.0391337670055592,-0.657348463144913,1.63569263828389,0.04,White_wavg
2019-07-06,187,2019,EHF-XA5S,0.16101334753975,1.76900951858592,2.25632416990784,0.04,White_wavg
2019-07-07,188,2019,EHF-XA5S,-0.0393302357498087,-3.7626064729757,2.77935057923049,0.04,White_wavg
2019-07-08,189,2019,EHF-XA5S,0.0211827789065708,-0.767154476945464,1.29672394960974,0.04,White_wavg
2019-07-09,190,2019,EHF-XA5S,-0.0194872050384092,-1.82076467503443,1.3335845490742,0.04,White_wavg
2019-07-10,191,2019,EHF-XA5S,0.0108370714975266,-0.715637642665357,0.98656443010352,0.04,White_wavg
2019-07-11,192,2019,EHF-XA5S,0.0709205032393143,-0.879839755020484,2.65285233600334,0.04,White_wavg
2019-07-12,193,2019,EHF-XA5S,0.0416527123159352,-1.10158722241036,2.14290503030874,0.04,White_wavg
2019-07-13,194,2019,EHF-XA5S,-0.0199744920803778,-2.54882305687079,2.04946075486134,0.04,White_wavg
2019-07-14,195,2019,EHF-XA5S,0.0776841112287275,0.0436006147303658,1.89850216598782,0.04,White_wavg
2019-07-15,196,2019,EHF-XA5S,0.1191952854266,0.367557360239744,2.61232477542526,0.04,White_wavg
2019-07-16,197,2019,EHF-XA5S,-0.0173727266633193,-2.69966858119841,2.26535041461543,0.04,White_wavg
2019-07-17,198,2019,EHF-XA5S,0.111049607015863,1.1547751512278,1.62146502416877,0.04,White_wavg
2019-07-18,199,2019,EHF-XA5S,0.107142943571962,0.545353094874827,2.13322049442422,0.04,White_wavg
2019-07-19,200,2019,EHF-XA5S,0.0140408935189032,-1.2953162888067,1.64633862677928,0.04,White_wavg
2019-07-20,201,2019,EHF-XA5S,0.0655863263144738,-0.389279751367155,2.028937909229,0.04,White_wavg
2019-07-21,202,2019,EHF-XA5S,-0.00508730196996908,-1.34050326136395,1.21332071211472,0.04,White_wavg
2019-07-22,203,2019,EHF-XA5S,-0.0697957566288847,-3.40092444714912,1.65603053142701,0.04,White_wavg
2019-07-23,204,2019,EHF-XA5S,-0.109382321473154,-4.05420801508743,1.31964997825857,0.04,White_wavg
2019-07-24,205,2019,EHF-XA5S,-0.155617852692997,-6.43862205181196,2.54817573448705,0.04,White_wavg
2019-07-25,206,2019,EHF-XA5S,-0.104516570268382,-5.0892948102327,2.47638055352316,0.04,White_wavg
2019-07-26,207,2019,EHF-XA5S,-0.0210545628931095,-2.30065573909349,1.77429166676575,0.04,White_wavg
2019-07-27,208,2019,EHF-XA5S,-0.0250680006268408,-2.13776010841653,1.51106009274551,0.04,White_wavg
2019-07-28,209,2019,EHF-XA5S,-0.0898511500337031,-4.79598059108395,2.54970184024137,0.04,White_wavg
2019-07-29,210,2019,EHF-XA5S,-0.0801617883539109,-4.31462082219869,2.31057611335092,0.04,White_wavg
2019-07-30,211,2019,EHF-XA5S,-0.0765654553431432,-3.41629816050855,1.50216177692997,0.04,White_wavg
2019-07-31,212,2019,EHF-XA5S,-0.0104538245945236,-1.01864822081734,0.757302605954251,0.04,White_wavg
2019-08-01,213,2019,EHF-XA5S,0.0307316006054623,-0.858490329893726,1.62678034503028,0.04,White_wavg
2019-08-02,214,2019,EHF-XA5S,-0.0848184110520737,-3.01155322680677,0.891092950504927,0.04,White_wavg
2019-08-03,215,2019,EHF-XA5S,0.0215188628707853,-1.38015782997201,1.91812940174164,0.04,White_wavg
2019-08-04,216,2019,EHF-XA5S,0.00551883783247035,-1.10350168656228,1.24147263237404,0.04,White_wavg
2019-08-05,217,2019,EHF-XA5S,-0.0336249434271156,-2.7127739420504,1.87215035637252,0.04,White_wavg
2019-08-06,218,2019,EHF-XA5S,-0.021071715529992,-2.13301028958171,1.6062174013319,0.04,White_wavg
2019-08-07,219,2019,EHF-XA5S,-0.034297062213484,-2.45485308424205,1.59742652890495,0.04,White_wavg
2019-08-08,220,2019,EHF-XA5S,-0.154807313682998,-2.2456061203676,-1.62457672170736,0.04,White_wavg
2019-08-09,221,2019,EHF-XA5S,-0.0884581180723222,-2.78568252044641,0.574229568638359,0.04,White_wavg
2019-08-10,222,2019,EHF-XA5S,-0.0310031163636978,-0.659902617664756,-0.11517529142769,0.04,White_wavg
2019-08-11,223,2019,EHF-XA5S,-0.0333816980250748,-0.122257915377588,-0.712284535249282,0.04,White_wavg
2019-08-12,224,2019,EHF-XA5S,0.0414212311875258,1.33252707389349,-0.296996294205343,0.04,White_wavg
2019-08-13,225,2019,EHF-XA5S,-0.0987209711777723,-2.26001383637362,-0.208010443070691,0.04,White_wavg
2019-08-14,226,2019,EHF-XA5S,0.05619885180788,1.53617850121219,-0.131207206015191,0.04,White_wavg
2019-08-15,227,2019,EHF-XA5S,-0.0184948535814982,-1.01955502954772,0.557183690010263,0.04,White_wavg
2019-08-16,228,2019,EHF-XA5S,0.0459214316701718,-0.10337368358222,1.25140947533652,0.04,White_wavg
2019-08-17,229,2019,EHF-XA5S,-0.1962622706376,-6.41264297118886,1.50608620524886,0.04,White_wavg
2019-08-18,230,2019,EHF-XA5S,0.371474560815606,11.3540033118896,-2.0671392914995,0.04,White_wavg
2019-08-19,231,2019,EHF-XA5S,-0.00614609198527205,0.36989467611761,-0.523546975749412,0.04,White_wavg
2019-08-20,232,2019,EHF-XA5S,0.0359361725371855,1.50986533047015,-0.611461017040512,0.04,White_wavg
2019-08-21,233,2019,EHF-XA5S,-0.0157269949712895,-1.52390302349713,1.13072814921489,0.04,White_wavg
2019-08-22,234,2019,EHF-XA5S,-0.0505728093934835,-1.54411696411265,0.27979672927556,0.04,White_wavg
2019-08-23,235,2019,EHF-XA5S,-0.065719644554884,-1.25816731837998,-0.384823795492125,0.04,White_wavg
2019-08-24,236,2019,EHF-XA5S,0.040270324233353,1.6672468743248,-0.660488768490978,0.04,White_wavg
2019-08-25,237,2019,EHF-XA5S,0.032410386183841,1.02762495505857,-0.217365300462546,0.04,White_wavg
2019-08-26,238,2019,EHF-XA5S,0.0247670729964773,0.128445003679587,0.490731821232345,0.04,White_wavg
2019-08-27,239,2019,EHF-XA5S,-0.0929931806247225,-2.37236178010991,0.0475322644918492,0.04,White_wavg
2019-08-28,240,2019,EHF-XA5S,0.0360192831356494,1.4064157472983,-0.505933668907062,0.04,White_wavg
2019-08-29,241,2019,EHF-XA5S,-0.116555644174128,-3.11285561941443,0.19896451506122,0.04,White_wavg
2019-08-30,242,2019,EHF-XA5S,-0.0290963204132635,-0.693730158849974,-0.0336778514816132,0.04,White_wavg
2019-08-31,243,2019,EHF-XA5S,-0.0279924997973632,-1.20061528575678,0.500802790822704,0.04,White_wavg
2019-09-01,244,2019,EHF-XA5S,-0.00259158660948174,0.195498784829027,-0.260288450066071,0.04,White_wavg
2019-09-02,245,2019,EHF-XA5S,0.0146961404630389,0.619038307442253,-0.251634795866281,0.04,White_wavg
2019-09-03,246,2019,EHF-XA5S,-1.26882790720313,1.07308963622614,-32.7937873163044,0.04,White_wavg
2021-06-06,157,2021,EHF-XA5S,0.0546318863990717,-1.78100668787593,3.14680384785272,0.04,White_wavg
2021-06-07,158,2021,EHF-XA5S,-0.0499235814804297,-4.68923632692335,3.44114678991261,0.04,White_wavg
2021-06-08,159,2021,EHF-XA5S,-0.133383415606247,-6.07547848726071,2.74089309710455,0.04,White_wavg
2021-06-09,160,2021,EHF-XA5S,0.125611934125601,1.17798776421694,1.96231058892309,0.04,White_wavg
2021-06-10,161,2021,EHF-XA5S,0.000940295757878857,-0.0665047551898113,0.0900121491367827,0.04,White_wavg
2021-06-11,162,2021,EHF-XA5S,0.0928720579619926,0.22813484077102,2.0936666082788,0.04,White_wavg
2021-06-12,163,2021,EHF-XA5S,-0.00486592480834645,-1.85056820106971,1.72892008086104,0.04,White_wavg
2021-06-13,164,2021,EHF-XA5S,-0.0510208012958987,-2.86132243696642,1.58580240456895,0.04,White_wavg
2021-06-14,165,2021,EHF-XA5S,-0.0808421396222207,-2.42434360463903,0.403290114083518,0.04,White_wavg
2021-06-15,166,2021,EHF-XA5S,0.00563863111072635,-0.128328659358743,0.269294437126902,0.04,White_wavg
2021-06-16,167,2021,EHF-XA5S,-0.0663890912056576,-3.10363410742198,1.44390682728054,0.04,White_wavg
2021-06-17,168,2021,EHF-XA5S,-0.0606064499290142,-3.75802016247002,2.24285891424466,0.04,White_wavg
2021-06-18,169,2021,EHF-XA5S,-0.0921137195195456,-4.63250951725769,2.32966652926905,0.04,White_wavg
2021-06-19,170,2021,EHF-XA5S,0.0222863947642577,-1.61820414570428,2.17536401481073,0.04,White_wavg
2021-06-20,171,2021,EHF-XA5S,-0.0317189270249042,-2.21956561153593,1.42659243591332,0.04,White_wavg
2021-06-21,172,2021,EHF-XA5S,-0.16521617901364,-6.63122711599229,2.50082264065128,0.04,White_wavg
2021-06-22,173,2021,EHF-XA5S,-0.17429393792942,-7.38550419043236,3.02815574219686,0.04,White_wavg
2021-06-23,174,2021,EHF-XA5S,0.123308031506708,1.25531561584711,1.82738517182059,0.04,White_wavg
2021-06-24,175,2021,EHF-XA5S,-0.0279633583007382,1.08310836801593,-1.78219232553438,0.04,White_wavg
2021-06-25,176,2021,EHF-XA5S,0.0958644511743768,2.28222727767107,0.11438400168835,0.04,White_wavg
2021-06-26,177,2021,EHF-XA5S,0.00226708580549769,0.342907434361052,-0.28623028922361,0.04,White_wavg
2021-06-27,178,2021,EHF-XA5S,0.0188512274415785,0.00882527380130682,0.462455412238157,0.04,White_wavg
2021-06-28,179,2021,EHF-XA5S,-0.10898017985002,-3.2503041924794,0.525799696228901,0.04,White_wavg
2021-06-29,180,2021,EHF-XA5S,-0.0268268212850489,0.39977273700913,-1.07044326913535,0.04,White_wavg
2021-06-30,181,2021,EHF-XA5S,-0.217746744331089,-5.42840078580977,-0.0152678224674503,0.04,White_wavg
2021-07-01,182,2021,EHF-XA5S,-0.117238405178773,-3.42013394852745,0.489173819058124,0.04,White_wavg
2021-07-02,183,2021,EHF-XA5S,0.0743076255893539,1.77253314453156,0.0851574952022816,0.04,White_wavg
2021-07-03,184,2021,EHF-XA5S,-3.71825950194984,1.77557194337084,-94.7320594921168,0.04,White_wavg
2024-06-03,155,2024,EHF-XA5S,0.0199074579191904,-2.18795775257621,2.68564420055597,0.04,White_wavg
2024-06-04,156,2024,EHF-XA5S,-0.0419648614697657,-3.3183586076259,2.26923707088176,0.04,White_wavg
2024-06-05,157,2024,EHF-XA5S,0.0739418952285502,-1.52003079516732,3.36857817588107,0.04,White_wavg
2024-06-06,158,2024,EHF-XA5S,0.0859621263116853,-1.49277289293437,3.6418260507265,0.04,White_wavg
2024-06-07,159,2024,EHF-XA5S,0.0890178630732324,-2.6205240739603,4.84597065079111,0.04,White_wavg
2024-06-08,160,2024,EHF-XA5S,0.062203943778421,-3.18752525727177,4.7426238517323,0.04,White_wavg
2024-06-09,161,2024,EHF-XA5S,0.0665179215699752,-2.33520511115337,3.99815315040275,0.04,White_wavg
2024-06-10,162,2024,EHF-XA5S,0.0848013498203386,-1.04628219071685,3.16631593622532,0.04,White_wavg
2024-06-11,163,2024,EHF-XA5S,0.0373725629427426,-2.41160586332612,3.34591993689468,0.04,White_wavg
2024-06-12,164,2024,EHF-XA5S,0.097022034369779,-1.17805127976816,3.60360213901263,0.04,White_wavg
2024-06-13,165,2024,EHF-XA5S,0.0470002343592952,-1.60667721676226,2.78168307574465,0.04,White_wavg
2024-06-14,166,2024,EHF-XA5S,0.0243515996581749,-2.6329005587062,3.24169055016057,0.04,White_wavg
2024-06-15,167,2024,EHF-XA5S,0.0631718103763319,-0.723272092241345,2.30256735164964,0.04,White_wavg
2024-06-16,168,2024,EHF-XA5S,0.00698252730196487,-3.20119577276152,3.37575895531064,0.04,White_wavg
2024-06-17,169,2024,EHF-XA5S,-0.0778191113109159,-4.52093097720123,2.57545319442833,0.04,White_wavg
2024-06-18,170,2024,EHF-XA5S,-0.0438921021602266,-3.26659368454716,2.1692911305415,0.04,White_wavg
2024-06-19,171,2024,EHF-XA5S,-0.0312877939386578,-3.26557494504374,2.48338009657729,0.04,White_wavg
2024-06-20,172,2024,EHF-XA5S,0.14073317461041,1.44470240412673,2.07362696113353,0.04,White_wavg
2024-06-21,173,2024,EHF-XA5S,0.0394314130759653,-0.698364747615131,1.68415007451426,0.04,White_wavg
2024-06-22,174,2024,EHF-XA5S,0.0730619637305682,0.594441972875302,1.2321071203889,0.04,White_wavg
2024-06-23,175,2024,EHF-XA5S,-0.0174089755678875,-3.10030197839271,2.66507758919552,0.04,White_wavg
2024-06-24,176,2024,EHF-XA5S,0.0166841960658689,-2.10522504934931,2.52232995099604,0.04,White_wavg
2024-06-25,177,2024,EHF-XA5S,-0.0427486290860185,-3.35599059086849,2.28727486371803,0.04,White_wavg
2024-06-26,178,2024,EHF-XA5S,-0.0809651881878097,-5.1172927798969,3.09316307520166,0.04,White_wavg
2024-06-27,179,2024,EHF-XA5S,0.0466109855847492,-1.4741674750006,2.63944211461933,0.04,White_wavg
2024-06-28,180,2024,EHF-XA5S,-0.0669597002798111,-5.1472035801805,3.47321107318523,0.04,White_wavg
2024-06-29,181,2024,EHF-XA5S,0.0224291482761396,-1.89296597300515,2.45369467990864,0.04,White_wavg
2024-06-30,182,2024,EHF-XA5S,0.0728622779945795,-0.0108319553934848,1.83238890525797,0.04,White_wavg
2024-07-01,183,2024,EHF-XA5S,-0.0881751559387726,-5.3386349398171,3.13425604134778,0.04,White_wavg
2024-07-02,184,2024,EHF-XA5S,0.0461757902370493,-1.21541859134706,2.36981334727329,0.04,White_wavg
2024-07-03,185,2024,EHF-XA5S,-0.0188578406417349,-2.95485044884347,2.4834044328001,0.04,White_wavg
2024-07-04,186,2024,EHF-XA5S,0.0447230518668465,-0.751416462212973,1.86949275888414,0.04,White_wavg
2024-07-05,187,2024,EHF-XA5S,0.0949354370495405,0.281221113081415,2.0921648131571,0.04,White_wavg
2024-07-06,188,2024,EHF-XA5S,-0.0176716234510025,-2.44924526277939,2.00745467650432,0.04,White_wavg
2024-07-07,189,2024,EHF-XA5S,0.101176689793402,0.676794957958208,1.85262228687684,0.04,White_wavg
2024-07-08,190,2024,EHF-XA5S,0.125752577396497,1.04831803237957,2.09549640253286,0.04,White_wavg
2024-07-09,191,2024,EHF-XA5S,-0.00262697179522434,-1.90867521988451,1.84300092500391,0.04,White_wavg
2024-07-10,192,2024,EHF-XA5S,0.0864319442756539,0.456112839105145,1.7046857677862,0.04,White_wavg
2024-07-11,193,2024,EHF-XA5S,-0.0454714992161638,-2.74097075746838,1.60418327706428,0.04,White_wavg
2024-07-12,194,2024,EHF-XA5S,-3.76573700905985,-2.2815847414721,-91.8618404850242,0.04,White_wavg
2025-05-27,147,2025,EHF-XA5S,0.0116209514587248,-3.43809095571961,3.72861474218773,0.04,White_wavg
2025-05-28,148,2025,EHF-XA5S,0.0195004776513912,-3.69816794267308,4.18567988395786,0.04,White_wavg
2025-05-29,149,2025,EHF-XA5S,0.069277442431856,-1.63951607155073,3.37145213234713,0.04,White_wavg
2025-05-30,150,2025,EHF-XA5S,0.108940881408046,-1.01284686903114,3.73636890423228,0.04,White_wavg
2025-05-31,151,2025,EHF-XA5S,0.1137265826247,-1.54494386567521,4.38810843129271,0.04,White_wavg
2025-06-01,152,2025,EHF-XA5S,-0.0323461353846867,-4.84027236674227,4.0316189821251,0.04,White_wavg
2025-06-02,153,2025,EHF-XA5S,0.0463699976976315,-1.66167623946585,2.82092618190664,0.04,White_wavg
2025-06-03,154,2025,EHF-XA5S,0.1130664136424,-0.228623335964073,3.05528367702408,0.04,White_wavg
2025-06-04,155,2025,EHF-XA5S,-0.010748128612029,-3.22480888942032,2.95610567411959,0.04,White_wavg
2025-06-05,156,2025,EHF-XA5S,0.044229794614175,-1.03352718258556,2.13927204793993,0.04,White_wavg
2025-06-06,157,2025,EHF-XA5S,-0.0476771792837806,-2.95816474743802,1.7662352653435,0.04,White_wavg
2025-06-07,158,2025,EHF-XA5S,0.0512325423078647,-0.342354525104582,1.6231680828012,0.04,White_wavg
2025-06-08,159,2025,EHF-XA5S,-0.0322047149235442,-2.31658820752401,1.5114703344354,0.04,White_wavg
2025-06-09,160,2025,EHF-XA5S,-0.0229186334895388,-2.98913068196924,2.41616484473077,0.04,White_wavg
2025-06-10,161,2025,EHF-XA5S,0.0627131658795929,-1.23138812423136,2.79921727122118,0.04,White_wavg
2025-06-11,162,2025,EHF-XA5S,0.0593220716929824,-0.718800561568145,2.2018523538927,0.04,White_wavg
2025-06-12,163,2025,EHF-XA5S,0.00826344454392256,-2.08868530786464,2.2952714214627,0.04,White_wavg
2025-06-13,164,2025,EHF-XA5S,-0.0822701999480359,-4.4230301995523,2.3662752008514,0.04,White_wavg
2025-06-14,165,2025,EHF-XA5S,-0.030663740534024,-2.55086199564758,1.78426848229698,0.04,White_wavg
2025-06-15,166,2025,EHF-XA5S,0.0378870475001986,-2.02875576007102,2.97593194757599,0.04,White_wavg
2025-06-16,167,2025,EHF-XA5S,-0.00912304469455421,-2.43856628177852,2.21049016441467,0.04,White_wavg
2025-06-17,168,2025,EHF-XA5S,-0.0247577298718494,-3.48383321129435,2.86488996449812,0.04,White_wavg
2025-06-18,169,2025,EHF-XA5S,0.100759580917029,-0.76272337581247,3.28171289873821,0.04,White_wavg
2025-06-19,170,2025,EHF-XA5S,0.0688628128106382,-2.53801981912747,4.25959013939342,0.04,White_wavg
2025-06-20,171,2025,EHF-XA5S,-0.0521493702397072,-4.07424729218695,2.77051303619427,0.04,White_wavg
2025-06-21,172,2025,EHF-XA5S,-0.0617854807711694,-2.31008689419414,0.765449874914907,0.04,White_wavg
2025-06-22,173,2025,EHF-XA5S,-0.0689748567041568,-2.80465624483006,1.08028482722614,0.04,White_wavg
2025-06-23,174,2025,EHF-XA5S,-0.0316352995128341,-2.81234305081841,2.02146056299756,0.04,White_wavg
2025-06-24,175,2025,EHF-XA5S,-0.00610316128180045,-1.32065803263868,1.16807900059366,0.04,White_wavg
2025-06-25,176,2025,EHF-XA5S,-0.00923672913204882,-2.63079372377018,2.39987549546896,0.04,White_wavg
2025-06-26,177,2025,EHF-XA5S,0.100176335323657,0.745804997095462,1.75860338599595,0.04,White_wavg
2025-06-27,178,2025,EHF-XA5S,0.0851201497766624,1.20582376788749,0.922179976529066,0.04,White_wavg
2025-06-28,179,2025,EHF-XA5S,0.0194332355397108,-0.740652174718633,1.2264830632114,0.04,White_wavg
2025-06-29,180,2025,EHF-XA5S,0.0880435295371268,0.106052991488298,2.09503524693987,0.04,White_wavg
2025-06-30,181,2025,EHF-XA5S,-0.00911447689823831,-1.43936553924297,1.21150361678701,0.04,White_wavg
2025-07-01,182,2025,EHF-XA5S,0.00529154552577893,-0.892131064760093,1.02441970290457,0.04,White_wavg
2025-07-02,183,2025,EHF-XA5S,-0.0468763732757668,-2.69287853715352,1.52096920525935,0.04,White_wavg
2025-07-03,184,2025,EHF-XA5S,0.0146313149079572,-1.11079124965312,1.47657412235205,0.04,White_wavg
2025-07-04,185,2025,EHF-XA5S,-0.0878313448633765,-2.46626701005721,0.270483388472798,0.04,White_wavg
2025-07-05,186,2025,EHF-XA5S,-0.0366158829409568,-2.32531013629682,1.4099130627729,0.04,White_wavg
2025-07-06,187,2025,EHF-XA5S,0.0477699525282134,-1.66475738308662,2.85900619629196,0.04,White_wavg
2025-07-07,188,2025,EHF-XA5S,0.0145859201070192,-1.19223837186655,1.55688637454203,0.04,White_wavg
2025-07-08,189,2025,EHF-XA5S,0.191656789824944,3.10636059271991,1.68505915290369,0.04,White_wavg
2025-07-09,190,2025,EHF-XA5S,0,0.711149716849889,1.5101996685452,0.04,White_wavg
2025-07-10,191,2025,EHF-XA5S,0,-0.823868477223357,-0.534949227935229,0.04,White_wavg
2025-07-11,192,2025,EHF-XA5S,0,-3.25054679561814,0.745627575331483,0.04,White_wavg
2025-07-12,193,2025,EHF-XA5S,0,-4.18374404825994,0.0914268994838778,0.04,White_wavg
2025-07-13,194,2025,EHF-XA5S,0,0.475948394075715,-0.409088510507502,0.04,White_wavg
2025-07-14,195,2025,EHF-XA5S,0,1.43921423818063,0.207805821896812,0.04,White_wavg
2025-07-15,196,2025,EHF-XA5S,0,-4.29929785444534,0.506530397164795,0.04,White_wavg
2025-07-16,197,2025,EHF-XA5S,0,-3.46045966059512,-0.183111119607219,0.04,White_wavg
2025-07-17,198,2025,EHF-XA5S,0,-4.0932205047028,-0.251183284795076,0.04,White_wavg
2025-07-18,199,2025,EHF-XA5S,0,-3.77565826721531,-0.436325937778818,0.04,White_wavg
2025-07-19,200,2025,EHF-XA5S,0,-0.276510584967753,0.479140751247982,0.04,White_wavg
2025-07-20,201,2025,EHF-XA5S,0,-1.22900423746972,0.61068949784638,0.04,White_wavg
2025-07-21,202,2025,EHF-XA5S,0,1.71181510979608,-0.337351150284889,0.04,White_wavg
2025-07-22,203,2025,EHF-XA5S,0,-2.90796325559973,-0.841753957157465,0.04,White_wavg
2025-07-23,204,2025,EHF-XA5S,0,-4.80297521185014,0.456163178341029,0.04,White_wavg
2025-07-24,205,2025,EHF-XA5S,0,1.94334127997627,0.308570207085694,0.04,White_wavg
2025-07-25,206,2025,EHF-XA5S,0,9.27974634297502,0.202714755777237,0.04,White_wavg
2025-07-26,207,2025,EHF-XA5S,0,1.39300135611768,0.349878159616225,0.04,White_wavg
2025-07-27,208,2025,EHF-XA5S,0,4.31851906069971,-1.1812138936948,0.04,White_wavg
2025-07-28,209,2025,EHF-XA5S,0,-2.17914436984125,-0.442573616585307,0.04,White_wavg
2025-07-29,210,2025,EHF-XA5S,0,-1.74367880171684,-0.0988151174018555,0.04,White_wavg
2025-07-30,211,2025,EHF-XA5S,0,-3.29035481989339,0.476388496526582,0.04,White_wavg
2025-07-31,212,2025,EHF-XA5S,0,-1.35092236068184,-0.467813033269934,0.04,White_wavg
2025-08-01,213,2025,EHF-XA5S,0,-1.34665993065468,-0.807321337687128,0.04,White_wavg
2025-08-02,214,2025,EHF-XA5S,0,-4.1673270988845,0.472947790457241,0.04,White_wavg
2025-08-03,215,2025,EHF-XA5S,0,1.57267101992051,1.10783194322772,0.04,White_wavg
2025-08-04,216,2025,EHF-XA5S,0,-1.92325405880678,0.319924681718931,0.04,White_wavg
2025-08-05,217,2025,EHF-XA5S,0,-1.36352111682032,-1.13020743973441,0.04,White_wavg
2025-08-06,218,2025,EHF-XA5S,0,-1.44491500215969,0.190478064326712,0.04,White_wavg
2025-08-07,219,2025,EHF-XA5S,0,-0.446323966489359,0.811371777721888,0.04,White_wavg
2025-08-08,220,2025,EHF-XA5S,0,2.74939692001053,-1.03097910308119,0.04,White_wavg
2025-08-09,221,2025,EHF-XA5S,0,-0.522962176088583,0.144448773265893,0.04,White_wavg
2025-08-10,222,2025,EHF-XA5S,0,-3.92126565885351,-0.731626445156593,0.04,White_wavg
2025-08-11,223,2025,EHF-XA5S,0,0.593183949880682,1.37645700449657,0.04,White_wavg
2025-08-12,224,2025,EHF-XA5S,0,0.232550948577625,-0.367097131909375,0.04,White_wavg
2025-08-13,225,2025,EHF-XA5S,0,-2.64124981376304,-0.200172384107773,0.04,White_wavg
2025-08-14,226,2025,EHF-XA5S,0,-2.90516966742089,0.356620835733764,0.04,White_wavg
2025-08-15,227,2025,EHF-XA5S,0,-1.91860275720796,0.395156103630995,0.04,White_wavg
2025-08-16,228,2025,EHF-XA5S,0,2.22970879020616,-0.125839276686094,0.04,White_wavg
2025-08-17,229,2025,EHF-XA5S,0,-1.87467459302439,0.208549078527824,0.04,White_wavg
2025-08-18,230,2025,EHF-XA5S,0,-1.53963170234852,-0.0979469201832046,0.04,White_wavg
2025-08-19,231,2025,EHF-XA5S,0,4.17875183385905,-1.37695486960038,0.04,White_wavg
2025-08-20,232,2025,EHF-XA5S,0,-1.68486158824575,0.137376205905298,0.04,White_wavg
2025-08-21,233,2025,EHF-XA5S,0,-1.83371982295211,0.329243724476854,0.04,White_wavg
2025-08-22,234,2025,EHF-XA5S,0,-0.40337162909907,0.860891207752886,0.04,White_wavg
2025-08-23,235,2025,EHF-XA5S,0,7.16263279028024,-1.00295666962947,0.04,White_wavg
2025-08-24,236,2025,EHF-XA5S,0,-3.74943339966936,-0.200166061286751,0.04,White_wavg
2025-08-25,237,2025,EHF-XA5S,0,-1.95578644000318,0.770394023469834,0.04,White_wavg
2025-08-26,238,2025,EHF-XA5S,0,1.73127283932817,-1.02902961199796,0.04,White_wavg
2025-08-27,239,2025,EHF-XA5S,0,-2.83412558333436,-0.519522504392199,0.04,White_wavg
2025-08-28,240,2025,EHF-XA5S,0,-4.1373724614603,0.932911359905702,0.04,White_wavg
2025-08-29,241,2025,EHF-XA5S,0,-1.31581917513608,-0.936824806948366,0.04,White_wavg
2025-08-30,242,2025,EHF-XA5S,0,-2.32941098629343,0.324362271348377,0.04,White_wavg
2025-08-31,243,2025,EHF-XA5S,0,1.52702739310726,-0.0770570752422373,0.04,White_wavg
2025-09-01,244,2025,EHF-XA5S,0,0.664614455911305,0.149433654691933,0.04,White_wavg
2025-09-02,245,2025,EHF-XA5S,0,2.00175687244308,-0.192342310431215,0.04,White_wavg
2025-09-03,246,2025,EHF-XA5S,0,1.43843222725306,0.0514430140541009,0.04,White_wavg
2025-09-04,247,2025,EHF-XA5S,0,0.200653810575119,0.938570563766362,0.04,White_wavg
2025-09-05,248,2025,EHF-XA5S,0,-0.883141255029329,-0.299980188515804,0.04,White_wavg
2025-09-06,249,2025,EHF-XA5S,0,-0.793257288580179,-0.590403941215115,0.04,White_wavg
2025-09-07,250,2025,EHF-XA5S,0,-2.0296117295668,-0.173800511523922,0.04,White_wavg
2025-09-08,251,2025,EHF-XA5S,0,-1.60169892344535,1.00776859844861,0.04,White_wavg
2025-09-09,252,2025,EHF-XA5S,0,-0.0709799088400018,1.08682210607662,0.04,White_wavg
2025-09-10,253,2025,EHF-XA5S,0,2.80890243158578,-0.435813598956614,0.04,White_wavg
2025-09-11,254,2025,EHF-XA5S,0,1.31054934503223,-0.817569505476001,0.04,White_wavg
2025-09-12,255,2025,EHF-XA5S,0,0.847482082458839,-0.0950340842042152,0.04,White_wavg
2025-09-13,256,2025,EHF-XA5S,0,0.260422493941803,0.215690219634894,0.04,White_wavg
2025-09-14,257,2025,EHF-XA5S,0,-1.27031977757781,0.385579788152768,0.04,White_wavg
2025-09-15,258,2025,EHF-XA5S,0,3.23283807599029,-1.16995725294532,0.04,White_wavg
2025-09-16,259,2025,EHF-XA5S,0,-2.18293222317456,-0.518554480090572,0.04,White_wavg
2025-09-17,260,2025,EHF-XA5S,-0.0591360427153569,-2.36288923550111,0.884488167617192,0.04,White_wavg
2025-09-18,261,2025,EHF-XA5S,0,-1.66590654471861,0.908723312887716,0.04,White_wavg
2025-09-19,262,2025,EHF-XA5S,0,-2.01320211256078,-0.37968276581708,0.04,White_wavg
2025-09-20,263,2025,EHF-XA5S,0,0.742128063888401,-0.657586779312254,0.04,White_wavg
2025-09-21,264,2025,EHF-XA5S,0,-2.59465521115487,0.314696709227391,0.04,White_wavg
2025-09-22,265,2025,EHF-XA5S,0,0.174361932734257,0.221277818191197,0.04,White_wavg
2025-09-23,266,2025,EHF-XA5S,0,4.1273041178485,-0.602285422918314,0.04,White_wavg
2025-09-24,267,2025,EHF-XA5S,0,2.07518384646406,-0.3778476968332,0.04,White_wavg
2025-09-25,268,2025,EHF-XA5S,0,-5.17609932792595,1.43562717295644,0.04,White_wavg
2025-09-26,269,2025,EHF-XA5S,0,4.33994632140693,-0.544878395820987,0.04,White_wavg
2025-09-27,270,2025,EHF-XA5S,0,-3.3099739068044,0.379180271096246,0.04,White_wavg
2025-09-28,271,2025,EHF-XA5S,0,-3.04553818578253,-0.000132674109920572,0.04,White_wavg
2025-09-29,272,2025,EHF-XA5S,0,-1.68831380332813,1.01913511654918,0.04,White_wavg
2025-09-30,273,2025,EHF-XA5S,0,0.620682536136656,-0.729283241906828,0.04,White_wavg
2025-10-01,274,2025,EHF-XA5S,0,0.417681835562121,-0.216440542036423,0.04,White_wavg
2025-10-02,275,2025,EHF-XA5S,0,-3.14988900083804,0.149350189457337,0.04,White_wavg
2025-10-03,276,2025,EHF-XA5S,0,-1.57047425382876,0.1213905260187,0.04,White_wavg
2025-10-04,277,2025,EHF-XA5S,0,-0.584685814237986,0.328009504566921,0.04,White_wavg
2025-10-05,278,2025,EHF-XA5S,0,1.37268370831865,-0.600852073150904,0.04,White_wavg
2025-10-06,279,2025,EHF-XA5S,0,-2.76448503229645,-0.358070258664426,0.04,White_wavg
2025-10-07,280,2025,EHF-XA5S,0,-0.635227018316442,0.120406472956702,0.04,White_wavg
2025-10-08,281,2025,EHF-XA5S,0,-2.11226173521891,1.44731115888312,0.04,White_wavg
2025-10-09,282,2025,EHF-XA5S,0,-0.478504741548534,-0.158629020140751,0.04,White_wavg
2025-10-10,283,2025,EHF-XA5S,0,2.43403452554003,-0.301103427819157,0.04,White_wavg
2025-10-11,284,2025,EHF-XA5S,0,-3.33693167931983,-0.260970151741276,0.04,White_wavg
2025-10-12,285,2025,EHF-XA5S,0,2.4271584975871,1.62940478927158,0.04,White_wavg
2025-10-13,286,2025,EHF-XA5S,0,-4.41046640665132,0.807799367292375,0.04,White_wavg
2025-10-14,287,2025,EHF-XA5S,0,2.06627086655806,-1.55085797897993,0.04,White_wavg
2025-10-15,288,2025,EHF-XA5S,0,0.762544435765562,-14.4263320367493,0.04,White_wavg
2025-10-16,289,2025,EHF-XA5S,0,48.3003497397085,-25.1790252179518,0.04,White_wavg
2025-10-17,290,2025,EHF-XA5S,0,11.0447249050357,-10.4193441058474,0.04,White_wavg
2025-10-18,291,2025,EHF-XA5S,0.0151864879689538,8.19234363364458,-7.81268143442074,0.04,White_wavg
2025-10-19,292,2025,EHF-XA5S,-0.0192920687505108,4.51131163768852,-4.99361335645129,0.04,White_wavg
2025-10-20,293,2025,EHF-XA5S,0.0672222686846965,6.7581375220922,-5.07758080497479,0.04,White_wavg
2025-10-21,294,2025,EHF-XA5S,-0.0954917697351903,0.572070211509157,-2.95936445488891,0.04,White_wavg
2025-10-22,295,2025,EHF-XA5S,0.075687697008803,5.27037264262091,-3.37818021740084,0.04,White_wavg
2025-10-23,296,2025,EHF-XA5S,0.0882591117319862,4.90245631342638,-2.69597852012673,0.04,White_wavg
2025-10-24,297,2025,EHF-XA5S,0.0544962587523585,2.75029201993853,-1.38788555112956,0.04,White_wavg
2025-10-25,298,2025,EHF-XA5S,0.0851316436895945,4.448025433225,-2.31973434098514,0.04,White_wavg
2025-10-26,299,2025,EHF-XA5S,-0.116557055519008,3.25073228679149,-6.1646586747667,0.04,White_wavg
2025-10-27,300,2025,EHF-XA5S,0.12257641103335,8.65352438853186,-5.58911411269812,0.04,White_wavg
2025-10-28,301,2025,EHF-XA5S,-0.017772574685404,2.9953054074372,-3.4396197745723,0.04,White_wavg
2025-10-29,302,2025,EHF-XA5S,-0.0496796996157315,0.318106164088363,-1.56009865448165,0.04,White_wavg
2025-10-30,303,2025,EHF-XA5S,-0.037964260036623,-0.506152830399365,-0.442953670516211,0.04,White_wavg
2018-07-28,209,2018,EHR-1,0.287651539362973,11.8033886857859,0.54604912979724,0.0232926829268293,White_wavg
2018-07-29,210,2018,EHR-1,0.271332662388592,12.1676024589597,-0.518765644370944,0.0232926829268293,White_wavg
2018-07-30,211,2018,EHR-1,0.273887885723071,11.065488663488,0.69304883875904,0.0232926829268293,White_wavg
2018-07-31,212,2018,EHR-1,0.329829262649659,14.1813518982825,-0.0211427164646949,0.0232926829268293,White_wavg
2018-08-01,213,2018,EHR-1,0.299173776207525,11.4180908247349,1.42601893914841,0.0232926829268293,White_wavg
2018-08-02,214,2018,EHR-1,0.333551308387276,13.7437045701365,0.576299245442868,0.0232926829268293,White_wavg
2018-08-03,215,2018,EHR-1,0.314927224920356,13.8291056526282,-0.308669818351078,0.0232926829268293,White_wavg
2018-08-04,216,2018,EHR-1,0.291207661167667,12.3675011283243,0.134607885156697,0.0232926829268293,White_wavg
2018-08-05,217,2018,EHR-1,0.358306563798772,16.117818921979,-0.735024036377226,0.0232926829268293,White_wavg
2018-08-06,218,2018,EHR-1,0.335046148279491,14.5385994010457,-0.154419213130367,0.0232926829268293,White_wavg
2018-08-07,219,2018,EHR-1,0.269605025452209,10.3588546667645,1.21581134741415,0.0232926829268293,White_wavg
2018-08-08,220,2018,EHR-1,0.342453633022246,14.9604577460181,-0.258259888518523,0.0232926829268293,White_wavg
2018-08-09,221,2018,EHR-1,0.28218008291605,11.7680235802901,0.34651401087018,0.0232926829268293,White_wavg
2018-08-10,222,2018,EHR-1,0.401794809452655,17.5332708504844,-0.283441334715917,0.0232926829268293,White_wavg
2018-08-11,223,2018,EHR-1,0.328819247091791,13.0451636973366,1.0716835600073,0.0232926829268293,White_wavg
2018-08-12,224,2018,EHR-1,0.328508595006018,14.1879359742497,-0.084425612734762,0.0232926829268293,White_wavg
2018-08-13,225,2018,EHR-1,0.291746938021359,11.4990547590523,1.02620645443015,0.0232926829268293,White_wavg
2018-08-14,226,2018,EHR-1,0.359586101236721,16.1315528394799,-0.693824932981897,0.0232926829268293,White_wavg
2018-08-15,227,2018,EHR-1,0.301538193909871,12.8179894350633,0.12762936106725,0.0232926829268293,White_wavg
2018-08-16,228,2018,EHR-1,0.296396498987366,14.4019254046437,-1.67704953188768,0.0232926829268293,White_wavg
2018-08-17,229,2018,EHR-1,0.244597818888443,10.3047144105897,0.196343782526753,0.0232926829268293,White_wavg
2018-08-18,230,2018,EHR-1,0.333248752225705,14.3296807917885,-0.0226662983289145,0.0232926829268293,White_wavg
2018-08-19,231,2018,EHR-1,0.36274255435445,14.3281363879805,1.24510416545664,0.0232926829268293,White_wavg
2018-08-20,232,2018,EHR-1,0.290109527825137,12.5317517185518,-0.0767876967396148,0.0232926829268293,White_wavg
2018-08-21,233,2018,EHR-1,0.301286667380131,14.0321770599553,-1.09735678499679,0.0232926829268293,White_wavg
2018-08-22,234,2018,EHR-1,0.292418302336759,13.1163184142838,-0.562234230192615,0.0232926829268293,White_wavg
2018-08-23,235,2018,EHR-1,0.315758655037487,13.1117785786053,0.444352161223989,0.0232926829268293,White_wavg
2018-08-24,236,2018,EHR-1,0.215817841950412,13.0962514794245,-3.83077344804556,0.0232926829268293,White_wavg
2018-08-27,239,2018,EHR-1,0.277365804425611,11.3954774769326,0.512373812543927,0.0232926829268293,White_wavg
2018-08-28,240,2018,EHR-1,0.249869406514255,11.9674955396338,-1.24011787776529,0.0232926829268293,White_wavg
2018-08-29,241,2018,EHR-1,0.256049792340604,10.2641896495932,0.728523948275679,0.0232926829268293,White_wavg
2018-08-30,242,2018,EHR-1,0.315353114317316,14.4017584370978,-0.863038345987917,0.0232926829268293,White_wavg
2018-08-31,243,2018,EHR-1,0.225219305670679,10.3195103697068,-0.650409288557256,0.0232926829268293,White_wavg
2018-09-01,244,2018,EHR-1,0.269386453421009,11.1083588810217,0.456923412445676,0.0232926829268293,White_wavg
2018-09-02,245,2018,EHR-1,0.273218083458528,11.9035326159988,-0.173751022491331,0.0232926829268293,White_wavg
2018-09-03,246,2018,EHR-1,0.18180422958995,8.27045844981313,-0.465250687312675,0.0232926829268293,White_wavg
2018-09-04,247,2018,EHR-1,0.239728576390007,11.6516206378499,-1.35960845775536,0.0232926829268293,White_wavg
2018-09-05,248,2018,EHR-1,0.170807511999932,9.06876628826825,-1.7356689144492,0.0232926829268293,White_wavg
2018-09-06,249,2018,EHR-1,0.266238685021211,10.6955986953814,0.734543802911425,0.0232926829268293,White_wavg
2018-09-07,250,2018,EHR-1,0.257904087092901,11.1302812662696,-0.0579592025953701,0.0232926829268293,White_wavg
2018-09-08,251,2018,EHR-1,0.179507846157327,6.88653703610314,0.820082537143378,0.0232926829268293,White_wavg
2018-09-09,252,2018,EHR-1,0.20364744926221,9.04731215689654,-0.304332659775497,0.0232926829268293,White_wavg
2018-09-10,253,2018,EHR-1,0.285754659667288,12.8412983539053,-0.573297258241638,0.0232926829268293,White_wavg
2018-09-11,254,2018,EHR-1,0.23860110133152,10.2133106612524,0.0302968304673357,0.0232926829268293,White_wavg
2018-09-12,255,2018,EHR-1,0.179997976806097,7.26813769559698,0.459524135868961,0.0232926829268293,White_wavg
2018-09-13,256,2018,EHR-1,0.246471559857528,12.164042795828,-1.58254127314876,0.0232926829268293,White_wavg
2018-09-14,257,2018,EHR-1,0.222442197611213,9.55396897706962,-0.00409452465106597,0.0232926829268293,White_wavg
2018-09-15,258,2018,EHR-1,0.109635036212838,5.51367727858363,-0.806832791959167,0.0232926829268293,White_wavg
2018-09-16,259,2018,EHR-1,0.201110375761393,9.28682214833003,-0.652764131348782,0.0232926829268293,White_wavg
2018-09-17,260,2018,EHR-1,0.206360564413155,8.88878328855149,-0.0293245022275457,0.0232926829268293,White_wavg
2018-09-18,261,2018,EHR-1,0.199089411687288,8.17005235470774,0.377241759615643,0.0232926829268293,White_wavg
2018-09-19,262,2018,EHR-1,0.238093159893066,11.2992663364157,-1.07746575461913,0.0232926829268293,White_wavg
2018-09-20,263,2018,EHR-1,0.233293918442147,10.6252260362222,-0.609466186873497,0.0232926829268293,White_wavg
2018-09-21,264,2018,EHR-1,0.159864704965847,7.50106614690687,-0.637764677168917,0.0232926829268293,White_wavg
2018-09-22,265,2018,EHR-1,0.177146049364253,6.99349482073117,0.611728240980192,0.0232926829268293,White_wavg
2018-09-23,266,2018,EHR-1,0.1111630576793,4.0166538555944,0.755791552626839,0.0232926829268293,White_wavg
2018-09-24,267,2018,EHR-1,0.182614641571208,9.29626653619913,-1.45626621743524,0.0232926829268293,White_wavg
2018-09-25,268,2018,EHR-1,0.143166122345233,6.60028263443166,-0.453883664636301,0.0232926829268293,White_wavg
2018-09-26,269,2018,EHR-1,0.183370916006437,8.02461624825703,-0.1521476029545,0.0232926829268293,White_wavg
2018-09-27,270,2018,EHR-1,0.15770174634111,5.99058387878166,0.779857587171762,0.0232926829268293,White_wavg
2018-09-28,271,2018,EHR-1,0.145382057715212,5.52364524421627,0.717888123661936,0.0232926829268293,White_wavg
2018-09-29,272,2018,EHR-1,0.124284911605965,5.20641831993096,0.129373696660196,0.0232926829268293,White_wavg
2018-09-30,273,2018,EHR-1,0.189727590958382,8.506851733123,-0.361478718155794,0.0232926829268293,White_wavg
2018-10-01,274,2018,EHR-1,0.141717750669788,6.12641829624181,-0.042200728219477,0.0232926829268293,White_wavg
2018-10-02,275,2018,EHR-1,0.0175885510686432,1.52819583974377,-0.773085270304641,0.0232926829268293,White_wavg
2018-10-03,276,2018,EHR-1,0.0639432519765156,5.04495543499139,-2.29974775851272,0.0232926829268293,White_wavg
2018-10-04,277,2018,EHR-1,-0.0320576185074983,-0.690129760295832,-0.686165903376867,0.0232926829268293,White_wavg
2018-10-05,278,2018,EHR-1,-0.0489136452612026,-2.49180188168126,0.391844336435909,0.0232926829268293,White_wavg
2018-10-06,279,2018,EHR-1,0.0199352604890833,1.1946357417596,-0.338776390919371,0.0232926829268293,White_wavg
2018-10-07,280,2018,EHR-1,-0.0576094677420111,-1.83505472551175,-0.638231324145266,0.0232926829268293,White_wavg
2018-10-08,281,2018,EHR-1,-0.0399323984809434,-2.59605091424824,0.881675691506167,0.0232926829268293,White_wavg
2018-10-09,282,2018,EHR-1,0.0855359500130494,3.9769597472155,-0.304735715241655,0.0232926829268293,White_wavg
2018-10-10,283,2018,EHR-1,0.0189515899042577,1.40040919138968,-0.586780724295899,0.0232926829268293,White_wavg
2018-10-11,284,2018,EHR-1,0.0149105096583165,2.57859020252909,-1.93845313866419,0.0232926829268293,White_wavg
2018-10-12,285,2018,EHR-1,0.0462258140043767,3.21802365531347,-1.23345991271719,0.0232926829268293,White_wavg
2018-10-13,286,2018,EHR-1,0.0117809768488727,0.747750892445254,-0.241970734535535,0.0232926829268293,White_wavg
2018-10-14,287,2018,EHR-1,-0.00503886070802176,2.10016138902311,-2.31648944036227,0.0232926829268293,White_wavg
2018-10-15,288,2018,EHR-1,-0.0423323146371707,-0.365644074839679,-1.45176419754147,0.0232926829268293,White_wavg
2018-10-16,289,2018,EHR-1,-0.00117780698262382,0.0623561804037109,-0.112921715783372,0.0232926829268293,White_wavg
2018-10-17,290,2018,EHR-1,-0.0379611835049989,-0.611293794624544,-1.01845335061625,0.0232926829268293,White_wavg
2018-10-18,291,2018,EHR-1,0.00268232953402753,0.34579687500522,-0.230639271973672,0.0232926829268293,White_wavg
2018-10-19,292,2018,EHR-1,0.0430250805273391,3.04095003161034,-1.19379997755703,0.0232926829268293,White_wavg
2018-10-20,293,2018,EHR-1,0.030961552434873,0.981822847083436,0.347416576822106,0.0232926829268293,White_wavg
2018-10-21,294,2018,EHR-1,-0.0237978492594718,-1.59259954612349,0.570911776868684,0.0232926829268293,White_wavg
2018-10-22,295,2018,EHR-1,0.0720002028025654,3.42915762589766,-0.338049442750872,0.0232926829268293,White_wavg
2018-10-23,296,2018,EHR-1,0.0164568085877243,1.19141643704128,-0.484893764688721,0.0232926829268293,White_wavg
2018-10-24,297,2018,EHR-1,0.0211842080585926,2.3692175068863,-1.45973841745981,0.0232926829268293,White_wavg
2018-10-25,298,2018,EHR-1,-0.0279674526892468,-0.821514214959905,-0.379182706777392,0.0232926829268293,White_wavg
2018-10-26,299,2018,EHR-1,0.0241004970204515,0.972688136154389,0.0619928877602831,0.0232926829268293,White_wavg
2018-10-27,300,2018,EHR-1,-0.010758239227564,-0.650037288991314,0.188165238383853,0.0232926829268293,White_wavg
2018-10-28,301,2018,EHR-1,0.0637038004621367,3.05446551709316,-0.319537957985723,0.0232926829268293,White_wavg
2018-10-29,302,2018,EHR-1,-0.0574189795403223,-2.14839886978386,-0.316709152366101,0.0232926829268293,White_wavg
2018-10-30,303,2018,EHR-1,0.0428336961981333,2.62877665529011,-0.789843101234126,0.0232926829268293,White_wavg
2018-10-31,304,2018,EHR-1,-0.0275964811646393,-0.721098535573361,-0.4636718599766,0.0232926829268293,White_wavg
2018-11-01,305,2018,EHR-1,-0.0235178372543501,0.0510949249737251,-1.06076123641703,0.0232926829268293,White_wavg
2018-11-02,306,2018,EHR-1,0.0150985723204441,0.117968808616098,0.530242149643804,0.0232926829268293,White_wavg
2018-11-03,307,2018,EHR-1,0.0103615368451688,0.891159850528922,-0.446319001678745,0.0232926829268293,White_wavg
2018-11-04,308,2018,EHR-1,-0.0209988376315216,-2.5468711827429,1.64535040484512,0.0232926829268293,White_wavg
2018-11-05,309,2018,EHR-1,0.0975882605275198,4.26450466203288,-0.0748515922650128,0.0232926829268293,White_wavg
2018-11-06,310,2018,EHR-1,0.0503252208917056,2.79506633173479,-0.634507110206066,0.0232926829268293,White_wavg
2018-11-07,311,2018,EHR-1,0.0198392442695978,1.34209347590328,-0.490356287365579,0.0232926829268293,White_wavg
2018-11-08,312,2018,EHR-1,-0.018948563126057,0.791686970880434,-1.60518549252267,0.0232926829268293,White_wavg
2018-11-09,313,2018,EHR-1,0.0852805154532754,3.02109569200333,0.640162039498549,0.0232926829268293,White_wavg
2018-11-10,314,2018,EHR-1,-0.00642519595399155,-0.314457190211215,0.0386110811916822,0.0232926829268293,White_wavg
2018-11-11,315,2018,EHR-1,0.0261605848197399,2.41165319202281,-1.28852860813869,0.0232926829268293,White_wavg
2018-11-12,316,2018,EHR-1,0.0439502545200695,2.97816826237099,-1.0912986965879,0.0232926829268293,White_wavg
2018-11-13,317,2018,EHR-1,0.0195628421103142,1.08537555774579,-0.245504849344869,0.0232926829268293,White_wavg
2018-11-14,318,2018,EHR-1,0.0615806682906225,2.27565745460372,0.368119927506775,0.0232926829268293,White_wavg
2018-11-15,319,2018,EHR-1,0.0718353820948083,2.51047023283739,0.573561878039193,0.0232926829268293,White_wavg
2018-11-16,320,2018,EHR-1,-0.020848807574174,-1.78777686510965,0.892697168207938,0.0232926829268293,White_wavg
2018-11-17,321,2018,EHR-1,0.00329281605653156,0.823955182020299,-0.682588209959782,0.0232926829268293,White_wavg
2018-11-18,322,2018,EHR-1,0.583856735087781,2.65209895550922,22.4140017131809,0.0232926829268293,White_wavg
2021-07-04,185,2021,EHR-1,0.400513174766858,17.2324118213535,-0.0376053653941,0.0232926829268293,White_wavg
2021-07-05,186,2021,EHR-1,0.143340604306081,7.99980000038758,-1.84591018201134,0.0232926829268293,White_wavg
2024-07-15,197,2024,EHR-1,-0.0042663935315622,-1.18747182271441,1.00430728366305,0.0232926829268293,White_wavg
2024-07-16,198,2024,EHR-1,0.143286653119361,4.5881928924409,1.56338069697668,0.0232926829268293,White_wavg
2024-07-17,199,2024,EHR-1,0.183024350137347,6.68143576315323,1.17615413803129,0.0232926829268293,White_wavg
2024-07-18,200,2024,EHR-1,0.117876240038732,3.2039978758732,1.85665745563259,0.0232926829268293,White_wavg
2024-07-19,201,2024,EHR-1,0.15266131386613,5.32142981845323,1.23261611716075,0.0232926829268293,White_wavg
2024-07-20,202,2024,EHR-1,0.182411361000168,6.49746563162239,1.33380745843716,0.0232926829268293,White_wavg
2024-07-21,203,2024,EHR-1,0.205679972558123,7.85787331634933,0.972366343214048,0.0232926829268293,White_wavg
2024-07-22,204,2024,EHR-1,0.265755375809039,12.0519914767534,-0.64259837919262,0.0232926829268293,White_wavg
2024-07-23,205,2024,EHR-1,0.189563599667977,8.29096235529332,-0.152629804102673,0.0232926829268293,White_wavg
2024-07-24,206,2024,EHR-1,0.252571422054667,10.668855088722,0.174525334567306,0.0232926829268293,White_wavg
2024-07-25,207,2024,EHR-1,0.23651674170415,9.25105702553077,0.903064869621232,0.0232926829268293,White_wavg
2024-07-26,208,2024,EHR-1,0.251823075148194,8.83223154774129,1.97902089317594,0.0232926829268293,White_wavg
2024-07-27,209,2024,EHR-1,0.189202903384146,9.59424596719782,-1.47139880620308,0.0232926829268293,White_wavg
2024-07-28,210,2024,EHR-1,0.202161220830364,8.92868300841556,-0.2495101769549,0.0232926829268293,White_wavg
2024-07-29,211,2024,EHR-1,0.195948157513546,8.67721452946557,-0.264780541973039,0.0232926829268293,White_wavg
2024-07-30,212,2024,EHR-1,0.216580872175042,8.63498274363082,0.66325365341288,0.0232926829268293,White_wavg
2024-07-31,213,2024,EHR-1,0.312622325844915,12.8422893542772,0.579192697703405,0.0232926829268293,White_wavg
2024-08-01,214,2024,EHR-1,0.280200354069439,12.5011429914053,-0.471598994706909,0.0232926829268293,White_wavg
2024-08-02,215,2024,EHR-1,0.306429030585037,13.7878222907823,-0.632230401791219,0.0232926829268293,White_wavg
2024-08-03,216,2024,EHR-1,-0.0180370395283595,6.99989332685931,-7.77425837467369,0.0232926829268293,White_wavg
2024-08-04,217,2024,EHR-1,0.101786872079762,3.45202841825838,0.917879178883219,0.0232926829268293,White_wavg
2024-08-05,218,2024,EHR-1,0.183727985442548,6.65666509710476,1.23113323079522,0.0232926829268293,White_wavg
2024-08-06,219,2024,EHR-1,0.185219825454619,6.83352444631318,1.11832146325686,0.0232926829268293,White_wavg
2024-08-07,220,2024,EHR-1,0.269917518465392,10.6044254508305,0.983656493757039,0.0232926829268293,White_wavg
2024-08-08,221,2024,EHR-1,0.193140334124595,8.25826298966308,0.033625700502796,0.0232926829268293,White_wavg
2024-08-09,222,2024,EHR-1,0.246175071625289,9.15546935695457,1.4133033515657,0.0232926829268293,White_wavg
2024-08-10,223,2024,EHR-1,0.254913865311904,10.4335623221981,0.510383727841742,0.0232926829268293,White_wavg
2024-08-11,224,2024,EHR-1,0.194663049517246,7.04716113764374,1.31010067409142,0.0232926829268293,White_wavg
2024-08-12,225,2024,EHR-1,0.238639845716111,9.17877848885587,1.06649237434891,0.0232926829268293,White_wavg
2024-08-13,226,2024,EHR-1,0.29270431307018,13.2349874318531,-0.668624252923962,0.0232926829268293,White_wavg
2024-08-14,227,2024,EHR-1,0.267468762907373,12.1873776124488,-0.704425487629649,0.0232926829268293,White_wavg
2024-08-15,228,2024,EHR-1,0.236833401726092,10.1513623627326,0.0163543605864902,0.0232926829268293,White_wavg
2024-08-16,229,2024,EHR-1,0.175172683993318,6.45977620023754,1.06072646334994,0.0232926829268293,White_wavg
2024-08-17,230,2024,EHR-1,0.209018346645429,9.22692685603082,-0.253364329891966,0.0232926829268293,White_wavg
2024-08-18,231,2024,EHR-1,0.25578478402467,10.9814388745118,-0.000102597012840988,0.0232926829268293,White_wavg
2024-08-19,232,2024,EHR-1,0.268114077449763,11.5971220302721,-0.0864653020624076,0.0232926829268293,White_wavg
2024-08-20,233,2024,EHR-1,0.319415684786354,13.8374461339737,-0.124312022727054,0.0232926829268293,White_wavg
2024-08-21,234,2024,EHR-1,0.268838637899353,11.5955174806132,-0.0537539687037736,0.0232926829268293,White_wavg
2024-08-22,235,2024,EHR-1,0.262793671057389,9.55307667203766,1.72916470320104,0.0232926829268293,White_wavg
2024-08-23,236,2024,EHR-1,0.26430791429974,14.6496138878799,-3.30236311689625,0.0232926829268293,White_wavg
2024-08-24,237,2024,EHR-1,0.00645745876729694,9.72623284949279,-9.44900163539941,0.0232926829268293,White_wavg
2024-08-25,238,2024,EHR-1,0.0583053446718486,2.62110281015211,-0.117941415863321,0.0232926829268293,White_wavg
2024-08-26,239,2024,EHR-1,0.163653504054848,5.55481284044603,1.47114911374118,0.0232926829268293,White_wavg
2024-08-27,240,2024,EHR-1,0.202274611649232,7.28591818656348,1.39812273240878,0.0232926829268293,White_wavg
2024-08-28,241,2024,EHR-1,0.194710005230422,7.30026320933952,1.05901450212365,0.0232926829268293,White_wavg
2024-08-29,242,2024,EHR-1,0.269404333509524,10.9187344795426,0.647315440761531,0.0232926829268293,White_wavg
2024-08-30,243,2024,EHR-1,0.257806683218052,10.8219990160343,0.246141310604564,0.0232926829268293,White_wavg
2024-08-31,244,2024,EHR-1,0.2647025873404,10.7816771638763,0.582517685292672,0.0232926829268293,White_wavg
2024-09-01,245,2024,EHR-1,0.247086979999227,9.07355152038498,1.53437118115249,0.0232926829268293,White_wavg
2024-09-02,246,2024,EHR-1,0.259027926179155,10.7319955092162,0.388575143501413,0.0232926829268293,White_wavg
2024-09-03,247,2024,EHR-1,0.264490240529469,12.5290948874692,-1.17401649824593,0.0232926829268293,White_wavg
2024-09-04,248,2024,EHR-1,0.252326999437478,11.1348033206731,-0.301916433828524,0.0232926829268293,White_wavg
2024-09-05,249,2024,EHR-1,0.298285794403875,12.8933106280421,-0.0873236431637352,0.0232926829268293,White_wavg
2024-09-06,250,2024,EHR-1,0.285144996178536,11.4108748180882,0.830952242979784,0.0232926829268293,White_wavg
2024-09-07,251,2024,EHR-1,0.318037217935357,12.1731203502599,1.48083350874496,0.0232926829268293,White_wavg
2024-09-08,252,2024,EHR-1,0.318810575871385,14.488838292144,-0.801682678817528,0.0232926829268293,White_wavg
2024-09-09,253,2024,EHR-1,0.299140380598535,13.3811469839912,-0.538470958294994,0.0232926829268293,White_wavg
2024-09-10,254,2024,EHR-1,0.307661778901704,11.6588339994657,1.54968216280639,0.0232926829268293,White_wavg
2024-09-11,255,2024,EHR-1,0.262881514944258,12.1305025067016,-0.844489823230887,0.0232926829268293,White_wavg
2024-09-12,256,2024,EHR-1,0.149062267258427,8.10685692705735,-1.70732503428717,0.0232926829268293,White_wavg
2024-09-13,257,2024,EHR-1,0.19781210471257,9.57429640642857,-1.08183955489416,0.0232926829268293,White_wavg
2024-09-14,258,2024,EHR-1,0.209043101962435,7.66193248165479,1.31269283819843,0.0232926829268293,White_wavg
2024-09-15,259,2024,EHR-1,0.285875641759368,11.8978198341874,0.375375257052468,0.0232926829268293,White_wavg
2024-09-16,260,2024,EHR-1,0.0586771703809439,6.26903943954349,-3.7499148472726,0.0232926829268293,White_wavg
2024-09-17,261,2024,EHR-1,0.0911146392015551,5.26897155525106,-1.35724358952984,0.0232926829268293,White_wavg
2024-09-18,262,2024,EHR-1,0.0223932854347474,1.79848915071119,-0.837102027334602,0.0232926829268293,White_wavg
2024-09-19,263,2024,EHR-1,-0.0127498314259975,-0.501847833103142,-0.045527128641254,0.0232926829268293,White_wavg
2024-09-20,264,2024,EHR-1,0.0614011085082771,1.91017120340931,0.725897329406777,0.0232926829268293,White_wavg
2024-09-21,265,2024,EHR-1,0.152323129539275,6.4024772417465,0.137049785594101,0.0232926829268293,White_wavg
2024-09-22,266,2024,EHR-1,0.137351526341435,6.53324268838276,-0.636475588907537,0.0232926829268293,White_wavg
2024-09-23,267,2024,EHR-1,0.148203680502862,6.36332745055945,-0.000656350436578634,0.0232926829268293,White_wavg
2024-09-24,268,2024,EHR-1,0.17508923064158,6.66240389377677,0.854515955757051,0.0232926829268293,White_wavg
2024-09-25,269,2024,EHR-1,0.222868509697225,9.84474653396532,-0.276569677854077,0.0232926829268293,White_wavg
2024-09-26,270,2024,EHR-1,0.0720261178120893,3.75108078675588,-0.65886002204838,0.0232926829268293,White_wavg
2024-09-27,271,2024,EHR-1,0.163593435163941,6.79636579904894,0.2270172812878,0.0232926829268293,White_wavg
2024-09-28,272,2024,EHR-1,0.16148578275617,6.50218205746853,0.430715422115746,0.0232926829268293,White_wavg
2024-09-29,273,2024,EHR-1,0.199659584776425,9.74535851378988,-1.1735857642261,0.0232926829268293,White_wavg
2024-09-30,274,2024,EHR-1,0.211098426721946,10.511132378392,-1.44826798509374,0.0232926829268293,White_wavg
2024-10-01,275,2024,EHR-1,0.224907314196037,9.65879960920191,-0.00309292644011805,0.0232926829268293,White_wavg
2024-10-02,276,2024,EHR-1,0.218299219638923,8.47933517724542,0.892673205158623,0.0232926829268293,White_wavg
2024-10-03,277,2024,EHR-1,0.185055027336278,8.16831392405177,-0.223543116944569,0.0232926829268293,White_wavg
2024-10-04,278,2024,EHR-1,0.162208670209173,8.42955862320842,-1.46562618490886,0.0232926829268293,White_wavg
2024-10-05,279,2024,EHR-1,0.132650415011749,6.81351096373746,-1.11857168051053,0.0232926829268293,White_wavg
2024-10-06,280,2024,EHR-1,0.12284563446584,6.23197014693844,-0.957969086101329,0.0232926829268293,White_wavg
2024-10-07,281,2024,EHR-1,0.122571575455168,4.162265707701,1.09996946890831,0.0232926829268293,White_wavg
2024-10-08,282,2024,EHR-1,0.113095863209951,4.77627412922637,0.0791503646039971,0.0232926829268293,White_wavg
2024-10-09,283,2024,EHR-1,0.128959468125075,6.31404098671915,-0.777561203338983,0.0232926829268293,White_wavg
2024-10-10,284,2024,EHR-1,0.157404821667713,6.94086669603458,-0.183172781504481,0.0232926829268293,White_wavg
2024-10-11,285,2024,EHR-1,0.186905087986095,9.10156144605239,-1.0773639513614,0.0232926829268293,White_wavg
2024-10-12,286,2024,EHR-1,0.107299411508087,5.18394780671869,-0.577376213177772,0.0232926829268293,White_wavg
2024-10-13,287,2024,EHR-1,0.0984559599308148,4.68521731509384,-0.458312229058855,0.0232926829268293,White_wavg
2024-10-14,288,2024,EHR-1,0.0908561570197078,4.2817090230141,-0.381078198084239,0.0232926829268293,White_wavg
2024-10-15,289,2024,EHR-1,0.135493879849711,6.23056618402025,-0.413551447016935,0.0232926829268293,White_wavg
2024-10-16,290,2024,EHR-1,0.0934903626710395,5.89632798918487,-1.88260561273187,0.0232926829268293,White_wavg
2024-10-17,291,2024,EHR-1,-0.0228019950075947,-0.333788072861594,-0.645145744218389,0.0232926829268293,White_wavg
2024-10-18,292,2024,EHR-1,0.0343502532554847,4.45580363579126,-2.98108072115788,0.0232926829268293,White_wavg
2024-10-19,293,2024,EHR-1,7.16755691782961E-05,-0.323511069932934,0.32658824096572,0.0232926829268293,White_wavg
2024-10-20,294,2024,EHR-1,0.0965982669474541,4.00481568500868,0.142335042578353,0.0232926829268293,White_wavg
2024-10-21,295,2024,EHR-1,0.0523799783945808,1.88510860470785,0.363665336839595,0.0232926829268293,White_wavg
2024-10-22,296,2024,EHR-1,0.0375383634764961,2.06573283712572,-0.454138174784006,0.0232926829268293,White_wavg
2024-10-23,297,2024,EHR-1,0.0654837994921399,3.02103021160147,-0.209683845970332,0.0232926829268293,White_wavg
2024-10-24,298,2024,EHR-1,0.0673797534933995,3.46488343393006,-0.57214009023437,0.0232926829268293,White_wavg
2024-10-25,299,2024,EHR-1,-0.00596955881991456,0.723984181151806,-0.980268905357562,0.0232926829268293,White_wavg
2024-10-26,300,2024,EHR-1,0.0256513391137513,1.20446790968849,-0.103206230459378,0.0232926829268293,White_wavg
2024-10-27,301,2024,EHR-1,0.00175667226067388,-0.855312218038762,0.930729561167169,0.0232926829268293,White_wavg
2024-10-28,302,2024,EHR-1,-0.0973940958666334,-3.67448647016215,-0.506830734583367,0.0232926829268293,White_wavg
2024-10-29,303,2024,EHR-1,-0.106398779994438,-3.81200490875706,-0.755900829224032,0.0232926829268293,White_wavg
2024-10-30,304,2024,EHR-1,-0.0278700193623712,-0.371465442091392,-0.825048478177948,0.0232926829268293,White_wavg
2024-10-31,305,2024,EHR-1,-0.0996803492084005,-3.37727008481785,-0.902200404757458,0.0232926829268293,White_wavg
2024-11-01,306,2024,EHR-1,0.0729813124602477,2.15595013460263,0.97727898672737,0.0232926829268293,White_wavg
2024-11-02,307,2024,EHR-1,-0.0721603165853681,-0.258700374904564,-2.839281803106,0.0232926829268293,White_wavg
2024-11-03,308,2024,EHR-1,-0.0957171115497142,-4.22035499163336,0.111033972221541,0.0232926829268293,White_wavg
2024-11-04,309,2024,EHR-1,-0.0294792671667189,-0.258271351362538,-1.00733069453848,0.0232926829268293,White_wavg
2024-11-05,310,2024,EHR-1,-0.0851553892030068,-4.52524654011941,0.869360720932733,0.0232926829268293,White_wavg
2024-11-06,311,2024,EHR-1,0.0614648731580197,3.29015208999763,-0.651346017244954,0.0232926829268293,White_wavg
2024-11-07,312,2024,EHR-1,0.0698236257069129,3.54781646001388,-0.550152947989346,0.0232926829268293,White_wavg
2024-11-08,313,2024,EHR-1,0.0796461174544072,3.43548178294206,-0.0161196723340069,0.0232926829268293,White_wavg
2024-11-09,314,2024,EHR-1,-0.226738181324891,0.0073530011541294,-9.74166235646356,0.0232926829268293,White_wavg
2025-05-27,147,2025,EHR-1,0.0716880903230443,2.79957210372186,0.278136486063289,0.0232926829268293,White_wavg
2025-05-28,148,2025,EHR-1,0.080221823638528,2.77811816996692,0.665960122367793,0.0232926829268293,White_wavg
2025-05-29,149,2025,EHR-1,0.135300047959468,4.77755486901366,1.03113828945567,0.0232926829268293,White_wavg
2025-05-30,150,2025,EHR-1,0.148622642017678,5.70441265542239,0.67624527413237,0.0232926829268293,White_wavg
2025-05-31,151,2025,EHR-1,0.177481062325365,6.01174431146663,1.60786150564327,0.0232926829268293,White_wavg
2025-06-01,152,2025,EHR-1,0.116418842731155,3.37585863434029,1.62222780752082,0.0232926829268293,White_wavg
2025-06-02,153,2025,EHR-1,0.163440930114626,6.13615694645557,0.88067879668543,0.0232926829268293,White_wavg
2025-06-03,154,2025,EHR-1,0.199695994784498,7.26804814359277,1.30528775815009,0.0232926829268293,White_wavg
2025-06-04,155,2025,EHR-1,0.132950585484995,4.2117714905928,1.49605469253266,0.0232926829268293,White_wavg
2025-06-05,156,2025,EHR-1,0.157761256346336,5.98382757989064,0.789168765868283,0.0232926829268293,White_wavg
2025-06-06,157,2025,EHR-1,0.0988831933917365,3.81908488041667,0.426162165720712,0.0232926829268293,White_wavg
2025-06-07,158,2025,EHR-1,0.156005754005891,6.19460566057381,0.503023568998451,0.0232926829268293,White_wavg
2025-06-08,159,2025,EHR-1,0.0832004141648546,4.10088472453336,-0.528929770858973,0.0232926829268293,White_wavg
2025-06-09,160,2025,EHR-1,0.147521941581335,4.86687258953893,1.46653013803669,0.0232926829268293,White_wavg
2025-06-10,161,2025,EHR-1,0.173654999450491,5.30576094289401,2.14958458325273,0.0232926829268293,White_wavg
2025-06-11,162,2025,EHR-1,0.157256588200211,5.21884958999017,1.53248037462622,0.0232926829268293,White_wavg
2025-06-12,163,2025,EHR-1,0.134696646551813,4.44778673769761,1.33500122944827,0.0232926829268293,White_wavg
2025-06-13,164,2025,EHR-1,0.0887051428966731,1.87344140648058,1.9348422152614,0.0232926829268293,White_wavg
2025-06-14,165,2025,EHR-1,0.101197150951374,4.15901597578277,0.18557375092545,0.0232926829268293,White_wavg
2025-06-15,166,2025,EHR-1,0.157059184478655,5.28698099061167,1.45587404983321,0.0232926829268293,White_wavg
2025-06-16,167,2025,EHR-1,0.142075377824229,5.41863214732175,0.680939047226303,0.0232926829268293,White_wavg
2025-06-17,168,2025,EHR-1,0.150154139632613,5.15209964675343,1.29430844218597,0.0232926829268293,White_wavg
2025-06-18,169,2025,EHR-1,0.23377451047963,8.65478291630986,1.38160968019783,0.0232926829268293,White_wavg
2025-06-19,170,2025,EHR-1,0.21750106951,6.51929574356984,2.8184465076448,0.0232926829268293,White_wavg
2025-06-20,171,2025,EHR-1,0.156065630781728,5.81758859000168,0.882611265548938,0.0232926829268293,White_wavg
2025-06-21,172,2025,EHR-1,0.0930834046877041,8.61041712043011,-4.61416623854962,0.0232926829268293,White_wavg
2025-06-22,173,2025,EHR-1,0.0678841515359788,3.31449923928631,-0.400101110516538,0.0232926829268293,White_wavg
2025-06-23,174,2025,EHR-1,0.13990254676878,4.50526624799998,1.50102110018846,0.0232926829268293,White_wavg
2025-06-24,175,2025,EHR-1,0.18667401433233,6.83635479356148,1.17792226154378,0.0232926829268293,White_wavg
2025-06-25,176,2025,EHR-1,0.197665569999007,6.3061523648642,2.1800134675539,0.0232926829268293,White_wavg
2025-06-26,177,2025,EHR-1,0.272314833553889,10.2824100619316,1.40859326341864,0.0232926829268293,White_wavg
2025-06-27,178,2025,EHR-1,0.267743094295275,10.982813801369,0.511915901360105,0.0232926829268293,White_wavg
2025-06-28,179,2025,EHR-1,0.225300295065208,8.79640324184692,0.876174870900215,0.0232926829268293,White_wavg
2025-06-29,180,2025,EHR-1,0.284125504394261,10.4235328223787,1.77452548145869,0.0232926829268293,White_wavg
2025-06-30,181,2025,EHR-1,0.228029711893233,8.69785162946464,1.09190563506161,0.0232926829268293,White_wavg
2025-07-01,182,2025,EHR-1,0.22873097084546,9.66540358469423,0.154460085110841,0.0232926829268293,White_wavg
2025-07-02,183,2025,EHR-1,0.195803213948865,7.44516339730197,0.961047882178079,0.0232926829268293,White_wavg
2025-07-03,184,2025,EHR-1,0.214098377712908,7.64596337838626,1.54569472237735,0.0232926829268293,White_wavg
2025-07-04,185,2025,EHR-1,0.1762491268888,8.68446740781468,-1.11775096546829,0.0232926829268293,White_wavg
2025-07-05,186,2025,EHR-1,0.215476935335174,9.0113949536828,0.239447296308981,0.0232926829268293,White_wavg
2025-07-06,187,2025,EHR-1,0.275579384451092,10.6326902764475,1.19846654291874,0.0232926829268293,White_wavg
2025-07-07,188,2025,EHR-1,0.299341213415399,12.3042346136764,0.547063553895725,0.0232926829268293,White_wavg
2025-07-08,189,2025,EHR-1,0.309970532693178,13.2429941596843,0.064641275310791,0.0232926829268293,White_wavg
2025-07-09,190,2025,EHR-1,0.259216118979062,11.2075853148305,-0.0789351806508591,0.0232926829268293,White_wavg
2025-07-10,191,2025,EHR-1,0.261764984430939,10.3938036037622,0.844274261859297,0.0232926829268293,White_wavg
2025-07-11,192,2025,EHR-1,0.237620838397924,10.0061596253468,0.195363279694931,0.0232926829268293,White_wavg
2025-07-12,193,2025,EHR-1,0.171544982881566,6.49337010989157,0.871388317484545,0.0232926829268293,White_wavg
2025-07-13,194,2025,EHR-1,0.273327041461543,11.5735128168612,0.160946554786179,0.0232926829268293,White_wavg
2025-07-14,195,2025,EHR-1,0.323421705668197,13.4968446316147,0.388275716444042,0.0232926829268293,White_wavg
2025-07-15,196,2025,EHR-1,0.227437316642052,8.5976621786287,1.16666241019239,0.0232926829268293,White_wavg
2025-07-16,197,2025,EHR-1,0.300079779073729,13.036268049645,-0.153261827631468,0.0232926829268293,White_wavg
2025-07-17,198,2025,EHR-1,0.21996640102249,9.64417625563274,-0.200592546813809,0.0232926829268293,White_wavg
2025-07-18,199,2025,EHR-1,0.246304067789273,10.7406574134128,-0.166346649684897,0.0232926829268293,White_wavg
2025-07-19,200,2025,EHR-1,0.353351453077276,14.1811236594585,0.988938723963884,0.0232926829268293,White_wavg
2025-07-20,201,2025,EHR-1,0.323259411515452,13.2874242842249,0.590728461464707,0.0232926829268293,White_wavg
2025-07-21,202,2025,EHR-1,0.291656623991172,13.7701645583881,-1.24878070117553,0.0232926829268293,White_wavg
2025-07-22,203,2025,EHR-1,0.20828806467661,10.0524847643889,-1.11027465785386,0.0232926829268293,White_wavg
2025-07-23,204,2025,EHR-1,0.231515306105737,8.45360152702455,1.48579904924269,0.0232926829268293,White_wavg
2025-07-24,205,2025,EHR-1,0.355433254032092,16.4008087206454,-1.14137058942472,0.0232926829268293,White_wavg
2025-07-25,206,2025,EHR-1,0.267426565378264,13.6581368484751,-2.17699634532451,0.0232926829268293,White_wavg
2025-07-26,207,2025,EHR-1,0.222478304063005,12.5515497918414,-3.00012521950296,0.0232926829268293,White_wavg
2025-07-27,208,2025,EHR-1,0.233965074865831,7.67604337316499,2.36853052159844,0.0232926829268293,White_wavg
2025-07-28,209,2025,EHR-1,0.271937886481351,8.91722838545132,2.75759187186324,0.0232926829268293,White_wavg
2025-07-29,210,2025,EHR-1,0.304515247980324,11.692734141337,1.38069535310628,0.0232926829268293,White_wavg
2025-07-30,211,2025,EHR-1,0.289937367428527,10.8110711724944,1.63650166998686,0.0232926829268293,White_wavg
2025-07-31,212,2025,EHR-1,0.333968336510431,15.2651291563853,-0.927221515623344,0.0232926829268293,White_wavg
2025-08-01,213,2025,EHR-1,0.389303553035037,17.2508255501353,-0.537269870097035,0.0232926829268293,White_wavg
2025-08-02,214,2025,EHR-1,0.290720213665323,11.2480489815635,1.23313296637181,0.0232926829268293,White_wavg
2025-08-03,215,2025,EHR-1,0.420581803754171,16.9286952956152,1.12769627917118,0.0232926829268293,White_wavg
2025-08-04,216,2025,EHR-1,0.330611979058557,13.8537426731542,0.34007004035459,0.0232926829268293,White_wavg
2025-08-05,217,2025,EHR-1,0.348985457075032,16.0331027395312,-1.05048102217377,0.0232926829268293,White_wavg
2025-08-06,218,2025,EHR-1,0.347587176732919,14.2121508311629,0.71044000239695,0.0232926829268293,White_wavg
2025-08-07,219,2025,EHR-1,0.424907983734593,17.4910181795894,0.751104682314534,0.0232926829268293,White_wavg
2025-08-08,220,2025,EHR-1,0.440825539278132,18.3469569922956,0.57853736414782,0.0232926829268293,White_wavg
2025-08-09,221,2025,EHR-1,0.414810236994647,17.1742610676244,0.634345965653608,0.0232926829268293,White_wavg
2025-08-10,222,2025,EHR-1,0.357862473568227,14.6752958945505,0.688433337174388,0.0232926829268293,White_wavg
2025-08-11,223,2025,EHR-1,0.475091816320686,19.5502490679086,0.84636294167062,0.0232926829268293,White_wavg
2025-08-12,224,2025,EHR-1,0.398602292945901,16.3697202951347,0.743048302542704,0.0232926829268293,White_wavg
2025-08-13,225,2025,EHR-1,0.365133308242978,16.135315603676,-0.459435354501096,0.0232926829268293,White_wavg
2025-08-14,226,2025,EHR-1,0.364480674526734,14.851358271126,0.796503148346332,0.0232926829268293,White_wavg
2025-08-15,227,2025,EHR-1,0.40631532919108,17.6390842829857,-0.195180097818863,0.0232926829268293,White_wavg
2025-08-16,228,2025,EHR-1,0.450508270429182,20.1670696156128,-0.8258768537317,0.0232926829268293,White_wavg
2025-08-17,229,2025,EHR-1,0.372910622384646,16.0022010837583,0.00757432751967713,0.0232926829268293,White_wavg
2025-08-18,230,2025,EHR-1,0.383810617628729,18.2542929657434,-1.77655964346286,0.0232926829268293,White_wavg
2025-08-19,231,2025,EHR-1,0.364735243056302,14.9753942356643,0.683396303925576,0.0232926829268293,White_wavg
2025-08-20,232,2025,EHR-1,0.364507232619027,16.3721755569846,-0.723173947162437,0.0232926829268293,White_wavg
2025-08-21,233,2025,EHR-1,0.438182008312616,16.703159749709,2.10884270140852,0.0232926829268293,White_wavg
2025-08-22,234,2025,EHR-1,0.433585936475605,17.5942552608103,1.02042892295913,0.0232926829268293,White_wavg
2025-08-23,235,2025,EHR-1,0.326487192159705,19.6996610428162,-5.68293342130009,0.0232926829268293,White_wavg
2025-08-24,236,2025,EHR-1,0,13.9494915792571,-9.7395948465369,0.0232926829268293,White_wavg
2025-08-25,237,2025,EHR-1,0,6.68273933953607,-6.92944191459421,0.0232926829268293,White_wavg
2025-08-26,238,2025,EHR-1,0,1.97078652767964,-0.229455873914475,0.0232926829268293,White_wavg
2025-08-27,239,2025,EHR-1,0,-2.47474835644397,0.911162539017951,0.0232926829268293,White_wavg
2025-08-28,240,2025,EHR-1,0,0.300147798941453,1.69075295704175,0.0232926829268293,White_wavg
2025-08-29,241,2025,EHR-1,0.0918034047414094,3.18586486509922,0.75543313950579,0.0232926829268293,White_wavg
2025-08-30,242,2025,EHR-1,0.133059528291825,4.50843625610133,1.20406705276235,0.0232926829268293,White_wavg
2025-08-31,243,2025,EHR-1,0.149712517400166,5.84459767383621,0.582850717165684,0.0232926829268293,White_wavg
2025-09-01,244,2025,EHR-1,0.150740943677153,5.88217046144912,0.5894302618632,0.0232926829268293,White_wavg
2025-09-02,245,2025,EHR-1,0,7.39961151107629,-2.73241613973028,0.0232926829268293,White_wavg
2025-09-03,246,2025,EHR-1,0,4.55699108393972,0.181377415544937,0.0232926829268293,White_wavg
2025-09-04,247,2025,EHR-1,0,2.2991969196859,1.63862157170165,0.0232926829268293,White_wavg
2025-09-05,248,2025,EHR-1,0,3.07515682682116,0.219968075317389,0.0232926829268293,White_wavg
2025-09-06,249,2025,EHR-1,0.066007703072716,3.94407562528762,-1.1102370640506,0.0232926829268293,White_wavg
2025-09-07,250,2025,EHR-1,0.0659624731622289,3.06653695906611,-0.234640205504455,0.0232926829268293,White_wavg
2025-09-08,251,2025,EHR-1,0.110942980919299,3.31513744844969,1.44785963813803,0.0232926829268293,White_wavg
2025-09-09,252,2025,EHR-1,0.121962111158918,5.62871428456226,-0.392644590828617,0.0232926829268293,White_wavg
2025-09-10,253,2025,EHR-1,0.128335611987076,6.64463096743013,-1.13493453657139,0.0232926829268293,White_wavg
2025-09-11,254,2025,EHR-1,0.0766685860127989,4.24948226346515,-0.957951345638186,0.0232926829268293,White_wavg
2025-09-12,255,2025,EHR-1,0.0841236981548136,4.20663368223266,-0.595040358308729,0.0232926829268293,White_wavg
2025-09-13,256,2025,EHR-1,0.0713636666343802,3.37800675258571,-0.314226300219644,0.0232926829268293,White_wavg
2025-09-14,257,2025,EHR-1,0.0604066851328906,1.36736824679069,1.22600776415016,0.0232926829268293,White_wavg
2025-09-15,258,2025,EHR-1,0.148612662805761,7.37071585466467,-0.990486352008979,0.0232926829268293,White_wavg
2025-09-16,259,2025,EHR-1,0.0478839382248729,2.79431075725398,-0.738560529798704,0.0232926829268293,White_wavg
2025-09-17,260,2025,EHR-1,0.102693953896404,3.21476489681949,1.19408547988478,0.0232926829268293,White_wavg
2025-09-18,261,2025,EHR-1,0.125303166759431,5.11198122451795,0.267526458347689,0.0232926829268293,White_wavg
2025-09-19,262,2025,EHR-1,0.0410884668014004,4.34281998065771,-2.57881250541434,0.0232926829268293,White_wavg
2025-09-20,263,2025,EHR-1,0.0727334671946946,3.19947705382369,-0.0768884098629741,0.0232926829268293,White_wavg
2025-09-21,264,2025,EHR-1,0.0381388955016666,2.02253446699885,-0.385157801482272,0.0232926829268293,White_wavg
2025-09-22,265,2025,EHR-1,0.129596280274568,4.5523536974116,1.01146566516146,0.0232926829268293,White_wavg
2025-09-23,266,2025,EHR-1,0.211793441530399,9.22490081401826,-0.132198088629387,0.0232926829268293,White_wavg
2025-09-24,267,2025,EHR-1,0.179236114538912,7.89325873698665,-0.198305128509801,0.0232926829268293,White_wavg
2025-09-25,268,2025,EHR-1,0.00883164131305262,0.823415215441159,-0.444255745456701,0.0232926829268293,White_wavg
2025-09-26,269,2025,EHR-1,0.212974468549184,8.65818977406576,0.485216729092919,0.0232926829268293,White_wavg
2025-09-27,270,2025,EHR-1,0.0446321197968602,1.60800887486445,0.308134488142109,0.0232926829268293,White_wavg
2025-09-28,271,2025,EHR-1,0.0759269325215819,3.25021677115913,0.00947352557894021,0.0232926829268293,White_wavg
2025-09-29,272,2025,EHR-1,0.0685197683386522,4.19192548325498,-1.25023909384687,0.0232926829268293,White_wavg
2025-09-30,273,2025,EHR-1,0.0408012041578111,3.620911507522,-1.86923677404529,0.0232926829268293,White_wavg
2025-10-01,274,2025,EHR-1,0.00186625321433007,2.87674019432096,-2.79661832857485,0.0232926829268293,White_wavg
2025-10-02,275,2025,EHR-1,0,-0.569062717899229,-14.0592717790625,0.0232926829268293,White_wavg
2025-10-03,276,2025,EHR-1,0,-8.23155455494913,5.14125687508091,0.0232926829268293,White_wavg
2025-10-04,277,2025,EHR-1,0,-3.22462719107328,2.79846298850473,0.0232926829268293,White_wavg
2025-10-05,278,2025,EHR-1,0,1.31222686971246,0.489160827564021,0.0232926829268293,White_wavg
2025-10-06,279,2025,EHR-1,-0.0482954546849076,-2.285450636256,0.212033209992953,0.0232926829268293,White_wavg
2025-10-07,280,2025,EHR-1,0.0473801977840536,1.52427688851091,0.509846785987726,0.0232926829268293,White_wavg
2025-10-08,281,2025,EHR-1,0.0542968604658135,0.945213854424722,1.38585554777251,0.0232926829268293,White_wavg
2025-10-09,282,2025,EHR-1,0.0391854411948806,0.960573846377201,0.721733053088876,0.0232926829268293,White_wavg
2025-10-10,283,2025,EHR-1,0.129114558785884,5.8539758916492,-0.310837765763061,0.0232926829268293,White_wavg
2025-10-11,284,2025,EHR-1,-0.0241806430197517,-0.278822171051687,-0.759299675869592,0.0232926829268293,White_wavg
2025-10-12,285,2025,EHR-1,0.140775885673823,5.42537483968242,0.618406639507903,0.0232926829268293,White_wavg
2025-10-13,286,2025,EHR-1,-0.0724421570850957,-2.18763012133678,-0.922452015300834,0.0232926829268293,White_wavg
2025-10-14,287,2025,EHR-1,0,3.32466646435141,-4.65053593880143,0.0232926829268293,White_wavg
2025-10-15,288,2025,EHR-1,0,12.5220963873655,-11.6856580508358,0.0232926829268293,White_wavg
2025-10-16,289,2025,EHR-1,0,-9.17910566777134,1.62115178931614,0.0232926829268293,White_wavg
2025-10-17,290,2025,EHR-1,0,-5.69683154424467,4.220487054417,0.0232926829268293,White_wavg
2025-10-18,291,2025,EHR-1,-0.0121465746343448,-2.30826181103012,1.78678583196401,0.0232926829268293,White_wavg
2025-10-19,292,2025,EHR-1,-0.0357205785391826,-2.99060376919478,1.45705013557542,0.0232926829268293,White_wavg
2025-10-20,293,2025,EHR-1,0.0596285895946123,3.09747852921269,-0.537507667035619,0.0232926829268293,White_wavg
2025-10-21,294,2025,EHR-1,-0.0297773891546316,-2.90861403524976,1.63021303489384,0.0232926829268293,White_wavg
2025-10-22,295,2025,EHR-1,0.0452744158935971,2.27194932244292,-0.328230943764929,0.0232926829268293,White_wavg
2025-10-23,296,2025,EHR-1,0.0760471214575467,2.98042530742966,0.284424933156117,0.0232926829268293,White_wavg
2025-10-24,297,2025,EHR-1,0.0624315059636216,1.43001026258278,1.25029522904914,0.0232926829268293,White_wavg
2025-10-25,298,2025,EHR-1,-0.00146374963338372,2.76649055559371,-2.82933216289081,0.0232926829268293,White_wavg
2025-10-26,299,2025,EHR-1,-0.31084787921744,0.968391200783714,-14.3136928216372,0.0232926829268293,White_wavg
2025-10-27,300,2025,EHR-1,-0.0276511050161376,-6.10857442748702,4.9214589241764,0.0232926829268293,White_wavg
2025-10-28,301,2025,EHR-1,-0.0392550075691599,-3.72551171761972,2.04021819894375,0.0232926829268293,White_wavg
2025-10-29,302,2025,EHR-1,-0.0340775766990378,-3.82291741027711,2.3599010284336,0.0232926829268293,White_wavg
2025-10-30,303,2025,EHR-1,-0.013274307209052,-2.96684781458332,2.39695609147218,0.0232926829268293,White_wavg
2019-06-03,154,2019,EWF-1,-0.120797907591859,-2.83781215354392,-0.42071300924764,0.0370713441072132,White_wavg
2019-06-04,155,2019,EWF-1,-0.101950601753331,-3.29769212059542,0.54757328329398,0.0370713441072132,White_wavg
2019-06-05,156,2019,EWF-1,0.129361547862575,0.65335066863558,2.83617880427619,0.0370713441072132,White_wavg
2019-06-06,157,2019,EWF-1,0.0882809718356629,-1.75868291932704,4.14006330791903,0.0370713441072132,White_wavg
2019-06-07,158,2019,EWF-1,-0.111507793121217,-6.74390095650498,3.73597675503206,0.0370713441072132,White_wavg
2019-06-08,159,2019,EWF-1,0.0169218398168043,-2.5523826446484,3.00884949861153,0.0370713441072132,White_wavg
2019-06-09,160,2019,EWF-1,0.0340138282081681,-3.33667946791498,4.2542029359014,0.0370713441072132,White_wavg
2019-06-10,161,2019,EWF-1,0.116845370848877,-1.52980890894943,4.68171434056667,0.0370713441072132,White_wavg
2019-06-11,162,2019,EWF-1,0.0487386241643662,-4.94394744978239,6.25867248439161,0.0370713441072132,White_wavg
2019-06-12,163,2019,EWF-1,-0.0262141527529495,-4.13742716289498,3.43030004397703,0.0370713441072132,White_wavg
2019-06-13,164,2019,EWF-1,-0.25293344620851,-13.3017572270586,6.47887415389548,0.0370713441072132,White_wavg
2019-06-14,165,2019,EWF-1,0.0624851241183829,-3.02791147656727,4.71344853013811,0.0370713441072132,White_wavg
2019-06-15,166,2019,EWF-1,0.0674370188706038,-3.42864579999858,5.24776028032523,0.0370713441072132,White_wavg
2019-06-16,167,2019,EWF-1,-0.290242524374811,-5.73443879945539,-2.09485715311129,0.0370713441072132,White_wavg
2019-06-17,168,2019,EWF-1,-0.013970584509124,-2.10146687213886,1.72461016932495,0.0370713441072132,White_wavg
2019-06-18,169,2019,EWF-1,0.163171956926371,1.49812741678166,2.90343828999351,0.0370713441072132,White_wavg
2019-06-19,170,2019,EWF-1,0.218372033260048,1.27811176173651,4.6124767377929,0.0370713441072132,White_wavg
2019-06-20,171,2019,EWF-1,-0.0143479203016833,-7.00905575388973,6.62202041305644,0.0370713441072132,White_wavg
2019-06-21,172,2019,EWF-1,-0.00694079118468312,-3.68891150941373,3.50168357495821,0.0370713441072132,White_wavg
2019-06-22,173,2019,EWF-1,-0.0279749240518894,-2.49270930219123,1.73808535408232,0.0370713441072132,White_wavg
2019-06-23,174,2019,EWF-1,-0.0387598234412787,-2.83014894295732,1.78460219047966,0.0370713441072132,White_wavg
2019-06-24,175,2019,EWF-1,-0.0379019677931505,-3.54705751806677,2.52465143309895,0.0370713441072132,White_wavg
2019-06-25,176,2019,EWF-1,-0.00196813857519322,-1.0135847606648,0.96049419644082,0.0370713441072132,White_wavg
2019-06-26,177,2019,EWF-1,-0.0674284020079164,-2.60689568895103,0.788013648609891,0.0370713441072132,White_wavg
2019-06-27,178,2019,EWF-1,-0.0418888987447569,-1.42558313598582,0.29562953560891,0.0370713441072132,White_wavg
2019-06-28,179,2019,EWF-1,-0.00945289277359666,-0.81776360652168,0.562771698317377,0.0370713441072132,White_wavg
2019-06-29,180,2019,EWF-1,-0.0274225212320305,-0.92872337368064,0.189000498979297,0.0370713441072132,White_wavg
2019-06-30,181,2019,EWF-1,0.0404645446654578,0.499433713620647,0.592097916536361,0.0370713441072132,White_wavg
2019-07-01,182,2019,EWF-1,-0.0438706239058389,-2.34788843344234,1.16447777050652,0.0370713441072132,White_wavg
2019-07-02,183,2019,EWF-1,-0.0842817115022869,-3.10404995526778,0.830549667321989,0.0370713441072132,White_wavg
2019-07-03,184,2019,EWF-1,-0.0352036441742099,-1.90910567777789,0.959486908293883,0.0370713441072132,White_wavg
2019-07-04,185,2019,EWF-1,0.0741884557461555,1.91806539033692,0.0831691894397579,0.0370713441072132,White_wavg
2019-07-05,186,2019,EWF-1,0.0205158349468932,0.488028046259672,0.0653868741046892,0.0370713441072132,White_wavg
2019-07-06,187,2019,EWF-1,0.129841758217997,2.73622254343198,0.766260610199694,0.0370713441072132,White_wavg
2019-07-07,188,2019,EWF-1,-0.0433101811501872,-2.55758920963558,1.38929649748221,0.0370713441072132,White_wavg
2019-07-08,189,2019,EWF-1,0.0383386687893214,0.977979928761783,0.0562061713818451,0.0370713441072132,White_wavg
2019-07-09,190,2019,EWF-1,-0.00965568083327766,-0.49487274872422,0.234410629914805,0.0370713441072132,White_wavg
2019-07-10,191,2019,EWF-1,0.0232350545403863,0.790139705036495,-0.163373799997046,0.0370713441072132,White_wavg
2019-07-11,192,2019,EWF-1,0.0785525585057842,0.685826376348018,1.43312993337207,0.0370713441072132,White_wavg
2019-07-12,193,2019,EWF-1,0.0677250682005459,1.00398152637595,0.822903088454297,0.0370713441072132,White_wavg
2019-07-13,194,2019,EWF-1,0.0258201709790519,0.037228309520998,0.659271145809726,0.0370713441072132,White_wavg
2019-07-14,195,2019,EWF-1,0.11409076356536,2.62936900600042,0.448230857533005,0.0370713441072132,White_wavg
2019-07-15,196,2019,EWF-1,0.166341434217019,3.37433185745186,1.1127305413634,0.0370713441072132,White_wavg
2019-07-16,197,2019,EWF-1,0.0604884655489455,0.666100349830145,0.965576812292923,0.0370713441072132,White_wavg
2019-07-17,198,2019,EWF-1,0.183521453051474,4.75910911541604,0.191384519794909,0.0370713441072132,White_wavg
2019-07-18,199,2019,EWF-1,0.181412052163806,4.09025066083228,0.803341857398181,0.0370713441072132,White_wavg
2019-07-19,200,2019,EWF-1,0.0958358298430427,1.88889804635681,0.696274737394376,0.0370713441072132,White_wavg
2019-07-20,201,2019,EWF-1,0.136266811729241,2.79576194278093,0.880037114710675,0.0370713441072132,White_wavg
2019-07-21,202,2019,EWF-1,0.10192484428681,2.80429722174347,-0.0548731924437647,0.0370713441072132,White_wavg
2019-07-22,203,2019,EWF-1,0.0572017027434367,0.978688963180161,0.564327728580594,0.0370713441072132,White_wavg
2019-07-23,204,2019,EWF-1,0.062289496807789,1.35153439716618,0.328725607101347,0.0370713441072132,White_wavg
2019-07-24,205,2019,EWF-1,-0.00943067864218945,-1.51269802597551,1.25830534426116,0.0370713441072132,White_wavg
2019-07-25,206,2019,EWF-1,0.0716581675084915,0.435314580950717,1.49766543998541,0.0370713441072132,White_wavg
2019-07-26,207,2019,EWF-1,0.133537873782959,3.94115033251805,-0.338964412397175,0.0370713441072132,White_wavg
2021-06-06,157,2021,EWF-1,0.0716603970649065,0.385654128292771,1.54738603495728,0.0370713441072132,White_wavg
2021-06-07,158,2021,EWF-1,-0.0137847556931605,-1.93332389494296,1.56147992690948,0.0370713441072132,White_wavg
2021-06-08,159,2021,EWF-1,-0.0379032006958455,-2.17160871840596,1.14916937587157,0.0370713441072132,White_wavg
2021-06-09,160,2021,EWF-1,0.0429003088559369,2.91639064134586,-1.75915423977742,0.0370713441072132,White_wavg
2021-06-10,161,2021,EWF-1,-0.0167118400911654,0.0592584967153584,-0.510060605288317,0.0370713441072132,White_wavg
2021-06-11,162,2021,EWF-1,-0.0509971664154483,-1.5129862535741,0.1373370117241,0.0370713441072132,White_wavg
2021-06-12,163,2021,EWF-1,-0.0508653518023988,-1.77951841646365,0.407424875552579,0.0370713441072132,White_wavg
2021-06-13,164,2021,EWF-1,-0.0692780128020423,-2.07706630493254,0.208290988837049,0.0370713441072132,White_wavg
2021-06-14,165,2021,EWF-1,-0.0763353886854432,-1.46150435275172,-0.597643771596708,0.0370713441072132,White_wavg
2021-06-15,166,2021,EWF-1,-0.0608814048471713,-0.548951720429301,-1.09332498448589,0.0370713441072132,White_wavg
2021-06-16,167,2021,EWF-1,-0.0905198835101345,-2.55702434990744,0.115249289139641,0.0370713441072132,White_wavg
2021-06-17,168,2021,EWF-1,-0.107709672039211,-3.56880159373318,0.66333175892747,0.0370713441072132,White_wavg
2021-06-18,169,2021,EWF-1,-0.100309252277892,-3.06599060731818,0.360147193931567,0.0370713441072132,White_wavg
2021-06-19,170,2021,EWF-1,-0.0869936384504266,-2.33224140374162,-0.0144131496739277,0.0370713441072132,White_wavg
2021-06-20,171,2021,EWF-1,-0.0673265988171067,-1.13209891094388,-0.684036986972117,0.0370713441072132,White_wavg
2021-06-21,172,2021,EWF-1,-0.179148747734298,-5.12409648548422,0.291556634320855,0.0370713441072132,White_wavg
2021-06-22,173,2021,EWF-1,-0.195935054187509,-6.1226769690951,0.837326278252888,0.0370713441072132,White_wavg
2021-06-23,174,2021,EWF-1,0.0674663501166859,2.16286276558546,-0.342957074505904,0.0370713441072132,White_wavg
2021-06-24,175,2021,EWF-1,0.0458324372181758,1.68862245458641,-0.452291851476232,0.0370713441072132,White_wavg
2021-06-25,176,2021,EWF-1,0.0901776362665117,2.34760734944265,0.0849355873796753,0.0370713441072132,White_wavg
2021-06-26,177,2021,EWF-1,-0.000974193056209042,0.28941494152707,-0.315693812166117,0.0370713441072132,White_wavg
2021-06-27,178,2021,EWF-1,0.0076674127360084,-0.226192297252936,0.433020857712833,0.0370713441072132,White_wavg
2021-06-28,179,2021,EWF-1,-0.107065592838963,-3.42372389495833,0.535628105139637,0.0370713441072132,White_wavg
2021-06-29,180,2021,EWF-1,-0.0335226279522603,0.165762287919335,-1.07003562247419,0.0370713441072132,White_wavg
2021-06-30,181,2021,EWF-1,-0.191604890069018,-5.18273497995168,0.0141905237571223,0.0370713441072132,White_wavg
2021-07-01,182,2021,EWF-1,-0.104712505091383,-3.23363128991159,0.409010073358289,0.0370713441072132,White_wavg
2021-07-02,183,2021,EWF-1,0.0542293653752749,1.35769556109935,0.105142290650491,0.0370713441072132,White_wavg
2021-07-03,184,2021,EWF-1,-0.720056131975261,1.66089100768767,-21.0844147378444,0.0370713441072132,White_wavg
2024-06-03,155,2024,EWF-1,-0.194926215553809,-6.63206566824499,1.37392841295511,0.0370713441072132,White_wavg
2024-06-04,156,2024,EWF-1,-0.0657301017675122,-1.93305710798026,0.159986739195801,0.0370713441072132,White_wavg
2024-06-05,157,2024,EWF-1,-0.0302501875215524,-2.47582590216808,1.65982669172493,0.0370713441072132,White_wavg
2024-06-06,158,2024,EWF-1,-0.0172763914638823,-2.26682405320022,1.80079316384489,0.0370713441072132,White_wavg
2024-06-07,159,2024,EWF-1,-0.0218522270321973,-3.21468679109387,2.62522267646671,0.0370713441072132,White_wavg
2024-06-08,160,2024,EWF-1,-0.0314326189493449,-2.76094650841716,1.91305119449385,0.0370713441072132,White_wavg
2024-06-09,161,2024,EWF-1,-0.0320664666630965,-1.79250156453077,0.927508200104654,0.0370713441072132,White_wavg
2024-06-10,162,2024,EWF-1,0.0146218741409243,-0.863206867378352,1.25763211666623,0.0370713441072132,White_wavg
2024-06-11,163,2024,EWF-1,-0.0244777472115053,-2.16589565931895,1.50560810295968,0.0370713441072132,White_wavg
2024-06-12,164,2024,EWF-1,0.0404169394715828,-0.812902557418084,1.9031500368376,0.0370713441072132,White_wavg
2024-06-13,165,2024,EWF-1,0.0244963073502035,-0.520594283122165,1.18138249946949,0.0370713441072132,White_wavg
2024-06-14,166,2024,EWF-1,-0.019794009744909,-2.98699878842217,2.45305511247497,0.0370713441072132,White_wavg
2024-06-15,167,2024,EWF-1,0.0264074552588568,-0.348310202702606,1.06065165928655,0.0370713441072132,White_wavg
2024-06-16,168,2024,EWF-1,-0.0296057107568918,-3.3147208394177,2.51610639826689,0.0370713441072132,White_wavg
2024-06-17,169,2024,EWF-1,-0.166660330009553,-4.45900874649507,-0.0366558705621998,0.0370713441072132,White_wavg
2024-06-18,170,2024,EWF-1,-0.0783633146224272,-2.66424148918105,0.55039003572972,0.0370713441072132,White_wavg
2024-06-19,171,2024,EWF-1,-0.0146834635553973,-1.04043273582946,0.644346111267595,0.0370713441072132,White_wavg
2024-06-20,172,2024,EWF-1,0.181810781660423,4.39042771623966,0.513920535461494,0.0370713441072132,White_wavg
2024-06-21,173,2024,EWF-1,0.115337535747985,2.54646103161917,0.564770528111154,0.0370713441072132,White_wavg
2024-06-22,174,2024,EWF-1,0.143173614995173,3.18020309570355,0.681907071683511,0.0370713441072132,White_wavg
2024-06-23,175,2024,EWF-1,0.0252059598735238,-1.11470239480167,1.79463349739741,0.0370713441072132,White_wavg
2024-06-24,176,2024,EWF-1,0.0590227258014637,0.359189147513121,1.23294966544077,0.0370713441072132,White_wavg
2024-06-25,177,2024,EWF-1,0.0183052524719231,-0.354824867301318,0.848609296022943,0.0370713441072132,White_wavg
2024-06-26,178,2024,EWF-1,0.0131126867805386,-1.03996720513271,1.39368210531588,0.0370713441072132,White_wavg
2024-06-27,179,2024,EWF-1,0.124273016087383,2.305571688143,1.04669457250229,0.0370713441072132,White_wavg
2024-06-28,180,2024,EWF-1,0.0334603388702303,-0.701187380894197,1.60378046663342,0.0370713441072132,White_wavg
2024-06-29,181,2024,EWF-1,0.15742337882167,3.75268661295212,0.493811123045518,0.0370713441072132,White_wavg
2024-06-30,182,2024,EWF-1,0.205963425280892,5.39390235856732,0.161963775803997,0.0370713441072132,White_wavg
2024-07-01,183,2024,EWF-1,0.0534297106718864,-0.113094850947704,1.55436200644559,0.0370713441072132,White_wavg
2024-07-02,184,2024,EWF-1,0.223936255551092,5.21060990058047,0.830073569202838,0.0370713441072132,White_wavg
2024-07-03,185,2024,EWF-1,0.160380892966437,3.47270948822103,0.853567231139436,0.0370713441072132,White_wavg
2024-07-04,186,2024,EWF-1,0.21965922459246,5.31569797137306,0.609612531455994,0.0370713441072132,White_wavg
2024-07-05,187,2024,EWF-1,0.265444342903372,5.3879892953955,1.77237538239136,0.0370713441072132,White_wavg
2024-07-06,188,2024,EWF-1,0.178165575888262,3.13838159404756,1.66763718350182,0.0370713441072132,White_wavg
2024-07-07,189,2024,EWF-1,0.270102495637932,5.843618327342,1.4424000823702,0.0370713441072132,White_wavg
2024-07-08,190,2024,EWF-1,0.289529066385756,6.274475176766,1.53557523706347,0.0370713441072132,White_wavg
2024-07-09,191,2024,EWF-1,0.162760302923592,3.31803347949133,1.07242785508764,0.0370713441072132,White_wavg
2024-07-10,192,2024,EWF-1,0.233048694183734,5.56142463316576,0.725066989844692,0.0370713441072132,White_wavg
2024-07-11,193,2024,EWF-1,0.104522119460356,2.24513476643793,0.574350795188039,0.0370713441072132,White_wavg
2024-07-12,194,2024,EWF-1,0.0846069810968051,2.52282269954662,-0.240548259965607,0.0370713441072132,White_wavg
2024-07-15,197,2024,EWF-1,-0.00426013069836164,0.019564249708111,-0.134481331916973,0.0370713441072132,White_wavg
2024-07-16,198,2024,EWF-1,0.133953881676156,2.97170471158114,0.641703026987798,0.0370713441072132,White_wavg
2024-07-17,199,2024,EWF-1,0.277804187333289,8.36858388790165,-0.874812242345527,0.0370713441072132,White_wavg
2024-07-18,200,2024,EWF-1,0.171501663717251,4.10770772900398,0.51855192916365,0.0370713441072132,White_wavg
2024-07-19,201,2024,EWF-1,0.223967199751483,5.56812220046115,0.473395989538972,0.0370713441072132,White_wavg
2024-07-20,202,2024,EWF-1,0.231724800112169,5.42534170661907,0.825437856215316,0.0370713441072132,White_wavg
2024-07-21,203,2024,EWF-1,0.251034530956588,5.94967618792452,0.82198362107988,0.0370713441072132,White_wavg
2024-07-22,204,2024,EWF-1,0.336778915921111,8.45803152190103,0.626584211133093,0.0370713441072132,White_wavg
2024-07-23,205,2024,EWF-1,0.195908018611787,5.7764829816382,-0.491861575810404,0.0370713441072132,White_wavg
2024-07-24,206,2024,EWF-1,0.197623702026767,4.91701114085501,0.413890847894663,0.0370713441072132,White_wavg
2024-07-25,207,2024,EWF-1,0.20853211475487,4.69433028833399,0.93082627873784,0.0370713441072132,White_wavg
2024-07-26,208,2024,EWF-1,0.223491213069639,3.88792425906649,2.14075418386466,0.0370713441072132,White_wavg
2024-07-27,209,2024,EWF-1,0.137369709168631,3.5997004635735,0.105849267004032,0.0370713441072132,White_wavg
2024-07-28,210,2024,EWF-1,0.147083999752248,3.11710360040536,0.850489247775954,0.0370713441072132,White_wavg
2024-07-29,211,2024,EWF-1,0.122729714391925,3.22534377941395,0.0852918974846517,0.0370713441072132,White_wavg
2024-07-30,212,2024,EWF-1,0.172329192335428,3.9041235851208,0.744458668520664,0.0370713441072132,White_wavg
2024-07-31,213,2024,EWF-1,0.305773547553233,7.86835296119506,0.379892548029304,0.0370713441072132,White_wavg
2024-08-01,214,2024,EWF-1,0.230223928521855,6.33106635249447,-0.120772820756613,0.0370713441072132,White_wavg
2024-08-02,215,2024,EWF-1,0.295377162078537,8.03772934006202,-0.0699264671938664,0.0370713441072132,White_wavg
2024-08-03,216,2024,EWF-1,-0.0486969294548688,0.943703607394355,-2.25730392666073,0.0370713441072132,White_wavg
2024-08-04,217,2024,EWF-1,0.0695564595101234,1.95795983541234,-0.081673415665577,0.0370713441072132,White_wavg
2024-08-05,218,2024,EWF-1,0.248395965606857,7.26752750227817,-0.567043028651426,0.0370713441072132,White_wavg
2024-08-06,219,2024,EWF-1,0.258524723790739,7.50761728738394,-0.533909427127639,0.0370713441072132,White_wavg
2024-08-07,220,2024,EWF-1,0.377587451801265,10.6713105011501,-0.485883970370608,0.0370713441072132,White_wavg
2024-08-08,221,2024,EWF-1,0.280953609514671,7.96516120542887,-0.386433854671608,0.0370713441072132,White_wavg
2024-08-09,222,2024,EWF-1,0.345055497584605,9.46530808938965,-0.157431455980358,0.0370713441072132,White_wavg
2024-08-10,223,2024,EWF-1,0.327372397420983,9.06170474895353,-0.230829977480539,0.0370713441072132,White_wavg
2024-08-11,224,2024,EWF-1,0.218637371237702,5.49721375069115,0.400532244312046,0.0370713441072132,White_wavg
2024-08-12,225,2024,EWF-1,0.241728054590243,5.94502368505192,0.575593800279791,0.0370713441072132,White_wavg
2024-08-13,226,2024,EWF-1,0.306071200238668,8.44503938206577,-0.188764687695738,0.0370713441072132,White_wavg
2024-08-14,227,2024,EWF-1,0.294042993323457,8.29602721195104,-0.364213558983366,0.0370713441072132,White_wavg
2024-08-15,228,2024,EWF-1,0.16596192090808,4.22031321170024,0.256511810562358,0.0370713441072132,White_wavg
2024-08-16,229,2024,EWF-1,0.15611338360872,3.35003131900638,0.861129278711047,0.0370713441072132,White_wavg
2024-08-17,230,2024,EWF-1,0.272529237551715,6.95450719882919,0.396972606260661,0.0370713441072132,White_wavg
2024-08-18,231,2024,EWF-1,0.299371380542353,8.47238224085652,-0.396835271840573,0.0370713441072132,White_wavg
2024-08-19,232,2024,EWF-1,0.29806870239014,8.42089620482915,-0.380488996282779,0.0370713441072132,White_wavg
2024-08-20,233,2024,EWF-1,0.407236777943484,10.7205648830191,0.264652614510112,0.0370713441072132,White_wavg
2024-08-21,234,2024,EWF-1,0.302554814235579,8.30386500148404,-0.142444866282943,0.0370713441072132,White_wavg
2024-08-22,235,2024,EWF-1,0.283512121949318,6.315908250523,1.33183500716356,0.0370713441072132,White_wavg
2024-08-23,236,2024,EWF-1,0.257559232693132,10.1516470649273,-3.20398333986115,0.0370713441072132,White_wavg
2024-08-24,237,2024,EWF-1,0.0157689543234519,5.64816382245184,-5.22279606999466,0.0370713441072132,White_wavg
2024-08-25,238,2024,EWF-1,-0.0101191989443897,2.02468128301661,-2.29764680903379,0.0370713441072132,White_wavg
2024-08-26,239,2024,EWF-1,0.180323359813828,5.56108508948614,-0.696860061865934,0.0370713441072132,White_wavg
2024-08-27,240,2024,EWF-1,0.326289818740313,8.3734197840279,0.428252413145657,0.0370713441072132,White_wavg
2024-08-28,241,2024,EWF-1,0.257545267956584,6.58810165324061,0.359185372871607,0.0370713441072132,White_wavg
2024-08-29,242,2024,EWF-1,0.341921951015059,9.30531726704444,-0.081968093996025,0.0370713441072132,White_wavg
2024-08-30,243,2024,EWF-1,0.305723839700142,8.61111666658019,-0.364212027353616,0.0370713441072132,White_wavg
2024-08-31,244,2024,EWF-1,0.321541011591762,8.75030136726025,-0.0767283060342976,0.0370713441072132,White_wavg
2024-09-01,245,2024,EWF-1,0.229895836159212,5.90224522643541,0.299198009459545,0.0370713441072132,White_wavg
2024-09-02,246,2024,EWF-1,0.279526428811648,7.98833699148918,-0.448107859164352,0.0370713441072132,White_wavg
2024-09-03,247,2024,EWF-1,0.250028854242946,8.09811142728023,-1.35357976099257,0.0370713441072132,White_wavg
2024-09-04,248,2024,EWF-1,0.268809188566448,7.72274436381619,-0.471612929546339,0.0370713441072132,White_wavg
2024-09-05,249,2024,EWF-1,0.357892160693925,10.0804819066873,-0.426336115294575,0.0370713441072132,White_wavg
2024-09-06,250,2024,EWF-1,0.329921792464574,8.17850175097621,0.721142985681141,0.0370713441072132,White_wavg
2024-09-07,251,2024,EWF-1,0.382602624946005,9.65999713061612,0.660713762398402,0.0370713441072132,White_wavg
2024-09-08,252,2024,EWF-1,0.358260256414602,10.7773352304384,-1.11326005208809,0.0370713441072132,White_wavg
2024-09-09,253,2024,EWF-1,0.336279135084527,9.96877617358436,-0.897642035259594,0.0370713441072132,White_wavg
2024-09-10,254,2024,EWF-1,0.358689471689718,8.72607040504332,0.949582861057834,0.0370713441072132,White_wavg
2024-09-11,255,2024,EWF-1,0.304802449937362,9.60756615417134,-1.38551601604175,0.0370713441072132,White_wavg
2024-09-12,256,2024,EWF-1,0.0740842060673666,2.29608245377833,-0.297660010472541,0.0370713441072132,White_wavg
2024-09-13,257,2024,EWF-1,0.206903507059777,5.92195125661598,-0.340726403764791,0.0370713441072132,White_wavg
2024-09-14,258,2024,EWF-1,0.321118962085007,8.8098352974821,-0.147647027310242,0.0370713441072132,White_wavg
2024-09-15,259,2024,EWF-1,0.369554588566,10.6322272129624,-0.663487274717411,0.0370713441072132,White_wavg
2024-09-16,260,2024,EWF-1,0.0409152166860499,2.92328958013681,-1.81960106623454,0.0370713441072132,White_wavg
2024-09-17,261,2024,EWF-1,0.0800902754543099,3.88854657482045,-1.72811032997639,0.0370713441072132,White_wavg
2024-09-18,262,2024,EWF-1,-0.00988023088754076,0.791389701709022,-1.05790906121663,0.0370713441072132,White_wavg
2024-09-19,263,2024,EWF-1,-0.020600055444961,0.52042871027939,-1.07611547969849,0.0370713441072132,White_wavg
2024-09-20,264,2024,EWF-1,0.0164325367803889,1.5567832971937,-1.11351539914111,0.0370713441072132,White_wavg
2024-09-21,265,2024,EWF-1,0.0710316111391388,2.92974332491269,-1.01366467036729,0.0370713441072132,White_wavg
2024-09-22,266,2024,EWF-1,0.0528208099590845,3.12123678889336,-1.69639473821609,0.0370713441072132,White_wavg
2024-09-23,267,2024,EWF-1,0.0133686631873104,1.39089896180553,-1.03027909464757,0.0370713441072132,White_wavg
2024-09-24,268,2024,EWF-1,0.0413537245015063,1.50993712767709,-0.394419859624762,0.0370713441072132,White_wavg
2024-09-25,269,2024,EWF-1,0.12300953864233,4.57191591976027,-1.2537319799879,0.0370713441072132,White_wavg
2024-09-26,270,2024,EWF-1,-0.142389201615861,-2.24832103697179,-1.59262956908285,0.0370713441072132,White_wavg
2024-09-27,271,2024,EWF-1,-0.00549205564288419,0.624394734743959,-0.772543008704588,0.0370713441072132,White_wavg
2024-09-28,272,2024,EWF-1,-0.00959553369009446,0.270713161361869,-0.529552810184512,0.0370713441072132,White_wavg
2024-09-29,273,2024,EWF-1,0.053739845619783,3.15361814046247,-1.70398509062314,0.0370713441072132,White_wavg
2024-09-30,274,2024,EWF-1,0.0830308540486712,4.21874844734256,-1.97899005583295,0.0370713441072132,White_wavg
2024-10-01,275,2024,EWF-1,0.101356733833624,3.84614171856796,-1.1120424762936,0.0370713441072132,White_wavg
2024-10-02,276,2024,EWF-1,0.0774369496698146,2.0666163921085,0.0222463544339746,0.0370713441072132,White_wavg
2024-10-03,277,2024,EWF-1,0.0286909029027801,1.57606939895345,-0.802131911825825,0.0370713441072132,White_wavg
2024-10-04,278,2024,EWF-1,0.0266420916888605,2.13517229086477,-1.41650151346298,0.0370713441072132,White_wavg
2024-10-05,279,2024,EWF-1,-0.0236415302176134,0.520590008380538,-1.15832060021557,0.0370713441072132,White_wavg
2024-10-06,280,2024,EWF-1,0.00306409183590119,0.840872736565814,-0.758218818568139,0.0370713441072132,White_wavg
2024-10-07,281,2024,EWF-1,-0.00532566597676736,-0.39378288774077,0.250122977235094,0.0370713441072132,White_wavg
2024-10-08,282,2024,EWF-1,-0.0114910225288964,-0.198172210869529,-0.111798274572365,0.0370713441072132,White_wavg
2024-10-09,283,2024,EWF-1,0.00246381468989742,1.16186185290456,-1.09540041889851,0.0370713441072132,White_wavg
2024-10-10,284,2024,EWF-1,0.0291650689315487,1.43256491344275,-0.64583679138704,0.0370713441072132,White_wavg
2024-10-11,285,2024,EWF-1,0.0906580820752535,3.40909877075109,-0.963595801852435,0.0370713441072132,White_wavg
2024-10-12,286,2024,EWF-1,-0.0227112844484335,-0.0911490902052208,-0.521488109642476,0.0370713441072132,White_wavg
2024-10-13,287,2024,EWF-1,-0.0216822826090023,-0.406571600486672,-0.178308261066107,0.0370713441072132,White_wavg
2024-10-14,288,2024,EWF-1,-0.0052232395434525,0.330144807571031,-0.471041763676709,0.0370713441072132,White_wavg
2024-10-15,289,2024,EWF-1,0.0468831296161869,1.9783087554984,-0.713635710987333,0.0370713441072132,White_wavg
2024-10-16,290,2024,EWF-1,0.0349501522868615,1.15537806127506,-0.212597238821388,0.0370713441072132,White_wavg
2024-10-17,291,2024,EWF-1,-0.0549762812872557,1.04388737249681,-2.52687329089945,0.0370713441072132,White_wavg
2024-10-18,292,2024,EWF-1,0.0303291596770958,5.54009359181964,-4.7219641064311,0.0370713441072132,White_wavg
2024-10-19,293,2024,EWF-1,-0.0171618377869671,0.639784665105481,-1.10272546750352,0.0370713441072132,White_wavg
2024-10-20,294,2024,EWF-1,0.112382786036067,3.8878401960869,-0.856313049106561,0.0370713441072132,White_wavg
2024-10-21,295,2024,EWF-1,-0.00657531002822153,0.199166363061607,-0.376535438464032,0.0370713441072132,White_wavg
2024-10-22,296,2024,EWF-1,-0.0346121211989761,-0.330296950042452,-0.603365479322804,0.0370713441072132,White_wavg
2024-10-23,297,2024,EWF-1,0.0118226318449115,0.449688442552485,-0.130772791403729,0.0370713441072132,White_wavg
2024-10-24,298,2024,EWF-1,0.058138822117634,1.7311071279305,-0.162811628595705,0.0370713441072132,White_wavg
2024-10-25,299,2024,EWF-1,-0.0475118864171375,-0.231573261086425,-1.05006050648697,0.0370713441072132,White_wavg
2024-10-26,300,2024,EWF-1,-0.0266597230306381,-0.351642377359383,-0.367504005721202,0.0370713441072132,White_wavg
2024-10-27,301,2024,EWF-1,-0.0758618871982212,-3.31651931087151,1.27014389543412,0.0370713441072132,White_wavg
2024-10-28,302,2024,EWF-1,-0.223070265651326,-6.12705942524445,0.109736044517021,0.0370713441072132,White_wavg
2024-10-29,303,2024,EWF-1,-0.176861104931557,-3.99110097164592,-0.779729684508894,0.0370713441072132,White_wavg
2024-10-30,304,2024,EWF-1,-0.0436210908530295,-0.606644473282671,-0.570035032237115,0.0370713441072132,White_wavg
2024-10-31,305,2024,EWF-1,-0.151192766488502,-3.43336517858251,-0.645061706918071,0.0370713441072132,White_wavg
2024-11-01,306,2024,EWF-1,0.137328004566021,3.30456645903152,0.399858289336308,0.0370713441072132,White_wavg
2024-11-02,307,2024,EWF-1,-0.0508193291593681,0.220304180036777,-1.59115625954041,0.0370713441072132,White_wavg
2024-11-03,308,2024,EWF-1,-0.084676395376062,-0.493482503759822,-1.79066438692672,0.0370713441072132,White_wavg
2024-11-04,309,2024,EWF-1,-0.0214286785836928,0.16754337292997,-0.745582262529425,0.0370713441072132,White_wavg
2024-11-05,310,2024,EWF-1,-0.144964411539774,-4.75988159730778,0.849464669328981,0.0370713441072132,White_wavg
2024-11-06,311,2024,EWF-1,0.0745313656359255,2.03499301208723,-0.0245084334764556,0.0370713441072132,White_wavg
2024-11-07,312,2024,EWF-1,0.105059804480811,2.2934623791603,0.540527243038724,0.0370713441072132,White_wavg
2024-11-08,313,2024,EWF-1,0.10328143171044,2.12080674136175,0.665211251720521,0.0370713441072132,White_wavg
2024-11-09,314,2024,EWF-1,0.370773597251152,-0.168022060547514,10.1696447742761,0.0370713441072132,White_wavg
2025-05-27,147,2025,EWF-1,-0.0450082918487105,-2.23362747152262,1.01952820070733,0.0370713441072132,White_wavg
2025-05-28,148,2025,EWF-1,-0.0624996869693395,-3.15107451898587,1.46514463231692,0.0370713441072132,White_wavg
2025-05-29,149,2025,EWF-1,-0.00451788851176933,-0.853921652403898,0.732051549752555,0.0370713441072132,White_wavg
2025-05-30,150,2025,EWF-1,0.0451896876460141,0.0723873911873341,1.14660503367112,0.0370713441072132,White_wavg
2025-05-31,151,2025,EWF-1,0.0615370109831024,-0.398618385770533,2.05858007491599,0.0370713441072132,White_wavg
2025-06-01,152,2025,EWF-1,-0.060886959775963,-3.8728826953236,2.23045614613042,0.0370713441072132,White_wavg
2025-06-02,153,2025,EWF-1,0.0268345003459255,-0.517537668683275,1.24139867216667,0.0370713441072132,White_wavg
2025-06-03,154,2025,EWF-1,0.0976092167881747,1.09773403103159,1.53527588913427,0.0370713441072132,White_wavg
2025-06-04,155,2025,EWF-1,-0.00934473878517459,-1.77827750994584,1.52620305701667,0.0370713441072132,White_wavg
2025-06-05,156,2025,EWF-1,0.0337717881152036,-0.00847487405906122,0.919469307320853,0.0370713441072132,White_wavg
2025-06-06,157,2025,EWF-1,-0.0417622309796999,-1.8129116049777,0.68637486924672,0.0370713441072132,White_wavg
2025-06-07,158,2025,EWF-1,0.0395512511777161,0.623451429038454,0.443444097148316,0.0370713441072132,White_wavg
2025-06-08,159,2025,EWF-1,-0.0314931096586932,-1.23176157772775,0.382234526115795,0.0370713441072132,White_wavg
2025-06-09,160,2025,EWF-1,0.00311288382884625,-1.00149706011123,1.08546714276709,0.0370713441072132,White_wavg
2025-06-10,161,2025,EWF-1,0.115757970246549,1.89405706345096,1.22851572246604,0.0370713441072132,White_wavg
2025-06-11,162,2025,EWF-1,0.106629805290249,1.80568755653567,1.07065285836451,0.0370713441072132,White_wavg
2025-06-12,163,2025,EWF-1,0.0464815507042183,-0.221947038912788,1.4757874869362,0.0370713441072132,White_wavg
2025-06-13,164,2025,EWF-1,-0.0603254162372851,-3.21629107334545,1.58901216857147,0.0370713441072132,White_wavg
2025-06-14,165,2025,EWF-1,0.0033455505283016,-0.791529169604388,0.881775439570376,0.0370713441072132,White_wavg
2025-06-15,166,2025,EWF-1,0.0598861411398811,-0.16061307164037,1.77604252482355,0.0370713441072132,White_wavg
2025-06-16,167,2025,EWF-1,0.0169200080292501,-0.513215369906334,0.969632811375845,0.0370713441072132,White_wavg
2025-06-17,168,2025,EWF-1,0.0359568157392807,-0.716065075199566,1.68600065766161,0.0370713441072132,White_wavg
2025-06-18,169,2025,EWF-1,0.180313148716031,2.96203952889056,1.90191005423088,0.0370713441072132,White_wavg
2025-06-19,170,2025,EWF-1,0.171228157152553,2.02710734420859,2.59177447074119,0.0370713441072132,White_wavg
2025-06-20,171,2025,EWF-1,0.0714680436549613,0.921345954769265,1.00650547269099,0.0370713441072132,White_wavg
2025-06-21,172,2025,EWF-1,0.0312758723218718,2.12895042728559,-1.28528335572165,0.0370713441072132,White_wavg
2025-06-22,173,2025,EWF-1,-0.0048942078496913,1.27695672911656,-1.40897805090994,0.0370713441072132,White_wavg
2025-06-23,174,2025,EWF-1,0.0487311359050384,1.63222311468849,-0.317700075974159,0.0370713441072132,White_wavg
2025-06-24,175,2025,EWF-1,0.148041659333982,4.2050473715594,-0.211621643432736,0.0370713441072132,White_wavg
2025-06-25,176,2025,EWF-1,0.207771950821781,4.39503916001161,1.20961197486196,0.0370713441072132,White_wavg
2025-06-26,177,2025,EWF-1,0.30809667519569,7.11228918516613,1.19862272308976,0.0370713441072132,White_wavg
2025-06-27,178,2025,EWF-1,0.288202157589288,7.21157268415089,0.562684347258184,0.0370713441072132,White_wavg
2025-06-28,179,2025,EWF-1,0.208787426594619,4.48497190717023,1.14707170017212,0.0370713441072132,White_wavg
2025-06-29,180,2025,EWF-1,0.286445654590341,5.57086644094511,2.15600889872204,0.0370713441072132,White_wavg
2025-06-30,181,2025,EWF-1,0.200803807138032,3.84594959343403,1.57073577295819,0.0370713441072132,White_wavg
2025-07-01,182,2025,EWF-1,0.204519648474372,4.75257766052022,0.764342575306287,0.0370713441072132,White_wavg
2025-07-02,183,2025,EWF-1,0.110534894480501,1.03086131163334,1.95081893607565,0.0370713441072132,White_wavg
2025-07-03,184,2025,EWF-1,0.204769540459265,4.29540731223597,1.22825376320428,0.0370713441072132,White_wavg
2025-07-04,185,2025,EWF-1,0.0944778433637619,2.53143005932839,0.0171110210954737,0.0370713441072132,White_wavg
2025-07-05,186,2025,EWF-1,0.144644440693624,3.14098304697686,0.760802663174374,0.0370713441072132,White_wavg
2025-07-06,187,2025,EWF-1,0.252090864590628,4.88011749021288,1.92003693260926,0.0370713441072132,White_wavg
2025-07-07,188,2025,EWF-1,0.215423289107996,5.29449813125385,0.51654795558278,0.0370713441072132,White_wavg
2025-07-08,189,2025,EWF-1,0.329514116311021,8.39279038491756,0.495857282079371,0.0370713441072132,White_wavg
2025-07-09,190,2025,EWF-1,0.235273466252278,5.87795763084418,0.468547248284253,0.0370713441072132,White_wavg
2025-07-10,191,2025,EWF-1,0.204897458836174,4.16057777473,1.3665339006275,0.0370713441072132,White_wavg
2025-07-11,192,2025,EWF-1,0.219902624878575,5.15574385322708,0.776132375554894,0.0370713441072132,White_wavg
2025-07-12,193,2025,EWF-1,0.0790831286922312,1.1617678648733,0.971500582677905,0.0370713441072132,White_wavg
2025-07-13,194,2025,EWF-1,0.237680876521386,5.70060028937812,0.71084451375593,0.0370713441072132,White_wavg
2025-07-14,195,2025,EWF-1,0.31513046352712,7.08374009295466,1.41690834902624,0.0370713441072132,White_wavg
2025-07-15,196,2025,EWF-1,0.184347885101358,3.68650839074945,1.28627825999106,0.0370713441072132,White_wavg
2025-07-16,197,2025,EWF-1,0.204373098766987,4.70579032575324,0.80717672976877,0.0370713441072132,White_wavg
2025-07-17,198,2025,EWF-1,0.13825535479964,3.23175162010938,0.497688413135563,0.0370713441072132,White_wavg
2025-07-18,199,2025,EWF-1,0.129197056427929,2.83137870127797,0.653713612998018,0.0370713441072132,White_wavg
2025-07-19,200,2025,EWF-1,0.271641555005131,6.20800793533158,1.11952662126615,0.0370713441072132,White_wavg
2025-07-20,201,2025,EWF-1,0.177884334071195,3.69781718276454,1.10061509303154,0.0370713441072132,White_wavg
2025-07-21,202,2025,EWF-1,0.199827402359495,4.53496756294447,0.85537927156949,0.0370713441072132,White_wavg
2025-07-22,203,2025,EWF-1,0.0992252202861845,2.49118103700425,0.185420598998405,0.0370713441072132,White_wavg
2025-07-23,204,2025,EWF-1,0.0852797275029609,1.98356313817567,0.31685864465274,0.0370713441072132,White_wavg
2025-07-24,205,2025,EWF-1,0.330922376976731,9.50817838944937,-0.581542872278021,0.0370713441072132,White_wavg
2025-07-25,206,2025,EWF-1,0.234475634571653,7.12282037903407,-0.797837020094306,0.0370713441072132,White_wavg
2025-07-26,207,2025,EWF-1,0.183342203251283,5.83577375748354,-0.890115388015119,0.0370713441072132,White_wavg
2025-07-27,208,2025,EWF-1,0.173216664323721,4.74324756415751,-0.0707257418366112,0.0370713441072132,White_wavg
2025-07-28,209,2025,EWF-1,0.246335147238058,6.16778357382475,0.477110296913708,0.0370713441072132,White_wavg
2025-07-29,210,2025,EWF-1,0.287499108470016,7.68317239564658,0.0721198764260578,0.0370713441072132,White_wavg
2025-07-30,211,2025,EWF-1,0.209567789152956,4.80692155831468,0.846172339410458,0.0370713441072132,White_wavg
2025-07-31,212,2025,EWF-1,0.245696869388699,6.99661914191165,-0.368942824642858,0.0370713441072132,White_wavg
2025-08-01,213,2025,EWF-1,0.261750495194987,6.99814273483264,0.0625803519263286,0.0370713441072132,White_wavg
2025-08-02,214,2025,EWF-1,0.187732941226693,4.421504473612,0.642594111099527,0.0370713441072132,White_wavg
2025-08-03,215,2025,EWF-1,0.375101041209622,9.26026449322563,0.858091078797884,0.0370713441072132,White_wavg
2025-08-04,216,2025,EWF-1,0.22621412844683,5.5824820733489,0.519647048071704,0.0370713441072132,White_wavg
2025-08-05,217,2025,EWF-1,0.229591816696468,6.62292722070066,-0.42968491385389,0.0370713441072132,White_wavg
2025-08-06,218,2025,EWF-1,0.25620895350413,6.12068916593245,0.790550760064122,0.0370713441072132,White_wavg
2025-08-07,219,2025,EWF-1,0.329587766146485,7.95875244494209,0.93188192734533,0.0370713441072132,White_wavg
2025-08-08,220,2025,EWF-1,0.40311385186096,10.5540570763235,0.319944435332616,0.0370713441072132,White_wavg
2025-08-09,221,2025,EWF-1,0.329823247108208,9.02234134090776,-0.125354866548122,0.0370713441072132,White_wavg
2025-08-10,222,2025,EWF-1,0.188825155530301,5.14530171844365,-0.0517406383758896,0.0370713441072132,White_wavg
2025-08-11,223,2025,EWF-1,0.363500327323517,8.93878949269555,0.866636668067486,0.0370713441072132,White_wavg
2025-08-12,224,2025,EWF-1,0.216518244094245,5.2179574127909,0.622625099352632,0.0370713441072132,White_wavg
2025-08-13,225,2025,EWF-1,0.131370837070996,2.82531016403738,0.718419911976639,0.0370713441072132,White_wavg
2025-08-14,226,2025,EWF-1,0.136359802914963,2.20146187738339,1.47684561857898,0.0370713441072132,White_wavg
2025-08-15,227,2025,EWF-1,0.184675095569427,4.14581491925441,0.835798238211169,0.0370713441072132,White_wavg
2025-08-16,228,2025,EWF-1,0.31506868682777,8.2347495208611,0.264232493833759,0.0370713441072132,White_wavg
2025-08-17,229,2025,EWF-1,0.176152040069395,3.83129278574228,0.920410836331683,0.0370713441072132,White_wavg
2025-08-18,230,2025,EWF-1,0.179476295580045,5.61197205650825,-0.770596597852489,0.0370713441072132,White_wavg
2025-08-19,231,2025,EWF-1,0.137443460090389,4.30516477806776,-0.5976256153956,0.0370713441072132,White_wavg
2025-08-20,232,2025,EWF-1,0.207200059686477,5.88079737637065,-0.29157301247281,0.0370713441072132,White_wavg
2025-08-21,233,2025,EWF-1,0.234745010806117,5.9722401073945,0.360009679050137,0.0370713441072132,White_wavg
2025-08-22,234,2025,EWF-1,0.303352402674456,7.76116093656145,0.421774157378962,0.0370713441072132,White_wavg
2025-08-23,235,2025,EWF-1,0.234858371123909,8.00830875655123,-1.6730010740275,0.0370713441072132,White_wavg
2025-08-24,236,2025,EWF-1,0,2.43261984775404,-2.17125706730937,0.0370713441072132,White_wavg
2025-08-25,237,2025,EWF-1,0,4.4070292578287,-4.36991932880633,0.0370713441072132,White_wavg
2025-08-26,238,2025,EWF-1,0,7.61220163138177,-5.55821546923346,0.0370713441072132,White_wavg
2025-08-27,239,2025,EWF-1,0,4.24706386373401,-4.15083092963631,0.0370713441072132,White_wavg
2025-08-28,240,2025,EWF-1,0,3.66736376915711,-1.61296612583826,0.0370713441072132,White_wavg
2025-08-29,241,2025,EWF-1,0.186091729391217,7.02096431814292,-2.00113744450636,0.0370713441072132,White_wavg
2025-08-30,242,2025,EWF-1,0.214999962436278,6.6747007048555,-0.875073860614791,0.0370713441072132,White_wavg
2025-08-31,243,2025,EWF-1,0.253004031734049,8.13166807789787,-1.30688095924522,0.0370713441072132,White_wavg
2025-09-01,244,2025,EWF-1,0.207922883990827,6.78928242901216,-1.18055986989756,0.0370713441072132,White_wavg
2025-09-02,245,2025,EWF-1,0,7.46585445419234,-2.30220130420484,0.0370713441072132,White_wavg
2025-09-03,246,2025,EWF-1,0,5.34118474196248,-1.72843168192038,0.0370713441072132,White_wavg
2025-09-04,247,2025,EWF-1,0,3.62343641893474,-0.63152684409431,0.0370713441072132,White_wavg
2025-09-05,248,2025,EWF-1,0,3.62010934510457,-1.89988137017156,0.0370713441072132,White_wavg
2025-09-06,249,2025,EWF-1,0.0467511945265654,3.89183678059877,-2.63072268688376,0.0370713441072132,White_wavg
2025-09-07,250,2025,EWF-1,-0.00535504898233472,2.23774419753227,-2.38219671500364,0.0370713441072132,White_wavg
2025-09-08,251,2025,EWF-1,0.0100811169490675,1.2243435336373,-0.952405269950063,0.0370713441072132,White_wavg
2025-09-09,252,2025,EWF-1,0.106965940323317,3.70960413631738,-0.824196474432696,0.0370713441072132,White_wavg
2025-09-10,253,2025,EWF-1,0.13418225806659,5.87706079145747,-2.25749259672128,0.0370713441072132,White_wavg
2025-09-11,254,2025,EWF-1,0.0105930344507312,3.29258745315255,-3.00684020805414,0.0370713441072132,White_wavg
2025-09-12,255,2025,EWF-1,0.0190576509291119,3.18910249077283,-2.67502210366855,0.0370713441072132,White_wavg
2025-09-13,256,2025,EWF-1,0.0307902449378684,4.28503648755165,-3.45446922112558,0.0370713441072132,White_wavg
2025-09-14,257,2025,EWF-1,-0.0044908831807602,3.71409600934669,-3.83523764283514,0.0370713441072132,White_wavg
2025-09-15,258,2025,EWF-1,0.0892657481227855,6.77689143544669,-4.36894669342109,0.0370713441072132,White_wavg
2025-09-16,259,2025,EWF-1,-0.03656010456771,2.02233362605071,-3.00854293267783,0.0370713441072132,White_wavg
2025-09-17,260,2025,EWF-1,-0.0431195850466689,-0.0184086846672926,-1.1447426950605,0.0370713441072132,White_wavg
2025-09-18,261,2025,EWF-1,-0.0033684128811391,0.0181277285619785,-0.108990710799617,0.0370713441072132,White_wavg
2025-09-19,262,2025,EWF-1,-0.0517867912510942,0.0343955739644741,-1.43134495625077,0.0370713441072132,White_wavg
2025-09-20,263,2025,EWF-1,0.0073501640761732,2.06719142196476,-1.86892064832041,0.0370713441072132,White_wavg
2025-09-21,264,2025,EWF-1,-0.0720988986097025,-1.20928758109397,-0.73558116715499,0.0370713441072132,White_wavg
2025-09-22,265,2025,EWF-1,0.031107181516293,1.49819761025296,-0.659080975411541,0.0370713441072132,White_wavg
2025-09-23,266,2025,EWF-1,0.155308250161715,5.21189434803557,-1.022452235752,0.0370713441072132,White_wavg
2025-09-24,267,2025,EWF-1,0.0875583155870585,3.09886073346775,-0.736974006786539,0.0370713441072132,White_wavg
2025-09-25,268,2025,EWF-1,-0.140491814410673,-4.93517211750927,1.14540355653237,0.0370713441072132,White_wavg
2025-09-26,269,2025,EWF-1,0.148961601785607,4.76330126224309,-0.745060074257083,0.0370713441072132,White_wavg
2025-09-27,270,2025,EWF-1,-0.0873009163004021,-2.70612107695212,0.351177699449508,0.0370713441072132,White_wavg
2025-09-28,271,2025,EWF-1,-0.0903358505056025,-1.95743023738189,-0.479380530642715,0.0370713441072132,White_wavg
2025-09-29,272,2025,EWF-1,0.00738346282640162,-0.248770873915618,0.447939881789949,0.0370713441072132,White_wavg
2025-09-30,273,2025,EWF-1,0.0230166033746155,1.82024518665469,-1.1993720047153,0.0370713441072132,White_wavg
2025-10-01,274,2025,EWF-1,-0.0128496930049454,1.55948033805728,-1.90610097764842,0.0370713441072132,White_wavg
2025-10-02,275,2025,EWF-1,0,1.40853279850788,-7.95328180232833,0.0370713441072132,White_wavg
2025-10-03,276,2025,EWF-1,0,4.01158906441381,-0.748354212718816,0.0370713441072132,White_wavg
2025-10-04,277,2025,EWF-1,0,-1.84479778414683,1.86714337118552,0.0370713441072132,White_wavg
2025-10-05,278,2025,EWF-1,0,-0.246443782443606,1.45912328307939,0.0370713441072132,White_wavg
2025-10-06,279,2025,EWF-1,-0.0997556000691239,-3.48264074301139,0.791732105314765,0.0370713441072132,White_wavg
2025-10-07,280,2025,EWF-1,0.0280702719839758,-0.0342795088570824,0.791475468701279,0.0370713441072132,White_wavg
2025-10-08,281,2025,EWF-1,0.00936611762693596,-1.74744021153512,2.00009135900494,0.0370713441072132,White_wavg
2025-10-09,282,2025,EWF-1,-0.00838054985759928,-1.07674486363973,0.850679419846756,0.0370713441072132,White_wavg
2025-10-10,283,2025,EWF-1,0.13799940075921,3.69414649486899,0.028389174733519,0.0370713441072132,White_wavg
2025-10-11,284,2025,EWF-1,-0.124466356667304,-3.45332089650756,0.0958392711492451,0.0370713441072132,White_wavg
2025-10-12,285,2025,EWF-1,0.136492109342902,3.51056519265356,0.171311270960928,0.0370713441072132,White_wavg
2025-10-13,286,2025,EWF-1,-0.132255881311504,-3.09588366041456,-0.471720495750105,0.0370713441072132,White_wavg
2025-10-14,287,2025,EWF-1,0,4.34933522274861,-3.33147309095558,0.0370713441072132,White_wavg
2025-10-15,288,2025,EWF-1,0,3.70340023852407,-7.70761936340616,0.0370713441072132,White_wavg
2025-10-16,289,2025,EWF-1,0,2.99930959813572,-1.98936330689286,0.0370713441072132,White_wavg
2025-10-17,290,2025,EWF-1,0,-1.73230234557167,0.980978373326202,0.0370713441072132,White_wavg
2025-10-18,291,2025,EWF-1,-0.011424050188617,-1.28649997409909,0.978336068426344,0.0370713441072132,White_wavg
2025-10-19,292,2025,EWF-1,-0.0563451297576176,-3.52503000902438,2.00511938494063,0.0370713441072132,White_wavg
2025-10-20,293,2025,EWF-1,0.0486255797145895,0.999396160641908,0.312279498432133,0.0370713441072132,White_wavg
2025-10-21,294,2025,EWF-1,-0.0969482512471062,-4.5266229098555,1.91144254394473,0.0370713441072132,White_wavg
2025-10-22,295,2025,EWF-1,0.0522438241018823,1.00736119025484,0.401916659255797,0.0370713441072132,White_wavg
2025-10-23,296,2025,EWF-1,0.0826537626884794,1.96633545173128,0.263250895325307,0.0370713441072132,White_wavg
2025-10-24,297,2025,EWF-1,0.0476892911151796,0.410830128476647,0.875589133184285,0.0370713441072132,White_wavg
2025-10-25,298,2025,EWF-1,-0.063375150179617,1.57095696326799,-3.28050248166978,0.0370713441072132,White_wavg
2025-10-26,299,2025,EWF-1,-0.542772660849365,3.13520369920539,-17.7765034395014,0.0370713441072132,White_wavg
2025-10-27,300,2025,EWF-1,0.110373419467556,-1.30246691435119,4.27979137143985,0.0370713441072132,White_wavg
2025-10-28,301,2025,EWF-1,-0.133547449831313,-6.78313391880469,3.1806896846522,0.0370713441072132,White_wavg
2025-10-29,302,2025,EWF-1,-0.0989818554825003,-5.97993882816574,3.30990196097698,0.0370713441072132,White_wavg
2025-10-30,303,2025,EWF-1,-0.0692346926279421,-4.94482544839698,3.0772186945736,0.0370713441072132,White_wavg
2018-07-18,199,2018,EWR-1,0.0373773389218475,7.2696783790424,0.20578940532711,0.005,White_wavg
2018-07-19,200,2018,EWR-1,0.0405261985179448,7.43847548736834,0.666764216220628,0.005,White_wavg
2018-07-20,201,2018,EWR-1,0.0257630517121229,5.14644979989851,0.00616054252607157,0.005,White_wavg
2018-07-21,202,2018,EWR-1,0.0312410378762771,6.47613684559975,-0.22792927034434,0.005,White_wavg
2018-07-22,203,2018,EWR-1,0.0264287274319825,6.26744117210305,-0.981695685706541,0.005,White_wavg
2018-07-23,204,2018,EWR-1,0.031351637489201,7.43170027249926,-1.16137277465907,0.005,White_wavg
2018-07-24,205,2018,EWR-1,0.0201513099664951,3.0204407979187,1.00982119538032,0.005,White_wavg
2018-07-25,206,2018,EWR-1,0.0349016228227594,4.69045293747967,2.28987162707221,0.005,White_wavg
2018-07-28,209,2018,EWR-1,0.0394499504597896,8.19343430958779,-0.30344421762987,0.005,White_wavg
2018-07-29,210,2018,EWR-1,0.0215315570047495,5.19729832448201,-0.890986923532108,0.005,White_wavg
2018-07-30,211,2018,EWR-1,0.0185390376507631,2.65527085764001,1.05253667251261,0.005,White_wavg
2018-07-31,212,2018,EWR-1,0.0290535555206828,6.08180924647992,-0.271098142343362,0.005,White_wavg
2018-08-01,213,2018,EWR-1,0.0237754329143918,3.90766142474735,0.84742515813101,0.005,White_wavg
2018-08-02,214,2018,EWR-1,0.029850062508408,5.6929385074195,0.277073994262093,0.005,White_wavg
2018-08-03,215,2018,EWR-1,0.0250969290762236,5.47756663812715,-0.458180822882429,0.005,White_wavg
2018-08-04,216,2018,EWR-1,0.0211856335475308,3.66145767082562,0.575669038680548,0.005,White_wavg
2018-08-05,217,2018,EWR-1,0.0377580121469406,8.54636342393393,-0.994760994545811,0.005,White_wavg
2018-08-06,218,2018,EWR-1,0.0284727594493656,5.7710487971875,-0.0764969073143789,0.005,White_wavg
2018-08-07,219,2018,EWR-1,0.012265291176809,1.64833542922158,0.804722806140223,0.005,White_wavg
2018-08-08,220,2018,EWR-1,0.02740570996931,6.00844543836561,-0.527303444503612,0.005,White_wavg
2018-08-09,221,2018,EWR-1,0.0185622992929079,3.53654135112469,0.175918507456888,0.005,White_wavg
2018-08-10,222,2018,EWR-1,0.0393065510611974,7.98477671425992,-0.123466502020438,0.005,White_wavg
2018-08-11,223,2018,EWR-1,0.0255348946778131,4.69556136476719,0.411417570795429,0.005,White_wavg
2018-08-12,224,2018,EWR-1,0.0205174490729831,4.27761398149116,-0.174124166894529,0.005,White_wavg
2018-08-13,225,2018,EWR-1,0.0136533258578851,1.89457728505747,0.836087886519547,0.005,White_wavg
2018-08-14,226,2018,EWR-1,0.0298359405525641,6.16391524352655,-0.196727133013745,0.005,White_wavg
2018-08-15,227,2018,EWR-1,0.0176970294137384,3.56815433675881,-0.0287484540111294,0.005,White_wavg
2018-08-16,228,2018,EWR-1,0.0181382693725401,5.15462964737743,-1.5269757728694,0.005,White_wavg
2018-08-17,229,2018,EWR-1,0.00436808609439794,0.69588536678755,0.177731852092037,0.005,White_wavg
2018-08-18,230,2018,EWR-1,0.021820657943456,4.05706435716551,0.307067231525693,0.005,White_wavg
2018-08-19,231,2018,EWR-1,0.0261706231985048,4.29979325002064,0.93433138968032,0.005,White_wavg
2018-08-20,232,2018,EWR-1,0.0114676766766434,2.13974706248232,0.153788272846349,0.005,White_wavg
2018-08-21,233,2018,EWR-1,0.0157181532052447,3.75983336202419,-0.616202720975249,0.005,White_wavg
2018-08-22,234,2018,EWR-1,0.0142614706914797,2.90414275767961,-0.0518486193836694,0.005,White_wavg
2018-08-23,235,2018,EWR-1,0.0187796232063928,3.1434164857544,0.612508155524157,0.005,White_wavg
2018-08-24,236,2018,EWR-1,0.00118848518584521,3.00184625261368,-2.76414921544464,0.005,White_wavg
2018-08-27,239,2018,EWR-1,0.0215030836267865,4.66904551684559,-0.368428791488288,0.005,White_wavg
2018-08-28,240,2018,EWR-1,0.0125939136688017,2.95994541401539,-0.44116268025504,0.005,White_wavg
2018-08-29,241,2018,EWR-1,0.012054939196431,1.31545190512343,1.09553593416276,0.005,White_wavg
2018-08-30,242,2018,EWR-1,0.0289078023119416,6.83820917425848,-1.05664871187017,0.005,White_wavg
2018-08-31,243,2018,EWR-1,0.0140862640852557,2.3299162412652,0.48733657578595,0.005,White_wavg
2018-09-01,244,2018,EWR-1,0.0207846294493805,3.83988125710566,0.31704463277044,0.005,White_wavg
2018-09-02,245,2018,EWR-1,0.0189480842694855,4.33422259995913,-0.544605746062029,0.005,White_wavg
2018-09-03,246,2018,EWR-1,0.00297063242696618,0.579037728233779,0.0150887571594573,0.005,White_wavg
2018-09-04,247,2018,EWR-1,0.0172173723733007,3.90321275033507,-0.45973827567494,0.005,White_wavg
2018-09-05,248,2018,EWR-1,-0.00158082845504382,0.419051815595495,-0.735217506604258,0.005,White_wavg
2018-09-06,249,2018,EWR-1,0.0123673139479664,2.2878276124185,0.185635177174781,0.005,White_wavg
2018-09-07,250,2018,EWR-1,0.0142587250596264,2.78001764567539,0.0717273662498776,0.005,White_wavg
2018-09-08,251,2018,EWR-1,0.0014116013569012,-0.138839854162853,0.421160125543093,0.005,White_wavg
2018-09-09,252,2018,EWR-1,0.00926196367331212,1.35683825701027,0.495554477652149,0.005,White_wavg
2018-09-10,253,2018,EWR-1,0.0251860204709765,5.27084383924927,-0.233639745053971,0.005,White_wavg
2018-09-11,254,2018,EWR-1,0.0137450270681515,2.2233790047615,0.525626408868799,0.005,White_wavg
2018-09-12,255,2018,EWR-1,0.00141576460903988,-0.407573353106706,0.690726274914681,0.005,White_wavg
2018-09-13,256,2018,EWR-1,0.0181430865572708,4.53845834610254,-0.90984103464837,0.005,White_wavg
2018-09-14,257,2018,EWR-1,0.0100379999549566,1.8663625766649,0.141237414326408,0.005,White_wavg
2018-09-15,258,2018,EWR-1,-0.0071681655873147,-1.23118359509322,-0.202449522369719,0.005,White_wavg
2018-09-16,259,2018,EWR-1,0.00417906451328055,1.73599817927579,-0.900185276619681,0.005,White_wavg
2018-09-17,260,2018,EWR-1,0.0113139523518244,1.92251332343076,0.34027714693412,0.005,White_wavg
2018-09-18,261,2018,EWR-1,0.00981281907879863,1.50519718349498,0.457366632264748,0.005,White_wavg
2018-09-19,262,2018,EWR-1,0.0179695818826176,4.57196529401323,-0.978048917489716,0.005,White_wavg
2018-09-20,263,2018,EWR-1,0.0145279943885308,3.53491733351419,-0.629318455808022,0.005,White_wavg
2018-09-21,264,2018,EWR-1,0.00181935426306543,0.951839056523717,-0.587968203910631,0.005,White_wavg
2018-09-22,265,2018,EWR-1,0.00677697123022283,0.756746359398974,0.59864788664559,0.005,White_wavg
2018-09-23,266,2018,EWR-1,-0.00627966135049619,-1.98557843102341,0.729646160924169,0.005,White_wavg
2018-09-24,267,2018,EWR-1,0.01011371286147,3.52909310446103,-1.50635053216704,0.005,White_wavg
2018-09-25,268,2018,EWR-1,-0.00141601325606111,0.0502900475055199,-0.333492698717741,0.005,White_wavg
2018-09-26,269,2018,EWR-1,0.00580941336261443,1.53552597275846,-0.373643300235571,0.005,White_wavg
2018-09-27,270,2018,EWR-1,0.00469695895383295,0.160354164031439,0.77903762673515,0.005,White_wavg
2018-09-28,271,2018,EWR-1,-0.000458273389717938,-1.32607156061864,1.23441688267505,0.005,White_wavg
2018-09-29,272,2018,EWR-1,0.013622731730539,-0.842989284257101,3.56753563036489,0.005,White_wavg
2018-10-02,275,2018,EWR-1,-0.0199199018491811,-3.5620617663938,-0.421918603442421,0.005,White_wavg
2018-10-03,276,2018,EWR-1,-0.0167274492148673,2.22378181469094,-5.56927165766439,0.005,White_wavg
2018-10-04,277,2018,EWR-1,-0.0388486866040373,-9.2054943847536,1.43575706394614,0.005,White_wavg
2018-10-05,278,2018,EWR-1,-0.0151637570973771,-3.88251370676898,0.849762287293565,0.005,White_wavg
2018-10-06,279,2018,EWR-1,0.0532261758965262,10.7307259726902,-0.0854907933849383,0.005,White_wavg
2018-10-07,280,2018,EWR-1,-0.0177274988811052,-3.27799851895314,-0.267501257267888,0.005,White_wavg
2018-10-08,281,2018,EWR-1,-0.0113925260590097,-3.43776576790804,1.15926055610611,0.005,White_wavg
2018-10-09,282,2018,EWR-1,0.0108603883051029,2.04709212399798,0.124985537022589,0.005,White_wavg
2018-10-10,283,2018,EWR-1,-0.00346219505182957,-0.534497882081176,-0.157941128284737,0.005,White_wavg
2018-10-11,284,2018,EWR-1,-7.03251064324562E-06,1.13267361295681,-1.13408011508546,0.005,White_wavg
2018-10-12,285,2018,EWR-1,0.00510897656126284,1.59540128104751,-0.573605968794947,0.005,White_wavg
2018-10-13,286,2018,EWR-1,-0.00817560486728551,-2.07350773913537,0.438386765678271,0.005,White_wavg
2018-10-14,287,2018,EWR-1,-0.0112523257262901,-0.665261340043678,-1.58520380521434,0.005,White_wavg
2018-10-15,288,2018,EWR-1,-0.0240912681554749,-3.91655728911997,-0.901696341975011,0.005,White_wavg
2018-10-16,289,2018,EWR-1,-0.0147332315768709,-3.30313075922706,0.356484443852871,0.005,White_wavg
2018-10-17,290,2018,EWR-1,-0.0227250836166472,-4.03617001631496,-0.508846707014492,0.005,White_wavg
2018-10-18,291,2018,EWR-1,-0.00964651470032678,-2.17898416078766,0.249681220722302,0.005,White_wavg
2018-10-19,292,2018,EWR-1,0.000818455651581936,0.937869936587156,-0.774178806270768,0.005,White_wavg
2018-10-20,293,2018,EWR-1,-0.00156796604749498,-0.940591044530947,0.626997835031951,0.005,White_wavg
2018-10-21,294,2018,EWR-1,-0.0153747450255724,-3.87569946871409,0.80075046359962,0.005,White_wavg
2018-10-22,295,2018,EWR-1,0.00714377860030347,1.50689119749288,-0.0781354774321841,0.005,White_wavg
2018-10-23,296,2018,EWR-1,-0.00663653190268488,-1.21283455917265,-0.114471821364326,0.005,White_wavg
2018-10-24,297,2018,EWR-1,-0.00281984123754331,1.04602124791988,-1.60998949542854,0.005,White_wavg
2018-10-25,298,2018,EWR-1,-0.0160763068880199,-3.10613794216899,-0.109123435434988,0.005,White_wavg
2018-10-26,299,2018,EWR-1,-0.0034032269035489,-0.89066902969428,0.2100236489845,0.005,White_wavg
2018-10-27,300,2018,EWR-1,-0.00942112649117622,-2.21804489222099,0.333819593985751,0.005,White_wavg
2018-10-28,301,2018,EWR-1,0.0081146385143739,2.20204653366205,-0.579118830787269,0.005,White_wavg
2018-10-29,302,2018,EWR-1,-0.0218926724319724,-4.86880987323022,0.490275386835748,0.005,White_wavg
2018-10-30,303,2018,EWR-1,-0.000685444513714551,0.401688394956068,-0.538777297698978,0.005,White_wavg
2018-10-31,304,2018,EWR-1,-0.0177744056732117,-2.57909001618515,-0.975791118457183,0.005,White_wavg
2018-11-01,305,2018,EWR-1,-0.012315182534091,-1.51275390698622,-0.950282599831988,0.005,White_wavg
2018-11-02,306,2018,EWR-1,-0.00857202873234798,-2.28493733494835,0.570531588478751,0.005,White_wavg
2018-11-03,307,2018,EWR-1,-0.00924792929588064,-1.51206310013027,-0.337522759045861,0.005,White_wavg
2018-11-04,308,2018,EWR-1,-0.0125688406907862,-4.10864147267844,1.5948733345212,0.005,White_wavg
2018-11-05,309,2018,EWR-1,0.0101792701864137,1.79889488873039,0.236959148552351,0.005,White_wavg
2018-11-06,310,2018,EWR-1,-0.00755445790036714,-1.3564084048564,-0.154483175217024,0.005,White_wavg
2018-11-07,311,2018,EWR-1,-0.00900249372962226,-1.30142615344013,-0.499072592484318,0.005,White_wavg
2018-11-08,312,2018,EWR-1,-0.0195564191669079,-3.29942479580934,-0.611859037572241,0.005,White_wavg
2018-11-09,313,2018,EWR-1,-0.000489811339494253,-0.765880218680703,0.667917950781853,0.005,White_wavg
2018-11-10,314,2018,EWR-1,-0.020495178801787,-3.91729830786714,-0.181737452490262,0.005,White_wavg
2018-11-11,315,2018,EWR-1,-0.0108690819962333,-1.31734254365766,-0.856473855589002,0.005,White_wavg
2018-11-12,316,2018,EWR-1,-0.00796272439875427,-0.570550544323456,-1.0219943354274,0.005,White_wavg
2018-11-13,317,2018,EWR-1,-0.0166771434842355,-2.6987889260187,-0.636639770828401,0.005,White_wavg
2018-11-14,318,2018,EWR-1,0.00643469140834188,0.889568412483065,0.39736986918531,0.005,White_wavg
2018-11-15,319,2018,EWR-1,-6.09615311349732E-05,-0.434899991073547,0.422707684846552,0.005,White_wavg
2018-11-16,320,2018,EWR-1,-0.0134544133311491,-3.65319567498617,0.962313008756338,0.005,White_wavg
2018-11-17,321,2018,EWR-1,-0.00632348272683,-0.503235779221679,-0.761460766144321,0.005,White_wavg
2018-11-18,322,2018,EWR-1,-0.0682836785482924,0.243154496338249,-13.8998902059967,0.005,White_wavg
2025-05-27,147,2025,EWR-1,-0.000657002833971402,-0.0879895637321404,-0.04341100306214,0.005,White_wavg
2025-05-28,148,2025,EWR-1,-0.000985159932447852,-0.59389886755776,0.39686688106819,0.005,White_wavg
2025-05-29,149,2025,EWR-1,0.00679100021513335,1.52807729046882,-0.16987724744215,0.005,White_wavg
2025-05-30,150,2025,EWR-1,0.010706952986692,2.27554535522214,-0.13415475788374,0.005,White_wavg
2025-05-31,151,2025,EWR-1,0.014240453947723,1.86102820692966,0.98706258261494,0.005,White_wavg
2025-06-01,152,2025,EWR-1,-1.23126506074944E-05,-1.49666032566102,1.49419779553952,0.005,White_wavg
2025-06-02,153,2025,EWR-1,0.0100951206281107,1.56914581573734,0.44987830988479,0.005,White_wavg
2025-06-03,154,2025,EWR-1,0.0221628948962413,3.71727799865658,0.71530098059167,0.005,White_wavg
2025-06-04,155,2025,EWR-1,0.0102829818284311,0.960706611143881,1.09588975454233,0.005,White_wavg
2025-06-05,156,2025,EWR-1,0.0156205143934925,2.85526831913856,0.26883455955993,0.005,White_wavg
2025-06-06,157,2025,EWR-1,0.00463055554994526,0.990185508406322,-0.0640743984172705,0.005,White_wavg
2025-06-07,158,2025,EWR-1,0.0177366283014902,3.42476970268032,0.12255595761772,0.005,White_wavg
2025-06-08,159,2025,EWR-1,0.00626241745206619,2.35270787967216,-1.10022438925892,0.005,White_wavg
2025-06-09,160,2025,EWR-1,0.00565826212832302,-0.426059688924596,1.5577121145892,0.005,White_wavg
2025-06-10,161,2025,EWR-1,0.0230365462163684,2.77653612947262,1.83077311380106,0.005,White_wavg
2025-06-11,162,2025,EWR-1,0.0250287929407776,3.9512461076139,1.05451248054163,0.005,White_wavg
2025-06-12,163,2025,EWR-1,0.0198024911913723,3.11637125499971,0.844126983274762,0.005,White_wavg
2025-06-13,164,2025,EWR-1,0.00851115027555339,0.782024545499048,0.920205509611629,0.005,White_wavg
2025-06-14,165,2025,EWR-1,0.0147303066860138,3.166264161753,-0.22020282455024,0.005,White_wavg
2025-06-15,166,2025,EWR-1,0.0253943653610425,4.25318637674478,0.82568669546372,0.005,White_wavg
2025-06-16,167,2025,EWR-1,0.0179597928302339,3.48956706500946,0.102391501037321,0.005,White_wavg
2025-06-17,168,2025,EWR-1,0.0181568320412059,3.0989395962912,0.53242681194998,0.005,White_wavg
2025-06-18,169,2025,EWR-1,0.0340899485841069,5.88671399434087,0.93127572248051,0.005,White_wavg
2025-06-19,170,2025,EWR-1,0.0320267786186024,4.59060960534427,1.81474611837622,0.005,White_wavg
2025-06-20,171,2025,EWR-1,0.0125028622229779,2.43117193781472,0.069400506780859,0.005,White_wavg
2025-06-21,172,2025,EWR-1,0.00979561881373657,4.17204790226574,-2.21292413951843,0.005,White_wavg
2025-06-22,173,2025,EWR-1,0.00205208327236963,0.971766566489105,-0.56134991201518,0.005,White_wavg
2025-06-23,174,2025,EWR-1,0.00763564876795376,0.537530627041981,0.98959912654877,0.005,White_wavg
2025-06-24,175,2025,EWR-1,0.0192705210882451,3.58668914511354,0.267415072535469,0.005,White_wavg
2025-06-25,176,2025,EWR-1,0.0222336535731678,3.4762708046436,0.970459909989963,0.005,White_wavg
2025-06-26,177,2025,EWR-1,0.0380499273220423,7.15142494664995,0.4585605177585,0.005,White_wavg
2025-06-27,178,2025,EWR-1,0.0357206788406366,7.37307434959362,-0.228938581466313,0.005,White_wavg
2025-06-28,179,2025,EWR-1,0.0302602655489703,5.90687546259149,0.145177647202571,0.005,White_wavg
2025-06-29,180,2025,EWR-1,0.0367412717796995,6.33537829079959,1.01287606514031,0.005,White_wavg
2025-06-30,181,2025,EWR-1,0.0264602683104433,4.90884721486538,0.383206447223291,0.005,White_wavg
2025-07-01,182,2025,EWR-1,0.0253100856410296,5.39742637502522,-0.335409246819292,0.005,White_wavg
2025-07-02,183,2025,EWR-1,0.0150006506589451,2.09882767052322,0.901302461265811,0.005,White_wavg
2025-07-03,184,2025,EWR-1,0.0264915578219088,4.93546229264016,0.362849271741609,0.005,White_wavg
2025-07-04,185,2025,EWR-1,0.0109122447227914,3.3744868809126,-1.19203793635432,0.005,White_wavg
2025-07-05,186,2025,EWR-1,0.0149433690102023,2.9407335899211,0.0479402121193608,0.005,White_wavg
2025-07-06,187,2025,EWR-1,0.0286057600462614,4.32443159230333,1.39672041694894,0.005,White_wavg
2025-07-07,188,2025,EWR-1,0.0234022953566333,4.79282224527289,-0.112363173946232,0.005,White_wavg
2025-07-08,189,2025,EWR-1,0.0453769525339424,9.09210137328882,-0.0167108665003468,0.005,White_wavg
2025-07-09,190,2025,EWR-1,0.0327995807591455,6.93605197545289,-0.376135823623791,0.005,White_wavg
2025-07-10,191,2025,EWR-1,0.029490164333919,5.2262711240271,0.671761742756701,0.005,White_wavg
2025-07-11,192,2025,EWR-1,0.0752500534574738,5.97550258726795,9.07450810422681,0.005,White_wavg
2025-07-12,193,2025,EWR-1,0.0590764796235048,5.70403246529456,6.11126345940641,0.005,White_wavg
2025-07-13,194,2025,EWR-1,0.12363346022527,21.945632034257,2.78106001079692,0.005,White_wavg
2025-07-14,195,2025,EWR-1,0.141994867017386,27.5291772158738,0.869796187603271,0.005,White_wavg
2025-07-15,196,2025,EWR-1,0,25.0278257258703,-0.462910424688261,0.005,White_wavg
2025-07-16,197,2025,EWR-1,0,23.0456798958813,-0.763749471226134,0.005,White_wavg
2025-07-17,198,2025,EWR-1,0.110185359244419,22.1157529641154,-0.0786811152316602,0.005,White_wavg
2025-07-18,199,2025,EWR-1,0.0930616120380962,19.7887360955867,-1.1764136879675,0.005,White_wavg
2025-07-19,200,2025,EWR-1,0.104958768938234,19.9934687556333,0.998285032013506,0.005,White_wavg
2025-07-20,201,2025,EWR-1,0.0890336129872739,17.4758680251965,0.330854572258232,0.005,White_wavg
2025-07-21,202,2025,EWR-1,0.0803070873506568,19.0448237280026,-2.9834062578713,0.005,White_wavg
2025-07-22,203,2025,EWR-1,0.0562922314050961,9.09393442063371,2.16451186038551,0.005,White_wavg
2025-07-23,204,2025,EWR-1,0.0830357285778069,15.6425249055456,0.964620810015759,0.005,White_wavg
2025-07-24,205,2025,EWR-1,0.0860571752780118,19.1526140857909,-1.9411790301886,0.005,White_wavg
2025-07-25,206,2025,EWR-1,0.0802343367276136,21.152928867318,-5.10606152179527,0.005,White_wavg
2025-07-26,207,2025,EWR-1,0.0918335834379897,20.7068528450122,-2.34013615741428,0.005,White_wavg
2025-07-27,208,2025,EWR-1,0.0241786815376426,2.56803280183999,2.26770350568852,0.005,White_wavg
2025-07-28,209,2025,EWR-1,0.102818095169438,16.2254917104136,4.33812732347398,0.005,White_wavg
2025-07-29,210,2025,EWR-1,0.177601194624246,35.3811275295449,0.139111395304248,0.005,White_wavg
2025-07-30,211,2025,EWR-1,0.164162765459141,31.0356852233699,1.79686786845821,0.005,White_wavg
2025-07-31,212,2025,EWR-1,0.166085227472823,33.4923530562417,-0.275307561677181,0.005,White_wavg
2025-08-01,213,2025,EWR-1,0.155577929800273,32.0626893177163,-0.947103357661661,0.005,White_wavg
2025-08-02,214,2025,EWR-1,0.115334097621876,23.9530873797555,-0.886267855380396,0.005,White_wavg
2025-08-03,215,2025,EWR-1,0.115615441328958,23.035830903692,0.0872573620995354,0.005,White_wavg
2025-08-04,216,2025,EWR-1,0.0889228264560557,16.7240249198883,1.06054037132282,0.005,White_wavg
2025-08-05,217,2025,EWR-1,0.10040406126052,21.0021785283743,-0.921366276270419,0.005,White_wavg
2025-08-06,218,2025,EWR-1,0.102514867772191,21.1626567128786,-0.65968315844032,0.005,White_wavg
2025-08-07,219,2025,EWR-1,0.098063292814749,17.9024181106093,1.71024045234045,0.005,White_wavg
2025-08-08,220,2025,EWR-1,0.0998801740953105,18.5790620136466,1.39697280541551,0.005,White_wavg
2025-08-09,221,2025,EWR-1,0.0942964479539513,17.8852762789689,0.974013311821409,0.005,White_wavg
2025-08-10,222,2025,EWR-1,0,6.86417019512433,0.758626748937985,0.005,White_wavg
2025-08-11,223,2025,EWR-1,0,13.3607526561764,0.366058597399288,0.005,White_wavg
2025-08-12,224,2025,EWR-1,0,10.7205611237734,0.953518902793604,0.005,White_wavg
2025-08-13,225,2025,EWR-1,0,6.40420235959982,-0.577050539079949,0.005,White_wavg
2025-08-14,226,2025,EWR-1,0,5.42012371536416,-1.74387764537354,0.005,White_wavg
2025-08-15,227,2025,EWR-1,0,7.73160019746122,-0.196267948493301,0.005,White_wavg
2025-08-16,228,2025,EWR-1,0.0501626576732928,10.7385299780894,-0.705998443430822,0.005,White_wavg
2025-08-17,229,2025,EWR-1,0.0354825603192593,7.05209171689307,0.0444203469587734,0.005,White_wavg
2025-08-18,230,2025,EWR-1,0.064412821122871,11.574635093892,1.30792913068217,0.005,White_wavg
2025-08-19,231,2025,EWR-1,0,10.4645301011506,-1.43546743707842,0.005,White_wavg
2025-08-20,232,2025,EWR-1,0.0562381727566264,12.522588620098,-1.27495406877269,0.005,White_wavg
2025-08-21,233,2025,EWR-1,0.0514030405424498,8.65306297055282,1.62754513793715,0.005,White_wavg
2025-08-22,234,2025,EWR-1,0.0578275482920186,9.66657655615926,1.89893310224445,0.005,White_wavg
2025-08-23,235,2025,EWR-1,0,6.55004537335304,-3.68285819837801,0.005,White_wavg
2025-08-24,236,2025,EWR-1,0,21.0860130967155,-13.13774656857,0.005,White_wavg
2025-08-25,237,2025,EWR-1,0,-17.382030857295,-7.55891105502418,0.005,White_wavg
2025-08-26,238,2025,EWR-1,0,-15.5507871556253,5.609164854501,0.005,White_wavg
2025-08-27,239,2025,EWR-1,0,-9.13676354575799,3.88337910913901,0.005,White_wavg
2025-08-28,240,2025,EWR-1,0,-1.5678759136158,2.24376906390908,0.005,White_wavg
2025-08-29,241,2025,EWR-1,0.0153702648156535,2.59131383144431,0.482739131686397,0.005,White_wavg
2025-08-30,242,2025,EWR-1,0.0281229118145366,4.50147052874856,1.12311183415876,0.005,White_wavg
2025-08-31,243,2025,EWR-1,0.035796440786438,6.25673579158068,0.90255236570691,0.005,White_wavg
2025-09-01,244,2025,EWR-1,0.0461184085880191,8.69426244575915,0.529419271844674,0.005,White_wavg
2025-09-02,245,2025,EWR-1,0,10.9926697581685,-8.95265504354423,0.005,White_wavg
2025-09-03,246,2025,EWR-1,0,-4.56767210159828,4.18116518943847,0.005,White_wavg
2025-09-04,247,2025,EWR-1,0,1.03448281963561,2.49878665745715,0.005,White_wavg
2025-09-05,248,2025,EWR-1,0,2.0496498823924,0.489800681481974,0.005,White_wavg
2025-09-06,249,2025,EWR-1,0.0102287430415213,2.49544574391187,-0.449697135607615,0.005,White_wavg
2025-09-07,250,2025,EWR-1,0.00383359064497039,1.01407532547702,-0.247357196482938,0.005,White_wavg
2025-09-08,251,2025,EWR-1,0.008765275862059,0.664900920061861,1.08815425234994,0.005,White_wavg
2025-09-09,252,2025,EWR-1,0.0200840287379498,3.46772469364507,0.549081053944882,0.005,White_wavg
2025-09-10,253,2025,EWR-1,0.019843597721235,5.01080972671026,-1.04209018246326,0.005,White_wavg
2025-09-11,254,2025,EWR-1,0.00648421324046734,2.86602953217707,-1.56918688408361,0.005,White_wavg
2025-09-12,255,2025,EWR-1,0.00944413906163092,1.86388847875811,0.0249393335680708,0.005,White_wavg
2025-09-13,256,2025,EWR-1,0.0128811697042847,2.35019011413162,0.226043826725327,0.005,White_wavg
2025-09-14,257,2025,EWR-1,0.00833639934061383,0.759887321557073,0.907392546565692,0.005,White_wavg
2025-09-15,258,2025,EWR-1,0.0214582527037265,5.26384891334148,-0.972198372596189,0.005,White_wavg
2025-09-16,259,2025,EWR-1,0.00103404889324406,0.565389901654044,-0.358580123005233,0.005,White_wavg
2025-09-17,260,2025,EWR-1,0.00544978460792212,0.267174383430891,0.822782538153533,0.005,White_wavg
2025-09-18,261,2025,EWR-1,0.00579400216067598,0.605146598690354,0.553653833444841,0.005,White_wavg
2025-09-19,262,2025,EWR-1,-0.00228024002549958,0.969948637196126,-1.42599664229604,0.005,White_wavg
2025-09-20,263,2025,EWR-1,0.00798135237552968,1.87089917452177,-0.274628699415832,0.005,White_wavg
2025-09-21,264,2025,EWR-1,-0.0039062297580079,-0.806558920636391,0.0253129690348111,0.005,White_wavg
2025-09-22,265,2025,EWR-1,0.0110396455281824,1.72585565054748,0.48207345508899,0.005,White_wavg
2025-09-23,266,2025,EWR-1,0.0270760444117001,5.85712439967947,-0.441915517339449,0.005,White_wavg
2025-09-24,267,2025,EWR-1,0.0179362219178112,4.10702960552034,-0.519785221958109,0.005,White_wavg
2025-09-25,268,2025,EWR-1,-0.0132101623169165,-3.73815557451995,1.09612311113665,0.005,White_wavg
2025-09-26,269,2025,EWR-1,0.0271901530526515,5.89250606680416,-0.454475456273862,0.005,White_wavg
2025-09-27,270,2025,EWR-1,-0.00946883788843618,-1.93851825057121,0.0447506728839713,0.005,White_wavg
2025-09-28,271,2025,EWR-1,-0.00622659778232198,-1.3235188502406,0.0781992937762084,0.005,White_wavg
2025-09-29,272,2025,EWR-1,0.0041224271847468,0.472699645693787,0.351785791255573,0.005,White_wavg
2025-09-30,273,2025,EWR-1,0.00456282948581695,2.24165234077278,-1.32908644360939,0.005,White_wavg
2025-10-01,274,2025,EWR-1,-0.00616750147128716,1.67369330634131,-2.90719360059874,0.005,White_wavg
2025-10-02,275,2025,EWR-1,0,-3.26638916748894,-13.5048128514459,0.005,White_wavg
2025-10-03,276,2025,EWR-1,0,-9.37505015660844,6.54082439963321,0.005,White_wavg
2025-10-04,277,2025,EWR-1,0,-5.44443750698208,3.82993034913426,0.005,White_wavg
2025-10-05,278,2025,EWR-1,0,-0.789251423222481,0.859202561189854,0.005,White_wavg
2025-10-06,279,2025,EWR-1,-0.0183310352222801,-4.08857501455344,0.422367970097429,0.005,White_wavg
2025-10-07,280,2025,EWR-1,-0.000596462659047017,-0.577328358718553,0.45803582690915,0.005,White_wavg
2025-10-08,281,2025,EWR-1,-0.00185904394000779,-2.00295446570069,1.63114567769913,0.005,White_wavg
2025-10-09,282,2025,EWR-1,-0.000397514825369516,-0.662407555040211,0.582904589966308,0.005,White_wavg
2025-10-10,283,2025,EWR-1,0.0203190399152443,4.35378612096822,-0.289978137919359,0.005,White_wavg
2025-10-11,284,2025,EWR-1,-0.01204416899407,-1.90493925346087,-0.503894545353131,0.005,White_wavg
2025-10-12,285,2025,EWR-1,0.0169739018733246,2.23960334606232,1.15517702860259,0.005,White_wavg
2025-10-13,286,2025,EWR-1,-0.0244085910759395,-3.67845280791954,-1.20326540726836,0.005,White_wavg
2025-10-14,287,2025,EWR-1,0,3.49947507429604,-8.6394939715019,0.005,White_wavg
2025-10-15,288,2025,EWR-1,0,5.74064674050733,-4.41347731107804,0.005,White_wavg
2025-10-16,289,2025,EWR-1,0,-7.97734349017991,1.44172450795903,0.005,White_wavg
2025-10-17,290,2025,EWR-1,0,-3.96186781720049,3.51994073883049,0.005,White_wavg
2025-10-18,291,2025,EWR-1,-0.00642579386254026,-2.79022082707171,1.50506205456366,0.005,White_wavg
2025-10-19,292,2025,EWR-1,-0.01203802264571,-3.4768015110132,1.0691969818712,0.005,White_wavg
2025-10-20,293,2025,EWR-1,0.00269037573860575,1.5353461747068,-0.997271026985649,0.005,White_wavg
2025-10-21,294,2025,EWR-1,-0.017109910665737,-4.95082808935086,1.52884595620346,0.005,White_wavg
2025-10-22,295,2025,EWR-1,0.00554327898718476,1.61705089962858,-0.50839510219163,0.005,White_wavg
2025-10-23,296,2025,EWR-1,0.00889791947449479,1.47385350605586,0.3057303888431,0.005,White_wavg
2025-10-24,297,2025,EWR-1,0.0054675365630639,-0.0109015200567519,1.10440883266953,0.005,White_wavg
2025-10-25,298,2025,EWR-1,-0.0126325338772038,1.80152403745844,-4.32803081289919,0.005,White_wavg
2025-10-26,299,2025,EWR-1,-0.0267487574511842,1.20081614576891,-6.55056763600576,0.005,White_wavg
2025-10-27,300,2025,EWR-1,-0.000560262548813935,-2.03536553473356,1.92331302497077,0.005,White_wavg
2025-10-28,301,2025,EWR-1,-0.00639230905645942,-2.04815572348805,0.76969391219617,0.005,White_wavg
2025-10-29,302,2025,EWR-1,-0.0121316467267228,-4.60622937202541,2.17990002668085,0.005,White_wavg
2025-10-30,303,2025,EWR-1,-0.00626216241859812,-3.14909662367064,1.89666413995102,0.005,White_wavg
2025-06-25,176,2025,EWT-2,0.919806796671002,9.74597763344139,3.16911779926789,0.071219512195122,White_wavg
2025-06-26,177,2025,EWT-2,1.38615305099645,16.7244489101288,2.73865899769808,0.071219512195122,White_wavg
2025-06-27,178,2025,EWT-2,1.30089445258475,16.5223535714844,1.7436301805617,0.071219512195122,White_wavg
2025-06-28,179,2025,EWT-2,0.533697261437504,6.05551885212137,1.43817557217236,0.071219512195122,White_wavg
2025-06-29,180,2025,EWT-2,0.742657701494092,8.15989315107046,2.26783484936028,0.071219512195122,White_wavg
2025-06-30,181,2025,EWT-2,0.412020045115825,4.2159171368605,1.56929582538226,0.071219512195122,White_wavg
2025-07-01,182,2025,EWT-2,0.488252903932334,5.24140790136917,1.61419794151634,0.071219512195122,White_wavg
2025-07-02,183,2025,EWT-2,0.451418598626944,5.17787469018205,1.1605371398538,0.071219512195122,White_wavg
2025-07-03,184,2025,EWT-2,0.567508066414877,6.58703152404866,1.38140365506435,0.071219512195122,White_wavg
2025-07-04,185,2025,EWT-2,0.351497100284642,3.34461782733339,1.59078666296466,0.071219512195122,White_wavg
2025-07-05,186,2025,EWT-2,0.947593817832857,13.892784721428,-0.587529060076264,0.071219512195122,White_wavg
2025-07-06,187,2025,EWT-2,0.733648521640325,7.70925930941715,2.59196993279289,0.071219512195122,White_wavg
2025-07-07,188,2025,EWT-2,0.757280240109237,9.02713119312821,1.60591327415902,0.071219512195122,White_wavg
2025-07-08,189,2025,EWT-2,0,10.7448482506526,1.19735400463856,0.071219512195122,White_wavg
2025-07-09,190,2025,EWT-2,0,6.61072461635493,1.05544842149732,0.071219512195122,White_wavg
2025-07-10,191,2025,EWT-2,0,7.28891585650069,0.789315285774535,0.071219512195122,White_wavg
2025-07-11,192,2025,EWT-2,0,6.84754080214702,1.24707904406485,0.071219512195122,White_wavg
2025-07-12,193,2025,EWT-2,0,3.4521045505727,1.53163873566963,0.071219512195122,White_wavg
2025-07-13,194,2025,EWT-2,0,5.04932408461585,1.26071890623668,0.071219512195122,White_wavg
2025-07-14,195,2025,EWT-2,0,8.23222738681082,-0.00477464838546382,0.071219512195122,White_wavg
2025-07-15,196,2025,EWT-2,0,4.65739689037576,0.605805438263829,0.071219512195122,White_wavg
2025-07-16,197,2025,EWT-2,0,3.51751101767377,0.4977165417328,0.071219512195122,White_wavg
2025-07-17,198,2025,EWT-2,0,5.40107594185315,-0.164427537662164,0.071219512195122,White_wavg
2025-07-18,199,2025,EWT-2,0,5.66457529115425,0.203787753376972,0.071219512195122,White_wavg
2025-07-19,200,2025,EWT-2,0,11.496481548371,-0.449749739356164,0.071219512195122,White_wavg
2025-07-20,201,2025,EWT-2,0,9.65060946385177,0.800475612496499,0.071219512195122,White_wavg
2025-07-21,202,2025,EWT-2,0,12.7008792063873,0.650499734783068,0.071219512195122,White_wavg
2025-07-22,203,2025,EWT-2,0,10.529576312209,0.420121926022233,0.071219512195122,White_wavg
2025-07-23,204,2025,EWT-2,0,7.8758246467213,0.21816282548636,0.071219512195122,White_wavg
2025-07-24,205,2025,EWT-2,0,17.0172494519912,-0.501754939730148,0.071219512195122,White_wavg
2025-07-25,206,2025,EWT-2,0,14.868584967589,-1.95887172635739,0.071219512195122,White_wavg
2025-07-26,207,2025,EWT-2,0,8.24097271369251,-0.460103293665142,0.071219512195122,White_wavg
2025-07-27,208,2025,EWT-2,0,4.87211501853761,1.62018966780302,0.071219512195122,White_wavg
2025-07-28,209,2025,EWT-2,0,8.52077565925669,0.806517506991781,0.071219512195122,White_wavg
2025-07-29,210,2025,EWT-2,0,10.9960205973499,0.133873303776795,0.071219512195122,White_wavg
2025-07-30,211,2025,EWT-2,0,11.3418138594522,2.03576698094813,0.071219512195122,White_wavg
2025-07-31,212,2025,EWT-2,0,17.1507618521239,-1.01106156892837,0.071219512195122,White_wavg
2025-08-01,213,2025,EWT-2,0,15.5271492471242,0.312395958352084,0.071219512195122,White_wavg
2025-08-02,214,2025,EWT-2,0,13.438066485043,0.361930857017427,0.071219512195122,White_wavg
2025-08-03,215,2025,EWT-2,0,21.5745044539617,0.858577113334917,0.071219512195122,White_wavg
2025-08-04,216,2025,EWT-2,0,20.2332390212145,0.509126388644887,0.071219512195122,White_wavg
2025-08-05,217,2025,EWT-2,0,21.3950198588179,0.0212949537486509,0.071219512195122,White_wavg
2025-08-06,218,2025,EWT-2,0,20.051198702243,0.780687082022155,0.071219512195122,White_wavg
2025-08-07,219,2025,EWT-2,0,24.0482722478656,1.25283863444227,0.071219512195122,White_wavg
2025-08-08,220,2025,EWT-2,0,30.0627961924747,1.1616763736715,0.071219512195122,White_wavg
2025-08-09,221,2025,EWT-2,0,29.7922870567882,-12.3749866280349,0.071219512195122,White_wavg
2025-08-10,222,2025,EWT-2,0,-2.58238225486411,-0.0619548239982066,0.071219512195122,White_wavg
2025-08-11,223,2025,EWT-2,0,3.24930163726816,0.376973615341058,0.071219512195122,White_wavg
2025-08-12,224,2025,EWT-2,0,-0.351903795015971,0.112104221003406,0.071219512195122,White_wavg
2025-08-13,225,2025,EWT-2,0,-1.60238775391548,0.0157800346476904,0.071219512195122,White_wavg
2025-08-14,226,2025,EWT-2,0,-1.98610188901407,0.707267168044012,0.071219512195122,White_wavg
2025-08-15,227,2025,EWT-2,0,-0.525900600425501,-0.012997561688266,0.071219512195122,White_wavg
2025-08-16,228,2025,EWT-2,0,3.44420239778449,-0.305632916119876,0.071219512195122,White_wavg
2025-08-17,229,2025,EWT-2,0,-0.957516484304932,0.533902251329366,0.071219512195122,White_wavg
2025-08-18,230,2025,EWT-2,0,0.293732887002165,-1.01556563447342,0.071219512195122,White_wavg
2025-08-19,231,2025,EWT-2,0,-1.86280885820298,-0.498883523463078,0.071219512195122,White_wavg
2025-08-20,232,2025,EWT-2,0,-0.588590315789929,-0.13960245229967,0.071219512195122,White_wavg
2025-08-21,233,2025,EWT-2,0,-0.976583156936073,0.601446124615805,0.071219512195122,White_wavg
2025-08-22,234,2025,EWT-2,0,0.869660883591422,0.283429958713739,0.071219512195122,White_wavg
2025-08-23,235,2025,EWT-2,0,2.37895300746911,-0.793084348751634,0.071219512195122,White_wavg
2025-08-24,236,2025,EWT-2,0,-4.04352971719155,0.676696949201272,0.071219512195122,White_wavg
2025-08-25,237,2025,EWT-2,0,6.21230949274465,-4.76050695711159,0.071219512195122,White_wavg
2025-08-26,238,2025,EWT-2,0,6.11394323098793,-2.00668871702163,0.071219512195122,White_wavg
2025-08-27,239,2025,EWT-2,0,2.0292943346607,-0.613284676281012,0.071219512195122,White_wavg
2025-08-28,240,2025,EWT-2,0,0.616245671320883,0.854764964916839,0.071219512195122,White_wavg
2025-08-29,241,2025,EWT-2,0.24255280292667,3.2949322325301,0.110774931851225,0.071219512195122,White_wavg
2025-08-30,242,2025,EWT-2,0.384471055229561,5.06241135437438,0.33598359919138,0.071219512195122,White_wavg
2025-08-31,243,2025,EWT-2,0.297969626109733,3.82037077203611,0.363449320600552,0.071219512195122,White_wavg
2025-09-01,244,2025,EWT-2,0.155079678431872,1.69803637898372,0.479452256532298,0.071219512195122,White_wavg
2025-09-02,245,2025,EWT-2,0,4.11353870510069,-2.01193689356727,0.071219512195122,White_wavg
2025-09-03,246,2025,EWT-2,0,4.80634646500633,-0.438196652746782,0.071219512195122,White_wavg
2025-09-04,247,2025,EWT-2,0,2.12865463441085,1.54829054193593,0.071219512195122,White_wavg
2025-09-05,248,2025,EWT-2,0,3.26620517918693,0.390303958220713,0.071219512195122,White_wavg
2025-09-06,249,2025,EWT-2,0.190161032821622,2.10138978395756,0.568679512510428,0.071219512195122,White_wavg
2025-09-07,250,2025,EWT-2,0,1.89153896470273,-1.15918907970728,0.071219512195122,White_wavg
2025-09-08,251,2025,EWT-2,0.077126729819049,0.395675083987925,0.68726872511516,0.071219512195122,White_wavg
2025-09-09,252,2025,EWT-2,0.360697820811739,5.09069927272887,-0.0261065832489749,0.071219512195122,White_wavg
2025-09-10,253,2025,EWT-2,0.418180956843202,5.41236020318436,0.459358711394842,0.071219512195122,White_wavg
2025-09-11,254,2025,EWT-2,0,1.79640958544454,-0.81547257102379,0.071219512195122,White_wavg
2025-09-12,255,2025,EWT-2,0.264733009526269,3.49214121855255,0.225000353562876,0.071219512195122,White_wavg
2025-09-13,256,2025,EWT-2,0.301181686547574,4.59368914949891,-0.364768208248734,0.071219512195122,White_wavg
2025-09-14,257,2025,EWT-2,0.296672448616189,2.28237691145381,1.88322938760912,0.071219512195122,White_wavg
2025-09-15,258,2025,EWT-2,0,5.88449266559863,-0.587051596024864,0.071219512195122,White_wavg
2025-09-16,259,2025,EWT-2,0,1.37220880493913,-0.398521303723953,0.071219512195122,White_wavg
2025-09-17,260,2025,EWT-2,0,-0.0700062200817513,0.186699730788931,0.071219512195122,White_wavg
2025-09-18,261,2025,EWT-2,0,3.02569315033523,0.475296271073773,0.071219512195122,White_wavg
2025-09-19,262,2025,EWT-2,0,3.46864359424015,-1.47446214403485,0.071219512195122,White_wavg
2025-09-20,263,2025,EWT-2,0.226140805219002,3.3966868103434,-0.221422079528637,0.071219512195122,White_wavg
2025-09-21,264,2025,EWT-2,0.130664738479191,1.5607783801546,0.273897742327193,0.071219512195122,White_wavg
2025-09-22,265,2025,EWT-2,0.32231364907821,3.66539071842098,0.860246135074434,0.071219512195122,White_wavg
2025-09-23,266,2025,EWT-2,0,8.34050241738868,-0.322765085922001,0.071219512195122,White_wavg
2025-09-24,267,2025,EWT-2,0.488595797530174,7.54575598034069,-0.685335535567688,0.071219512195122,White_wavg
2025-09-25,268,2025,EWT-2,-0.0803675926083799,-0.793433301898233,-0.335015772397512,0.071219512195122,White_wavg
2025-09-26,269,2025,EWT-2,0.525898553462225,7.70959276933189,-0.325400751540371,0.071219512195122,White_wavg
2025-09-27,270,2025,EWT-2,0.0346146574255734,0.661104179662431,-0.175076455536228,0.071219512195122,White_wavg
2025-09-28,271,2025,EWT-2,-0.0235163424788965,0.457774821563277,-0.787970041301207,0.071219512195122,White_wavg
2025-09-29,272,2025,EWT-2,0.185603055429781,2.6903718346781,-0.0843015358352943,0.071219512195122,White_wavg
2025-09-30,273,2025,EWT-2,0.0633772786795884,1.87942494706186,-0.989538499848464,0.071219512195122,White_wavg
2025-10-01,274,2025,EWT-2,0.0617750123590497,2.04285307090757,-1.17546419874283,0.071219512195122,White_wavg
2025-10-02,275,2025,EWT-2,0,1.10557309677262,-2.08821757421998,0.071219512195122,White_wavg
2025-10-03,276,2025,EWT-2,0,2.27545833598035,-2.24787554747863,0.071219512195122,White_wavg
2025-10-04,277,2025,EWT-2,0,0.374992232719507,-1.75448087017639,0.071219512195122,White_wavg
2025-10-05,278,2025,EWT-2,0,4.55519230420242,-3.40092294501899,0.071219512195122,White_wavg
2025-10-06,279,2025,EWT-2,-0.164361861091934,1.44081792040751,-3.74863857272577,0.071219512195122,White_wavg
2025-10-07,280,2025,EWT-2,0.0962159598173277,4.64749731552092,-3.2965197975379,0.071219512195122,White_wavg
2025-10-08,281,2025,EWT-2,0.15218945512045,4.26160154675421,-2.12469481389857,0.071219512195122,White_wavg
2025-10-09,282,2025,EWT-2,0.000422899538287646,1.80655548048185,-1.80061750751274,0.071219512195122,White_wavg
2025-10-10,283,2025,EWT-2,0.404654602955835,8.49435640238494,-2.81256231978588,0.071219512195122,White_wavg
2025-10-11,284,2025,EWT-2,-0.0788181835918227,0.393450436447694,-1.50014411016849,0.071219512195122,White_wavg
2025-10-12,285,2025,EWT-2,0.329165214183888,6.51695366239338,-1.89511332624974,0.071219512195122,White_wavg
2025-10-13,286,2025,EWT-2,-0.0360985270842394,-1.1860428027326,0.679179922440198,0.071219512195122,White_wavg
2025-10-14,287,2025,EWT-2,0,3.57508182223469,-1.36262670383154,0.071219512195122,White_wavg
2025-10-15,288,2025,EWT-2,0,2.44500528768512,-3.64003361768432,0.071219512195122,White_wavg
2025-10-16,289,2025,EWT-2,0,0.537359060679734,-1.27999736468584,0.071219512195122,White_wavg
2025-10-17,290,2025,EWT-2,0,3.07327239874309,-0.648416877507074,0.071219512195122,White_wavg
2025-10-18,291,2025,EWT-2,0.0516991590222333,2.01566865750138,-1.2897558082166,0.071219512195122,White_wavg
2025-10-19,292,2025,EWT-2,0.0879257101288979,1.70183047405601,-0.467257146903677,0.071219512195122,White_wavg
2025-10-20,293,2025,EWT-2,0.278024875555314,6.22175643221752,-2.31798249462578,0.071219512195122,White_wavg
2025-10-21,294,2025,EWT-2,-0.0157549081662088,0.51582784778077,-0.737044024087126,0.071219512195122,White_wavg
2025-10-22,295,2025,EWT-2,0.285861728576776,3.94171364195657,0.0720983003885749,0.071219512195122,White_wavg
2025-10-23,296,2025,EWT-2,0.29808326895108,5.27360995424715,-1.08819419157787,0.071219512195122,White_wavg
2025-10-24,297,2025,EWT-2,0.262368726618391,4.91183910795701,-1.22789465886316,0.071219512195122,White_wavg
2025-10-25,298,2025,EWT-2,0.0857847134903028,1.63645434425774,-0.431942956208971,0.071219512195122,White_wavg
2025-10-26,299,2025,EWT-2,-0.22408322048366,-0.216410993282466,-2.92996299296071,0.071219512195122,White_wavg
2025-10-27,300,2025,EWT-2,0.270120611399812,6.08505070564505,-2.29226129900385,0.071219512195122,White_wavg
2025-10-28,301,2025,EWT-2,0.142514715186672,3.23979278856044,-1.23873000682977,0.071219512195122,White_wavg
2025-10-29,302,2025,EWT-2,-0.0638389910614762,-0.15627254501527,-0.740096850026006,0.071219512195122,White_wavg
2025-10-30,303,2025,EWT-2,0.0516487977225717,0.0376637424288617,0.687541979018207,0.071219512195122,White_wavg
2018-07-16,197,2018,KEF-1,0.158736902732109,2.69334372100968,0.481394333632501,0.05,White_wavg
2018-07-17,198,2018,KEF-1,0.202167963574618,6.12892920354252,-2.08556993205016,0.05,White_wavg
2018-07-26,207,2018,KEF-1,0.314454271412388,5.88710714860104,0.40197827964672,0.05,White_wavg
2018-07-27,208,2018,KEF-1,0.160420507171076,5.62908534203609,-2.42067519861457,0.05,White_wavg
2018-08-25,237,2018,KEF-1,0.274823334962927,5.70196715142258,-0.20550045216403,0.05,White_wavg
2018-08-26,238,2018,KEF-1,0.443971849900426,7.42568605017906,1.45375094782946,0.05,White_wavg
2018-08-28,240,2018,KEF-1,0.133977803194327,3.060245344107,-0.38068928022046,0.05,White_wavg
2018-08-29,241,2018,KEF-1,0.153155645353673,1.93038934637076,1.13272356070269,0.05,White_wavg
2018-08-30,242,2018,KEF-1,0.310431628462659,7.12172300247756,-0.91309043322437,0.05,White_wavg
2018-08-31,243,2018,KEF-1,0.184146008032265,3.20981077039728,0.473109390248009,0.05,White_wavg
2018-09-01,244,2018,KEF-1,0.223035091060463,3.84718912000823,0.613512701201021,0.05,White_wavg
2018-09-02,245,2018,KEF-1,0.235308816328122,5.26584635457894,-0.55967002801651,0.05,White_wavg
2018-09-03,246,2018,KEF-1,0.112873793122734,1.99228942970286,0.265186432751819,0.05,White_wavg
2018-09-04,247,2018,KEF-1,0.273627662352104,5.70851257808832,-0.23595933104623,0.05,White_wavg
2018-09-05,248,2018,KEF-1,0.0892043733482253,2.56249628958972,-0.77840882262521,0.05,White_wavg
2018-09-06,249,2018,KEF-1,0.230416561674191,4.43455380737916,0.173777426104669,0.05,White_wavg
2018-09-07,250,2018,KEF-1,0.249516289997381,5.17943478249768,-0.189108982550049,0.05,White_wavg
2018-09-08,251,2018,KEF-1,0.102887797961493,1.63801681142028,0.41973914780958,0.05,White_wavg
2018-09-09,252,2018,KEF-1,0.168061111931417,2.74237475541348,0.61884748321485,0.05,White_wavg
2018-09-10,253,2018,KEF-1,0.305108470086024,6.29580055729626,-0.193631155575781,0.05,White_wavg
2018-09-11,254,2018,KEF-1,0.191751821820806,3.11310519344621,0.72193124296991,0.05,White_wavg
2018-09-12,255,2018,KEF-1,0.0851430711625214,0.907221342692878,0.79564008055755,0.05,White_wavg
2018-09-13,256,2018,KEF-1,0.230637101788326,5.42138528987087,-0.808643254104349,0.05,White_wavg
2018-09-14,257,2018,KEF-1,0.142787799174834,2.98829482231998,-0.13253883882331,0.05,White_wavg
2018-09-15,258,2018,KEF-1,-0.0118078246120231,0.0342061327444192,-0.27036262498488,0.05,White_wavg
2018-09-16,259,2018,KEF-1,0.0506419374342478,1.76827604210743,-0.75543729342247,0.05,White_wavg
2018-09-17,260,2018,KEF-1,0.11436556915707,2.10540825463602,0.18190312850539,0.05,White_wavg
2018-09-18,261,2018,KEF-1,0.101527829664239,1.58682645590851,0.443730137376269,0.05,White_wavg
2018-09-19,262,2018,KEF-1,0.166694031762501,4.30492655618802,-0.971045920938,0.05,White_wavg
2018-09-20,263,2018,KEF-1,0.148099731791778,3.59564352705882,-0.63364889122326,0.05,White_wavg
2018-09-21,264,2018,KEF-1,0.0369509372791216,1.16105251468782,-0.42203376910539,0.05,White_wavg
2018-09-22,265,2018,KEF-1,0.0975189927884202,1.14183163596768,0.80854821980072,0.05,White_wavg
2018-09-23,266,2018,KEF-1,0.00883700392510973,-0.600438229709276,0.777178308211471,0.05,White_wavg
2018-09-24,267,2018,KEF-1,0.122722848404947,3.79836325884181,-1.34390629074286,0.05,White_wavg
2018-09-25,268,2018,KEF-1,-0.00265345023698238,0.221855108229002,-0.27492411296865,0.05,White_wavg
2018-09-26,269,2018,KEF-1,0.101537267130523,2.34074784189282,-0.310002499282371,0.05,White_wavg
2018-09-27,270,2018,KEF-1,0.097588928956061,0.99878825256498,0.952990326556241,0.05,White_wavg
2018-09-28,271,2018,KEF-1,0.0381568790422885,-0.442601102195221,1.20573868304099,0.05,White_wavg
2018-09-29,272,2018,KEF-1,0.0350607612570999,-0.0121134014776203,0.713328626619619,0.05,White_wavg
2018-09-30,273,2018,KEF-1,0.239424760419543,5.3376082276671,-0.54911301927625,0.05,White_wavg
2018-10-01,274,2018,KEF-1,0.0905711214844546,1.95860697871878,-0.147184549029689,0.05,White_wavg
2018-10-02,275,2018,KEF-1,-0.15561425356559,-2.94631016452061,-0.16597490679118,0.05,White_wavg
2018-10-03,276,2018,KEF-1,0.0647430622617761,2.43801728824308,-1.14315604300756,0.05,White_wavg
2018-10-04,277,2018,KEF-1,-0.0845573998068805,-1.42077896199384,-0.27036903414377,0.05,White_wavg
2018-10-05,278,2018,KEF-1,-0.206971518385783,-3.44995049915227,-0.6894798685634,0.05,White_wavg
2018-10-06,279,2018,KEF-1,-0.147831784860389,-4.095288724956,1.13865302774822,0.05,White_wavg
2018-10-07,280,2018,KEF-1,-0.1885465025196,-3.49213391729322,-0.27879613309878,0.05,White_wavg
2018-10-08,281,2018,KEF-1,-0.0714004952905004,-2.48773907416368,1.05972916835367,0.05,White_wavg
2018-10-09,282,2018,KEF-1,0.0864035590335381,1.73494198073388,-0.0068708000631208,0.05,White_wavg
2018-10-10,283,2018,KEF-1,-0.0231846249541691,-0.459613257378422,-0.00407924170495999,0.05,White_wavg
2018-10-11,284,2018,KEF-1,-0.00432141654009448,0.8252812521519,-0.911709582953789,0.05,White_wavg
2018-10-12,285,2018,KEF-1,0.0716282350051582,2.09189907064056,-0.6593343705374,0.05,White_wavg
2018-10-13,286,2018,KEF-1,-0.032945813689125,-1.0168612733505,0.357944999568,0.05,White_wavg
2018-10-14,287,2018,KEF-1,-0.0579907117376526,0.452940899385357,-1.61275513413841,0.05,White_wavg
2018-10-15,288,2018,KEF-1,-0.167092047529014,-2.27815633699962,-1.06368461358066,0.05,White_wavg
2018-10-16,289,2018,KEF-1,-0.120963490252494,-2.90309144538912,0.48382164033924,0.05,White_wavg
2018-10-17,290,2018,KEF-1,-0.0960639295261444,-1.85391960299382,-0.0673589875290697,0.05,White_wavg
2018-10-18,291,2018,KEF-1,-0.0204593084059101,-0.539493244792381,0.13030707667418,0.05,White_wavg
2018-10-19,292,2018,KEF-1,0.0677304113693114,1.86772997588172,-0.51312174849549,0.05,White_wavg
2018-10-20,293,2018,KEF-1,0.033451047181295,0.0897702257979596,0.57925071782794,0.05,White_wavg
2018-10-21,294,2018,KEF-1,-0.054490282903616,-1.80527141766936,0.71546575959704,0.05,White_wavg
2018-10-22,295,2018,KEF-1,0.0648675371601274,1.21296911267268,0.0843816305298697,0.05,White_wavg
2018-10-23,296,2018,KEF-1,-0.0182807893890573,-0.368823429218407,0.00320764143726127,0.05,White_wavg
2018-10-24,297,2018,KEF-1,-0.0136711601321508,1.1392622480706,-1.41268545071362,0.05,White_wavg
2018-10-25,298,2018,KEF-1,-0.121103996995878,-2.37120879298014,-0.0508711469374097,0.05,White_wavg
2018-10-26,299,2018,KEF-1,-0.0227616947925765,-0.73272125493528,0.27748735908375,0.05,White_wavg
2018-10-27,300,2018,KEF-1,-0.0761902421889011,-2.16443522697852,0.6406303832005,0.05,White_wavg
2018-10-28,301,2018,KEF-1,0.116651872484821,2.564375079039,-0.23133762934257,0.05,White_wavg
2018-10-29,302,2018,KEF-1,-0.209838996202239,-4.15326261856812,-0.0435173054766498,0.05,White_wavg
2018-10-30,303,2018,KEF-1,0.0359275506969335,1.2084347634705,-0.48988374953183,0.05,White_wavg
2018-10-31,304,2018,KEF-1,-0.158584187779153,-2.63770142761824,-0.53398232796482,0.05,White_wavg
2018-11-01,305,2018,KEF-1,-0.0627354464446054,-0.440455620518097,-0.81425330837401,0.05,White_wavg
2018-11-02,306,2018,KEF-1,-0.0494045297273335,-1.60018058325588,0.61208998870921,0.05,White_wavg
2018-11-03,307,2018,KEF-1,-0.014022176002156,-0.0380558594386198,-0.2423876606045,0.05,White_wavg
2018-11-04,308,2018,KEF-1,-0.105911277064267,-3.81705328513644,1.69882774385109,0.05,White_wavg
2018-11-05,309,2018,KEF-1,0.166330965966638,3.28248784305282,0.0441314762799299,0.05,White_wavg
2018-11-06,310,2018,KEF-1,0.0251587343365585,0.65836023194592,-0.15518554521475,0.05,White_wavg
2018-11-07,311,2018,KEF-1,-0.0322662959309296,-0.478791469047843,-0.166534449570749,0.05,White_wavg
2018-11-08,312,2018,KEF-1,-0.0527069110249288,0.264800077961885,-1.31893829846046,0.05,White_wavg
2018-11-09,313,2018,KEF-1,0.061048222653488,-0.0224621204527207,1.24342657352248,0.05,White_wavg
2018-11-10,314,2018,KEF-1,-0.00780263416499902,-0.11448002901594,-0.0415726542840402,0.05,White_wavg
2018-11-11,315,2018,KEF-1,0.0639318700387215,-0.154899505704241,1.43353690647867,0.05,White_wavg
2018-11-12,316,2018,KEF-1,0.118604351045768,3.64381750423206,-1.2717304833167,0.05,White_wavg
2018-11-13,317,2018,KEF-1,-0.126042780140522,-2.2773359865006,-0.24351961630984,0.05,White_wavg
2018-11-14,318,2018,KEF-1,0.126819706133468,2.14711691802522,0.38927720464414,0.05,White_wavg
2018-11-15,319,2018,KEF-1,0.0969674260899001,1.04168378097528,0.89766474082272,0.05,White_wavg
2018-11-16,320,2018,KEF-1,-0.0985802472542735,-3.55514083220106,1.58353588711559,0.05,White_wavg
2018-11-17,321,2018,KEF-1,-0.0468922551733634,-0.413477496650938,-0.52436760681633,0.05,White_wavg
2018-11-18,322,2018,KEF-1,-0.207408271966238,0.0240769717774185,-4.17224241110218,0.05,White_wavg
2019-06-04,155,2019,KEF-1,-0.170296945531473,-3.04561714639032,-0.36032176423913,0.05,White_wavg
2019-06-05,156,2019,KEF-1,0.0904216315510615,0.67045817880246,1.13797445221877,0.05,White_wavg
2019-06-06,157,2019,KEF-1,0.0883625060320186,1.28506073474952,0.48218938589085,0.05,White_wavg
2019-06-07,158,2019,KEF-1,-0.150177129889285,-2.18549689226496,-0.81804570552074,0.05,White_wavg
2019-06-08,159,2019,KEF-1,-0.0168956074849729,0.846349108429562,-1.18426125812902,0.05,White_wavg
2019-06-09,160,2019,KEF-1,-0.0181268411889395,-0.27116861020314,-0.0913682135756501,0.05,White_wavg
2019-06-10,161,2019,KEF-1,0.0591950392970025,1.5699699490611,-0.38606916312105,0.05,White_wavg
2019-06-11,162,2019,KEF-1,-0.038880913314444,-1.18986276534654,0.41224449905766,0.05,White_wavg
2019-06-12,163,2019,KEF-1,0.0330435708770005,0.0744698723807404,0.58640154515927,0.05,White_wavg
2019-06-13,164,2019,KEF-1,-0.115881539946576,-2.88681270338352,0.56918190445199,0.05,White_wavg
2019-06-14,165,2019,KEF-1,-0.0161860444460144,-0.559339232944439,0.23561834402415,0.05,White_wavg
2019-06-15,166,2019,KEF-1,0.0302072597837465,0.44833902502968,0.15580617064525,0.05,White_wavg
2019-06-16,167,2019,KEF-1,-0.079154118364854,-1.74113370143586,0.15805133413878,0.05,White_wavg
2019-06-17,168,2019,KEF-1,-0.130708361919095,-2.5914297626013,-0.0227374757805903,0.05,White_wavg
2019-06-18,169,2019,KEF-1,-0.0280740637884587,-0.299855421470943,-0.26162585429823,0.05,White_wavg
2019-06-19,170,2019,KEF-1,0.09061588365138,1.52956841006466,0.28274926296294,0.05,White_wavg
2019-06-20,171,2019,KEF-1,-0.104201977553178,-3.09257129759004,1.00853174652649,0.05,White_wavg
2019-06-21,172,2019,KEF-1,0.00480313738830152,0.4891938545928,-0.39313110682677,0.05,White_wavg
2019-06-22,173,2019,KEF-1,0.00126245701003502,0.604369655074801,-0.5791205148741,0.05,White_wavg
2019-06-23,174,2019,KEF-1,-0.0351858605728867,-0.915234636860884,0.21151742540315,0.05,White_wavg
2019-06-24,175,2019,KEF-1,-0.015963391923083,-1.56473932877328,1.24547149031162,0.05,White_wavg
2019-06-25,176,2019,KEF-1,0.0124314307979658,0.171303012888297,0.0773256030710199,0.05,White_wavg
2019-06-26,177,2019,KEF-1,-0.0279606246336505,-0.952666835962261,0.39345434328925,0.05,White_wavg
2019-06-27,178,2019,KEF-1,-0.00708264011430888,0.379861264828202,-0.52151406711438,0.05,White_wavg
2019-06-28,179,2019,KEF-1,-0.0119974171151949,-0.165675397570558,-0.0742729447333406,0.05,White_wavg
2019-06-29,180,2019,KEF-1,0.00657793478440691,0.238987528760878,-0.107428833072739,0.05,White_wavg
2019-06-30,181,2019,KEF-1,0.0658843737849401,1.05428712991686,0.263400345781939,0.05,White_wavg
2019-07-01,182,2019,KEF-1,0.001991542215832,-0.561740059312081,0.601570903628721,0.05,White_wavg
2019-07-02,183,2019,KEF-1,-0.0783830914171873,-1.85155547202594,0.283893643682189,0.05,White_wavg
2019-07-03,184,2019,KEF-1,0.0107986852900585,-0.30216686745384,0.51814057325501,0.05,White_wavg
2019-07-04,185,2019,KEF-1,0.141433389193368,3.1711445447307,-0.342476760863339,0.05,White_wavg
2019-07-05,186,2019,KEF-1,0.0758867692170026,1.5164890351791,0.00124634916095001,0.05,White_wavg
2019-07-06,187,2019,KEF-1,0.304143266582832,5.28951750096918,0.793347830687449,0.05,White_wavg
2019-07-07,188,2019,KEF-1,0.141553338774969,1.21426242287406,1.61680435262532,0.05,White_wavg
2019-07-08,189,2019,KEF-1,0.313873807032124,6.37521153139776,-0.0977353907552798,0.05,White_wavg
2019-07-09,190,2019,KEF-1,0.238497750486896,4.8773869794321,-0.107431969694179,0.05,White_wavg
2019-07-10,191,2019,KEF-1,0.241329552815497,5.25711747820525,-0.4305264218953,0.05,White_wavg
2019-07-11,192,2019,KEF-1,0.171180637529868,2.5676479006197,0.855964849977649,0.05,White_wavg
2019-07-12,193,2019,KEF-1,0.0872060201816878,1.6212880182717,0.12283238536206,0.05,White_wavg
2019-07-13,194,2019,KEF-1,0.0138680710670059,0.316861070987757,-0.0394996496476399,0.05,White_wavg
2019-07-14,195,2019,KEF-1,0.147080880542765,3.37594025959405,-0.434322648738751,0.05,White_wavg
2019-07-15,196,2019,KEF-1,0.180442627431708,3.20735014196136,0.4015024066728,0.05,White_wavg
2019-07-16,197,2019,KEF-1,0.0294347151522423,0.152643708139495,0.436050594905351,0.05,White_wavg
2019-07-17,198,2019,KEF-1,0.288350341324257,6.09935301092646,-0.33234618444133,0.05,White_wavg
2019-07-18,199,2019,KEF-1,0.242274187767386,4.67652304071078,0.168960714636939,0.05,White_wavg
2019-07-19,200,2019,KEF-1,0.134347392008572,2.74362567444797,-0.0566778342765399,0.05,White_wavg
2019-07-20,201,2019,KEF-1,0.216978210196227,4.22873213436648,0.11083206955806,0.05,White_wavg
2019-07-21,202,2019,KEF-1,0.160236997714752,3.80615254826538,-0.601412593970349,0.05,White_wavg
2019-07-22,203,2019,KEF-1,0.0518218541768527,1.38082342215924,-0.344386338622191,0.05,White_wavg
2019-07-23,204,2019,KEF-1,0.0461460517557816,1.43691802288578,-0.51399698777015,0.05,White_wavg
2019-07-24,205,2019,KEF-1,-0.0337295964320365,-1.11889185124524,0.44429992260451,0.05,White_wavg
2019-07-25,206,2019,KEF-1,0.00526878015637702,-0.3116717977239,0.41704740085144,0.05,White_wavg
2019-07-26,207,2019,KEF-1,0.185816574770799,3.60460917010062,0.11172232531536,0.05,White_wavg
2019-07-27,208,2019,KEF-1,0.155766716048804,3.64410779096538,-0.528773469989299,0.05,White_wavg
2019-07-28,209,2019,KEF-1,0.0516768732411687,-0.176754660568795,1.21029212539217,0.05,White_wavg
2019-07-29,210,2019,KEF-1,0.0714762932653563,0.701736067386726,0.7277897979204,0.05,White_wavg
2019-07-30,211,2019,KEF-1,0.100139005392422,1.90497930874578,0.0978007991026502,0.05,White_wavg
2019-07-31,212,2019,KEF-1,0.174250409713112,4.1681508174339,-0.683142623171671,0.05,White_wavg
2019-08-01,213,2019,KEF-1,0.23622170086744,4.60205210345699,0.122381913891811,0.05,White_wavg
2019-08-02,214,2019,KEF-1,0.107592161843141,2.79623385688872,-0.64439062002589,0.05,White_wavg
2019-08-03,215,2019,KEF-1,0.191911397627846,3.55597533433033,0.282252618226591,0.05,White_wavg
2019-08-04,216,2019,KEF-1,0.185550182743279,3.89205189068527,-0.181048235819681,0.05,White_wavg
2019-08-05,217,2019,KEF-1,0.123754004327445,2.14030442016234,0.33477566638656,0.05,White_wavg
2019-08-06,218,2019,KEF-1,0.162580266739739,3.25410382965504,-0.00249849486024978,0.05,White_wavg
2019-08-07,219,2019,KEF-1,0.149812792112459,2.82882761979552,0.16742822245366,0.05,White_wavg
2019-08-08,220,2019,KEF-1,0.122341725550266,2.2286406265014,0.21819388450392,0.05,White_wavg
2019-08-09,221,2019,KEF-1,0.0961397450161521,1.341678420696,0.58111647962704,0.05,White_wavg
2019-08-10,222,2019,KEF-1,0.137841925463311,3.56999107146655,-0.81315256220033,0.05,White_wavg
2019-08-11,223,2019,KEF-1,0.122314529119736,2.61849104048545,-0.172200458090721,0.05,White_wavg
2019-08-12,224,2019,KEF-1,0.252138745389666,5.17045565522028,-0.127680747426959,0.05,White_wavg
2019-08-13,225,2019,KEF-1,0.0766557765215832,1.77405039580554,-0.24093486537388,0.05,White_wavg
2019-08-14,226,2019,KEF-1,0.267797059847334,5.43011404072902,-0.0741728437823497,0.05,White_wavg
2019-08-15,227,2019,KEF-1,0.213451444049815,3.8513245447053,0.417704336290999,0.05,White_wavg
2019-08-16,228,2019,KEF-1,0.217447112688484,3.87667543803654,0.472266815733141,0.05,White_wavg
2019-08-17,229,2019,KEF-1,0.166574068304027,2.78663587566721,0.54484549041333,0.05,White_wavg
2019-08-18,230,2019,KEF-1,0.244277379936422,5.12209903335612,-0.23655143462768,0.05,White_wavg
2019-08-19,231,2019,KEF-1,0.216775619694253,4.93521691942507,-0.599704525540011,0.05,White_wavg
2019-08-20,232,2019,KEF-1,0.274484467462186,5.5529478426387,-0.0632584933949705,0.05,White_wavg
2019-08-21,233,2019,KEF-1,0.155983976832285,2.17473537427896,0.944944162366742,0.05,White_wavg
2019-08-22,234,2019,KEF-1,0.137081482285602,2.92058512444374,-0.178955478731702,0.05,White_wavg
2019-08-23,235,2019,KEF-1,0.119277700248465,2.57506392007584,-0.18950991510653,0.05,White_wavg
2019-08-24,236,2019,KEF-1,0.254958119827178,5.77887549230562,-0.67971309576205,0.05,White_wavg
2019-08-25,237,2019,KEF-1,0.276682255550734,5.68060399726169,-0.14695888624701,0.05,White_wavg
2019-08-26,238,2019,KEF-1,0.253767023100167,4.78600751834502,0.289332943658319,0.05,White_wavg
2019-08-27,239,2019,KEF-1,0.0818917143574906,1.77997134766985,-0.142137060520039,0.05,White_wavg
2019-08-28,240,2019,KEF-1,0.264275673410275,5.45773449211104,-0.17222102390555,0.05,White_wavg
2019-08-29,241,2019,KEF-1,0.0316007611556925,0.32906556840474,0.30294965470911,0.05,White_wavg
2019-08-30,242,2019,KEF-1,0.219528281995059,4.36408906848942,0.0264765714117505,0.05,White_wavg
2019-08-31,243,2019,KEF-1,0.162252829965635,2.83020886463562,0.414847734677078,0.05,White_wavg
2019-09-01,244,2019,KEF-1,0.259472467532262,5.29296632517563,-0.103516974530388,0.05,White_wavg
2019-09-02,245,2019,KEF-1,0.326714252645229,7.00926954277501,-0.474984489870421,0.05,White_wavg
2019-09-03,246,2019,KEF-1,0.435237672374144,7.75413899314542,0.95061445433746,0.05,White_wavg
2019-09-04,247,2019,KEF-1,0.173632935761906,5.45978403986178,-1.98712532462366,0.05,White_wavg
2019-09-05,248,2019,KEF-1,0.0645603721371667,0.789519547017664,0.50168789572567,0.05,White_wavg
2019-09-06,249,2019,KEF-1,0.32065608851226,6.77307648355422,-0.35995471330903,0.05,White_wavg
2019-09-07,250,2019,KEF-1,0.232109099377329,2.63966163308496,2.00252035446162,0.05,White_wavg
2019-09-08,251,2019,KEF-1,0.319853397142005,7.27306857238332,-0.876000629543229,0.05,White_wavg
2019-09-09,252,2019,KEF-1,0.119596804302323,1.79584768918171,0.59608839686476,0.05,White_wavg
2019-09-10,253,2019,KEF-1,0.237664032914583,5.75108524287168,-0.997804584580031,0.05,White_wavg
2019-09-11,254,2019,KEF-1,0.0940913216043009,2.45232038498532,-0.570493952899299,0.05,White_wavg
2019-09-12,255,2019,KEF-1,0.41773555937385,8.7839946549966,-0.429283467519601,0.05,White_wavg
2019-09-13,256,2019,KEF-1,0.213539148404926,4.17657490614474,0.0942080619537906,0.05,White_wavg
2019-09-14,257,2019,KEF-1,0.230361377757812,3.69491663916931,0.91231091598694,0.05,White_wavg
2019-09-15,258,2019,KEF-1,0.319485860153064,4.58177504395146,1.80794215910982,0.05,White_wavg
2019-09-16,259,2019,KEF-1,-0.0584590279521794,1.75800705156954,-2.92718761061313,0.05,White_wavg
2019-09-17,260,2019,KEF-1,-0.0745252644798011,-1.72977346405254,0.23926817445652,0.05,White_wavg
2019-09-18,261,2019,KEF-1,-0.352785193425007,-5.00552801378088,-2.05017585471925,0.05,White_wavg
2019-09-19,262,2019,KEF-1,-0.428383954265525,-11.0867843169654,2.51910523165489,0.05,White_wavg
2019-09-20,263,2019,KEF-1,0.0242210849411265,0.877309284888421,-0.392887586065891,0.05,White_wavg
2019-09-21,264,2019,KEF-1,0.140928290414972,3.09551850375017,-0.27695269545073,0.05,White_wavg
2019-09-22,265,2019,KEF-1,-0.00618657408748069,-0.919021392320463,0.795289910570849,0.05,White_wavg
2019-09-23,266,2019,KEF-1,0.105025742938496,3.70214820285,-1.60163334408008,0.05,White_wavg
2019-09-24,267,2019,KEF-1,0.229836643993434,4.45157058835866,0.14516229151002,0.05,White_wavg
2019-09-25,268,2019,KEF-1,0.0996980216314623,1.59973878307968,0.394221649549571,0.05,White_wavg
2019-09-26,269,2019,KEF-1,0.033082845744489,0.177712959583321,0.48394395530646,0.05,White_wavg
2019-09-27,270,2019,KEF-1,0.197540408015751,1.89206648610846,2.05874167420657,0.05,White_wavg
2019-09-28,271,2019,KEF-1,0.106912674705528,2.53374032903082,-0.395486834920259,0.05,White_wavg
2019-09-29,272,2019,KEF-1,-0.124232747766418,-1.8628404961572,-0.62181445917115,0.05,White_wavg
2019-09-30,273,2019,KEF-1,-0.185686334356195,-2.91155170928226,-0.80217497784165,0.05,White_wavg
2019-10-01,274,2019,KEF-1,-0.14567278476206,-2.52474877390686,-0.38870692133433,0.05,White_wavg
2019-10-02,275,2019,KEF-1,-0.0332459242209538,-0.221952891894956,-0.442965592524121,0.05,White_wavg
2019-10-03,276,2019,KEF-1,-0.116120072538947,-3.25058270531676,0.928181254537821,0.05,White_wavg
2019-10-04,277,2019,KEF-1,0.134764877809631,4.65711603003282,-1.96181847384019,0.05,White_wavg
2019-10-05,278,2019,KEF-1,0.0230038077948433,0.444835414708317,0.01524074118855,0.05,White_wavg
2019-10-06,279,2019,KEF-1,0.0195592999429275,0.293685772023601,0.0975002268349501,0.05,White_wavg
2019-10-07,280,2019,KEF-1,0.0461555957444939,0.543276317663937,0.379835597225941,0.05,White_wavg
2019-10-08,281,2019,KEF-1,0.00665254742717463,-1.51121259190422,1.64426354044771,0.05,White_wavg
2019-10-09,282,2019,KEF-1,-0.0752119559918171,-0.051841223131861,-1.45239789670448,0.05,White_wavg
2019-10-10,283,2019,KEF-1,-0.394540466668233,-6.86277464569362,-1.02803468767103,0.05,White_wavg
2019-10-11,284,2019,KEF-1,-0.488422626426628,-10.5027295231547,0.73427699462218,0.05,White_wavg
2019-10-12,285,2019,KEF-1,-0.230265140680732,-4.6353574505133,0.0300546368986696,0.05,White_wavg
2019-10-13,286,2019,KEF-1,-0.018598119945059,-0.334133593199221,-0.0378288057019596,0.05,White_wavg
2019-10-14,287,2019,KEF-1,-0.197172964398906,-2.85212793113136,-1.09133135684676,0.05,White_wavg
2019-10-15,288,2019,KEF-1,-0.0650007907806331,-1.66056352342284,0.36054770781018,0.05,White_wavg
2019-10-16,289,2019,KEF-1,0.0403647049236774,-0.946448783683383,1.75374288215693,0.05,White_wavg
2019-10-17,290,2019,KEF-1,-0.319942603696743,-6.05073901037868,-0.34811306355618,0.05,White_wavg
2019-10-18,291,2019,KEF-1,-0.0554831258492339,0.381026199096723,-1.4906887160814,0.05,White_wavg
2019-10-19,292,2019,KEF-1,-0.206085700051412,-4.47710647732368,0.355392476295441,0.05,White_wavg
2019-10-20,293,2019,KEF-1,-0.0833148860354024,0.414805202153822,-2.08110292286187,0.05,White_wavg
2021-06-06,157,2021,KEF-1,0.235885147058993,3.6933891228873,1.02431381829256,0.05,White_wavg
2021-06-07,158,2021,KEF-1,0.149731562742829,2.3177446442283,0.67688661062828,0.05,White_wavg
2021-06-08,159,2021,KEF-1,0.0188349705667269,1.42722008311086,-1.05052067177632,0.05,White_wavg
2021-06-09,160,2021,KEF-1,0.255784539939155,5.72254935988278,-0.60685856109969,0.05,White_wavg
2021-06-10,161,2021,KEF-1,0.224607789410192,4.70557849439862,-0.21342270619478,0.05,White_wavg
2021-06-11,162,2021,KEF-1,0.201105051848539,3.77514954074628,0.246951496224491,0.05,White_wavg
2021-06-12,163,2021,KEF-1,0.219972888467589,3.4711247512128,0.92833301813897,0.05,White_wavg
2021-06-13,164,2021,KEF-1,0.233644998393413,4.17960448405698,0.49329548381127,0.05,White_wavg
2021-06-14,165,2021,KEF-1,0.198445818151499,5.2697278465665,-1.30081148353653,0.05,White_wavg
2021-06-15,166,2021,KEF-1,0.166393311978351,3.50226801657246,-0.17440177700543,0.05,White_wavg
2021-06-16,167,2021,KEF-1,0.289784762682829,5.78839684822368,0.00729840543289972,0.05,White_wavg
2021-06-17,168,2021,KEF-1,0.257119334601779,3.8771911619076,1.26519553012798,0.05,White_wavg
2021-06-18,169,2021,KEF-1,0.294880400849663,5.63523886201446,0.26236915497879,0.05,White_wavg
2021-06-19,170,2021,KEF-1,0.315959572510751,6.10330633362714,0.21588511658788,0.05,White_wavg
2021-06-20,171,2021,KEF-1,0.382992037322528,8.21297394599052,-0.55313319953996,0.05,White_wavg
2021-06-21,172,2021,KEF-1,0.174046791805846,3.1254518844939,0.35548395162302,0.05,White_wavg
2021-06-22,173,2021,KEF-1,0.0878486789423508,0.907976305403945,0.84899727344307,0.05,White_wavg
2021-06-23,174,2021,KEF-1,0.470141249054324,10.0716150078561,-0.66879002676962,0.05,White_wavg
2021-06-24,175,2021,KEF-1,0.319826428351249,8.96342858906928,-2.5669000220443,0.05,White_wavg
2021-06-25,176,2021,KEF-1,0.0603304474655341,-0.103817813343478,1.31042676265416,0.05,White_wavg
2021-06-26,177,2021,KEF-1,0.262963643750416,4.07016111586494,1.18911175914338,0.05,White_wavg
2021-06-27,178,2021,KEF-1,0.442661796953051,7.98406817443362,0.869167764627401,0.05,White_wavg
2021-06-28,179,2021,KEF-1,0.322404847871313,5.46040528435656,0.98769167306969,0.05,White_wavg
2021-06-29,180,2021,KEF-1,0.51406843161489,10.5225588782843,-0.241190245986541,0.05,White_wavg
2021-06-30,181,2021,KEF-1,0.359414755647131,7.67914604975424,-0.490850936811609,0.05,White_wavg
2021-07-01,182,2021,KEF-1,0.389915623962346,7.14687518752368,0.65143729172324,0.05,White_wavg
2021-07-02,183,2021,KEF-1,0.659034567979753,13.3562578902325,-0.175566530637471,0.05,White_wavg
2021-07-03,184,2021,KEF-1,0.639420643820228,13.24669425004,-0.458281373635449,0.05,White_wavg
2021-07-06,187,2021,KEF-1,0.656217234344678,12.7571986140377,0.36714607285582,0.05,White_wavg
2021-07-07,188,2021,KEF-1,0.568043767196879,10.970432817194,0.390442526743589,0.05,White_wavg
2021-07-08,189,2021,KEF-1,0.634051693749091,12.3341332926064,0.34690058237547,0.05,White_wavg
2021-07-09,190,2021,KEF-1,0.771457319020739,16.3437434251687,-0.91459704475394,0.05,White_wavg
2021-07-10,191,2021,KEF-1,0.841643195121291,16.1512620072433,0.68160189518256,0.05,White_wavg
2021-07-11,192,2021,KEF-1,0.947187116585351,18.2565365756737,0.687205756033301,0.05,White_wavg
2021-07-12,193,2021,KEF-1,1.00958633912382,19.4631946552434,0.728532127233089,0.05,White_wavg
2021-07-13,194,2021,KEF-1,0.861074225535809,17.6495122765392,-0.428027765823019,0.05,White_wavg
2021-07-14,195,2021,KEF-1,0.85270142556504,16.5559860993213,0.498042411979499,0.05,White_wavg
2021-07-15,196,2021,KEF-1,0.960130680124251,20.0386951133257,-0.836081510840709,0.05,White_wavg
2021-07-16,197,2021,KEF-1,0.731216422692908,14.0805867674886,0.543741686369609,0.05,White_wavg
2021-07-17,198,2021,KEF-1,0.821690431474762,16.717343804137,-0.28353517464179,0.05,White_wavg
2021-07-18,199,2021,KEF-1,1.11088609791995,22.6385117315296,-0.420789773130539,0.05,White_wavg
2021-07-19,200,2021,KEF-1,0.893669836277908,18.4177229110855,-0.544326185527311,0.05,White_wavg
2021-07-20,201,2021,KEF-1,0.909070812502425,16.6888384538115,1.492577796237,0.05,White_wavg
2021-07-21,202,2021,KEF-1,0.895247278486882,17.4200745675304,0.484871002207219,0.05,White_wavg
2021-07-22,203,2021,KEF-1,0.81641108013101,16.5913855533912,-0.263163950770998,0.05,White_wavg
2021-07-23,204,2021,KEF-1,0.979996199926116,19.9037284637466,-0.303804465224291,0.05,White_wavg
2021-07-24,205,2021,KEF-1,1.153354367948,22.1678266285103,0.899260730449749,0.05,White_wavg
2021-07-25,206,2021,KEF-1,0.893704998649785,19.6595631648457,-1.78546319184996,0.05,White_wavg
2021-07-26,207,2021,KEF-1,0.624682339516846,16.8823442529696,-4.38869746263268,0.05,White_wavg
2021-07-27,208,2021,KEF-1,-0.050242594370476,-0.963492524978459,-0.0413593624310602,0.05,White_wavg
2021-07-28,209,2021,KEF-1,0.235427433490109,4.55824962812382,0.15029904167836,0.05,White_wavg
2021-07-29,210,2021,KEF-1,0.090359413486211,1.4182274295237,0.38896084020052,0.05,White_wavg
2021-07-30,211,2021,KEF-1,0.138378102835421,3.01629554509296,-0.24873348838454,0.05,White_wavg
2021-07-31,212,2021,KEF-1,0.184448616322009,1.821578451138,1.86739387530217,0.05,White_wavg
2021-08-01,213,2021,KEF-1,0.574710363489262,10.5452548526962,0.948952417089011,0.05,White_wavg
2021-08-02,214,2021,KEF-1,0.603542925246965,10.0374009572033,2.03345754773601,0.05,White_wavg
2021-08-03,215,2021,KEF-1,0.882943741684381,16.1179153614605,1.54095947222714,0.05,White_wavg
2021-08-04,216,2021,KEF-1,0.921990582837841,17.5571278928207,0.882683763936141,0.05,White_wavg
2021-08-05,217,2021,KEF-1,0.769486079134226,14.9967970359718,0.39292454671269,0.05,White_wavg
2021-08-06,218,2021,KEF-1,0.646199092182975,16.4054884200841,-3.48150657642456,0.05,White_wavg
2021-08-07,219,2021,KEF-1,0.887328926890376,14.9516713146948,2.79490722311273,0.05,White_wavg
2021-08-08,220,2021,KEF-1,0.580328952760826,11.1967517246445,0.409827330572021,0.05,White_wavg
2021-08-09,221,2021,KEF-1,0.710393311153508,13.9393649648131,0.2685012582571,0.05,White_wavg
2021-08-10,222,2021,KEF-1,0.757718322768486,16.7848720880318,-1.63050563266207,0.05,White_wavg
2021-08-11,223,2021,KEF-1,0.878219459696226,17.1976656304242,0.366723563500319,0.05,White_wavg
2021-08-12,224,2021,KEF-1,0.650468985163445,13.3181671662623,-0.308787462993369,0.05,White_wavg
2021-08-13,225,2021,KEF-1,0.780942910814203,16.381035837643,-0.762177621358971,0.05,White_wavg
2021-08-14,226,2021,KEF-1,0.648248306641977,12.3856202145589,0.579345918280621,0.05,White_wavg
2021-08-15,227,2021,KEF-1,0.73737526894143,14.1427736485486,0.604731730279969,0.05,White_wavg
2021-08-16,228,2021,KEF-1,0.665912548190378,10.1741893527759,3.14406161103165,0.05,White_wavg
2021-08-17,229,2021,KEF-1,0.555716597052688,10.8070542674277,0.307277673626061,0.05,White_wavg
2021-08-18,230,2021,KEF-1,0.368065433183322,11.134289669932,-3.77298100626558,0.05,White_wavg
2021-08-19,231,2021,KEF-1,0.567508193301273,11.4863083158937,-0.136144449868251,0.05,White_wavg
2021-08-20,232,2021,KEF-1,0.565528431111105,10.3560345074989,0.954534114723241,0.05,White_wavg
2021-08-21,233,2021,KEF-1,0.504311219037542,9.59169698003029,0.494527400720559,0.05,White_wavg
2021-08-22,234,2021,KEF-1,0.46634390250004,9.48248031825509,-0.15560226825429,0.05,White_wavg
2021-08-23,235,2021,KEF-1,0.593655037801772,10.9904226025741,0.88267815346139,0.05,White_wavg
2021-08-24,236,2021,KEF-1,0.758678922137832,15.5795964028712,-0.406017960114539,0.05,White_wavg
2021-08-25,237,2021,KEF-1,0.534283011299381,10.8398877015698,-0.15422747558223,0.05,White_wavg
2021-08-26,238,2021,KEF-1,0.634718921327425,12.6628553309672,0.0315230955813206,0.05,White_wavg
2021-08-27,239,2021,KEF-1,0.507868654974251,10.1422164165274,0.0151566829575991,0.05,White_wavg
2021-08-28,240,2021,KEF-1,0.510889422072422,11.0705385401211,-0.852750098672669,0.05,White_wavg
2021-08-29,241,2021,KEF-1,0.745756958202588,13.6828259264093,1.23231323764248,0.05,White_wavg
2021-08-30,242,2021,KEF-1,0.647541251053277,12.3797688179192,0.57105620314637,0.05,White_wavg
2021-08-31,243,2021,KEF-1,0.504424242319362,8.09782043574324,1.99066441064399,0.05,White_wavg
2021-09-01,244,2021,KEF-1,0.494352032629976,10.2734607362212,-0.386420083621712,0.05,White_wavg
2021-09-02,245,2021,KEF-1,0.635647751483681,15.289151162862,-2.57619613318844,0.05,White_wavg
2021-09-03,246,2021,KEF-1,0.638209280281936,14.3893492586749,-1.62516365303614,0.05,White_wavg
2021-09-04,247,2021,KEF-1,0.581781820234459,12.0096495830374,-0.374013178348239,0.05,White_wavg
2021-09-05,248,2021,KEF-1,0.512398740873996,10.004883953075,0.243090864404929,0.05,White_wavg
2021-09-06,249,2021,KEF-1,0.530420046722809,10.7342706319688,-0.12586969751265,0.05,White_wavg
2021-09-07,250,2021,KEF-1,0.617026042309899,12.639595780757,-0.29907493455905,0.05,White_wavg
2021-09-08,251,2021,KEF-1,0.528121637853785,9.79223866193628,0.770194095139411,0.05,White_wavg
2021-09-09,252,2021,KEF-1,0.59782812112564,10.6336989773293,1.32286344518348,0.05,White_wavg
2021-09-10,253,2021,KEF-1,0.567146615005204,16.208577738632,-4.8656454385279,0.05,White_wavg
2021-09-11,254,2021,KEF-1,0.0858226775173327,1.61240320381422,0.10405034653243,0.05,White_wavg
2021-09-12,255,2021,KEF-1,0.223396652060021,3.29734710395508,1.17058593724533,0.05,White_wavg
2021-09-13,256,2021,KEF-1,0.353694077042601,7.6161210032787,-0.54223946242669,0.05,White_wavg
2021-09-14,257,2021,KEF-1,0.407907918608413,7.8427702843893,0.315388087778959,0.05,White_wavg
2021-09-15,258,2021,KEF-1,0.505959517074146,9.2508374944611,0.868352847021821,0.05,White_wavg
2021-09-16,259,2021,KEF-1,0.443697521203468,9.48542256566394,-0.61147214159458,0.05,White_wavg
2021-09-17,260,2021,KEF-1,0.394345497178409,8.18610247944204,-0.299192535873871,0.05,White_wavg
2021-09-18,261,2021,KEF-1,0.284388635789574,5.8493241010176,-0.161551385226129,0.05,White_wavg
2021-09-19,262,2021,KEF-1,0.0508711963543195,2.55351173776399,-1.5360878106776,0.05,White_wavg
2021-09-20,263,2021,KEF-1,0.167889595190651,3.86001128055114,-0.50221937673812,0.05,White_wavg
2021-09-21,264,2021,KEF-1,0.163626610346001,3.0511188386931,0.221413368226919,0.05,White_wavg
2021-09-22,265,2021,KEF-1,0.250219651978378,4.8596133146244,0.14477972494316,0.05,White_wavg
2021-09-23,266,2021,KEF-1,0.207222096410912,3.97828563075606,0.16615629746219,0.05,White_wavg
2021-09-24,267,2021,KEF-1,0.328579542224972,6.6250190351226,-0.05342819062317,0.05,White_wavg
2021-09-25,268,2021,KEF-1,0.167755190890719,2.8192261117503,0.53587770606409,0.05,White_wavg
2021-09-26,269,2021,KEF-1,0.352681875208808,6.88202274910662,0.17161475506953,0.05,White_wavg
2021-09-27,270,2021,KEF-1,0.376539123692626,6.04416653773896,1.48661593611355,0.05,White_wavg
2021-09-28,271,2021,KEF-1,0.58598622806467,13.7433258934774,-2.02360133218403,0.05,White_wavg
2021-09-29,272,2021,KEF-1,0.145705180447289,3.61805799176232,-0.70395438281654,0.05,White_wavg
2021-09-30,273,2021,KEF-1,0.131141782026008,3.0202041355341,-0.39736849501395,0.05,White_wavg
2021-10-01,274,2021,KEF-1,0.131966229011738,2.57730089507359,0.0620236851611695,0.05,White_wavg
2021-10-02,275,2021,KEF-1,0.163735567836723,3.70912401073866,-0.43441265400421,0.05,White_wavg
2021-10-03,276,2021,KEF-1,0.0386481002245081,0.281152234059302,0.49180977043086,0.05,White_wavg
2021-10-04,277,2021,KEF-1,-0.0635573621036925,-1.5081926248449,0.237045382771051,0.05,White_wavg
2021-10-05,278,2021,KEF-1,0.125848224588692,1.73084144034762,0.78612305142621,0.05,White_wavg
2021-10-06,279,2021,KEF-1,0.037688050023263,0.91833781327008,-0.16457681280482,0.05,White_wavg
2021-10-07,280,2021,KEF-1,0.038514947412595,2.1029700977511,-1.3326711494992,0.05,White_wavg
2021-10-08,281,2021,KEF-1,0.734129750659605,13.2081187763521,1.47447623683998,0.05,White_wavg
2021-10-09,282,2021,KEF-1,-0.117600977430758,-1.2573873080154,-1.09463224059975,0.05,White_wavg
2021-10-10,283,2021,KEF-1,0.095927865194385,0.365435008749421,1.55312229513828,0.05,White_wavg
2021-10-11,284,2021,KEF-1,0.12008165692749,2.66771358339636,-0.26608044484657,0.05,White_wavg
2021-10-12,285,2021,KEF-1,-0.101026904395348,-1.37366368096788,-0.64687440693909,0.05,White_wavg
2021-10-13,286,2021,KEF-1,-0.0930777898691905,-2.1505377387612,0.28898194137739,0.05,White_wavg
2021-10-14,287,2021,KEF-1,-0.0659592428652906,0.815689399235698,-2.13487425654151,0.05,White_wavg
2021-10-15,288,2021,KEF-1,-0.308821092283705,-5.99180824554858,-0.18461360012552,0.05,White_wavg
2021-10-16,289,2021,KEF-1,0.103433298654458,0.713495775486781,1.35517019760237,0.05,White_wavg
2021-10-17,290,2021,KEF-1,0.0530110861085748,-0.921701055323943,1.98192277749544,0.05,White_wavg
2021-10-18,291,2021,KEF-1,-0.0485980537933297,0.983722820568596,-1.95568389643519,0.05,White_wavg
2021-10-19,292,2021,KEF-1,-0.0740580020158002,-1.66452679857408,0.18336675825808,0.05,White_wavg
2021-10-20,293,2021,KEF-1,-0.348280123927448,-2.83288545018402,-4.13271702836493,0.05,White_wavg
2021-10-21,294,2021,KEF-1,0.181851766123113,2.71067198551618,0.92636333694607,0.05,White_wavg
2021-10-22,295,2021,KEF-1,-0.596101642172772,-14.2614281269534,2.33939528349793,0.05,White_wavg
2021-10-23,296,2021,KEF-1,-0.0883285295521301,-0.283502092473842,-1.48306849856876,0.05,White_wavg
2021-10-24,297,2021,KEF-1,0.00432542784977043,0.405373867414498,-0.31886531041909,0.05,White_wavg
2021-10-25,298,2021,KEF-1,-0.459312028197959,-8.34941698877142,-0.83682357518775,0.05,White_wavg
2021-10-26,299,2021,KEF-1,-0.229711136776565,-3.3943333724817,-1.19988936304959,0.05,White_wavg
2021-10-27,300,2021,KEF-1,-0.0315017960449095,0.60534734676774,-1.23538326766593,0.05,White_wavg
2021-10-28,301,2021,KEF-1,-0.0137135141569295,-1.13788640722458,0.86361612408599,0.05,White_wavg
2021-10-29,302,2021,KEF-1,-0.0809588450836315,-3.42682556116956,1.80764865949693,0.05,White_wavg
2021-10-30,303,2021,KEF-1,-0.113306030931366,-2.39889358970412,0.13277297107681,0.05,White_wavg
2021-10-31,304,2021,KEF-1,0.0183921182688344,0.830731848999359,-0.46288948362267,0.05,White_wavg
2021-11-01,305,2021,KEF-1,0.105144581904045,2.21428351370358,-0.11139187562268,0.05,White_wavg
2021-11-02,306,2021,KEF-1,0.088761060607656,3.19610733413004,-1.42088612197692,0.05,White_wavg
2021-11-03,307,2021,KEF-1,-0.0587672871783615,-2.22825042150348,1.05290467793625,0.05,White_wavg
2021-11-04,308,2021,KEF-1,-0.14614898037901,-2.8029083735316,-0.1200712340486,0.05,White_wavg
2021-11-05,309,2021,KEF-1,-0.017189603839575,-1.3640515655421,1.0202594887506,0.05,White_wavg
2021-11-06,310,2021,KEF-1,-0.0822191402282686,-2.00640845856942,0.36202565400405,0.05,White_wavg
2021-11-07,311,2021,KEF-1,-0.031853563042325,-0.50821843213596,-0.12885282871054,0.05,White_wavg
2021-11-08,312,2021,KEF-1,0.103606288137116,1.44042657410706,0.63169918863526,0.05,White_wavg
2021-11-09,313,2021,KEF-1,0.161759437485268,6.6068022333894,-3.37161348368403,0.05,White_wavg
2021-11-10,314,2021,KEF-1,-0.291018381136493,-5.487542379657,-0.33282524307286,0.05,White_wavg
2021-11-11,315,2021,KEF-1,0.0216548821067615,0.36035448291792,0.0727431592173102,0.05,White_wavg
2021-11-12,316,2021,KEF-1,-0.191420730988091,-4.25975164723836,0.43133702747653,0.05,White_wavg
2021-11-13,317,2021,KEF-1,0.264278664045289,-2.5453371626703,7.83091044357607,0.05,White_wavg
2024-06-03,155,2024,KEF-1,-0.172368289992297,-3.7019892770079,0.254623477161961,0.05,White_wavg
2024-06-04,156,2024,KEF-1,-0.0866698058979668,-1.14801346307124,-0.5853826548881,0.05,White_wavg
2024-06-05,157,2024,KEF-1,0.0252998650486969,-0.00153516847236013,0.507532469446299,0.05,White_wavg
2024-06-06,158,2024,KEF-1,0.0220574500845653,0.288078881871414,0.153070119819891,0.05,White_wavg
2024-06-07,159,2024,KEF-1,0.0607850656527737,0.415043630555106,0.800657682500368,0.05,White_wavg
2024-06-08,160,2024,KEF-1,0.0547927440467416,0.96304817628617,0.132806704648662,0.05,White_wavg
2024-06-09,161,2024,KEF-1,0.0310048787174546,1.21241150202918,-0.592313927680091,0.05,White_wavg
2024-06-10,162,2024,KEF-1,0.118868093576579,2.57891224540254,-0.20155037387095,0.05,White_wavg
2024-06-11,163,2024,KEF-1,0.0899593125283638,1.33798400800134,0.461202242565941,0.05,White_wavg
2024-06-12,164,2024,KEF-1,0.165862921897685,2.84499598161288,0.47226245634082,0.05,White_wavg
2024-06-13,165,2024,KEF-1,0.136898182182054,3.30048569934396,-0.562522055702881,0.05,White_wavg
2024-06-14,166,2024,KEF-1,0.11409109163311,1.48568982276347,0.796132009898721,0.05,White_wavg
2024-06-15,167,2024,KEF-1,0.188760593191813,3.94307048682984,-0.167858622993579,0.05,White_wavg
2024-06-16,168,2024,KEF-1,0.131331380342515,1.1844375869643,1.44219001988599,0.05,White_wavg
2024-06-17,169,2024,KEF-1,-0.0947181445279727,-0.770227888179786,-1.12413500237967,0.05,White_wavg
2024-06-18,170,2024,KEF-1,-0.0197221117616397,-0.335612626079396,-0.0588296091533991,0.05,White_wavg
2024-06-19,171,2024,KEF-1,0.0258070413516601,0.0371686570289427,0.478972170004258,0.05,White_wavg
2024-06-20,172,2024,KEF-1,0.276122271237123,5.49495691454922,0.0274885101932298,0.05,White_wavg
2024-06-21,173,2024,KEF-1,0.186644233206811,3.48945609006288,0.243428574073331,0.05,White_wavg
2024-06-22,174,2024,KEF-1,0.419453672129952,7.70642080223742,0.68265264036161,0.05,White_wavg
2024-06-23,175,2024,KEF-1,0.589408729102827,10.7240650643992,1.06410951765738,0.05,White_wavg
2024-06-24,176,2024,KEF-1,0.760737797655703,14.7231670491919,0.491588903922143,0.05,White_wavg
2024-06-25,177,2024,KEF-1,0.642465987688221,13.1390412852032,-0.289721531438762,0.05,White_wavg
2024-06-26,178,2024,KEF-1,0.605705190443055,11.0764213571727,1.0376824516884,0.05,White_wavg
2024-06-27,179,2024,KEF-1,0.499659265652939,9.61345040092314,0.379734912135639,0.05,White_wavg
2024-06-28,180,2024,KEF-1,0.0368447918068092,0.176808364556223,0.560087471579962,0.05,White_wavg
2024-06-29,181,2024,KEF-1,0.139653536223054,3.41389880784,-0.62082808337891,0.05,White_wavg
2024-06-30,182,2024,KEF-1,0.197249237127511,4.77267270166704,-0.827687959116831,0.05,White_wavg
2024-07-01,183,2024,KEF-1,-0.0298910309787631,-1.23707841592092,0.63925779634566,0.05,White_wavg
2024-07-02,184,2024,KEF-1,0.0975635793541224,1.94917663197102,0.00209495511142954,0.05,White_wavg
2024-07-03,185,2024,KEF-1,-0.023342154718636,-0.557916807279181,0.0910737129064607,0.05,White_wavg
2024-07-04,186,2024,KEF-1,0.118980604607329,2.4644738212917,-0.0848617291451213,0.05,White_wavg
2024-07-05,187,2024,KEF-1,0.219142261296961,3.12073055131458,1.26211467462465,0.05,White_wavg
2024-07-06,188,2024,KEF-1,0.165846158744822,1.6908462722466,1.62607690264984,0.05,White_wavg
2024-07-07,189,2024,KEF-1,0.29705287386122,4.65892308632514,1.28213439089926,0.05,White_wavg
2024-07-08,190,2024,KEF-1,0.282909451664439,4.51895752211335,1.13923151117543,0.05,White_wavg
2024-07-09,191,2024,KEF-1,0.147698581954733,2.54803649274822,0.40593514634644,0.05,White_wavg
2024-07-10,192,2024,KEF-1,0.31597757250289,6.34687116593011,-0.0273197158723093,0.05,White_wavg
2024-07-11,193,2024,KEF-1,0.170969527808512,3.66729393887371,-0.247903382703473,0.05,White_wavg
2024-07-12,194,2024,KEF-1,-0.0287295896486734,4.52649364793274,-5.10108544090621,0.05,White_wavg
2024-07-15,197,2024,KEF-1,-0.223737541994033,-3.00702517296647,-1.46772566691418,0.05,White_wavg
2024-07-16,198,2024,KEF-1,0.207951523187058,1.81821116376426,2.34081929997689,0.05,White_wavg
2024-07-17,199,2024,KEF-1,0.0885616420859575,2.34535911035215,-0.574126268633002,0.05,White_wavg
2024-07-18,200,2024,KEF-1,-0.0886880951506536,-1.89976431187092,0.12600240885785,0.05,White_wavg
2024-07-19,201,2024,KEF-1,0.0249080793818288,-0.228893780494854,0.727055368131429,0.05,White_wavg
2024-07-20,202,2024,KEF-1,0.0994561366866469,0.564216884841837,1.4249058488911,0.05,White_wavg
2024-07-21,203,2024,KEF-1,0.167402850041896,2.04767794470408,1.30037905613384,0.05,White_wavg
2024-07-22,204,2024,KEF-1,0.310150225633023,5.58121896794929,0.621785544711177,0.05,White_wavg
2024-07-23,205,2024,KEF-1,0.148769125833851,3.003955709643,-0.0285731929659896,0.05,White_wavg
2024-07-24,206,2024,KEF-1,0.125953109824737,1.74442567296005,0.774636523534692,0.05,White_wavg
2024-07-25,207,2024,KEF-1,0.228326718808996,2.75359023515946,1.81294414102045,0.05,White_wavg
2024-07-26,208,2024,KEF-1,0.217695312247434,1.77053230935731,2.58337393559138,0.05,White_wavg
2024-07-27,209,2024,KEF-1,0.189375340086108,4.66513417099357,-0.877627369271401,0.05,White_wavg
2024-07-28,210,2024,KEF-1,0.133147798473994,2.6525003419362,0.0104556275436707,0.05,White_wavg
2024-07-29,211,2024,KEF-1,0.284969601124131,5.93190986297143,-0.232517840488811,0.05,White_wavg
2024-07-30,212,2024,KEF-1,0.278117875916013,4.72135598141352,0.841001536906738,0.05,White_wavg
2024-07-31,213,2024,KEF-1,0.510666890267997,10.0322257873586,0.18111201800135,0.05,White_wavg
2024-08-01,214,2024,KEF-1,0.431817133932426,9.51207846640396,-0.875735787755438,0.05,White_wavg
2024-08-02,215,2024,KEF-1,0.457409833829239,10.3182232570909,-1.17002658050609,0.05,White_wavg
2024-08-03,216,2024,KEF-1,-0.0160188005273028,5.7392982877637,-6.05967429830975,0.05,White_wavg
2024-08-04,217,2024,KEF-1,-0.174011630281461,-6.02213410277557,2.54190149714634,0.05,White_wavg
2024-08-05,218,2024,KEF-1,0.132763946074847,2.79700601941249,-0.141727097915549,0.05,White_wavg
2024-08-06,219,2024,KEF-1,0.149177044756491,3.13513225335991,-0.151591358230093,0.05,White_wavg
2024-08-07,220,2024,KEF-1,0.243910504726992,4.04014246335929,0.83806763118055,0.05,White_wavg
2024-08-08,221,2024,KEF-1,0.155307634374899,2.6543897571663,0.451762930331689,0.05,White_wavg
2024-08-09,222,2024,KEF-1,0.251699181438718,4.603704353331,0.430279275443372,0.05,White_wavg
2024-08-10,223,2024,KEF-1,0.239551011071004,4.80866254257606,-0.0176423211559715,0.05,White_wavg
2024-08-11,224,2024,KEF-1,0.126288120012834,1.90212690280553,0.62363549745114,0.05,White_wavg
2024-08-12,225,2024,KEF-1,0.223638956112104,3.31443400636109,1.15834511588098,0.05,White_wavg
2024-08-13,226,2024,KEF-1,0.364343377771607,7.90990740411317,-0.623039848681021,0.05,White_wavg
2024-08-14,227,2024,KEF-1,0.289027920642181,7.05834914766077,-1.27779073481715,0.05,White_wavg
2024-08-15,228,2024,KEF-1,0.0926527001141855,2.03175319166993,-0.178699189386219,0.05,White_wavg
2024-08-16,229,2024,KEF-1,0.173721155285238,2.88106283546736,0.59336027023739,0.05,White_wavg
2024-08-17,230,2024,KEF-1,0.14307851579624,4.18438338338976,-1.32281306746495,0.05,White_wavg
2024-08-18,231,2024,KEF-1,0.315327450110257,5.74428704022234,0.562261961982809,0.05,White_wavg
2024-08-19,232,2024,KEF-1,0.293141095263987,6.49537471011814,-0.632552804838397,0.05,White_wavg
2024-08-20,233,2024,KEF-1,0.369418689945001,7.09512535700478,0.293248441895241,0.05,White_wavg
2024-08-21,234,2024,KEF-1,0.310715890634884,6.09702607275151,0.117291739946168,0.05,White_wavg
2024-08-22,235,2024,KEF-1,0.272230777172862,3.70175590405601,1.74285963940122,0.05,White_wavg
2024-08-23,236,2024,KEF-1,0.299006267703961,8.17326268383773,-2.19313732975852,0.05,White_wavg
2024-08-24,237,2024,KEF-1,0.208939345687409,6.36670721159267,-2.1879202978445,0.05,White_wavg
2024-08-25,238,2024,KEF-1,-0.147772945958149,-1.28671349070083,-1.66874542846216,0.05,White_wavg
2024-08-26,239,2024,KEF-1,0.239741093905703,4.19129269022527,0.603529187888798,0.05,White_wavg
2024-08-27,240,2024,KEF-1,0.339153994282198,6.20087808418361,0.582201801460339,0.05,White_wavg
2024-08-28,241,2024,KEF-1,0.195510079412805,3.70583170519157,0.204369883064532,0.05,White_wavg
2024-08-29,242,2024,KEF-1,0.268236536996449,5.96498021188195,-0.60024947195298,0.05,White_wavg
2024-08-30,243,2024,KEF-1,0.247636559508805,5.4676666297887,-0.514935439612611,0.05,White_wavg
2024-08-31,244,2024,KEF-1,0.24990105155676,4.75186331493589,0.246157716199308,0.05,White_wavg
2024-09-01,245,2024,KEF-1,0.163578050534231,2.14592850188741,1.12563250879721,0.05,White_wavg
2024-09-02,246,2024,KEF-1,0.325159353064147,6.32402645329332,0.179160607989632,0.05,White_wavg
2024-09-03,247,2024,KEF-1,0.181062233950193,4.65159562565809,-1.03035094665422,0.05,White_wavg
2024-09-04,248,2024,KEF-1,0.199558753037311,4.60360039022729,-0.61242532948107,0.05,White_wavg
2024-09-05,249,2024,KEF-1,0.295079684244587,6.45796532774238,-0.55637164285063,0.05,White_wavg
2024-09-06,250,2024,KEF-1,0.199837956994351,3.48981461707362,0.506944522813409,0.05,White_wavg
2024-09-07,251,2024,KEF-1,0.300780643051259,4.88851020750504,1.12710265352014,0.05,White_wavg
2024-09-08,252,2024,KEF-1,0.319195915015449,6.95503303218246,-0.57111473187347,0.05,White_wavg
2024-09-09,253,2024,KEF-1,0.334383180367715,6.6601524493038,0.0275111580504994,0.05,White_wavg
2024-09-10,254,2024,KEF-1,0.326105383465778,5.16550443004848,1.35660323926708,0.05,White_wavg
2024-09-11,255,2024,KEF-1,0.198089525849179,3.87841441152013,0.0833761054634472,0.05,White_wavg
2024-09-12,256,2024,KEF-1,0.0519036223194831,1.49591044058327,-0.457837994193607,0.05,White_wavg
2024-09-13,257,2024,KEF-1,0.111356689505834,2.61410981545044,-0.386976025333752,0.05,White_wavg
2024-09-14,258,2024,KEF-1,0.231577589926355,4.12949618949169,0.50205560903542,0.05,White_wavg
2024-09-15,259,2024,KEF-1,0.304677697650649,5.18250149206559,0.911052460947381,0.05,White_wavg
2024-09-16,260,2024,KEF-1,0.000266934657569706,1.85544525223272,-1.85010655908133,0.05,White_wavg
2024-09-17,261,2024,KEF-1,0.0625608107395619,2.61562914457375,-1.36441292978251,0.05,White_wavg
2024-09-18,262,2024,KEF-1,-0.0064885798371769,0.162619788401162,-0.2923913851447,0.05,White_wavg
2024-09-19,263,2024,KEF-1,-0.0272245000910862,-1.2105177148584,0.66602771303668,0.05,White_wavg
2024-09-20,264,2024,KEF-1,0.138580905038214,2.11732804314055,0.654290057623719,0.05,White_wavg
2024-09-21,265,2024,KEF-1,0.13623856973136,2.97012223686437,-0.24535084223718,0.05,White_wavg
2024-09-22,266,2024,KEF-1,0.0554880590499721,1.74370487714238,-0.633943696142939,0.05,White_wavg
2024-09-23,267,2024,KEF-1,0.0350865268054541,0.600563083508053,0.101167452601029,0.05,White_wavg
2024-09-24,268,2024,KEF-1,-0.028186421206291,-1.62160204558681,1.05787362146099,0.05,White_wavg
2024-09-25,269,2024,KEF-1,0.198583098731008,4.18930986386778,-0.217647889247633,0.05,White_wavg
2024-09-26,270,2024,KEF-1,-0.0848578355124269,-1.03015877410645,-0.666997936142089,0.05,White_wavg
2024-09-27,271,2024,KEF-1,0.0254355675543589,0.207906805064827,0.300804546022352,0.05,White_wavg
2024-09-28,272,2024,KEF-1,0.0590878431371522,0.769448470089195,0.412308392653848,0.05,White_wavg
2024-09-29,273,2024,KEF-1,0.146900300697715,4.12411623555864,-1.18611022160433,0.05,White_wavg
2024-09-30,274,2024,KEF-1,0.184941289144894,5.04974854342637,-1.35092276052849,0.05,White_wavg
2024-10-01,275,2024,KEF-1,0.222931407199959,4.12880222041741,0.329825923581769,0.05,White_wavg
2024-10-02,276,2024,KEF-1,0.178336230656714,2.46739517605722,1.09932943707705,0.05,White_wavg
2024-10-03,277,2024,KEF-1,0.0795968695037174,1.81125527691535,-0.219317886840999,0.05,White_wavg
2024-10-04,278,2024,KEF-1,0.0831164441308118,2.48540938179931,-0.823080499183071,0.05,White_wavg
2024-10-05,279,2024,KEF-1,0.0507300798101618,1.51531776616878,-0.500716169965541,0.05,White_wavg
2024-10-06,280,2024,KEF-1,0.0767546178381563,1.6508759686005,-0.115783611837369,0.05,White_wavg
2024-10-07,281,2024,KEF-1,0.103540865009874,1.10601940119966,0.96479789899781,0.05,White_wavg
2024-10-08,282,2024,KEF-1,0.0549834180605741,0.810235596621912,0.28943276458957,0.05,White_wavg
2024-10-09,283,2024,KEF-1,0.102959975724034,2.53906227639252,-0.479862761911852,0.05,White_wavg
2024-10-10,284,2024,KEF-1,0.145036159886817,2.92736755350161,-0.0266443557652707,0.05,White_wavg
2024-10-11,285,2024,KEF-1,0.185918792684944,4.47767461130939,-0.759298757610518,0.05,White_wavg
2024-10-12,286,2024,KEF-1,0.0735677966608074,1.37756741194153,0.0937885212746199,0.05,White_wavg
2024-10-13,287,2024,KEF-1,0.0832127534458856,1.5824490346212,0.081806034296509,0.05,White_wavg
2024-10-14,288,2024,KEF-1,0.16930240251134,3.16599021483768,0.22005783538912,0.05,White_wavg
2024-10-15,289,2024,KEF-1,0.220846542515887,4.25309746196311,0.163833388354639,0.05,White_wavg
2024-10-16,290,2024,KEF-1,0.230708545905767,3.64647955990344,0.9676913582119,0.05,White_wavg
2024-10-17,291,2024,KEF-1,-0.140299081621543,-2.56669516691341,-0.239286465517448,0.05,White_wavg
2024-10-18,292,2024,KEF-1,0.0445699515912774,3.3302061301974,-2.43880709837185,0.05,White_wavg
2024-10-19,293,2024,KEF-1,-0.0116077152792927,-1.06025292302017,0.828098617434311,0.05,White_wavg
2024-10-20,294,2024,KEF-1,0.207211537493021,3.79952668445147,0.344704065408941,0.05,White_wavg
2024-10-21,295,2024,KEF-1,0.07831352051812,1.27889524325935,0.28737516710305,0.05,White_wavg
2024-10-22,296,2024,KEF-1,0.087008863156913,1.95012104162766,-0.2099437784894,0.05,White_wavg
2024-10-23,297,2024,KEF-1,0.114425049036254,2.21228575188415,0.0762152288409386,0.05,White_wavg
2024-10-24,298,2024,KEF-1,0.133835155269201,2.63986822808315,0.0368348773008602,0.05,White_wavg
2024-10-25,299,2024,KEF-1,-0.0335306015742454,0.203151713838423,-0.873763745323331,0.05,White_wavg
2024-10-26,300,2024,KEF-1,0.00609052270433086,-0.773650503381184,0.895460957467801,0.05,White_wavg
2024-10-27,301,2024,KEF-1,0.00696151043013504,-1.37320709259642,1.51243730119912,0.05,White_wavg
2024-10-28,302,2024,KEF-1,-0.18730875267665,-3.08178352575366,-0.664391527779351,0.05,White_wavg
2024-10-29,303,2024,KEF-1,-0.230976722835032,-4.6236505805385,0.00411612383786064,0.05,White_wavg
2024-10-30,304,2024,KEF-1,-0.142920646896999,-2.62044837343499,-0.237964564504981,0.05,White_wavg
2024-10-31,305,2024,KEF-1,-0.0598406965345086,-1.15494770609958,-0.0418662245905885,0.05,White_wavg
2024-11-01,306,2024,KEF-1,0.102195924936243,0.985788490745463,1.0581300079794,0.05,White_wavg
2024-11-02,307,2024,KEF-1,-0.0773970606646417,-0.469912671923165,-1.07802854136967,0.05,White_wavg
2024-11-03,308,2024,KEF-1,-0.2453638946586,-4.24505376220134,-0.662224130970651,0.05,White_wavg
2024-11-04,309,2024,KEF-1,-0.10293062860872,-1.09605998919414,-0.962552582980258,0.05,White_wavg
2024-11-05,310,2024,KEF-1,-0.320727333744228,-7.41718089320249,1.00263421831794,0.05,White_wavg
2024-11-06,311,2024,KEF-1,0.0560668714278903,0.981779081360635,0.139558347197172,0.05,White_wavg
2024-11-07,312,2024,KEF-1,0.113291207452388,3.06468863831742,-0.79886448926967,0.05,White_wavg
2024-11-08,313,2024,KEF-1,0.0783930423881329,0.662241076616589,0.905619771146069,0.05,White_wavg
2024-11-09,314,2024,KEF-1,-0.204389189764499,-1.46779779048426,-2.61998600480573,0.05,White_wavg
2025-05-27,147,2025,KEF-1,-0.0272819700948828,-0.287381963850596,-0.25825743804706,0.05,White_wavg
2025-05-28,148,2025,KEF-1,-0.0321440978244178,-0.543286940472186,-0.0995950160161705,0.05,White_wavg
2025-05-29,149,2025,KEF-1,0.0242160387856483,0.964590226265095,-0.480269450552129,0.05,White_wavg
2025-05-30,150,2025,KEF-1,0.090090839434387,1.75430118693996,0.0475156017477794,0.05,White_wavg
2025-05-31,151,2025,KEF-1,0.150203639753404,2.23366583367444,0.77040696139364,0.05,White_wavg
2025-06-01,152,2025,KEF-1,0.00526527633785445,-0.95142155112169,1.05672707787878,0.05,White_wavg
2025-06-02,153,2025,KEF-1,0.155347363409667,3.21372742813787,-0.106780159944538,0.05,White_wavg
2025-06-03,154,2025,KEF-1,0.249820539676318,4.63148477346175,0.36492602006461,0.05,White_wavg
2025-06-04,155,2025,KEF-1,0.137212624030739,2.24353573691689,0.50071674369789,0.05,White_wavg
2025-06-05,156,2025,KEF-1,0.210176728563559,4.12495934592624,0.0785752253449399,0.05,White_wavg
2025-06-06,157,2025,KEF-1,0.144632558643424,3.10984591584858,-0.2171947429801,0.05,White_wavg
2025-06-07,158,2025,KEF-1,0.26939635701588,5.63173284003187,-0.243805699714271,0.05,White_wavg
2025-06-08,159,2025,KEF-1,0.186941281741567,4.87127565120996,-1.13245001637861,0.05,White_wavg
2025-06-09,160,2025,KEF-1,0.142222356814469,1.39122329557925,1.45322384071012,0.05,White_wavg
2025-06-10,161,2025,KEF-1,0.416088167472201,6.34565583768775,1.97610751175628,0.05,White_wavg
2025-06-11,162,2025,KEF-1,0.600913848955554,11.3730428572378,0.645234121873269,0.05,White_wavg
2025-06-12,163,2025,KEF-1,0.525451612638914,10.229388574346,0.279643678432251,0.05,White_wavg
2025-06-13,164,2025,KEF-1,0.389030177867155,7.23510977903742,0.545493778305682,0.05,White_wavg
2025-06-14,165,2025,KEF-1,0.301421551557787,6.64188114863935,-0.613450117483611,0.05,White_wavg
2025-06-15,166,2025,KEF-1,0.266340130502397,4.77565875021038,0.551143859837561,0.05,White_wavg
2025-06-16,167,2025,KEF-1,0.0957024386135344,2.13403300121442,-0.219984228943732,0.05,White_wavg
2025-06-17,168,2025,KEF-1,-0.00948814236659441,-0.237090708327838,0.0473278609959493,0.05,White_wavg
2025-06-18,169,2025,KEF-1,0.123657821187387,1.86212011064593,0.61103631310182,0.05,White_wavg
2025-06-19,170,2025,KEF-1,0.0453363913998572,-0.916021980383519,1.82274980838066,0.05,White_wavg
2025-06-20,171,2025,KEF-1,-0.0923385459782633,-2.2580828907067,0.411311971141437,0.05,White_wavg
2025-06-21,172,2025,KEF-1,-0.218238084351681,0.224429958705841,-4.58919164573946,0.05,White_wavg
2025-06-22,173,2025,KEF-1,0.102326166665626,2.85145148039059,-0.80492814707806,0.05,White_wavg
2025-06-23,174,2025,KEF-1,0.281714948498292,3.70321350934157,1.93108546062426,0.05,White_wavg
2025-06-24,175,2025,KEF-1,0.412543308472283,8.12867088814716,0.122195281298509,0.05,White_wavg
2025-06-25,176,2025,KEF-1,0.0716004872451772,0.464571738572094,0.967438006331451,0.05,White_wavg
2025-06-26,177,2025,KEF-1,0.0925689611302167,1.17185825621496,0.67952096638937,0.05,White_wavg
2025-06-27,178,2025,KEF-1,0.0896579622266907,2.01717603461838,-0.224016790084571,0.05,White_wavg
2025-06-28,179,2025,KEF-1,0.0439571034368235,0.604872236677799,0.274269832058671,0.05,White_wavg
2025-06-29,180,2025,KEF-1,0.167715509074382,2.19328918230168,1.16102099918596,0.05,White_wavg
2025-06-30,181,2025,KEF-1,0.099840853874646,1.09156323557617,0.905253841916746,0.05,White_wavg
2025-07-01,182,2025,KEF-1,0.16554547550048,2.51012911439399,0.800780395615604,0.05,White_wavg
2025-07-02,183,2025,KEF-1,0.0743776394509155,0.903675511091251,0.583877277927059,0.05,White_wavg
2025-07-03,184,2025,KEF-1,0.161885717101766,2.2418286348902,0.995885707145128,0.05,White_wavg
2025-07-04,185,2025,KEF-1,0.0825263694182798,2.32929905364581,-0.678771665280209,0.05,White_wavg
2025-07-05,186,2025,KEF-1,0.0776847019111955,1.5117841160166,0.04190992220731,0.05,White_wavg
2025-07-06,187,2025,KEF-1,0.213151614685748,3.18534613722359,1.07768615649136,0.05,White_wavg
2025-07-07,188,2025,KEF-1,0.154834403696142,3.32579464275007,-0.22910656882722,0.05,White_wavg
2025-07-08,189,2025,KEF-1,0.383631880868309,7.90990686617334,-0.237269248807159,0.05,White_wavg
2025-07-09,190,2025,KEF-1,0.295736843671684,6.37255641201906,-0.457819538585369,0.05,White_wavg
2025-07-10,191,2025,KEF-1,0.254555816402223,4.60602503444714,0.485091293597328,0.05,White_wavg
2025-07-11,192,2025,KEF-1,0.275795104305692,5.80643889133548,-0.290536805221642,0.05,White_wavg
2025-07-12,193,2025,KEF-1,0.150570864464959,2.79652242376367,0.21489486553552,0.05,White_wavg
2025-07-13,194,2025,KEF-1,0.314166228543682,6.3955778606875,-0.112253289813857,0.05,White_wavg
2025-07-14,195,2025,KEF-1,0.459914635978897,8.97283804658748,0.225454672990459,0.05,White_wavg
2025-07-15,196,2025,KEF-1,0.225471776883726,3.59480262982746,0.914632907847061,0.05,White_wavg
2025-07-16,197,2025,KEF-1,0.3072542727109,6.43460551958412,-0.28952006536613,0.05,White_wavg
2025-07-17,198,2025,KEF-1,0.219853119069172,4.66152529444879,-0.264462913065351,0.05,White_wavg
2025-07-18,199,2025,KEF-1,0.307605690156194,6.51658464301939,-0.3644708398955,0.05,White_wavg
2025-07-19,200,2025,KEF-1,0.518207977458154,10.1967969415348,0.16736260762826,0.05,White_wavg
2025-07-20,201,2025,KEF-1,0.437011233361594,8.21302674016697,0.527197927064911,0.05,White_wavg
2025-07-21,202,2025,KEF-1,0.429607115513955,9.18056329477928,-0.588420984500182,0.05,White_wavg
2025-07-22,203,2025,KEF-1,0.33532304986955,7.97163669953884,-1.26517570214784,0.05,White_wavg
2025-07-23,204,2025,KEF-1,0.29473514662681,5.1657216504545,0.728981282081698,0.05,White_wavg
2025-07-24,205,2025,KEF-1,0.535745786069129,11.8316873250908,-1.11677160370825,0.05,White_wavg
2025-07-25,206,2025,KEF-1,0.395573874380746,9.24479316165292,-1.333315674038,0.05,White_wavg
2025-07-26,207,2025,KEF-1,0.143699974471572,3.5038190995401,-0.629819610108662,0.05,White_wavg
2025-07-27,208,2025,KEF-1,0.0421791711482921,-0.0182368881276105,0.861820311093453,0.05,White_wavg
2025-07-28,209,2025,KEF-1,0.282021196612368,4.68793164369998,0.952492288547369,0.05,White_wavg
2025-07-29,210,2025,KEF-1,0.322756227912813,6.25979015403115,0.1953344042251,0.05,White_wavg
2025-07-30,211,2025,KEF-1,0.246361313841898,4.2610409725814,0.666185304256569,0.05,White_wavg
2025-07-31,212,2025,KEF-1,0.294698020159662,6.92512360941995,-1.03116320622671,0.05,White_wavg
2025-08-01,213,2025,KEF-1,0.322405121553455,6.68007752457562,-0.23197509350652,0.05,White_wavg
2025-08-02,214,2025,KEF-1,0.24329411723085,4.22962948222758,0.636252862389419,0.05,White_wavg
2025-08-03,215,2025,KEF-1,0.496559032483876,9.01108476793588,0.920095881741641,0.05,White_wavg
2025-08-04,216,2025,KEF-1,0.310716130982645,6.02750880650831,0.186813813144582,0.05,White_wavg
2025-08-05,217,2025,KEF-1,0.347767309417496,7.9408982942393,-0.985552105889372,0.05,White_wavg
2025-08-06,218,2025,KEF-1,0.379177554758456,7.57964323750109,0.00390785766803958,0.05,White_wavg
2025-08-07,219,2025,KEF-1,0.492938586713924,9.33330903124914,0.525462703029334,0.05,White_wavg
2025-08-08,220,2025,KEF-1,0.545598687756623,11.1293467993114,-0.21737304417897,0.05,White_wavg
2025-08-09,221,2025,KEF-1,0.504055985335254,9.92740011546012,0.153719591244968,0.05,White_wavg
2025-08-10,222,2025,KEF-1,0.347090126069932,6.94883529973789,-0.00703277833924076,0.05,White_wavg
2025-08-11,223,2025,KEF-1,0.667138356703794,12.7978193627726,0.544947771303228,0.05,White_wavg
2025-08-12,224,2025,KEF-1,0.467879016515091,9.1277807061946,0.22979962410723,0.05,White_wavg
2025-08-13,225,2025,KEF-1,0.41259237725556,8.16847403896301,0.0833735061481917,0.05,White_wavg
2025-08-14,226,2025,KEF-1,0.412257312574365,7.54790887700057,0.697237374486733,0.05,White_wavg
2025-08-15,227,2025,KEF-1,0.447770303254834,9.32993623066951,-0.374530165572832,0.05,White_wavg
2025-08-16,228,2025,KEF-1,0.609759998923263,12.9076518542732,-0.712451875807929,0.05,White_wavg
2025-08-17,229,2025,KEF-1,0.395675610519789,8.18705512626001,-0.27354291586423,0.05,White_wavg
2025-08-18,230,2025,KEF-1,0.427758896119368,8.78824066127706,-0.2330627388897,0.05,White_wavg
2025-08-19,231,2025,KEF-1,0.340144988618434,7.0015406580918,-0.198640885723123,0.05,White_wavg
2025-08-20,232,2025,KEF-1,0.411963890489542,8.18228801371319,0.0569897960776409,0.05,White_wavg
2025-08-21,233,2025,KEF-1,0.481153428792539,8.70764761373477,0.915420962116013,0.05,White_wavg
2025-08-22,234,2025,KEF-1,0.558158477309008,10.5505967373003,0.612572808879897,0.05,White_wavg
2025-08-23,235,2025,KEF-1,0.405277761953959,12.7106092807846,-4.60505404170544,0.05,White_wavg
2025-08-24,236,2025,KEF-1,0,-0.89251894828163,1.32832544520411,0.05,White_wavg
2025-08-25,237,2025,KEF-1,0,-3.50289040169083,-0.804397121051711,0.05,White_wavg
2025-08-26,238,2025,KEF-1,0,0.81504923219633,-1.09060235671112,0.05,White_wavg
2025-08-27,239,2025,KEF-1,0,-3.49801866508944,0.578690825235029,0.05,White_wavg
2025-08-28,240,2025,KEF-1,0,0.22621886605133,1.05756946567936,0.05,White_wavg
2025-08-29,241,2025,KEF-1,0.0585911215200426,1.7722778465526,-0.600455416151753,0.05,White_wavg
2025-08-30,242,2025,KEF-1,0.165283613172303,3.14467738815229,0.160994875293781,0.05,White_wavg
2025-08-31,243,2025,KEF-1,0.147367810238697,3.30609593988066,-0.35873973510672,0.05,White_wavg
2025-09-01,244,2025,KEF-1,0.137736848158427,2.62500451846961,0.12973244469894,0.05,White_wavg
2025-09-02,245,2025,KEF-1,0,3.9352039256535,-1.3356936420708,0.05,White_wavg
2025-09-03,246,2025,KEF-1,0,-1.79166425531568,0.71737686100643,0.05,White_wavg
2025-09-04,247,2025,KEF-1,0,2.97200140443792,1.78399484647028,0.05,White_wavg
2025-09-05,248,2025,KEF-1,0,0.830295070528919,-0.355309678176319,0.05,White_wavg
2025-09-06,249,2025,KEF-1,0.0210885631525589,1.12724456701019,-0.70547330395901,0.05,White_wavg
2025-09-07,250,2025,KEF-1,0.0254810900980564,0.597701374636017,-0.0880795726748893,0.05,White_wavg
2025-09-08,251,2025,KEF-1,0.0991583582238583,1.02358540214346,0.959581762333709,0.05,White_wavg
2025-09-09,252,2025,KEF-1,0.199764713308328,3.13653942392023,0.858754842246334,0.05,White_wavg
2025-09-10,253,2025,KEF-1,0.249946629238709,5.71402985993359,-0.715097275159415,0.05,White_wavg
2025-09-11,254,2025,KEF-1,0.110181785893939,3.50678496454648,-1.30314924666771,0.05,White_wavg
2025-09-12,255,2025,KEF-1,0.142474518120774,3.02396292548112,-0.174472563065638,0.05,White_wavg
2025-09-13,256,2025,KEF-1,0.139320439889668,2.75823996386286,0.0281688339304882,0.05,White_wavg
2025-09-14,257,2025,KEF-1,0.0592546233817086,0.43811587998449,0.746976587649682,0.05,White_wavg
2025-09-15,258,2025,KEF-1,0.211595224325967,5.28416075762586,-1.05225627110652,0.05,White_wavg
2025-09-16,259,2025,KEF-1,0.0168836655913385,0.825693243345071,-0.488019931518302,0.05,White_wavg
2025-09-17,260,2025,KEF-1,0.0594734501892799,0.368648607724609,0.82082039606099,0.05,White_wavg
2025-09-18,261,2025,KEF-1,0.108058856834798,1.28450862625937,0.876668510436581,0.05,White_wavg
2025-09-19,262,2025,KEF-1,0.16736479566597,4.70547494296235,-1.35817902964295,0.05,White_wavg
2025-09-20,263,2025,KEF-1,0.112030440859226,2.0011710704388,0.239437746745711,0.05,White_wavg
2025-09-21,264,2025,KEF-1,-0.00148382678377974,-0.121260727976104,0.091584192300509,0.05,White_wavg
2025-09-22,265,2025,KEF-1,0.130988588861865,2.39544848306148,0.224323294175829,0.05,White_wavg
2025-09-23,266,2025,KEF-1,0.302690884609405,6.56398803681527,-0.51017034462717,0.05,White_wavg
2025-09-24,267,2025,KEF-1,0.219607621500338,4.88874163237584,-0.49658920236908,0.05,White_wavg
2025-09-25,268,2025,KEF-1,-0.0878622174757127,-3.03232352925529,1.27507917974103,0.05,White_wavg
2025-09-26,269,2025,KEF-1,0.333243231451075,7.19830918578097,-0.533444556759472,0.05,White_wavg
2025-09-27,270,2025,KEF-1,-0.0457294666746213,-1.14808473858366,0.233495405091229,0.05,White_wavg
2025-09-28,271,2025,KEF-1,-0.0293672950434318,-0.442715628721036,-0.1446302721476,0.05,White_wavg
2025-09-29,272,2025,KEF-1,0.0466383883664082,0.750050626552913,0.182717140775251,0.05,White_wavg
2025-09-30,273,2025,KEF-1,0.0243258544286469,2.34000589235316,-1.85348880378022,0.05,White_wavg
2025-10-01,274,2025,KEF-1,0.159108281101625,2.24257971339732,0.939585908635179,0.05,White_wavg
2025-10-02,275,2025,KEF-1,0,-1.30442870068885,-2.49489075194127,0.05,White_wavg
2025-10-03,276,2025,KEF-1,0,-5.61310444810848,1.85342934789646,0.05,White_wavg
2025-10-04,277,2025,KEF-1,0,-1.489973726715,1.16713165552333,0.05,White_wavg
2025-10-05,278,2025,KEF-1,0,1.47381722786796,-0.482020917948839,0.05,White_wavg
2025-10-06,279,2025,KEF-1,-0.121740955257027,-2.19739870072961,-0.23742040441093,0.05,White_wavg
2025-10-07,280,2025,KEF-1,0.0160185006345503,0.369483387602877,-0.0491133749118706,0.05,White_wavg
2025-10-08,281,2025,KEF-1,0.00969573313461156,-1.22468240463576,1.41859706732799,0.05,White_wavg
2025-10-09,282,2025,KEF-1,0.0451647871569971,0.864587767122771,0.0387079760171716,0.05,White_wavg
2025-10-10,283,2025,KEF-1,0.13921242825231,3.15929208241566,-0.375043517369461,0.05,White_wavg
2025-10-11,284,2025,KEF-1,-0.076904534533108,-0.526473451414621,-1.01161723924754,0.05,White_wavg
2025-10-12,285,2025,KEF-1,0.196869928393405,3.06792695667643,0.869471611191669,0.05,White_wavg
2025-10-13,286,2025,KEF-1,-0.072789091518136,-1.60625288881452,0.150471058451801,0.05,White_wavg
2025-10-14,287,2025,KEF-1,0,1.25092732259197,-3.58993203236775,0.05,White_wavg
2025-10-15,288,2025,KEF-1,0,-5.07699180830028,-0.55715279354675,0.05,White_wavg
2025-10-16,289,2025,KEF-1,0,-5.98873334946361,0.98499934728533,0.05,White_wavg
2025-10-17,290,2025,KEF-1,0,-2.25496931414215,0.565879982816501,0.05,White_wavg
2025-10-18,291,2025,KEF-1,-0.0218850009415558,-0.153049419086994,-0.284650599744122,0.05,White_wavg
2025-10-19,292,2025,KEF-1,-0.0404729588211324,-1.19600850038101,0.386549323958361,0.05,White_wavg
2025-10-20,293,2025,KEF-1,0.042167299748952,2.61752926103789,-1.77418326605885,0.05,White_wavg
2025-10-21,294,2025,KEF-1,-0.0718747684691234,-2.54625218061444,1.10875681123197,0.05,White_wavg
2025-10-22,295,2025,KEF-1,0.0922264291484074,2.96814866597365,-1.1236200830055,0.05,White_wavg
2025-10-23,296,2025,KEF-1,0.164159654107722,2.80555061647656,0.477642465677871,0.05,White_wavg
2025-10-24,297,2025,KEF-1,0.113091358439982,0.855638061841933,1.40618910695771,0.05,White_wavg
2025-10-25,298,2025,KEF-1,0.135518655515704,3.20635914543811,-0.495986035124041,0.05,White_wavg
2025-10-26,299,2025,KEF-1,0.389003194909225,9.10183070091505,-1.32176680273055,0.05,White_wavg
2025-10-27,300,2025,KEF-1,0.0355983429396291,1.1027978489448,-0.390830990152221,0.05,White_wavg
2025-10-28,301,2025,KEF-1,-0.0423026876845349,-0.051033565579317,-0.79502018811138,0.05,White_wavg
2025-10-29,302,2025,KEF-1,-0.0214820420851232,-1.08958540823315,0.659944566530688,0.05,White_wavg
2025-10-30,303,2025,KEF-1,0.0300844073504336,-0.62351419744434,1.22520234445301,0.05,White_wavg
2018-07-16,197,2018,KER-1,-0.0422485754458018,-2.68545384090157,1.63718091630649,0.0403030303030303,White_wavg
2018-07-17,198,2018,KER-1,0.189167564733417,1.70725421785565,2.98637708755996,0.0403030303030303,White_wavg
2018-07-26,207,2018,KER-1,0.164363825893512,1.22822245887804,2.84997773246474,0.0403030303030303,White_wavg
2018-07-27,208,2018,KER-1,-2.46619160451112,2.35842915185245,-63.5496494141585,0.0403030303030303,White_wavg
2025-05-30,150,2025,KER-1,0.0956879077190671,2.62529803837668,-0.25108679421937,0.0403030303030303,White_wavg
2025-05-31,151,2025,KER-1,0.122695142159759,2.4511077836145,0.5932077737329,0.0403030303030303,White_wavg
2025-06-01,152,2025,KER-1,-0.0120036453199395,-1.38767950097647,1.08984469228624,0.0403030303030303,White_wavg
2025-06-02,153,2025,KER-1,0.0892408579819211,2.09823331796886,0.116013534214151,0.0403030303030303,White_wavg
2025-06-03,154,2025,KER-1,0.180718635919521,4.00911360554442,0.474882624037679,0.0403030303030303,White_wavg
2025-06-04,155,2025,KER-1,0.0831651991567979,1.26220049483622,0.801296927851251,0.0403030303030303,White_wavg
2025-06-05,156,2025,KER-1,0.146485398989426,3.43485969333025,0.1997404319713,0.0403030303030303,White_wavg
2025-06-06,157,2025,KER-1,0.0791782391378779,2.00094675185268,-0.0363739010632305,0.0403030303030303,White_wavg
2025-06-07,158,2025,KER-1,0.18152192802676,4.64610045010938,-0.1421729126033,0.0403030303030303,White_wavg
2025-06-08,159,2025,KER-1,0.109298717762081,2.85984855118392,-0.14792547889169,0.0403030303030303,White_wavg
2025-06-09,160,2025,KER-1,0.125564035303496,1.91640579376152,1.1990928265508,0.0403030303030303,White_wavg
2025-06-10,161,2025,KER-1,0.174102714835372,2.59788459539861,1.72195720126851,0.0403030303030303,White_wavg
2025-06-11,162,2025,KER-1,0.195378493661405,3.23960116442521,1.60813589634649,0.0403030303030303,White_wavg
2025-06-12,163,2025,KER-1,0.141139960824435,1.9292678258377,1.57270112694903,0.0403030303030303,White_wavg
2025-06-13,164,2025,KER-1,0.0683821175102491,-0.404998963801262,2.1016981200706,0.0403030303030303,White_wavg
2025-06-14,165,2025,KER-1,0.124863872821073,2.73634086330965,0.361785304431269,0.0403030303030303,White_wavg
2025-06-15,166,2025,KER-1,0.187637146071953,3.02386232628178,1.63179618527795,0.0403030303030303,White_wavg
2025-06-16,167,2025,KER-1,0.14632603362416,2.76570530105602,0.864940646009604,0.0403030303030303,White_wavg
2025-06-17,168,2025,KER-1,0.125858385868908,1.66889841912872,1.45390363626525,0.0403030303030303,White_wavg
2025-06-18,169,2025,KER-1,0.258443997889617,4.53031254254557,1.88220770584344,0.0403030303030303,White_wavg
2025-06-19,170,2025,KER-1,0.255521469224617,3.13431539153153,3.20569098772588,0.0403030303030303,White_wavg
2025-06-20,171,2025,KER-1,0.0802762313245126,0.714229829628053,1.2775864363185,0.0403030303030303,White_wavg
2025-06-21,172,2025,KER-1,0.0546179500650302,2.61872148518027,-1.26353926552163,0.0403030303030303,White_wavg
2025-06-22,173,2025,KER-1,0.0661139495161262,1.54098912862111,0.0994321751624767,0.0403030303030303,White_wavg
2025-06-23,174,2025,KER-1,0.129626459799558,1.33024156961805,1.88605404946873,0.0403030303030303,White_wavg
2025-06-24,175,2025,KER-1,0.144945946298994,2.7024401474538,0.893963031393419,0.0403030303030303,White_wavg
2025-06-25,176,2025,KER-1,0.144082506337018,1.09910059737959,2.47587888316297,0.0403030303030303,White_wavg
2025-06-26,177,2025,KER-1,0.278488425326847,4.81022647940148,2.09963670539998,0.0403030303030303,White_wavg
2025-06-27,178,2025,KER-1,0.260364080057782,4.991194534119,1.46896685077334,0.0403030303030303,White_wavg
2025-06-28,179,2025,KER-1,0.166287208854945,2.07816946416806,2.04775376305992,0.0403030303030303,White_wavg
2025-06-29,180,2025,KER-1,0.217578844945406,2.46178258902106,2.93679025548902,0.0403030303030303,White_wavg
2025-06-30,181,2025,KER-1,0.129120312042677,0.643028761705409,2.56070830401516,0.0403030303030303,White_wavg
2025-07-01,182,2025,KER-1,0.131723128554866,0.917993910509949,2.35032431679123,0.0403030303030303,White_wavg
2025-07-02,183,2025,KER-1,0.0471062741063134,-1.59418602355927,2.76298831341517,0.0403030303030303,White_wavg
2025-07-03,184,2025,KER-1,0.0594208969267384,-1.26148022213499,2.73583330377587,0.0403030303030303,White_wavg
2025-07-04,185,2025,KER-1,-0.0328332751481871,-2.06591206820477,1.25125185776103,0.0403030303030303,White_wavg
2025-07-05,186,2025,KER-1,-0.0336041284973704,-3.13096261443349,2.29717596750625,0.0403030303030303,White_wavg
2025-07-06,187,2025,KER-1,0.0575522245224598,-2.12580561942737,3.55379314517261,0.0403030303030303,White_wavg
2025-07-07,188,2025,KER-1,-0.0078768011770499,-2.03432506771328,1.83888564001204,0.0403030303030303,White_wavg
2025-07-08,189,2025,KER-1,0.153370078739067,1.88796958040101,1.91745342590668,0.0403030303030303,White_wavg
2025-07-09,190,2025,KER-1,0.0594572900841948,0.0528600884898367,1.42239598126838,0.0403030303030303,White_wavg
2025-07-10,191,2025,KER-1,0.020402197774371,-1.96765730815613,2.47387725293376,0.0403030303030303,White_wavg
2025-07-11,192,2025,KER-1,0.0405502009301782,-0.756319848708699,1.7624526537432,0.0403030303030303,White_wavg
2025-07-12,193,2025,KER-1,-0.0945310007119206,-4.13083422455034,1.78532819184855,0.0403030303030303,White_wavg
2025-07-13,194,2025,KER-1,0.0761916617193883,0.00312035510705755,1.88734944695295,0.0403030303030303,White_wavg
2025-07-14,195,2025,KER-1,0.141857242144005,3.77961943576364,-0.259853277303364,0.0403030303030303,White_wavg
2025-07-15,196,2025,KER-1,-0.0506885703229171,-2.07082820517428,0.81314187385378,0.0403030303030303,White_wavg
2025-07-16,197,2025,KER-1,-0.198541179879491,-5.52839416203739,0.60218443570416,0.0403030303030303,White_wavg
2025-07-17,198,2025,KER-1,-0.106004332484225,-1.06903693674667,-1.56114574895216,0.0403030303030303,White_wavg
2025-07-18,199,2025,KER-1,-0.481056549151614,-12.0417495913017,0.105760025885715,0.0403030303030303,White_wavg
2025-07-19,200,2025,KER-1,-0.235241078481251,-7.4164569758274,1.57964826163095,0.0403030303030303,White_wavg
2025-07-20,201,2025,KER-1,0.521528060580826,13.4134067651193,-0.473236840933396,0.0403030303030303,White_wavg
2025-07-21,202,2025,KER-1,-0.050904567345388,-1.48079583956928,0.217750183631082,0.0403030303030303,White_wavg
2025-07-22,203,2025,KER-1,-0.343194025891743,-6.9734295867427,-1.54191090530809,0.0403030303030303,White_wavg
2025-07-23,204,2025,KER-1,-0.321314768320298,-9.43556606200144,1.46309436683616,0.0403030303030303,White_wavg
2025-07-24,205,2025,KER-1,0.297149282762624,8.98031886709561,-1.60744192636884,0.0403030303030303,White_wavg
2025-07-25,206,2025,KER-1,0.146557655908947,1.76296999396257,1.87342297219928,0.0403030303030303,White_wavg
2025-07-26,207,2025,KER-1,-0.0277917112833062,0.460213281857591,-1.14978205805993,0.0403030303030303,White_wavg
2025-07-27,208,2025,KER-1,-0.111459416960504,-3.59024144088096,0.824707035094008,0.0403030303030303,White_wavg
2025-07-28,209,2025,KER-1,0.243412753225444,6.82894662369731,-0.789382069983276,0.0403030303030303,White_wavg
2025-07-29,210,2025,KER-1,0.247510055830754,5.58035516722981,0.560871781954305,0.0403030303030303,White_wavg
2025-07-30,211,2025,KER-1,0.200701735355434,5.56491139344786,-0.585093899666418,0.0403030303030303,White_wavg
2025-07-31,212,2025,KER-1,0.288243924545831,9.36977184688632,-2.21785492206496,0.0403030303030303,White_wavg
2025-08-01,213,2025,KER-1,-0.253266280611309,-7.15149010094578,0.867439529386971,0.0403030303030303,White_wavg
2025-08-02,214,2025,KER-1,-0.310491470673637,-8.43808343258306,0.734159724139431,0.0403030303030303,White_wavg
2025-08-03,215,2025,KER-1,-0.0101702451362363,-0.48398252723274,0.23163809904041,0.0403030303030303,White_wavg
2025-08-04,216,2025,KER-1,-0.0847723996827271,-3.23854455096821,1.13516922049453,0.0403030303030303,White_wavg
2025-08-05,217,2025,KER-1,-0.187142776108009,-4.20092984749263,-0.442462341653467,0.0403030303030303,White_wavg
2025-08-06,218,2025,KER-1,0.280394354457496,7.55281553276919,-0.595662377056883,0.0403030303030303,White_wavg
2025-08-07,219,2025,KER-1,-0.0853683085232258,-3.59664561554678,1.47848457700057,0.0403030303030303,White_wavg
2025-08-08,220,2025,KER-1,0.469732429835849,13.7969193755914,-2.14190419921323,0.0403030303030303,White_wavg
2025-08-09,221,2025,KER-1,-0.0945640404533849,-2.46120802029992,0.114882204539242,0.0403030303030303,White_wavg
2025-08-10,222,2025,KER-1,-0.299853915920538,-8.01227145582178,0.572287075838489,0.0403030303030303,White_wavg
2025-08-11,223,2025,KER-1,-0.0065687139451389,-1.02899688710392,0.866013759141822,0.0403030303030303,White_wavg
2025-08-12,224,2025,KER-1,-0.16331021591219,-1.16021600855407,-2.89184198024462,0.0403030303030303,White_wavg
2025-08-13,225,2025,KER-1,-0.0559262199147451,-1.33268403420072,-0.0549590163155074,0.0403030303030303,White_wavg
2025-08-14,226,2025,KER-1,-0.0493414971559661,-1.95283201062142,0.728569299232788,0.0403030303030303,White_wavg
2025-08-15,227,2025,KER-1,-0.0283993662014193,-0.723916757673891,0.0192708293679971,0.0403030303030303,White_wavg
2025-08-16,228,2025,KER-1,0.11669570196002,3.15748450627038,-0.262027239593195,0.0403030303030303,White_wavg
2025-08-17,229,2025,KER-1,-0.014111436485883,-0.957615827482925,0.607482440991092,0.0403030303030303,White_wavg
2025-08-18,230,2025,KER-1,-0.0153879122219488,0.756949913898097,-1.13875525474344,0.0403030303030303,White_wavg
2025-08-19,231,2025,KER-1,-0.0908068860339679,-1.78048610093171,-0.472617086377269,0.0403030303030303,White_wavg
2025-08-20,232,2025,KER-1,-0.0218040236529346,-0.424214104159006,-0.116787986477718,0.0403030303030303,White_wavg
2025-08-21,233,2025,KER-1,-0.0111683925400224,-0.857070312741115,0.579959821146574,0.0403030303030303,White_wavg
2025-08-22,234,2025,KER-1,0.045349956929792,0.797425358765793,0.327799136484686,0.0403030303030303,White_wavg
2025-08-23,235,2025,KER-1,0.0592010071627272,2.24421436381977,-0.775317193616758,0.0403030303030303,White_wavg
2025-08-24,236,2025,KER-1,0,-4.00036912647721,0.741866209636655,0.0403030303030303,White_wavg
2025-08-25,237,2025,KER-1,0,-1.2662306389895,0.213748458234335,0.0403030303030303,White_wavg
2025-08-26,238,2025,KER-1,0,1.12052816200463,-0.465784976057464,0.0403030303030303,White_wavg
2025-08-27,239,2025,KER-1,0,-2.17098991559541,-0.339059252145375,0.0403030303030303,White_wavg
2025-08-28,240,2025,KER-1,0,-1.66574468351155,0.561983670477247,0.0403030303030303,White_wavg
2025-08-29,241,2025,KER-1,-0.0130086840915423,-0.0467775956902301,-0.275994265227737,0.0403030303030303,White_wavg
2025-08-30,242,2025,KER-1,0.0686500823238622,1.36901162571164,0.334336281572163,0.0403030303030303,White_wavg
2025-08-31,243,2025,KER-1,0.0614970698376173,1.65356350334562,-0.127696356998726,0.0403030303030303,White_wavg
2025-09-01,244,2025,KER-1,0.01984567661058,0.312642616692528,0.179768908231637,0.0403030303030303,White_wavg
2025-09-02,245,2025,KER-1,0,1.55946133997631,0.00513887558764736,0.0403030303030303,White_wavg
2025-09-03,246,2025,KER-1,0,2.6646188589869,-0.151876413959158,0.0403030303030303,White_wavg
2025-09-04,247,2025,KER-1,0,0.288468988749457,0.953424396688973,0.0403030303030303,White_wavg
2025-09-05,248,2025,KER-1,0,-0.710468266844089,-0.194723248777777,0.0403030303030303,White_wavg
2025-09-06,249,2025,KER-1,-0.0640802888085976,-1.00259601688109,-0.587366036264569,0.0403030303030303,White_wavg
2025-09-07,250,2025,KER-1,-0.0591376458187755,-1.27874136347899,-0.188583683152288,0.0403030303030303,White_wavg
2025-09-08,251,2025,KER-1,-0.0291020145234802,-1.70063834881478,0.97855828920963,0.0403030303030303,White_wavg
2025-09-09,252,2025,KER-1,0.0259032728385944,-0.400017532131926,1.04273031684893,0.0403030303030303,White_wavg
2025-09-10,253,2025,KER-1,0.115156929337261,3.24231892277101,-0.385041728688577,0.0403030303030303,White_wavg
2025-09-11,254,2025,KER-1,0.013300819775758,1.17885487510563,-0.848834534804865,0.0403030303030303,White_wavg
2025-09-12,255,2025,KER-1,0.0229383822230338,0.693550572523492,-0.124402742929419,0.0403030303030303,White_wavg
2025-09-13,256,2025,KER-1,0.0154271329572503,0.265551957143771,0.117226529765446,0.0403030303030303,White_wavg
2025-09-14,257,2025,KER-1,-0.0553609669169793,-1.75575211478503,0.382134138649448,0.0403030303030303,White_wavg
2025-09-15,258,2025,KER-1,0.0835026633384235,3.26814647144897,-1.19627587733771,0.0403030303030303,White_wavg
2025-09-16,259,2025,KER-1,-0.0822617535271781,-1.48312666205155,-0.557954440502499,0.0403030303030303,White_wavg
2025-09-17,260,2025,KER-1,-0.0584170066831723,-2.30482390392339,0.855379377198062,0.0403030303030303,White_wavg
2025-09-18,261,2025,KER-1,-0.0246417776954477,-1.69162039665594,1.08020786737039,0.0403030303030303,White_wavg
2025-09-19,262,2025,KER-1,-0.0825235023313167,-1.54954999802968,-0.4980256237248,0.0403030303030303,White_wavg
2025-09-20,263,2025,KER-1,-0.0188341442247215,0.2311462493644,-0.698459602308617,0.0403030303030303,White_wavg
2025-09-21,264,2025,KER-1,-0.0999332593249483,-2.78948785265141,0.309940816769227,0.0403030303030303,White_wavg
2025-09-22,265,2025,KER-1,0.00565659064502456,-0.101843472341301,0.242194969548677,0.0403030303030303,White_wavg
2025-09-23,266,2025,KER-1,0.135014978602925,3.89115619363704,-0.541160483940402,0.0403030303030303,White_wavg
2025-09-24,267,2025,KER-1,0.0745238105878346,2.27050092232091,-0.421413892697942,0.0403030303030303,White_wavg
2025-09-25,268,2025,KER-1,-0.171411855658706,-5.72683392417019,1.4737578063226,0.0403030303030303,White_wavg
2025-09-26,269,2025,KER-1,0.161359088960796,4.69816370413412,-0.694517135933907,0.0403030303030303,White_wavg
2025-09-27,270,2025,KER-1,-0.12977384683025,-3.70527708584052,0.485324495315524,0.0403030303030303,White_wavg
2025-09-28,271,2025,KER-1,-0.124733205362327,-3.09470469739352,-0.000179345431121192,0.0403030303030303,White_wavg
2025-09-29,272,2025,KER-1,-0.0611407766443088,-2.4926706864747,0.975643897555756,0.0403030303030303,White_wavg
2025-09-30,273,2025,KER-1,-0.0272694122474698,0.177408872254148,-0.854018349071069,0.0403030303030303,White_wavg
2025-10-01,274,2025,KER-1,-0.026808807160351,-0.686775846043418,0.0215949165008738,0.0403030303030303,White_wavg
2025-10-02,275,2025,KER-1,0,-3.23378040704401,-0.670467769081114,0.0403030303030303,White_wavg
2025-10-03,276,2025,KER-1,0,0.579099560660978,2.43493721126509,0.0403030303030303,White_wavg
2025-10-04,277,2025,KER-1,0,-2.27063707010831,0.622007544214753,0.0403030303030303,White_wavg
2025-10-05,278,2025,KER-1,0,2.7389668209743,-1.0021682711992,0.0403030303030303,White_wavg
2025-10-06,279,2025,KER-1,-0.148116525070086,-3.92647593843947,0.251404263768151,0.0403030303030303,White_wavg
2025-10-07,280,2025,KER-1,0.00452624079093648,-0.584913251725538,0.697218474357797,0.0403030303030303,White_wavg
2025-10-08,281,2025,KER-1,0.0547683108796451,1.4438485123577,-0.0849355356447035,0.0403030303030303,White_wavg
2025-10-09,282,2025,KER-1,0.0277937166976893,-1.34499155129686,2.03461008590118,0.0403030303030303,White_wavg
2025-10-10,283,2025,KER-1,0.0464252127352013,2.07994721800549,-0.928043443372673,0.0403030303030303,White_wavg
2025-10-11,284,2025,KER-1,-0.0163473262095334,-0.505099753464975,0.0994894039051246,0.0403030303030303,White_wavg
2025-10-12,285,2025,KER-1,0.0031779829927412,2.8480776551298,-2.76922544553547,0.0403030303030303,White_wavg
2025-10-13,286,2025,KER-1,0.00302199246367833,-1.3383328602178,1.41331462811358,0.0403030303030303,White_wavg
2025-10-14,287,2025,KER-1,0,0.369064875365723,0.546417189544002,0.0403030303030303,White_wavg
2025-10-15,288,2025,KER-1,0,13.7680910600902,-3.42478612597681,0.0403030303030303,White_wavg
2025-10-16,289,2025,KER-1,0,-1.49488495535803,2.8229940313052,0.0403030303030303,White_wavg
2025-10-17,290,2025,KER-1,0,0.162618923857536,-1.13221100749304,0.0403030303030303,White_wavg
2025-10-18,291,2025,KER-1,-0.0920855129217792,-2.90619997126527,0.621371455160968,0.0403030303030303,White_wavg
2025-10-19,292,2025,KER-1,-0.0062596727074064,0.745640274746506,-0.900955462223507,0.0403030303030303,White_wavg
2025-10-20,293,2025,KER-1,0.0576317337865987,0.704972568461272,0.724987743537042,0.0403030303030303,White_wavg
2025-10-21,294,2025,KER-1,-0.0396977048690121,-1.03852100870725,0.0535403615813834,0.0403030303030303,White_wavg
2025-10-22,295,2025,KER-1,0.131680336831924,2.17030668689731,1.09694979088727,0.0403030303030303,White_wavg
2025-10-23,296,2025,KER-1,0.341027507758341,9.42850403617115,-0.966919257204779,0.0403030303030303,White_wavg
2025-10-24,297,2025,KER-1,0.0135247415028619,-1.12119208444383,1.45676837737199,0.0403030303030303,White_wavg
2025-10-25,298,2025,KER-1,-0.0103511786252632,2.32369630320619,-2.58053005856986,0.0403030303030303,White_wavg
2025-10-26,299,2025,KER-1,0.0332745736562996,0.068301925440295,0.757307796858868,0.0403030303030303,White_wavg
2025-10-27,300,2025,KER-1,0.00158038871604004,0.286535203667484,-0.24732255131461,0.0403030303030303,White_wavg
2025-10-28,301,2025,KER-1,0.0437291752871026,1.33820052707492,-0.253190914688162,0.0403030303030303,White_wavg
2025-10-29,302,2025,KER-1,-0.0232974282883906,-0.298008533143388,-0.280047958222696,0.0403030303030303,White_wavg
2025-10-30,303,2025,KER-1,0.023801529070717,-0.37566352434024,0.966227779478331,0.0403030303030303,White_wavg
2025-06-26,177,2025,KER-2,1.04593042145038,10.5077937700496,1.04944845592137,0.0905,White_wavg
2025-06-27,178,2025,KER-2,1.04255561760765,11.2358397508448,0.284111824930378,0.0905,White_wavg
2025-06-28,179,2025,KER-2,0.777944712314033,8.32398940083223,0.2720847683836,0.0905,White_wavg
2025-06-29,180,2025,KER-2,1.04281537977987,10.7554188561422,0.767403019878373,0.0905,White_wavg
2025-06-30,181,2025,KER-2,0.781913998864089,7.85182901928327,0.788104669822687,0.0905,White_wavg
2025-07-01,182,2025,KER-2,0.797641566725706,9.15265250340198,-0.338933534057169,0.0905,White_wavg
2025-07-02,183,2025,KER-2,0.654697426252567,6.34979085667418,0.884434847774081,0.0905,White_wavg
2025-07-03,184,2025,KER-2,0.922055986770803,10.1988168096433,-0.0103528674245013,0.0905,White_wavg
2025-07-04,185,2025,KER-2,0.613348932988985,7.36358004780726,-0.586243771685879,0.0905,White_wavg
2025-07-05,186,2025,KER-2,0.608795948905017,6.40841986336476,0.318607196359189,0.0905,White_wavg
2025-07-06,187,2025,KER-2,0.862565371598025,7.84725272936448,1.68385634906673,0.0905,White_wavg
2025-07-07,188,2025,KER-2,0.738745649172014,8.1007829606385,0.062152389328503,0.0905,White_wavg
2025-07-08,189,2025,KER-2,1.10915023438015,12.0260349983116,0.229768696496706,0.0905,White_wavg
2025-07-09,190,2025,KER-2,0.91727144600415,10.3672792332883,-0.231683144844645,0.0905,White_wavg
2025-07-10,191,2025,KER-2,0.854238597082203,8.36951915268571,1.06958136755963,0.0905,White_wavg
2025-07-11,192,2025,KER-2,0.945785699743215,10.0430823536861,0.407588361708562,0.0905,White_wavg
2025-07-12,193,2025,KER-2,0.633560926563715,6.3760503016713,0.624622920027207,0.0905,White_wavg
2025-07-13,194,2025,KER-2,1.02955515618518,10.8783042538803,0.497995814464147,0.0905,White_wavg
2025-07-14,195,2025,KER-2,1.1850816474511,12.6160408649931,0.47878396872072,0.0905,White_wavg
2025-07-15,196,2025,KER-2,0.735657779997818,7.17324711073535,0.955568137859331,0.0905,White_wavg
2025-07-16,197,2025,KER-2,0.843533398241694,9.29140007989027,0.0294109504046958,0.0905,White_wavg
2025-07-17,198,2025,KER-2,0.713392599544174,7.94306300029213,-0.0602718451078843,0.0905,White_wavg
2025-07-18,199,2025,KER-2,0.840368315922193,9.43045357767538,-0.144615832678774,0.0905,White_wavg
2025-07-19,200,2025,KER-2,1.13359861950606,11.8600224012258,0.66592919552626,0.0905,White_wavg
2025-07-20,201,2025,KER-2,0.995063102877798,10.2877014571639,0.707470950325551,0.0905,White_wavg
2025-07-21,202,2025,KER-2,0.974712908060366,10.7888709877244,-0.0185626113667681,0.0905,White_wavg
2025-07-22,203,2025,KER-2,0.711342096794014,8.81481408834866,-0.954680422116461,0.0905,White_wavg
2025-07-23,204,2025,KER-2,0.740999904245452,7.54144281424871,0.646401431557386,0.0905,White_wavg
2025-07-24,205,2025,KER-2,1.19888779891804,14.1537302462321,-0.906351252662674,0.0905,White_wavg
2025-07-25,206,2025,KER-2,0.625547037138199,10.7933918939253,-3.88126993659715,0.0905,White_wavg
2025-07-26,207,2025,KER-2,0.309844201999342,2.773536040992,0.65015679877974,0.0905,White_wavg
2025-07-27,208,2025,KER-2,0.498131461727696,3.8642053926083,1.64000965410658,0.0905,White_wavg
2025-07-28,209,2025,KER-2,0.878381781544358,7.8422084022133,1.86366763695087,0.0905,White_wavg
2025-07-29,210,2025,KER-2,0.98610710026894,10.374349386078,0.521861666617518,0.0905,White_wavg
2025-07-30,211,2025,KER-2,0.734692050729313,7.21115659787301,0.906987609080723,0.0905,White_wavg
2025-07-31,212,2025,KER-2,0.804559044508721,9.71712176084765,-0.826966572905974,0.0905,White_wavg
2025-08-01,213,2025,KER-2,0.806412691777054,9.06224564842688,-0.151608170227391,0.0905,White_wavg
2025-08-02,214,2025,KER-2,0.650188429631423,6.47683688343328,0.707565653930509,0.0905,White_wavg
2025-08-03,215,2025,KER-2,1.09704391746456,11.2629030878807,0.859129149296756,0.0905,White_wavg
2025-08-04,216,2025,KER-2,0.699027702726363,7.44621782379369,0.277845189757286,0.0905,White_wavg
2025-08-05,217,2025,KER-2,0.786396836280537,9.41695793550998,-0.727490131305153,0.0905,White_wavg
2025-08-06,218,2025,KER-2,0.792099133124664,8.69883832343597,0.0536382856763495,0.0905,White_wavg
2025-08-07,219,2025,KER-2,0.958216956133761,9.67446507838403,0.913567586077413,0.0905,White_wavg
2025-08-08,220,2025,KER-2,1.06077315466925,11.5920531719429,0.12919715589419,0.0905,White_wavg
2025-08-09,221,2025,KER-2,0.95845855299614,10.5677117973265,0.0229904457247798,0.0905,White_wavg
2025-08-10,222,2025,KER-2,0.669504254553419,7.04444353145242,0.353393535436197,0.0905,White_wavg
2025-08-11,223,2025,KER-2,1.27707145810337,13.3770074674953,0.734279362376178,0.0905,White_wavg
2025-08-12,224,2025,KER-2,0.923872725510287,9.88770904451393,0.320829358914665,0.0905,White_wavg
2025-08-13,225,2025,KER-2,0.772210569027203,8.68411399481559,-0.151400524901746,0.0905,White_wavg
2025-08-14,226,2025,KER-2,0.732116845056571,7.52328678926126,0.56640210639145,0.0905,White_wavg
2025-08-15,227,2025,KER-2,0.810574401582762,9.19353728196946,-0.236914060060478,0.0905,White_wavg
2025-08-16,228,2025,KER-2,1.09742318159405,12.7089412106951,-0.58271820965583,0.0905,White_wavg
2025-08-17,229,2025,KER-2,0.771461866501431,8.34489796527365,0.179542548554323,0.0905,White_wavg
2025-08-18,230,2025,KER-2,0.778474481948204,8.86514924569006,-0.263221268361846,0.0905,White_wavg
2025-08-19,231,2025,KER-2,0.655362815330291,7.5777255349518,-0.336147465003833,0.0905,White_wavg
2025-08-20,232,2025,KER-2,0.783220166846938,8.64127897472571,0.0130875097708483,0.0905,White_wavg
2025-08-21,233,2025,KER-2,0.855957537360017,8.5055197361271,0.952574599342704,0.0905,White_wavg
2025-08-22,234,2025,KER-2,0.966817415527487,10.4137703934601,0.269294971484513,0.0905,White_wavg
2025-08-23,235,2025,KER-2,0.796820317458491,11.5495334097474,-2.7448890179409,0.0905,White_wavg
2025-08-24,236,2025,KER-2,0,3.53986072473909,-6.92762354981849,0.0905,White_wavg
2025-08-25,237,2025,KER-2,0,-9.69333945604274,-7.70323404695538,0.0905,White_wavg
2025-08-26,238,2025,KER-2,0,-18.5683881816299,3.97637618613284,0.0905,White_wavg
2025-08-27,239,2025,KER-2,0,-11.2424276648468,4.92355117840156,0.0905,White_wavg
2025-08-28,240,2025,KER-2,0,-0.27136486008348,2.27225817229737,0.0905,White_wavg
2025-08-29,241,2025,KER-2,0.338450928763437,3.52422799417309,0.215561273931186,0.0905,White_wavg
2025-08-30,242,2025,KER-2,0.57452248253015,5.34941527342636,0.998899450663693,0.0905,White_wavg
2025-08-31,243,2025,KER-2,0.607207463964185,6.22886880246547,0.48060593747028,0.0905,White_wavg
2025-09-01,244,2025,KER-2,0.502037929751597,5.06767097810297,0.479709461141198,0.0905,White_wavg
2025-09-02,245,2025,KER-2,0,6.55999040316395,-7.45621590894424,0.0905,White_wavg
2025-09-03,246,2025,KER-2,0,-3.36187724709345,4.1469088400568,0.0905,White_wavg
2025-09-04,247,2025,KER-2,0,2.7216731061003,2.66435299563188,0.0905,White_wavg
2025-09-05,248,2025,KER-2,0,3.6382300034095,0.604322618685949,0.0905,White_wavg
2025-09-06,249,2025,KER-2,0.323450897668812,3.92832966164853,-0.354286593484865,0.0905,White_wavg
2025-09-07,250,2025,KER-2,0.31008460296712,3.45038422061208,-0.0240350165555014,0.0905,White_wavg
2025-09-08,251,2025,KER-2,0.412804161256836,3.34114793684748,1.22022401074187,0.0905,White_wavg
2025-09-09,252,2025,KER-2,0.461270602800142,4.81437916279432,0.282533575328792,0.0905,White_wavg
2025-09-10,253,2025,KER-2,0.608601930698047,7.78374392481318,-1.05886071268007,0.0905,White_wavg
2025-09-11,254,2025,KER-2,0.370449069378397,5.2992153515163,-1.20585546888208,0.0905,White_wavg
2025-09-12,255,2025,KER-2,0.412990696504519,4.27794953040888,0.28548358013829,0.0905,White_wavg
2025-09-13,256,2025,KER-2,0.471493276685306,4.78111054520767,0.428759915403454,0.0905,White_wavg
2025-09-14,257,2025,KER-2,0.354012427633669,2.76172610862027,1.15001342324348,0.0905,White_wavg
2025-09-15,258,2025,KER-2,0.650976446839088,8.02911703029103,-0.836007120466853,0.0905,White_wavg
2025-09-16,259,2025,KER-2,0.264085990930144,3.20613842932502,-0.288061181478128,0.0905,White_wavg
2025-09-17,260,2025,KER-2,0.334847559588911,2.69201154227972,1.00796149185189,0.0905,White_wavg
2025-09-18,261,2025,KER-2,0.363603133558221,3.30953675076806,0.708177432195711,0.0905,White_wavg
2025-09-19,262,2025,KER-2,0.144371376091275,3.53726776622665,-1.94200394201367,0.0905,White_wavg
2025-09-20,263,2025,KER-2,0.33093698216687,3.48237156391527,0.174390669972802,0.0905,White_wavg
2025-09-21,264,2025,KER-2,0.179319148368154,1.95881208543121,0.022614968360557,0.0905,White_wavg
2025-09-22,265,2025,KER-2,0.452216246117038,4.1812067455858,0.815657852392526,0.0905,White_wavg
2025-09-23,266,2025,KER-2,0.77353961989729,8.82694863443767,-0.279549519550493,0.0905,White_wavg
2025-09-24,267,2025,KER-2,0.624925992031031,7.27509439026584,-0.369834809812453,0.0905,White_wavg
2025-09-25,268,2025,KER-2,-0.00451218115092065,-0.995766409252852,0.94590805399406,0.0905,White_wavg
2025-09-26,269,2025,KER-2,0.796679187227119,8.92585662838741,-0.122771686651291,0.0905,White_wavg
2025-09-27,270,2025,KER-2,0.153278742413633,1.41761093420598,0.276076827270622,0.0905,White_wavg
2025-09-28,271,2025,KER-2,0.147492578772163,1.68717411660566,-0.0574218649795455,0.0905,White_wavg
2025-09-29,272,2025,KER-2,0.178186338783714,2.37175640265832,-0.402846581843797,0.0905,White_wavg
2025-09-30,273,2025,KER-2,0.118417190188098,3.12163417846527,-1.81315693881778,0.0905,White_wavg
2025-10-01,274,2025,KER-2,-0.10550222774157,1.21590368160298,-2.38167415388553,0.0905,White_wavg
2025-10-02,275,2025,KER-2,0,-3.27856413452241,-14.1551210565289,0.0905,White_wavg
2025-10-03,276,2025,KER-2,0,-23.5607590922374,10.5624834609143,0.0905,White_wavg
2025-10-04,277,2025,KER-2,0,-3.88955772763637,3.44034554924022,0.0905,White_wavg
2025-10-05,278,2025,KER-2,0,1.23058660070438,0.268071407815818,0.0905,White_wavg
2025-10-06,279,2025,KER-2,-0.17836938587867,-2.14424884159818,0.173316400949901,0.0905,White_wavg
2025-10-07,280,2025,KER-2,0.155016043818703,1.32596877029094,0.386915691794172,0.0905,White_wavg
2025-10-08,281,2025,KER-2,0.146220204079448,-0.162576886687972,1.77826974944431,0.0905,White_wavg
2025-10-09,282,2025,KER-2,0.177319381385882,1.51805237051015,0.441277810549323,0.0905,White_wavg
2025-10-10,283,2025,KER-2,0.354372561277055,4.11888072779689,-0.20316181865816,0.0905,White_wavg
2025-10-11,284,2025,KER-2,-0.135718029150842,-0.599878509864382,-0.899768221084152,0.0905,White_wavg
2025-10-12,285,2025,KER-2,0.521069296759405,4.13528801885867,1.62238376853807,0.0905,White_wavg
2025-10-13,286,2025,KER-2,-0.264933880050654,-1.40613391833284,-1.52131227007217,0.0905,White_wavg
2025-10-14,287,2025,KER-2,0,2.13955179558631,-9.14764294772006,0.0905,White_wavg
2025-10-15,288,2025,KER-2,0,1.87982138560265,-3.17236615974395,0.0905,White_wavg
2025-10-16,289,2025,KER-2,0,-16.3648748811895,4.70625678504249,0.0905,White_wavg
2025-10-17,290,2025,KER-2,0,-5.32600075705147,3.2846827064457,0.0905,White_wavg
2025-10-18,291,2025,KER-2,0.0546825883137937,-0.0373449613217929,0.641572456501834,0.0905,White_wavg
2025-10-19,292,2025,KER-2,0.0200610857122478,-0.309586479680803,0.531255935064756,0.0905,White_wavg
2025-10-20,293,2025,KER-2,0.234322337210105,3.51286056680777,-0.923663470563518,0.0905,White_wavg
2025-10-21,294,2025,KER-2,-0.110893648660846,-2.73110127458089,1.50575709048315,0.0905,White_wavg
2025-10-22,295,2025,KER-2,0.189630082207808,2.61933773779934,-0.523977713403674,0.0905,White_wavg
2025-10-23,296,2025,KER-2,0.277080022170746,2.67115425688647,0.390503446657682,0.0905,White_wavg
2025-10-24,297,2025,KER-2,0.225972349781197,0.973649061082327,1.52328298069886,0.0905,White_wavg
2025-10-25,298,2025,KER-2,-0.0115524352024145,2.41548473868036,-2.5431359563866,0.0905,White_wavg
2025-10-26,299,2025,KER-2,-1.00633160170484,-1.41477121031102,-9.70491499637234,0.0905,White_wavg
2025-10-27,300,2025,KER-2,-0.24334088438171,-8.81208913126415,6.12323958008503,0.0905,White_wavg
2025-10-28,301,2025,KER-2,-0.0907708517341828,-2.09682521747503,1.09383238063323,0.0905,White_wavg
2025-10-29,302,2025,KER-2,-0.0431599710551678,-1.81684587079545,1.33994011327978,0.0905,White_wavg
2025-10-30,303,2025,KER-2,0.0068889665793276,-1.70843835412526,1.78455953179739,0.0905,White_wavg
2021-07-04,185,2021,KET-1,1.17842545598587,14.7912870989668,1.57573312305921,0.072,White_wavg
2021-07-05,186,2021,KET-1,-1.13197085670122,5.61031833691711,-21.3321357911007,0.072,White_wavg
2024-06-03,155,2024,KET-1,0.568478551633891,5.11656152731206,2.77897391204754,0.072,White_wavg
2024-06-04,156,2024,KET-1,0.313707777192786,3.49124282397036,0.865809637040551,0.072,White_wavg
2024-06-05,157,2024,KET-1,0.193498087997263,1.74127786038948,0.946195584016959,0.072,White_wavg
2024-06-06,158,2024,KET-1,0.707371866166398,8.0569666955466,1.76764255676449,0.072,White_wavg
2024-06-07,159,2024,KET-1,0.196684768695433,2.66225164020637,0.0694812583413196,0.072,White_wavg
2024-06-08,160,2024,KET-1,0.178598379920472,2.981335389012,-0.500802334561,0.072,White_wavg
2024-06-09,161,2024,KET-1,-0.252660386730297,-4.68720766062912,1.17803562270833,0.072,White_wavg
2024-06-10,162,2024,KET-1,0.410614555232208,5.86486742270118,-0.16188748892052,0.072,White_wavg
2024-06-11,163,2024,KET-1,0.375109591166277,4.12330937957286,1.0865460532921,0.072,White_wavg
2024-06-12,164,2024,KET-1,0.660053994193245,8.20190603315574,0.96551055286156,0.072,White_wavg
2024-06-13,165,2024,KET-1,0.882312366063041,11.7313625572024,0.52297586033987,0.072,White_wavg
2024-06-14,166,2024,KET-1,0.806427398592172,9.61384512228174,1.58653541372065,0.072,White_wavg
2024-06-15,167,2024,KET-1,0.719290179711001,10.5266123405414,-0.53647095566643,0.072,White_wavg
2024-06-16,168,2024,KET-1,0.571575380776428,6.08114465206205,1.85740230316611,0.072,White_wavg
2024-06-17,169,2024,KET-1,0.122601411915286,2.37845861228502,-0.67566122457272,0.072,White_wavg
2024-06-18,170,2024,KET-1,0.266909178431494,3.11948265081696,0.58758927184268,0.072,White_wavg
2024-06-19,171,2024,KET-1,0.44981134302916,3.9539842612239,2.29339550306999,0.072,White_wavg
2024-06-20,172,2024,KET-1,0.866329060550877,12.7804717918408,-0.74812372863419,0.072,White_wavg
2024-06-21,173,2024,KET-1,0.480545625373745,5.72155570250034,0.95268909435723,0.072,White_wavg
2024-06-22,174,2024,KET-1,0.409834939262007,4.73249584235544,0.9596560918391,0.072,White_wavg
2024-06-23,175,2024,KET-1,0.268935100199147,1.44773731567122,2.28747240931693,0.072,White_wavg
2024-06-24,176,2024,KET-1,0.32399773217383,3.929118680826,0.5708498215883,0.072,White_wavg
2024-06-25,177,2024,KET-1,0.166800766111027,1.51645710533472,0.800220201762869,0.072,White_wavg
2024-06-26,178,2024,KET-1,0.200296227311074,0.656442782749135,2.12544926323801,0.072,White_wavg
2024-06-27,179,2024,KET-1,0.0581896165492144,-1.13049750619542,1.93868662493451,0.072,White_wavg
2024-06-28,180,2024,KET-1,0.106940102497899,-0.0933121906250385,1.57859139198475,0.072,White_wavg
2024-06-29,181,2024,KET-1,0.327546460252522,4.09835962138171,0.450896771014438,0.072,White_wavg
2024-06-30,182,2024,KET-1,0.339794092224258,4.60340712556865,0.115955266434931,0.072,White_wavg
2024-07-01,183,2024,KET-1,-0.0996088323709004,-2.53429640394283,1.15084039879143,0.072,White_wavg
2024-07-02,184,2024,KET-1,0.237976006885145,3.23924193158442,0.065980386264819,0.072,White_wavg
2024-07-03,185,2024,KET-1,0.190695809625504,3.81505904967587,-1.16650613821054,0.072,White_wavg
2024-07-04,186,2024,KET-1,0.176234844436635,3.35078503334003,-0.903078860608989,0.072,White_wavg
2024-07-05,187,2024,KET-1,0.273391936506066,3.46184278092918,0.33526744832173,0.072,White_wavg
2024-07-06,188,2024,KET-1,0.366021305356914,3.84482094703207,1.23880829403618,0.072,White_wavg
2024-07-07,189,2024,KET-1,0.791257389460637,11.2408697933873,-0.25118382865621,0.072,White_wavg
2024-07-08,190,2024,KET-1,0.630816655128355,7.73092310494902,1.03041932738925,0.072,White_wavg
2024-07-09,191,2024,KET-1,0.427365524630007,4.74826777895495,1.18736450757293,0.072,White_wavg
2024-07-10,192,2024,KET-1,0.800251267996577,11.2862269800253,-0.17162603562841,0.072,White_wavg
2024-07-11,193,2024,KET-1,0.440145917448228,6.45853462490215,-0.34539688256565,0.072,White_wavg
2024-07-12,194,2024,KET-1,0.471017952705928,6.3923482356966,0.149567774107959,0.072,White_wavg
2024-07-15,197,2024,KET-1,-0.0650776227922275,-2.09802041570982,1.19416454359555,0.072,White_wavg
2024-07-16,198,2024,KET-1,0.461304866000498,4.25264496135217,2.15436706643253,0.072,White_wavg
2024-07-17,199,2024,KET-1,0.500531881371934,8.05543760761297,-1.10360592189167,0.072,White_wavg
2024-07-18,200,2024,KET-1,0.32336617678778,3.95662274373158,0.534574156098698,0.072,White_wavg
2024-07-19,201,2024,KET-1,0.645224136413406,7.51673874236297,1.44470759671211,0.072,White_wavg
2024-07-20,202,2024,KET-1,0.788569752579025,9.70144981458212,1.25090786012656,0.072,White_wavg
2024-07-21,203,2024,KET-1,0.957604870025145,12.8434392681108,0.456628371127366,0.072,White_wavg
2024-07-22,204,2024,KET-1,1.03854316386936,15.1204459850621,-0.696235375765397,0.072,White_wavg
2024-07-23,205,2024,KET-1,0.656429019483131,9.77811807837517,-0.661048363331673,0.072,White_wavg
2024-07-24,206,2024,KET-1,0.802284928194119,10.7044395198933,0.438406705024974,0.072,White_wavg
2024-07-25,207,2024,KET-1,1.01424082885173,13.4656763878858,0.621001790610439,0.072,White_wavg
2024-07-26,208,2024,KET-1,0.959216827099664,12.0920479759121,1.2304079560277,0.072,White_wavg
2024-07-27,209,2024,KET-1,0.960768073946741,14.1986233639941,-0.854622336956016,0.072,White_wavg
2024-07-28,210,2024,KET-1,0.679357142345277,9.03507786039055,0.400438005516079,0.072,White_wavg
2024-07-29,211,2024,KET-1,0.829427187529924,11.8316345620531,-0.31181251302641,0.072,White_wavg
2024-07-30,212,2024,KET-1,0.989553917220334,13.0309896502283,0.712814755609688,0.072,White_wavg
2024-07-31,213,2024,KET-1,0.938133518196523,12.3116622064454,0.717969990728488,0.072,White_wavg
2024-08-01,214,2024,KET-1,1.12548749222916,15.6094199834108,0.0223507419942628,0.072,White_wavg
2024-08-02,215,2024,KET-1,1.20441388100798,16.9553874253485,-0.227416855793198,0.072,White_wavg
2024-08-03,216,2024,KET-1,0.65283448793185,13.276685563428,-4.20953989770787,0.072,White_wavg
2024-08-04,217,2024,KET-1,0.123287782258033,-0.863962495931148,2.5762928050705,0.072,White_wavg
2024-08-05,218,2024,KET-1,0.588938715461357,7.40354539639829,0.776158985009449,0.072,White_wavg
2024-08-06,219,2024,KET-1,0.727193576160638,9.45339367836589,0.646517101642981,0.072,White_wavg
2024-08-07,220,2024,KET-1,0.899298143907714,13.1676676020987,-0.67741560338046,0.072,White_wavg
2024-08-08,221,2024,KET-1,0.882952068801196,11.002041989407,1.26118118838737,0.072,White_wavg
2024-08-09,222,2024,KET-1,0.942714073563366,12.0201796022716,1.07307141944179,0.072,White_wavg
2024-08-10,223,2024,KET-1,1.06336551142336,15.5685105690054,-0.79954513256979,0.072,White_wavg
2024-08-11,224,2024,KET-1,0.938779174748272,11.9007217453735,1.13787790390809,0.072,White_wavg
2024-08-12,225,2024,KET-1,1.01053513861324,13.5756733449401,0.459536913577097,0.072,White_wavg
2024-08-13,226,2024,KET-1,1.10549149120204,14.7284772110115,0.62557127790566,0.072,White_wavg
2024-08-14,227,2024,KET-1,0.906295756885576,13.8631571863478,-1.27571611849256,0.072,White_wavg
2024-08-15,228,2024,KET-1,0.819529659959714,10.4595014965383,0.922854891791047,0.072,White_wavg
2024-08-16,229,2024,KET-1,0.652244159530313,8.44162606467156,0.617320595471682,0.072,White_wavg
2024-08-17,230,2024,KET-1,1.15194109362114,14.8786943904184,1.12048746543074,0.072,White_wavg
2024-08-18,231,2024,KET-1,0.850744904977341,12.3915986972449,-0.575697239226262,0.072,White_wavg
2024-08-19,232,2024,KET-1,0.944666070727372,14.5723922936206,-1.45203020018485,0.072,White_wavg
2024-08-20,233,2024,KET-1,1.32183219110105,17.6856865784195,0.673093853539449,0.072,White_wavg
2024-08-21,234,2024,KET-1,0.950329840670647,12.7788726237363,0.4201529411338,0.072,White_wavg
2024-08-22,235,2024,KET-1,0.940937071879991,12.1894987831301,0.879071659647579,0.072,White_wavg
2024-08-23,236,2024,KET-1,0.832617227343887,12.6931637187209,-1.12903556116689,0.072,White_wavg
2024-08-24,237,2024,KET-1,0.406833604128423,9.38562643558423,-3.73515971157836,0.072,White_wavg
2024-08-25,238,2024,KET-1,0.0225035690459026,0.00843112711699234,0.304118442964988,0.072,White_wavg
2024-08-26,239,2024,KET-1,0.166740344473338,2.45278012127701,-0.136942003591759,0.072,White_wavg
2024-08-27,240,2024,KET-1,0.347607395500795,4.47439498440865,0.353485508657947,0.072,White_wavg
2024-08-28,241,2024,KET-1,0.341189268644319,4.50269281628477,0.236047025997443,0.072,White_wavg
2024-08-29,242,2024,KET-1,0.541894180103628,7.34954015995759,0.176767897037248,0.072,White_wavg
2024-08-30,243,2024,KET-1,0.439825173125111,5.67708838614114,0.43159457392985,0.072,White_wavg
2024-08-31,244,2024,KET-1,0.51263959946961,7.1164299112237,0.00356452585421252,0.072,White_wavg
2024-09-01,245,2024,KET-1,0.402781037426624,4.0911865424178,1.50299453295198,0.072,White_wavg
2024-09-02,246,2024,KET-1,0.624089945388734,8.9443195383222,-0.276403630145339,0.072,White_wavg
2024-09-03,247,2024,KET-1,0.407084081197976,6.30002652125905,-0.646080949064931,0.072,White_wavg
2024-09-04,248,2024,KET-1,0.443665154822567,6.48147812501105,-0.319462085808731,0.072,White_wavg
2024-09-05,249,2024,KET-1,0.627955011462366,8.80827528735468,-0.0866779059329375,0.072,White_wavg
2024-09-06,250,2024,KET-1,0.564006753935341,6.86459999440208,0.968827143588772,0.072,White_wavg
2024-09-07,251,2024,KET-1,0.681253026255352,8.13590383021106,1.32594375666883,0.072,White_wavg
2024-09-08,252,2024,KET-1,0.746766395246804,11.1783484816861,-0.806592992147159,0.072,White_wavg
2024-09-09,253,2024,KET-1,0.670363572009591,9.43495623404369,-0.124351067243818,0.072,White_wavg
2024-09-10,254,2024,KET-1,0.646710339714915,7.69643477042268,1.28565328117336,0.072,White_wavg
2024-09-11,255,2024,KET-1,0.61292702876957,8.82955049669827,-0.3166750971209,0.072,White_wavg
2024-09-12,256,2024,KET-1,0.307818592857839,4.40639465592805,-0.131136421791393,0.072,White_wavg
2024-09-13,257,2024,KET-1,0.303343192559766,4.54916820979392,-0.336068313130507,0.072,White_wavg
2024-09-14,258,2024,KET-1,0.448250634221416,5.64697260005647,0.578730653018759,0.072,White_wavg
2024-09-15,259,2024,KET-1,0.641506947587141,8.30758168711865,0.60223702936942,0.072,White_wavg
2024-09-16,260,2024,KET-1,0.229543686501839,4.15515283841867,-0.967046081448689,0.072,White_wavg
2024-09-17,261,2024,KET-1,0.207973267952865,3.21144095637713,-0.322923345920678,0.072,White_wavg
2024-09-18,262,2024,KET-1,0.00927278506505615,0.649098018932293,-0.520309337473179,0.072,White_wavg
2024-09-19,263,2024,KET-1,-0.135931615032266,-1.54818810877337,-0.339750988896981,0.072,White_wavg
2024-09-20,264,2024,KET-1,-0.0704005522800782,-0.517829837134798,-0.459955611199622,0.072,White_wavg
2024-09-21,265,2024,KET-1,0.222408515943293,3.40137678019272,-0.312369614313649,0.072,White_wavg
2024-09-22,266,2024,KET-1,0.0481646407105702,2.42210502782179,-1.75315168461942,0.072,White_wavg
2024-09-23,267,2024,KET-1,0.117338336362202,1.39482882277133,0.234870293370371,0.072,White_wavg
2024-09-24,268,2024,KET-1,0.273641689848951,3.19225695435605,0.608322071323819,0.072,White_wavg
2024-09-25,269,2024,KET-1,0.412543452034492,5.93957750904688,-0.209807341901151,0.072,White_wavg
2024-09-26,270,2024,KET-1,-0.0934754921766074,-0.664278196697765,-0.633992527977338,0.072,White_wavg
2024-09-27,271,2024,KET-1,0.180847016870188,2.20663925689308,0.30512486630397,0.072,White_wavg
2024-09-28,272,2024,KET-1,0.170839829043194,1.69309991075972,0.679675492617978,0.072,White_wavg
2024-09-29,273,2024,KET-1,0.315004799127259,5.2851029567307,-0.910036302185446,0.072,White_wavg
2024-09-30,274,2024,KET-1,0.326621666930765,5.24443978761511,-0.708027746910034,0.072,White_wavg
2024-10-01,275,2024,KET-1,0.317586075126084,4.14078433285889,0.270133377225612,0.072,White_wavg
2024-10-02,276,2024,KET-1,0.295482215299529,3.79875434605452,0.305165310883382,0.072,White_wavg
2024-10-03,277,2024,KET-1,0.190930497513585,2.54728221007561,0.104530255390856,0.072,White_wavg
2024-10-04,278,2024,KET-1,0.155430331177291,2.96044152044706,-0.801686920762457,0.072,White_wavg
2024-10-05,279,2024,KET-1,0.115667440953541,1.6447541883263,-0.0382619528604522,0.072,White_wavg
2024-10-06,280,2024,KET-1,0.152636072409767,2.15817098202427,-0.0382255318886102,0.072,White_wavg
2024-10-07,281,2024,KET-1,0.141195900120357,1.32473678865959,0.636317379678701,0.072,White_wavg
2024-10-08,282,2024,KET-1,0.0989859364064046,1.1646724136337,0.210132258677479,0.072,White_wavg
2024-10-09,283,2024,KET-1,0.230189874157861,3.51575361053238,-0.318672025006528,0.072,White_wavg
2024-10-10,284,2024,KET-1,0.267070236405401,3.46208410709676,0.247224731867139,0.072,White_wavg
2024-10-11,285,2024,KET-1,0.361384395404247,5.27156701956175,-0.25233930561388,0.072,White_wavg
2024-10-12,286,2024,KET-1,0.140336056177662,2.20565416649028,-0.25654227513386,0.072,White_wavg
2024-10-13,287,2024,KET-1,0.0406653377013286,0.34295589483191,0.221840462130988,0.072,White_wavg
2024-10-14,288,2024,KET-1,0.123776556067468,2.16870774339173,-0.449588909121346,0.072,White_wavg
2024-10-15,289,2024,KET-1,0.215425367370234,2.76899355528499,0.22302543596826,0.072,White_wavg
2024-10-16,290,2024,KET-1,0.209872694100905,1.83709940781895,1.07779912136028,0.072,White_wavg
2024-10-17,291,2024,KET-1,-0.172496858773442,-2.46954951894802,0.0737598137613205,0.072,White_wavg
2024-10-18,292,2024,KET-1,0.098983266033288,3.49227466686735,-2.11750708307168,0.072,White_wavg
2024-10-19,293,2024,KET-1,-0.124782878924408,-1.92793091106047,0.194835370443688,0.072,White_wavg
2024-10-20,294,2024,KET-1,0.254672925043271,3.5291520928602,0.00797186607411149,0.072,White_wavg
2024-10-21,295,2024,KET-1,-0.037008246073606,-0.579409750790561,0.0654063331015884,0.072,White_wavg
2024-10-22,296,2024,KET-1,0.0120009350125562,0.12905639963634,0.0376232533158287,0.072,White_wavg
2024-10-23,297,2024,KET-1,0.109637030573785,1.63718850357244,-0.114451967825428,0.072,White_wavg
2024-10-24,298,2024,KET-1,0.0670434356293329,0.72089889307987,0.210259935105309,0.072,White_wavg
2024-10-25,299,2024,KET-1,-0.0284423688342899,0.366704921617632,-0.761737822093881,0.072,White_wavg
2024-10-26,300,2024,KET-1,-0.0434952378715664,-1.03549313404692,0.431392608052938,0.072,White_wavg
2024-10-27,301,2024,KET-1,-0.210122314461423,-3.84510135668281,0.926735878051943,0.072,White_wavg
2024-10-28,302,2024,KET-1,-0.397943829528964,-5.34893937423318,-0.178058258113541,0.072,White_wavg
2024-10-29,303,2024,KET-1,-0.359151215202383,-4.91476085899121,-0.0734504632641091,0.072,White_wavg
2024-10-30,304,2024,KET-1,0.00633750740202561,-0.233188738995715,0.321209675134959,0.072,White_wavg
2024-10-31,305,2024,KET-1,-0.0443958499446251,-0.0966674317243843,-0.519941595284298,0.072,White_wavg
2024-11-01,306,2024,KET-1,0.23642337495712,2.27020306460695,1.01345492090861,0.072,White_wavg
2024-11-02,307,2024,KET-1,-0.00620053514991537,1.26030687344316,-1.34642541719199,0.072,White_wavg
2024-11-03,308,2024,KET-1,-0.412314007926784,-5.61766824474184,-0.108915198685722,0.072,White_wavg
2024-11-04,309,2024,KET-1,-0.125598038308382,-0.259010596680298,-1.48540660204723,0.072,White_wavg
2024-11-05,310,2024,KET-1,-0.46374597653894,-6.82458238049364,0.383666039675031,0.072,White_wavg
2024-11-06,311,2024,KET-1,0.226638447033459,3.12922311170496,0.0185330970930799,0.072,White_wavg
2024-11-07,312,2024,KET-1,0.296484108340242,4.68004520668939,-0.562210368630471,0.072,White_wavg
2024-11-08,313,2024,KET-1,0.189583932360635,2.93440774718725,-0.301297575511761,0.072,White_wavg
2024-11-09,314,2024,KET-1,-1.94829956995397,-0.102479980627379,-26.9572362687333,0.072,White_wavg
2025-05-27,147,2025,KET-1,0.535297818005541,7.39929865778214,0.0353932589614914,0.072,White_wavg
2025-05-28,148,2025,KET-1,0.171007262705752,0.882697394078168,1.49240347683505,0.072,White_wavg
2025-05-29,149,2025,KET-1,0.202092787788726,2.72817270087198,0.0786715739714392,0.072,White_wavg
2025-05-30,150,2025,KET-1,0.427937675585816,4.71253590371922,1.23104292386156,0.072,White_wavg
2025-05-31,151,2025,KET-1,0.531046199020729,5.32816376052276,2.04747789254291,0.072,White_wavg
2025-06-01,152,2025,KET-1,0.191400064240167,1.55897710463112,1.09935712092675,0.072,White_wavg
2025-06-02,153,2025,KET-1,0.674341105131198,9.03557868705606,0.33026999532169,0.072,White_wavg
2025-06-03,154,2025,KET-1,0.542971515809959,7.186453931811,0.3548171211051,0.072,White_wavg
2025-06-04,155,2025,KET-1,0.555357794345099,6.061120787226,1.65218191201148,0.072,White_wavg
2025-06-05,156,2025,KET-1,0.825979507737415,10.6204221333947,0.85151547406941,0.072,White_wavg
2025-06-06,157,2025,KET-1,0.375351619341228,6.72834127077738,-1.51512433548255,0.072,White_wavg
2025-06-07,158,2025,KET-1,0.56151264716545,7.51847178626976,0.28031497991705,0.072,White_wavg
2025-06-08,159,2025,KET-1,0.224089891586601,3.9233901025572,-0.81103049718774,0.072,White_wavg
2025-06-09,160,2025,KET-1,0.191379895901569,1.3852566040278,1.27279750571621,0.072,White_wavg
2025-06-10,161,2025,KET-1,0.764109297457735,7.7469958508385,2.86563328051893,0.072,White_wavg
2025-06-11,162,2025,KET-1,0.396532075904652,3.58007025844494,1.92731968467523,0.072,White_wavg
2025-06-12,163,2025,KET-1,0.595972608509187,7.45003648050612,0.82736085989925,0.072,White_wavg
2025-06-13,164,2025,KET-1,0.481837072309568,4.0357895910354,2.65639196881971,0.072,White_wavg
2025-06-14,165,2025,KET-1,0.190083644648825,3.21076612441404,-0.57071550429147,0.072,White_wavg
2025-06-15,166,2025,KET-1,-0.00143219930089155,-2.54268137817672,2.52278972121989,0.072,White_wavg
2025-06-16,167,2025,KET-1,0.0562446585947054,1.25396896534938,-0.472793151534031,0.072,White_wavg
2025-06-17,168,2025,KET-1,0.0405291801852963,0.178980829694098,0.38392445065724,0.072,White_wavg
2025-06-18,169,2025,KET-1,0.102043246470693,0.553273561470004,0.86399375062296,0.072,White_wavg
2025-06-19,170,2025,KET-1,0.285548868500979,1.98054238809564,1.9854141188624,0.072,White_wavg
2025-06-20,171,2025,KET-1,-0.00818387851153376,-0.285096326451729,0.171431347124871,0.072,White_wavg
2025-06-21,172,2025,KET-1,0.0417494981739485,1.47002026359114,-0.890166122286301,0.072,White_wavg
2025-06-22,173,2025,KET-1,0.0332349688340153,-0.724479205582927,1.18607599494425,0.072,White_wavg
2025-06-23,174,2025,KET-1,-0.0226761268417453,-1.32857169924708,1.01362549311173,0.072,White_wavg
2025-06-24,175,2025,KET-1,-0.133880054520532,-2.28610104744005,0.426655845766,0.072,White_wavg
2025-06-25,176,2025,KET-1,0.36901593058586,4.03171808171375,1.0935031764232,0.072,White_wavg
2025-06-26,177,2025,KET-1,0.174852308414369,2.64869091282911,-0.22018662929621,0.072,White_wavg
2025-06-27,178,2025,KET-1,0.317271187184878,4.74303121687182,-0.336486950415171,0.072,White_wavg
2025-06-28,179,2025,KET-1,0.148462113710751,2.90891112439979,-0.846937322861589,0.072,White_wavg
2025-06-29,180,2025,KET-1,0.375176577388915,4.90520266290384,0.30558313416442,0.072,White_wavg
2025-06-30,181,2025,KET-1,0.0356227168783708,0.21097849281907,0.283781463824969,0.072,White_wavg
2025-07-01,182,2025,KET-1,0.34128601053591,5.28045405344807,-0.540370573782658,0.072,White_wavg
2025-07-02,183,2025,KET-1,0.126085235896076,0.0595500496487489,1.6916337822412,0.072,White_wavg
2025-07-03,184,2025,KET-1,0.721830597269994,9.35443174093932,0.670993221143942,0.072,White_wavg
2025-07-04,185,2025,KET-1,0.501450208359505,9.01377895573459,-2.04919272851924,0.072,White_wavg
2025-07-05,186,2025,KET-1,-0.021527486649206,-0.0741935787931816,-0.22479929133468,0.072,White_wavg
2025-07-06,187,2025,KET-1,0.24921027269649,2.23815314741532,1.22310064003592,0.072,White_wavg
2025-07-07,188,2025,KET-1,0.756163643293556,9.96644782818841,0.535824995333197,0.072,White_wavg
2025-07-08,189,2025,KET-1,0.862604782668308,12.4459722785516,-0.465350297047348,0.072,White_wavg
2025-07-09,190,2025,KET-1,0.750366965695804,10.974278321881,-0.552514909439243,0.072,White_wavg
2025-07-10,191,2025,KET-1,0.840939415342253,10.2524467320098,1.42726736996597,0.072,White_wavg
2025-07-11,192,2025,KET-1,0.920695683854822,13.2804315761686,-0.49299152262936,0.072,White_wavg
2025-07-12,193,2025,KET-1,0.660592887975209,8.45891335883202,0.71598786304588,0.072,White_wavg
2025-07-13,194,2025,KET-1,0.854052228593212,11.6850926212045,0.176743887034542,0.072,White_wavg
2025-07-14,195,2025,KET-1,1.08521910844139,14.3204284045598,0.752059212681647,0.072,White_wavg
2025-07-15,196,2025,KET-1,0.854093919644237,11.481545461562,0.380870089052362,0.072,White_wavg
2025-07-16,197,2025,KET-1,0.767719586950243,9.34799004668389,1.31478199429172,0.072,White_wavg
2025-07-17,198,2025,KET-1,0.701603498121758,9.7758233928456,-0.0313303633767283,0.072,White_wavg
2025-07-18,199,2025,KET-1,0.943765689440638,12.8017457184473,0.306111079339292,0.072,White_wavg
2025-07-19,200,2025,KET-1,1.17269508258891,15.7243000721849,0.563131630438818,0.072,White_wavg
2025-07-20,201,2025,KET-1,1.04767505693318,13.4149405108204,1.13610194658484,0.072,White_wavg
2025-07-21,202,2025,KET-1,1.29096002830097,17.0276056212167,0.902394771852318,0.072,White_wavg
2025-07-22,203,2025,KET-1,0.89218328481061,12.9388498762289,-0.547415364970398,0.072,White_wavg
2025-07-23,204,2025,KET-1,0.818120836044476,10.4834281115807,0.879361277925916,0.072,White_wavg
2025-07-24,205,2025,KET-1,1.47711494659814,21.0239489952148,-0.508463625796196,0.072,White_wavg
2025-07-25,206,2025,KET-1,0.992816540422351,15.170664367367,-1.38154575038989,0.072,White_wavg
2025-07-26,207,2025,KET-1,0.578553611502082,8.40519180925412,-0.369724982836321,0.072,White_wavg
2025-07-27,208,2025,KET-1,0.0929898920018291,-0.247579057407776,1.53910533521096,0.072,White_wavg
2025-07-28,209,2025,KET-1,0.591783110972446,8.21144897001673,0.00776090460056977,0.072,White_wavg
2025-07-29,210,2025,KET-1,1.04194680731635,14.5221728303426,-0.0506893953932774,0.072,White_wavg
2025-07-30,211,2025,KET-1,1.0456766884038,13.220330490891,1.30295684805067,0.072,White_wavg
2025-07-31,212,2025,KET-1,1.35502257555772,19.2778110769396,-0.458053083082358,0.072,White_wavg
2025-08-01,213,2025,KET-1,1.45284367100141,19.9518376186912,0.226546700772801,0.072,White_wavg
2025-08-02,214,2025,KET-1,1.48482482815765,19.1815968800473,1.44097017769784,0.072,White_wavg
2025-08-03,215,2025,KET-1,1.84957019755719,24.7844848252469,0.90399014082508,0.072,White_wavg
2025-08-04,216,2025,KET-1,1.62762093646436,22.3131835163497,0.292662823433073,0.072,White_wavg
2025-08-05,217,2025,KET-1,1.77908286879634,24.6572390261196,0.0522452627183903,0.072,White_wavg
2025-08-06,218,2025,KET-1,1.93740174551291,25.8433651796004,1.06499239696785,0.072,White_wavg
2025-08-07,219,2025,KET-1,2.25016043784041,30.4691383329637,0.78308997037535,0.072,White_wavg
2025-08-08,220,2025,KET-1,2.25758614642597,30.5789331233036,0.77643002150154,0.072,White_wavg
2025-08-09,221,2025,KET-1,2.33087632210665,31.5466283243336,0.826653927147621,0.072,White_wavg
2025-08-10,222,2025,KET-1,1.91579401749158,25.5870005840599,1.02124965887871,0.072,White_wavg
2025-08-11,223,2025,KET-1,2.55738310067939,34.1215709816549,1.39763875000334,0.072,White_wavg
2025-08-12,224,2025,KET-1,2.20998308980575,30.0885525262945,0.605657054340899,0.072,White_wavg
2025-08-13,225,2025,KET-1,1.95111730932422,27.1065080634813,-0.00765654508931846,0.072,White_wavg
2025-08-14,226,2025,KET-1,1.8559867393899,25.2869943269527,0.490599275684822,0.072,White_wavg
2025-08-15,227,2025,KET-1,1.79791127209748,24.6959268958339,0.27506299440887,0.072,White_wavg
2025-08-16,228,2025,KET-1,2.02979259220577,28.7629439816182,-0.571380200982571,0.072,White_wavg
2025-08-17,229,2025,KET-1,1.42707647659735,20.5762219681958,-0.755715348788222,0.072,White_wavg
2025-08-18,230,2025,KET-1,1.29808712800868,18.1416581725028,-0.112670283493269,0.072,White_wavg
2025-08-19,231,2025,KET-1,1.39454676256335,19.4573826300463,-0.088677594444242,0.072,White_wavg
2025-08-20,232,2025,KET-1,1.46228589228062,19.8468319750955,0.462694306579792,0.072,White_wavg
2025-08-21,233,2025,KET-1,1.77577723893108,22.9566952354411,1.70687752749057,0.072,White_wavg
2025-08-22,234,2025,KET-1,1.97237313471694,26.5183080433889,0.875763272124182,0.072,White_wavg
2025-08-23,235,2025,KET-1,1.66173890749319,28.755425318936,-5.67571827041942,0.072,White_wavg
2025-08-24,236,2025,KET-1,0,9.63814451434823,-2.67797701340822,0.072,White_wavg
2025-08-25,237,2025,KET-1,0,3.97915474727879,-0.459077315136721,0.072,White_wavg
2025-08-26,238,2025,KET-1,0,2.50887288141401,-1.17844440025135,0.072,White_wavg
2025-08-27,239,2025,KET-1,0,-2.52028189230737,-0.600870427713041,0.072,White_wavg
2025-08-28,240,2025,KET-1,0,-1.98302091519869,0.359190100189188,0.072,White_wavg
2025-08-29,241,2025,KET-1,0.115867200201622,2.02418098426271,-0.414914314795741,0.072,White_wavg
2025-08-30,242,2025,KET-1,0.209917545916709,2.4260925146212,0.489428956444193,0.072,White_wavg
2025-08-31,243,2025,KET-1,0.094270565323373,1.09541960053687,0.213893806732198,0.072,White_wavg
2025-09-01,244,2025,KET-1,0.209850099252505,2.63476067097732,0.279824040863019,0.072,White_wavg
2025-09-02,245,2025,KET-1,0,4.89642671196828,-0.613592984666589,0.072,White_wavg
2025-09-03,246,2025,KET-1,0,-4.7505703259038,0.549262647960269,0.072,White_wavg
2025-09-04,247,2025,KET-1,0,2.89356237771761,-0.0374434637597787,0.072,White_wavg
2025-09-05,248,2025,KET-1,0,0.338844538721951,-0.0438292695163121,0.072,White_wavg
2025-09-06,249,2025,KET-1,0.204704084597824,3.84336395692486,-1.00025167084397,0.072,White_wavg
2025-09-07,250,2025,KET-1,-0.0119862449664207,-0.0123628827910736,-0.154112741742548,0.072,White_wavg
2025-09-08,251,2025,KET-1,0.21606347167971,1.35388156363272,1.64699998747437,0.072,White_wavg
2025-09-09,252,2025,KET-1,0.338311930969982,4.28522589949478,0.413550919532749,0.072,White_wavg
2025-09-10,253,2025,KET-1,0.451130888838462,6.85590380013079,-0.590197010707712,0.072,White_wavg
2025-09-11,254,2025,KET-1,0.289799203476027,4.13724899273898,-0.112260055571937,0.072,White_wavg
2025-09-12,255,2025,KET-1,0.238598151514718,3.04815981670146,0.265703398780737,0.072,White_wavg
2025-09-13,256,2025,KET-1,0.263733299063175,3.42717155024597,0.235790936742571,0.072,White_wavg
2025-09-14,257,2025,KET-1,0.15831517314895,2.1240677859492,0.0747540633417678,0.072,White_wavg
2025-09-15,258,2025,KET-1,0.265502344102372,4.92469551115455,-1.23716295417716,0.072,White_wavg
2025-09-16,259,2025,KET-1,0.14591046728468,2.40438957265175,-0.377855304808961,0.072,White_wavg
2025-09-17,260,2025,KET-1,0.0293709246223247,-0.524398535294111,0.93232804393751,0.072,White_wavg
2025-09-18,261,2025,KET-1,0.235842848380182,2.90475339124367,0.370841725147741,0.072,White_wavg
2025-09-19,262,2025,KET-1,0.241628671168438,3.6789859248568,-0.3230321586285,0.072,White_wavg
2025-09-20,263,2025,KET-1,0.162455794488954,3.69682490414682,-1.44049442513357,0.072,White_wavg
2025-09-21,264,2025,KET-1,0.0861383763109403,0.498929448232822,0.697436889419127,0.072,White_wavg
2025-09-22,265,2025,KET-1,0.218283247112142,2.63276109983082,0.398950665615594,0.072,White_wavg
2025-09-23,266,2025,KET-1,0.449271786421026,7.41255586595173,-1.17266994343748,0.072,White_wavg
2025-09-24,267,2025,KET-1,0.383049436588358,5.60365768555435,-0.283526621827154,0.072,White_wavg
2025-09-25,268,2025,KET-1,-0.298564094904114,-6.19846829396664,2.05174475363172,0.072,White_wavg
2025-09-26,269,2025,KET-1,0.64672323490741,9.52841808629898,-0.546150934807173,0.072,White_wavg
2025-09-27,270,2025,KET-1,0.165803793179243,2.3294788294933,-0.0266483686704788,0.072,White_wavg
2025-09-28,271,2025,KET-1,0.036364606220076,-0.0815389572458969,0.58660293252473,0.072,White_wavg
2025-09-29,272,2025,KET-1,0.202899202099236,1.94317877291785,0.874865700682651,0.072,White_wavg
2025-09-30,273,2025,KET-1,0.193580872627345,3.77344948737355,-1.0848262564382,0.072,White_wavg
2025-10-01,274,2025,KET-1,0.100375237857109,-0.250555600225866,1.64465612601905,0.072,White_wavg
2025-10-02,275,2025,KET-1,0,-1.8680333320134,-1.9442042902817,0.072,White_wavg
2025-10-03,276,2025,KET-1,0,-8.88230548057187,2.02723425638123,0.072,White_wavg
2025-10-04,277,2025,KET-1,0,-1.37164803868755,-0.325800209335906,0.072,White_wavg
2025-10-05,278,2025,KET-1,0,7.78681056489001,-2.0323931588992,0.072,White_wavg
2025-10-06,279,2025,KET-1,-0.264255689965831,-3.60982987894296,-0.0603880372491297,0.072,White_wavg
2025-10-07,280,2025,KET-1,0.327635459616826,3.86362424294011,0.68686825173803,0.072,White_wavg
2025-10-08,281,2025,KET-1,0.128698861956894,1.48732336572301,0.300160828122738,0.072,White_wavg
2025-10-09,282,2025,KET-1,-0.212453759565098,-3.609111152916,0.658364492289639,0.072,White_wavg
2025-10-10,283,2025,KET-1,0.156839738222714,1.7209437778746,0.457385919663093,0.072,White_wavg
2025-10-11,284,2025,KET-1,-0.09877192483477,-0.772529256601494,-0.599303032770312,0.072,White_wavg
2025-10-12,285,2025,KET-1,0.222968431040502,1.55878101902154,1.53800274542988,0.072,White_wavg
2025-10-13,286,2025,KET-1,-0.0438892607500692,-0.967221227104155,0.357648161130971,0.072,White_wavg
2025-10-14,287,2025,KET-1,0,5.07670356899794,-3.00914832347434,0.072,White_wavg
2025-10-15,288,2025,KET-1,0,6.51584057798371,-3.60642128691602,0.072,White_wavg
2025-10-16,289,2025,KET-1,0,-8.76425787931938,3.4299372792054,0.072,White_wavg
2025-10-17,290,2025,KET-1,0,-1.7305810947903,0.920698082485849,0.072,White_wavg
2025-10-18,291,2025,KET-1,0.21634463581028,3.64423861427705,-0.639452005800941,0.072,White_wavg
2025-10-19,292,2025,KET-1,0.000448989558720143,0.478628442581865,-0.47239247648853,0.072,White_wavg
2025-10-20,293,2025,KET-1,0.0928826982579792,3.17631347605212,-1.88627600024685,0.072,White_wavg
2025-10-21,294,2025,KET-1,-0.259625488006436,-4.20674090064599,0.600831345001041,0.072,White_wavg
2025-10-22,295,2025,KET-1,0.345667082425053,4.42311433126717,0.377817369080798,0.072,White_wavg
2025-10-23,296,2025,KET-1,0.25413184940376,3.64347977212416,-0.113870752627491,0.072,White_wavg
2025-10-24,297,2025,KET-1,0.129727124876648,0.743634750042354,1.05813087324442,0.072,White_wavg
2025-10-25,298,2025,KET-1,0.165791390125648,3.0701120291184,-0.767453832928844,0.072,White_wavg
2025-10-26,299,2025,KET-1,-0.297410485541847,0.288641053300907,-4.41934224138212,0.072,White_wavg
2025-10-27,300,2025,KET-1,-0.126324591871204,-3.15729050959452,1.40278228916113,0.072,White_wavg
2025-10-28,301,2025,KET-1,-0.126585571325548,-2.6077289858673,0.84959605079024,0.072,White_wavg
2025-10-29,302,2025,KET-1,-0.0929089204337173,-2.14036599357217,0.84996432088165,0.072,White_wavg
2025-10-30,303,2025,KET-1,0.0802144686044262,-0.063701745885659,1.1777915876138,0.072,White_wavg
2018-09-30,273,2018,KHF-1,0.361597554040926,10.7375579188275,-0.789157338129868,0.0363473053892216,White_wavg
2018-10-01,274,2018,KHF-1,-2.40025804082021,6.09854146105491,-72.1352948081678,0.0363473053892216,White_wavg
2019-06-04,155,2019,KHF-1,-0.125256310033471,-3.22575818508216,-0.22033798882059,0.0363473053892216,White_wavg
2019-06-05,156,2019,KHF-1,0.0777196218293781,0.91031348639988,1.22793640577576,0.0363473053892216,White_wavg
2019-06-06,157,2019,KHF-1,0.073320916735578,1.4050286581881,0.61220249417459,0.0363473053892216,White_wavg
2019-06-07,158,2019,KHF-1,-0.107727043777749,-2.36589216921282,-0.59793259370053,0.0363473053892216,White_wavg
2019-06-08,159,2019,KHF-1,-0.0395457602454525,-0.0537233921882399,-1.03427363598154,0.0363473053892216,White_wavg
2019-06-09,160,2019,KHF-1,-0.0328122515907933,-1.41134885821332,0.50860651625904,0.0363473053892216,White_wavg
2019-06-10,161,2019,KHF-1,0.165879838910452,2.64985265607582,1.91389250010959,0.0363473053892216,White_wavg
2019-06-11,162,2019,KHF-1,0.0695022458840058,0.189935993292779,1.72223452773341,0.0363473053892216,White_wavg
2019-06-12,163,2019,KHF-1,0.0727223351844119,1.63437306138474,0.36638970233796,0.0363473053892216,White_wavg
2019-06-13,164,2019,KHF-1,-0.0740681330087388,-4.08697050228,2.04918166991437,0.0363473053892216,White_wavg
2019-06-14,165,2019,KHF-1,0.0754636625101223,1.1805663803376,0.89561675626708,0.0363473053892216,White_wavg
2019-06-15,166,2019,KHF-1,0.113185848975903,2.36817972672156,0.74582962731071,0.0363473053892216,White_wavg
2019-06-16,167,2019,KHF-1,-0.0205489036247343,0.238797816825056,-0.804146565643939,0.0363473053892216,White_wavg
2019-06-19,170,2019,KHF-1,0.132018509149683,1.58938381511292,2.04275638719302,0.0363473053892216,White_wavg
2019-06-20,171,2019,KHF-1,0.00966286373304345,-1.53271551926508,1.79856366480351,0.0363473053892216,White_wavg
2019-06-21,172,2019,KHF-1,0.0700009663887934,1.80898968367272,0.116901813350092,0.0363473053892216,White_wavg
2019-06-22,173,2019,KHF-1,0.073243008257421,2.16421026072486,-0.149122554136842,0.0363473053892216,White_wavg
2019-06-23,174,2019,KHF-1,0.0623747341732907,1.06459291253346,0.65148296999365,0.0363473053892216,White_wavg
2019-06-24,175,2019,KHF-1,0.0788935098476414,0.595082787513956,1.57546352954636,0.0363473053892216,White_wavg
2019-06-25,176,2019,KHF-1,0.102442038380824,2.21109388798163,0.60732792579064,0.0363473053892216,White_wavg
2019-06-26,177,2019,KHF-1,0.101068538109822,1.74721994870633,1.0334136368522,0.0363473053892216,White_wavg
2019-06-27,178,2019,KHF-1,0.141692327107141,3.37976916050232,0.518520563862172,0.0363473053892216,White_wavg
2019-06-28,179,2019,KHF-1,0.228628696844296,5.47433043734671,0.815783627397517,0.0363473053892216,White_wavg
2019-06-29,180,2019,KHF-1,0.304641435363756,6.77883502647455,1.6025685494311,0.0363473053892216,White_wavg
2019-06-30,181,2019,KHF-1,0.541494636031591,11.4344084097631,3.46338470675676,0.0363473053892216,White_wavg
2019-07-01,182,2019,KHF-1,0.674955487370669,14.1380498609603,4.43156568943532,0.0363473053892216,White_wavg
2019-07-02,183,2019,KHF-1,0.658691333487188,14.7082738700039,3.41387649117575,0.0363473053892216,White_wavg
2019-07-03,184,2019,KHF-1,0.838015430807077,20.0376224895951,3.01815624924871,0.0363473053892216,White_wavg
2019-07-04,185,2019,KHF-1,0.797769129230361,20.2710174795197,1.67749068876208,0.0363473053892216,White_wavg
2019-07-05,186,2019,KHF-1,0.521858739713505,12.3163066106773,2.04125673893643,0.0363473053892216,White_wavg
2019-07-06,187,2019,KHF-1,0.300324073037012,5.82927281561219,2.43334995163344,0.0363473053892216,White_wavg
2019-07-07,188,2019,KHF-1,0.103259000857187,-0.045907801138199,2.88680617727497,0.0363473053892216,White_wavg
2019-07-08,189,2019,KHF-1,0.178731316435391,3.25503738147322,1.66228219755649,0.0363473053892216,White_wavg
2019-07-09,190,2019,KHF-1,0.153739183455274,2.83718709581468,1.39254002725462,0.0363473053892216,White_wavg
2019-07-10,191,2019,KHF-1,0.212137157143035,4.47692146331953,1.35947149267501,0.0363473053892216,White_wavg
2019-07-11,192,2019,KHF-1,0.234200631190983,3.58745568359535,2.85595542165904,0.0363473053892216,White_wavg
2019-07-12,193,2019,KHF-1,0.213865056953347,3.90109912692122,1.98283242352505,0.0363473053892216,White_wavg
2019-07-13,194,2019,KHF-1,0.154009441791393,2.35665577040218,1.88050679618144,0.0363473053892216,White_wavg
2019-07-14,195,2019,KHF-1,0.244669382533307,5.41574453785394,1.31568657961925,0.0363473053892216,White_wavg
2019-07-15,196,2019,KHF-1,0.290000936504776,6.087120352257,1.89148860924178,0.0363473053892216,White_wavg
2019-07-16,197,2019,KHF-1,0.13988227554436,2.49244804504727,1.35604289661799,0.0363473053892216,White_wavg
2019-07-17,198,2019,KHF-1,0.2826679991081,7.23920601619916,0.537656562227973,0.0363473053892216,White_wavg
2019-07-18,199,2019,KHF-1,0.288427264206943,6.65635694758713,1.27895658166484,0.0363473053892216,White_wavg
2019-07-19,200,2019,KHF-1,0.199794124685358,4.78348272114708,0.713324333623078,0.0363473053892216,White_wavg
2019-07-20,201,2019,KHF-1,0.225693354186029,5.24856109663716,0.960794776355733,0.0363473053892216,White_wavg
2019-07-21,202,2019,KHF-1,0.209524615413055,5.78598964811725,-0.0214738698668171,0.0363473053892216,White_wavg
2019-07-22,203,2019,KHF-1,0.143808404961178,3.30083653959896,0.655671471688812,0.0363473053892216,White_wavg
2019-07-23,204,2019,KHF-1,0.127315798284211,3.05672316380488,0.446034383717908,0.0363473053892216,White_wavg
2019-07-24,205,2019,KHF-1,0.0885130526536482,1.10090708417978,1.33429551765865,0.0363473053892216,White_wavg
2019-07-25,206,2019,KHF-1,0.133946202951082,2.08817180173746,1.5970037983994,0.0363473053892216,White_wavg
2019-07-26,207,2019,KHF-1,0.263384031705607,6.2445478959738,1.00176730910633,0.0363473053892216,White_wavg
2019-07-27,208,2019,KHF-1,0.306596134102452,7.96396272737923,0.471219215801895,0.0363473053892216,White_wavg
2019-07-28,209,2019,KHF-1,0.278181288720135,7.38311654267076,0.270306062973802,0.0363473053892216,White_wavg
2019-07-29,210,2019,KHF-1,-0.149047286501776,-5.59846252302907,1.49782053854857,0.0363473053892216,White_wavg
2019-07-30,211,2019,KHF-1,0.108772520772918,3.40477717450764,-0.412188876471831,0.0363473053892216,White_wavg
2019-07-31,212,2019,KHF-1,-0.115409353899078,-2.31204091392416,-0.86314229878522,0.0363473053892216,White_wavg
2019-08-01,213,2019,KHF-1,-0.0423729174852478,-1.81816386615736,0.652385081966855,0.0363473053892216,White_wavg
2019-08-02,214,2019,KHF-1,0.0182322304452183,1.95602703867581,-1.4544154267563,0.0363473053892216,White_wavg
2019-08-03,215,2019,KHF-1,-0.0385998726474083,-2.3242087071377,1.26223527515793,0.0363473053892216,White_wavg
2019-08-04,216,2019,KHF-1,0.105073061295586,3.83182512683504,-0.941017674386472,0.0363473053892216,White_wavg
2019-08-05,217,2019,KHF-1,-0.156119102312418,-4.51990620550333,0.224701907945857,0.0363473053892216,White_wavg
2019-08-06,218,2019,KHF-1,-0.133704655176823,-3.22605937927492,-0.452470672542134,0.0363473053892216,White_wavg
2019-08-07,219,2019,KHF-1,-0.183696086825651,-5.39134751337116,0.337435404658848,0.0363473053892216,White_wavg
2019-08-08,220,2019,KHF-1,-0.134604971788272,-3.71151332655484,0.00821344374735133,0.0363473053892216,White_wavg
2019-08-09,221,2019,KHF-1,-0.0867691050351778,-2.97835557946624,0.591133085088202,0.0363473053892216,White_wavg
2019-08-10,222,2019,KHF-1,-0.0182951439709642,-0.390202882510948,-0.113139628716567,0.0363473053892216,White_wavg
2019-08-11,223,2019,KHF-1,-0.0328581328389022,-0.201796947728951,-0.70220769545007,0.0363473053892216,White_wavg
2019-08-12,224,2019,KHF-1,0.0440762097517053,1.45032780747201,-0.237687440332834,0.0363473053892216,White_wavg
2019-08-13,225,2019,KHF-1,-0.0893058612280491,-2.1860890663167,-0.270925567140338,0.0363473053892216,White_wavg
2019-08-14,226,2019,KHF-1,0.0547298274042007,1.58994594328097,-0.0841994562131703,0.0363473053892216,White_wavg
2019-08-15,227,2019,KHF-1,0.00649908299121351,-0.28889886460388,0.467703948546657,0.0363473053892216,White_wavg
2019-08-16,228,2019,KHF-1,0.0163120712112871,-0.143468302294281,0.592251810084221,0.0363473053892216,White_wavg
2019-08-17,229,2019,KHF-1,-0.0570207776630422,-2.13363667394688,0.564860748126776,0.0363473053892216,White_wavg
2019-08-18,230,2019,KHF-1,0.0383595549626295,1.46192076500671,-0.406559038687249,0.0363473053892216,White_wavg
2019-08-19,231,2019,KHF-1,0.00165114042473633,0.555126853490151,-0.509700090569069,0.0363473053892216,White_wavg
2019-08-20,232,2019,KHF-1,0.0359664999598089,1.65275878119218,-0.663235635675193,0.0363473053892216,White_wavg
2019-08-21,233,2019,KHF-1,-0.018560079922352,-1.60555108111993,1.09491955772079,0.0363473053892216,White_wavg
2019-08-22,234,2019,KHF-1,-0.0606419655041427,-1.99943257686783,0.331029242569343,0.0363473053892216,White_wavg
2019-08-23,235,2019,KHF-1,-0.0481483635404118,-0.96514681487281,-0.359528096370809,0.0363473053892216,White_wavg
2019-08-24,236,2019,KHF-1,0.0526673390154058,2.11868027409494,-0.669677701512939,0.0363473053892216,White_wavg
2019-08-25,237,2019,KHF-1,0.0288420712243542,1.06045094135791,-0.266937614427576,0.0363473053892216,White_wavg
2019-08-26,238,2019,KHF-1,0.0274476390905595,0.225851209774675,0.529298004084211,0.0363473053892216,White_wavg
2019-08-27,239,2019,KHF-1,-0.0775056007579894,-2.24020999009755,0.107848321797022,0.0363473053892216,White_wavg
2019-08-28,240,2019,KHF-1,0.0430882608111388,1.55766887485811,-0.372209310531886,0.0363473053892216,White_wavg
2019-08-29,241,2019,KHF-1,-0.115516562029957,-3.6310795514201,0.452946790464111,0.0363473053892216,White_wavg
2019-08-30,242,2019,KHF-1,-0.00761859107163127,-0.076139345618742,-0.133466043007687,0.0363473053892216,White_wavg
2019-08-31,243,2019,KHF-1,-0.0292644415682636,-1.36997136713615,0.564837637004345,0.0363473053892216,White_wavg
2019-09-01,244,2019,KHF-1,-0.00766089554664969,0.0727956761345183,-0.283564960531635,0.0363473053892216,White_wavg
2021-06-06,157,2021,KHF-1,0.0849602730171766,-1.04683676618191,3.38429403041066,0.0363473053892216,White_wavg
2021-06-07,158,2021,KHF-1,0.0368837435305068,-1.70211661331763,2.71687529035134,0.0363473053892216,White_wavg
2021-06-08,159,2021,KHF-1,-0.0670016541992805,-2.59291121460024,0.749537861835847,0.0363473053892216,White_wavg
2021-06-09,160,2021,KHF-1,0.13106092320779,2.48260360041179,1.12319115670534,0.0363473053892216,White_wavg
2021-06-10,161,2021,KHF-1,0.141462357886658,4.76538296705265,-0.87342023771626,0.0363473053892216,White_wavg
2021-06-11,162,2021,KHF-1,0.174540292072284,2.87518766070249,1.92682696467994,0.0363473053892216,White_wavg
2021-06-12,163,2021,KHF-1,0.0344984475719059,-0.0692501771478504,1.0183837429647,0.0363473053892216,White_wavg
2021-06-13,164,2021,KHF-1,0.0916922983301433,0.579460095652706,1.94321104456705,0.0363473053892216,White_wavg
2021-06-14,165,2021,KHF-1,0.0199492801737807,0.229631476375758,0.319220218685423,0.0363473053892216,White_wavg
2021-06-15,166,2021,KHF-1,0.0711671617103584,1.40228913828757,0.555687139410921,0.0363473053892216,White_wavg
2021-06-16,167,2021,KHF-1,0.0754361231878404,1.64817262493422,0.427252840036019,0.0363473053892216,White_wavg
2021-06-17,168,2021,KHF-1,0.124382582541965,0.156878403929284,3.2651794683126,0.0363473053892216,White_wavg
2021-06-18,169,2021,KHF-1,0.0162607137896724,0.175017711652401,0.272352832478617,0.0363473053892216,White_wavg
2021-06-19,170,2021,KHF-1,-0.0723681545548422,-1.99689597524895,0.00587755504159304,0.0363473053892216,White_wavg
2021-06-20,171,2021,KHF-1,0.0378656101266514,-0.967279426588874,2.00905156681141,0.0363473053892216,White_wavg
2021-07-06,187,2021,KHF-1,0.406515574701535,9.9970462705997,1.18715487851996,0.0363473053892216,White_wavg
2021-07-07,188,2021,KHF-1,0.284260638715087,6.11023204366461,1.71044780236826,0.0363473053892216,White_wavg
2021-07-08,189,2021,KHF-1,0.364595622626449,8.79399785019461,1.23688666028593,0.0363473053892216,White_wavg
2021-07-09,190,2021,KHF-1,0.399419864287905,11.1235991110672,-0.134617671844779,0.0363473053892216,White_wavg
2021-07-10,191,2021,KHF-1,0.442809313801091,10.3911309338538,1.79159648044305,0.0363473053892216,White_wavg
2021-07-11,192,2021,KHF-1,0.507174366630179,12.4963432594335,1.45721839250061,0.0363473053892216,White_wavg
2021-07-12,193,2021,KHF-1,0.53726843203639,13.4629978809197,1.31852240739613,0.0363473053892216,White_wavg
2021-07-13,194,2021,KHF-1,0.404591665954799,10.0892721350395,1.04199775202005,0.0363473053892216,White_wavg
2021-07-14,195,2021,KHF-1,0.446489526268627,11.1559504360269,1.12802829327467,0.0363473053892216,White_wavg
2021-07-15,196,2021,KHF-1,0.510790089737114,13.7390719734995,0.313966739201987,0.0363473053892216,White_wavg
2021-07-16,197,2021,KHF-1,0.437772889672773,11.0204060108678,1.02375751060713,0.0363473053892216,White_wavg
2021-07-17,198,2021,KHF-1,0.490090518379201,12.9971057371992,0.486439002393269,0.0363473053892216,White_wavg
2021-07-18,199,2021,KHF-1,0.667245154831293,18.078347259549,0.27913887831356,0.0363473053892216,White_wavg
2021-07-19,200,2021,KHF-1,0.514801542611788,13.9176962457177,0.245706985941041,0.0363473053892216,White_wavg
2021-07-20,201,2021,KHF-1,0.638301840525857,15.7286361521258,1.8325512231325,0.0363473053892216,White_wavg
2021-07-21,202,2021,KHF-1,0.591176139025442,15.1397236484265,1.12492465754528,0.0363473053892216,White_wavg
2021-07-22,203,2021,KHF-1,0.501520169978015,13.3511619038765,0.446839477726257,0.0363473053892216,White_wavg
2021-07-23,204,2021,KHF-1,0.631342311116093,16.1835391244878,1.18617520111144,0.0363473053892216,White_wavg
2021-07-24,205,2021,KHF-1,0.721744267465773,18.7476375608917,1.10924755719458,0.0363473053892216,White_wavg
2021-07-25,206,2021,KHF-1,0.620589058856698,16.8993988800295,0.174468142881253,0.0363473053892216,White_wavg
2021-07-26,207,2021,KHF-1,0.501720403320896,17.5421825661026,-3.73867229351781,0.0363473053892216,White_wavg
2021-07-27,208,2021,KHF-1,0.409457527416626,12.896408693408,-1.63126749430145,0.0363473053892216,White_wavg
2021-07-28,209,2021,KHF-1,0.676724510576796,16.8580144391953,1.76027110715148,0.0363473053892216,White_wavg
2021-07-29,210,2021,KHF-1,0.484035678482747,14.258038112568,-0.941076282811977,0.0363473053892216,White_wavg
2021-07-30,211,2021,KHF-1,0.564746061785333,16.0362499523319,-0.498755336491641,0.0363473053892216,White_wavg
2021-07-31,212,2021,KHF-1,0.594598333919212,14.241382575841,2.11741837383084,0.0363473053892216,White_wavg
2021-08-01,213,2021,KHF-1,0.645309662243743,16.3649959150956,1.38899314498761,0.0363473053892216,White_wavg
2021-08-02,214,2021,KHF-1,0.550685519389217,12.9171971579983,2.23345881201809,0.0363473053892216,White_wavg
2021-08-03,215,2021,KHF-1,0.764336564161713,18.7577566081056,2.27094293308153,0.0363473053892216,White_wavg
2021-08-04,216,2021,KHF-1,0.771998548745076,19.3568875031318,1.88261128441809,0.0363473053892216,White_wavg
2021-08-05,217,2021,KHF-1,0.669149510565142,17.0968384167943,1.31304103367995,0.0363473053892216,White_wavg
2021-08-06,218,2021,KHF-1,0.696915464164406,20.6653055722861,-1.49151932591778,0.0363473053892216,White_wavg
2021-08-07,219,2021,KHF-1,0.922726464043445,23.2914796223633,2.09489920716806,0.0363473053892216,White_wavg
2021-08-08,220,2021,KHF-1,0.701008347549742,18.0965528707255,1.18983823978631,0.0363473053892216,White_wavg
2021-08-09,221,2021,KHF-1,0.779562354425601,20.5391239179289,0.908472983071988,0.0363473053892216,White_wavg
2021-08-10,222,2021,KHF-1,0.837592872796624,23.5646616695994,-0.52050849710578,0.0363473053892216,White_wavg
2021-08-11,223,2021,KHF-1,0.902291927261883,24.3974580779522,0.426718504046875,0.0363473053892216,White_wavg
2021-08-12,224,2021,KHF-1,0.838137902248844,22.5579577131374,0.501190503593563,0.0363473053892216,White_wavg
2021-08-13,225,2021,KHF-1,0.905726505691451,25.5008304420535,-0.58216051611079,0.0363473053892216,White_wavg
2021-08-14,226,2021,KHF-1,0.863791775948852,23.0656069665661,0.6993397522903,0.0363473053892216,White_wavg
2021-08-15,227,2021,KHF-1,0.912947829716257,24.7026383143898,0.414707247820246,0.0363473053892216,White_wavg
2021-08-16,228,2021,KHF-1,0.869718006903482,21.1539974377426,2.77399385597762,0.0363473053892216,White_wavg
2021-08-17,229,2021,KHF-1,0.771800447388383,20.286653105584,0.947395446946516,0.0363473053892216,White_wavg
2021-08-18,230,2021,KHF-1,0.692818341748318,22.353984822098,-3.29292006559569,0.0363473053892216,White_wavg
2021-08-19,231,2021,KHF-1,0.758567809259424,21.8061515202393,-0.936164016726352,0.0363473053892216,White_wavg
2021-08-20,232,2021,KHF-1,0.777481808318692,21.4558691395925,-0.0655129634440073,0.0363473053892216,White_wavg
2021-08-21,233,2021,KHF-1,0.783522823678784,20.5719836887148,0.984575051706401,0.0363473053892216,White_wavg
2021-08-22,234,2021,KHF-1,0.754813774517681,21.3023102540121,-0.535605090181335,0.0363473053892216,White_wavg
2021-08-23,235,2021,KHF-1,0.826645172238581,22.2103059647095,0.532650174309168,0.0363473053892216,White_wavg
2021-08-24,236,2021,KHF-1,0.956789955412875,27.2195659714609,-0.896020245933656,0.0363473053892216,White_wavg
2021-08-25,237,2021,KHF-1,0.818750935064719,22.9599412122552,-0.434174135515875,0.0363473053892216,White_wavg
2021-08-26,238,2021,KHF-1,0.884843520788595,25.2626424346389,-0.918512620521014,0.0363473053892216,White_wavg
2021-08-27,239,2021,KHF-1,0.771549710503233,21.7220092524184,-0.49485906229647,0.0363473053892216,White_wavg
2021-08-28,240,2021,KHF-1,0.731582508895739,21.6903167819804,-1.56275846475003,0.0363473053892216,White_wavg
2021-08-29,241,2021,KHF-1,0.872150960867498,22.6825914196116,1.31233616932941,0.0363473053892216,White_wavg
2021-08-30,242,2021,KHF-1,0.856001270254682,22.2195717973662,1.33103975659292,0.0363473053892216,White_wavg
2021-08-31,243,2021,KHF-1,0.721808403687521,16.2580945227727,3.60055513386915,0.0363473053892216,White_wavg
2021-09-01,244,2021,KHF-1,0.744628072722632,19.2727502762256,1.21372223525374,0.0363473053892216,White_wavg
2021-09-02,245,2021,KHF-1,0.844083374766745,24.9488904629652,-1.7261682906346,0.0363473053892216,White_wavg
2021-09-03,246,2021,KHF-1,0.810326222875389,23.929175388107,-1.63519199104113,0.0363473053892216,White_wavg
2021-09-04,247,2021,KHF-1,0.795111955692273,22.3894182408028,-0.514015176451991,0.0363473053892216,White_wavg
2021-09-05,248,2021,KHF-1,0.750489378691645,20.2646466086116,0.383084238423763,0.0363473053892216,White_wavg
2021-09-06,249,2021,KHF-1,0.784671908992907,21.1740649408112,0.41410784367244,0.0363473053892216,White_wavg
2021-09-07,250,2021,KHF-1,0.83018387878972,22.719399786815,0.120914506081775,0.0363473053892216,White_wavg
2021-09-08,251,2021,KHF-1,0.764826161221069,20.1719974658442,0.870172043862283,0.0363473053892216,White_wavg
2021-09-09,252,2021,KHF-1,0.837317047005513,21.1937256391625,1.8428389160139,0.0363473053892216,White_wavg
2021-09-10,253,2021,KHF-1,0.429370884176077,25.2085601231755,-13.3955555667662,0.0363473053892216,White_wavg
2021-09-11,254,2021,KHF-1,0.308816713867379,11.692246167102,-3.19597084323834,0.0363473053892216,White_wavg
2021-09-12,255,2021,KHF-1,0.365211969155399,9.77721017014557,0.270631485365414,0.0363473053892216,White_wavg
2021-09-13,256,2021,KHF-1,0.469015764032105,13.6160030733876,-0.712274474810755,0.0363473053892216,White_wavg
2021-09-14,257,2021,KHF-1,0.479709860205692,13.7225738234396,-0.524625445457616,0.0363473053892216,White_wavg
2021-09-15,258,2021,KHF-1,0.521911830816842,15.7306360858868,-1.37161207494572,0.0363473053892216,White_wavg
2021-09-16,259,2021,KHF-1,0.431942143611832,14.7052377434367,-2.82149178245223,0.0363473053892216,White_wavg
2021-09-17,260,2021,KHF-1,0.396789774979435,13.9459020534255,-3.02928056717083,0.0363473053892216,White_wavg
2021-09-18,261,2021,KHF-1,0.267432479160304,9.32922464051953,-1.97152710843208,0.0363473053892216,White_wavg
2021-09-19,262,2021,KHF-1,0.0991404240528779,6.39354692476894,-3.66596029926143,0.0363473053892216,White_wavg
2021-09-20,263,2021,KHF-1,0.297235908646056,10.399864583085,-2.2222044934818,0.0363473053892216,White_wavg
2021-09-21,264,2021,KHF-1,0.28177793864704,7.97100296155722,-0.21862804326139,0.0363473053892216,White_wavg
2021-09-22,265,2021,KHF-1,0.252766691486532,7.13943767515985,-0.185230512350827,0.0363473053892216,White_wavg
2021-09-23,266,2021,KHF-1,0.279302158143865,8.05810181051609,-0.373841446426226,0.0363473053892216,White_wavg
2021-09-24,267,2021,KHF-1,0.402415823146025,11.3048606575703,-0.23345333213598,0.0363473053892216,White_wavg
2021-09-25,268,2021,KHF-1,0.272420208951919,6.71902792174777,0.775893807242412,0.0363473053892216,White_wavg
2021-09-26,269,2021,KHF-1,0.410850263044968,11.5019533300227,-0.19849469270649,0.0363473053892216,White_wavg
2021-09-27,270,2021,KHF-1,0.429652643713833,10.6040942878465,1.21666213722928,0.0363473053892216,White_wavg
2021-09-28,271,2021,KHF-1,0.404160857225351,14.7029042583622,-3.58348693436987,0.0363473053892216,White_wavg
2021-09-29,272,2021,KHF-1,0.31673116971394,10.4579560599095,-1.74393541044857,0.0363473053892216,White_wavg
2021-09-30,273,2021,KHF-1,0.326862171757083,9.6201263277937,-0.627377945020591,0.0363473053892216,White_wavg
2021-10-01,274,2021,KHF-1,0.342001793046998,9.11727170957661,0.292003321535184,0.0363473053892216,White_wavg
2021-10-02,275,2021,KHF-1,0.351280314899225,10.0089687138627,-0.344419687804987,0.0363473053892216,White_wavg
2021-10-03,276,2021,KHF-1,0.254169167649674,7.06098376704638,-0.0681911809680358,0.0363473053892216,White_wavg
2021-10-04,277,2021,KHF-1,0.2191252130332,5.93161746748017,0.0970333688533387,0.0363473053892216,White_wavg
2021-10-05,278,2021,KHF-1,0.301927607574201,8.33072675279816,-0.023986972750123,0.0363473053892216,White_wavg
2021-10-06,279,2021,KHF-1,0.229848551303757,7.39822343620737,-1.07454830149116,0.0363473053892216,White_wavg
2021-10-07,280,2021,KHF-1,0.187929670838671,6.84303852792851,-1.67265054933576,0.0363473053892216,White_wavg
2021-10-08,281,2021,KHF-1,0.0905991587512635,3.84801065980653,-1.35541436467292,0.0363473053892216,White_wavg
2021-10-09,282,2021,KHF-1,0.0348140900599606,1.6224427758754,-0.664625141606301,0.0363473053892216,White_wavg
2021-10-10,283,2021,KHF-1,0.121705318801153,1.98535618477749,1.36304385472705,0.0363473053892216,White_wavg
2021-10-11,284,2021,KHF-1,-0.150782703901201,-2.73236253565301,-1.41602486986603,0.0363473053892216,White_wavg
2021-10-12,285,2021,KHF-1,-0.0378280918575774,0.00611311232141532,-1.04685303657437,0.0363473053892216,White_wavg
2021-10-13,286,2021,KHF-1,-0.00695783314149464,-0.290401181480604,0.0989748001577695,0.0363473053892216,White_wavg
2021-10-14,287,2021,KHF-1,0.0298304407883231,3.03556041972826,-2.21485471764424,0.0363473053892216,White_wavg
2021-10-15,288,2021,KHF-1,-0.068934993694074,-2.15193682510559,0.255372748184612,0.0363473053892216,White_wavg
2021-10-16,289,2021,KHF-1,0.227120043395396,5.2134599901752,1.03514746403093,0.0363473053892216,White_wavg
2021-10-17,290,2021,KHF-1,0.206823960931187,4.41832429880691,1.27189011231472,0.0363473053892216,White_wavg
2021-10-18,291,2021,KHF-1,0.0377276529992163,3.98362438954791,-2.9456477749072,0.0363473053892216,White_wavg
2021-10-19,292,2021,KHF-1,0.0337503285336382,2.05528298959763,-1.12673194097859,0.0363473053892216,White_wavg
2021-10-20,293,2021,KHF-1,-0.0845320135461091,0.167029479275982,-2.49270431654126,0.0363473053892216,White_wavg
2021-10-21,294,2021,KHF-1,-0.0702552843370469,12.5507943617933,-14.4836827447071,0.0363473053892216,White_wavg
2021-10-22,295,2021,KHF-1,-0.560547196384967,-9.76145191060245,-5.66052202618329,0.0363473053892216,White_wavg
2021-10-23,296,2021,KHF-1,-0.145264552151055,-1.48347397993685,-2.51309607100652,0.0363473053892216,White_wavg
2021-10-24,297,2021,KHF-1,0.317188905647947,31.6654703364452,-22.9388562930833,0.0363473053892216,White_wavg
2021-10-25,298,2021,KHF-1,-0.383687615189177,-12.6693969806595,2.11324677693749,0.0363473053892216,White_wavg
2021-10-26,299,2021,KHF-1,-0.145178742858738,-3.87430165069807,-0.11990758445997,0.0363473053892216,White_wavg
2021-10-27,300,2021,KHF-1,-0.0363492145819017,0.00529947872142245,-1.00535200510982,0.0363473053892216,White_wavg
2021-10-28,301,2021,KHF-1,-0.0575864974632344,-2.87794515102174,1.29360494074824,0.0363473053892216,White_wavg
2021-10-29,302,2021,KHF-1,-0.0922973420580139,-4.50685946799109,1.96754214942629,0.0363473053892216,White_wavg
2021-10-30,303,2021,KHF-1,-0.156523143931268,-3.65908854210414,-0.64723189224871,0.0363473053892216,White_wavg
2021-10-31,304,2021,KHF-1,0.0220922165818563,0.950698227829255,-0.342889303748529,0.0363473053892216,White_wavg
2021-11-01,305,2021,KHF-1,0.0139160558457003,0.354224748352682,0.0286387320809194,0.0363473053892216,White_wavg
2021-11-02,306,2021,KHF-1,0.0281780822464289,1.15604635946622,-0.380800933576,0.0363473053892216,White_wavg
2021-11-03,307,2021,KHF-1,-0.0405451739888591,-2.82826232485398,1.71276907013578,0.0363473053892216,White_wavg
2021-11-04,308,2021,KHF-1,-0.0640789537437944,-2.32303368876395,0.56007071096928,0.0363473053892216,White_wavg
2021-11-05,309,2021,KHF-1,-0.00486904576624063,-1.72409825313804,1.59013933337491,0.0363473053892216,White_wavg
2021-11-06,310,2021,KHF-1,-0.108840388588357,-3.50653446999869,0.512078968473869,0.0363473053892216,White_wavg
2021-11-07,311,2021,KHF-1,-0.0380587821434635,-1.52831384267178,0.48122708518275,0.0363473053892216,White_wavg
2021-11-08,312,2021,KHF-1,0.0873110442059744,1.62053157817824,0.781600939514959,0.0363473053892216,White_wavg
2021-11-09,313,2021,KHF-1,0.73731343437301,28.1467772751501,-7.86154769684817,0.0363473053892216,White_wavg
2021-11-10,314,2021,KHF-1,-0.223185931682371,-7.46755957095786,1.32718879814799,0.0363473053892216,White_wavg
2021-11-11,315,2021,KHF-1,0.0157404024121261,-0.839690920604513,1.27274647296449,0.0363473053892216,White_wavg
2021-11-12,316,2021,KHF-1,-0.155148165264424,-5.27983387161162,1.01134233962501,0.0363473053892216,White_wavg
2021-11-13,317,2021,KHF-1,-0.0791447399081507,-2.725400716599,0.54794246871413,0.0363473053892216,White_wavg
2024-06-03,155,2024,KHF-1,-0.0733186232797353,-2.14184976865681,0.124681714667391,0.0363473053892216,White_wavg
2024-06-04,156,2024,KHF-1,-0.000494377350949754,-0.368193413917737,0.354591928315001,0.0363473053892216,White_wavg
2024-06-05,157,2024,KHF-1,0.125245991755405,1.97832219940255,1.46749009436231,0.0363473053892216,White_wavg
2024-06-06,158,2024,KHF-1,0.134884203335823,2.2678770481203,1.4431051523875,0.0363473053892216,White_wavg
2024-06-07,159,2024,KHF-1,0.232096760540414,3.65484560698092,2.73068306027593,0.0363473053892216,White_wavg
2024-06-08,160,2024,KHF-1,0.224467043987786,5.10282499570062,1.07279219473764,0.0363473053892216,White_wavg
2024-06-09,161,2024,KHF-1,0.384555500997451,7.21231980603216,3.36770798088288,0.0363473053892216,White_wavg
2024-06-10,162,2024,KHF-1,0.635613066789354,16.7388078980845,0.748404977339241,0.0363473053892216,White_wavg
2024-06-11,163,2024,KHF-1,0.700012866461665,15.1377902643731,4.12121281620319,0.0363473053892216,White_wavg
2024-06-12,164,2024,KHF-1,0.809712525149806,18.0248213381727,4.25227778868358,0.0363473053892216,White_wavg
2024-06-13,165,2024,KHF-1,1.12704879505457,27.600279344544,3.40748816354726,0.0363473053892216,White_wavg
2024-06-14,166,2024,KHF-1,1.04249797750093,25.965489643064,2.71608568521521,0.0363473053892216,White_wavg
2024-06-15,167,2024,KHF-1,0.865966163518396,22.1825628938116,1.64220634961048,0.0363473053892216,White_wavg
2024-06-16,168,2024,KHF-1,0.795874998745312,19.3642179851964,2.53217819115736,0.0363473053892216,White_wavg
2024-06-17,169,2024,KHF-1,0.522879379051164,15.4897069633602,-1.10406342109588,0.0363473053892216,White_wavg
2024-06-18,170,2024,KHF-1,0.418918715674745,11.7843076683318,-0.258866891118892,0.0363473053892216,White_wavg
2024-06-19,171,2024,KHF-1,0.56832405524308,14.3169942289631,1.31893941611008,0.0363473053892216,White_wavg
2024-06-20,172,2024,KHF-1,0.630343739814473,16.8947627291488,0.447478547460278,0.0363473053892216,White_wavg
2024-06-21,173,2024,KHF-1,0.257437056884211,5.94929237423436,1.13340754333784,0.0363473053892216,White_wavg
2024-06-22,174,2024,KHF-1,0.323450483266786,7.64622535283586,1.2526594421482,0.0363473053892216,White_wavg
2024-06-23,175,2024,KHF-1,0.0130123230497474,-0.196124925630059,0.554124587789502,0.0363473053892216,White_wavg
2024-06-24,176,2024,KHF-1,0.114660670544019,0.803017293919695,2.35156787590753,0.0363473053892216,White_wavg
2024-06-25,177,2024,KHF-1,-0.0440080478408538,-1.80099826093429,0.590233188541774,0.0363473053892216,White_wavg
2024-06-26,178,2024,KHF-1,0.110284156166826,1.89651212936042,1.13766481954567,0.0363473053892216,White_wavg
2024-06-27,179,2024,KHF-1,0.12151949066802,2.35345934928301,0.989828120496128,0.0363473053892216,White_wavg
2024-06-28,180,2024,KHF-1,-0.0353778342382037,-2.10339572554115,1.13006816083274,0.0363473053892216,White_wavg
2024-06-29,181,2024,KHF-1,0.0597140801223024,1.0737070261829,0.569167995303836,0.0363473053892216,White_wavg
2024-06-30,182,2024,KHF-1,0.341840539265665,10.4125120861756,-1.00767352647768,0.0363473053892216,White_wavg
2024-07-01,183,2024,KHF-1,0.0905770422342446,1.16273361508163,1.32925420256562,0.0363473053892216,White_wavg
2024-07-02,184,2024,KHF-1,0.242474991564993,7.22897212054399,-0.55791386826165,0.0363473053892216,White_wavg
2024-07-03,185,2024,KHF-1,0.166212406777321,3.52182666802818,1.05106821365429,0.0363473053892216,White_wavg
2024-07-04,186,2024,KHF-1,0.240596141024954,6.18423242721353,0.435134220425226,0.0363473053892216,White_wavg
2024-07-05,187,2024,KHF-1,0.283603792969042,7.38050095433493,0.422107517795212,0.0363473053892216,White_wavg
2024-07-06,188,2024,KHF-1,0.0129635638319138,-1.18941252077107,1.54607070197859,0.0363473053892216,White_wavg
2024-07-07,189,2024,KHF-1,0.283175805323206,7.41869159765685,0.372141926062319,0.0363473053892216,White_wavg
2024-07-08,190,2024,KHF-1,0.284162415936223,6.3787486888117,1.43922881717664,0.0363473053892216,White_wavg
2024-07-09,191,2024,KHF-1,0.150251164466186,3.08780889857836,1.04595460485708,0.0363473053892216,White_wavg
2024-07-10,192,2024,KHF-1,0.324921587088553,8.62669097189546,0.312667354923057,0.0363473053892216,White_wavg
2024-07-11,193,2024,KHF-1,0.107558135317357,2.34708676626276,0.612090926982489,0.0363473053892216,White_wavg
2024-07-12,194,2024,KHF-1,0.0511380308270412,2.60634411424299,-1.19941641274119,0.0363473053892216,White_wavg
2024-07-15,197,2024,KHF-1,0.0448913021228249,2.63281814090988,-1.39775266240711,0.0363473053892216,White_wavg
2024-07-16,198,2024,KHF-1,0.0813812399081911,5.65813297402436,-3.41914334228335,0.0363473053892216,White_wavg
2024-07-17,199,2024,KHF-1,0.300632024371542,10.205199978197,-1.93410474425182,0.0363473053892216,White_wavg
2024-07-18,200,2024,KHF-1,0.296452741013899,6.20015306671142,1.95596023630689,0.0363473053892216,White_wavg
2024-07-19,201,2024,KHF-1,0.195112160274099,3.9709571900751,1.39703799374278,0.0363473053892216,White_wavg
2024-07-20,202,2024,KHF-1,0.22931191587679,4.70404151221757,1.60486951767105,0.0363473053892216,White_wavg
2024-07-21,203,2024,KHF-1,0.247445282540054,4.50741509272881,2.30038757352968,0.0363473053892216,White_wavg
2024-07-22,204,2024,KHF-1,0.350129530524858,8.58108448074759,1.05180375609777,0.0363473053892216,White_wavg
2024-07-23,205,2024,KHF-1,0.13213126747815,3.18383273180025,0.45140971776334,0.0363473053892216,White_wavg
2024-07-24,206,2024,KHF-1,0.291828686287554,6.8442439968873,1.18465066703717,0.0363473053892216,White_wavg
2024-07-25,207,2024,KHF-1,0.302282777519701,7.01351737357889,1.30299396839639,0.0363473053892216,White_wavg
2024-07-26,208,2024,KHF-1,0.279307562966289,4.71107379523374,2.97333526825394,0.0363473053892216,White_wavg
2024-07-27,209,2024,KHF-1,0.162016174246402,4.54501271393717,-0.0875660748681284,0.0363473053892216,White_wavg
2024-07-28,210,2024,KHF-1,0.26834374124204,7.09231283496976,0.290455663781586,0.0363473053892216,White_wavg
2024-07-29,211,2024,KHF-1,0.109013179680009,2.63172883518052,0.367480556345257,0.0363473053892216,White_wavg
2024-07-30,212,2024,KHF-1,0.247965939348,6.1611524499753,0.660974711658291,0.0363473053892216,White_wavg
2024-07-31,213,2024,KHF-1,0.416655968144575,10.8120908178524,0.651096444115311,0.0363473053892216,White_wavg
2024-08-01,214,2024,KHF-1,0.317170341106491,9.03185744362101,-0.305754154529751,0.0363473053892216,White_wavg
2024-08-02,215,2024,KHF-1,0.40665091634708,11.1580026315327,0.0299220851003241,0.0363473053892216,White_wavg
2024-08-03,216,2024,KHF-1,0.00289349692947983,6.5192134000085,-6.43960648283829,0.0363473053892216,White_wavg
2024-08-04,217,2024,KHF-1,0.186448058645947,4.05773380962806,1.07189152708909,0.0363473053892216,White_wavg
2024-08-05,218,2024,KHF-1,0.396003761247594,10.176764107791,0.718232288971521,0.0363473053892216,White_wavg
2024-08-06,219,2024,KHF-1,0.353051433473104,8.95481832452632,0.75845834598578,0.0363473053892216,White_wavg
2024-08-07,220,2024,KHF-1,0.350680493115875,8.59998913741116,1.04805737829743,0.0363473053892216,White_wavg
2024-08-08,221,2024,KHF-1,0.338248038272882,7.9942361419949,1.31176425200366,0.0363473053892216,White_wavg
2024-08-09,222,2024,KHF-1,0.353796707970236,8.92348528610967,0.810295641572267,0.0363473053892216,White_wavg
2024-08-10,223,2024,KHF-1,0.35986979790384,9.3684812328835,0.532384706151312,0.0363473053892216,White_wavg
2024-08-11,224,2024,KHF-1,0.274623116202563,6.76190302965658,0.793625867514436,0.0363473053892216,White_wavg
2024-08-12,225,2024,KHF-1,0.323951177308862,7.81429494997887,1.09836511766197,0.0363473053892216,White_wavg
2024-08-13,226,2024,KHF-1,0.446586506476603,12.8896835819727,-0.603036698679034,0.0363473053892216,White_wavg
2024-08-14,227,2024,KHF-1,0.36675743727317,10.5981565710845,-0.507795446764973,0.0363473053892216,White_wavg
2024-08-15,228,2024,KHF-1,0.212008424555881,5.45155393429084,0.381297284956617,0.0363473053892216,White_wavg
2024-08-16,229,2024,KHF-1,0.303652141388282,7.44083448722677,0.913351280786927,0.0363473053892216,White_wavg
2024-08-17,230,2024,KHF-1,0.371520131968702,9.88421463865055,0.337179436929887,0.0363473053892216,White_wavg
2024-08-18,231,2024,KHF-1,0.46656246547298,13.1840433681699,-0.347810792554171,0.0363473053892216,White_wavg
2024-08-19,232,2024,KHF-1,0.458078819425411,13.0952906568904,-0.492463170227538,0.0363473053892216,White_wavg
2024-08-20,233,2024,KHF-1,0.513163159567588,13.6950559550054,0.423271499325224,0.0363473053892216,White_wavg
2024-08-21,234,2024,KHF-1,0.431955112465175,12.036840221041,-0.152737456348362,0.0363473053892216,White_wavg
2024-08-22,235,2024,KHF-1,0.381083069985401,8.50169290091785,1.98280012833453,0.0363473053892216,White_wavg
2024-08-23,236,2024,KHF-1,0.398734165502052,13.7532174831506,-2.7831012329294,0.0363473053892216,White_wavg
2024-08-24,237,2024,KHF-1,0.0962777783595477,12.1866642467377,-9.53783574821311,0.0363473053892216,White_wavg
2024-08-25,238,2024,KHF-1,0.0790355720963558,4.5932067235416,-2.41875193934202,0.0363473053892216,White_wavg
2024-08-26,239,2024,KHF-1,0.24769372527147,6.89115306509258,-0.0765151539994236,0.0363473053892216,White_wavg
2024-08-27,240,2024,KHF-1,0.317417747653741,8.30071113570874,0.432198890349689,0.0363473053892216,White_wavg
2024-08-28,241,2024,KHF-1,0.2551589289528,6.34565717597617,0.674366075278776,0.0363473053892216,White_wavg
2024-08-29,242,2024,KHF-1,0.298213946305485,8.66483361861441,-0.460265408891836,0.0363473053892216,White_wavg
2024-08-30,243,2024,KHF-1,0.273060441056334,6.48746358441805,1.02507243805441,0.0363473053892216,White_wavg
2024-08-31,244,2024,KHF-1,0.257622874235473,7.33167128899446,-0.243859098331534,0.0363473053892216,White_wavg
2024-09-01,245,2024,KHF-1,0.237393697523516,5.6257349090032,0.905524973439498,0.0363473053892216,White_wavg
2024-09-02,246,2024,KHF-1,0.370850537935647,9.2036624913689,0.999309474900123,0.0363473053892216,White_wavg
2024-09-03,247,2024,KHF-1,0.362420224529419,10.5313948304389,-0.56036064651579,0.0363473053892216,White_wavg
2024-09-04,248,2024,KHF-1,0.38749831357358,10.7834235558897,-0.122432062184963,0.0363473053892216,White_wavg
2024-09-05,249,2024,KHF-1,0.407504616541299,11.1378056714006,0.0736063487636329,0.0363473053892216,White_wavg
2024-09-06,250,2024,KHF-1,0.366620187237389,8.82964480069965,1.25694025179524,0.0363473053892216,White_wavg
2024-09-07,251,2024,KHF-1,0.48180034189679,11.9083571643031,1.34710528985895,0.0363473053892216,White_wavg
2024-09-08,252,2024,KHF-1,0.351978736783561,9.89484384621164,-0.211079588739693,0.0363473053892216,White_wavg
2024-09-09,253,2024,KHF-1,0.44189146649266,11.9999825899626,0.157492682570215,0.0363473053892216,White_wavg
2024-09-10,254,2024,KHF-1,0.467497179592597,10.7453433592564,2.1166054038348,0.0363473053892216,White_wavg
2024-09-11,255,2024,KHF-1,0.368266495201969,10.7184799306729,-0.586601067620407,0.0363473053892216,White_wavg
2024-09-12,256,2024,KHF-1,0.138769449494726,5.15570498415379,-1.33783050876346,0.0363473053892216,White_wavg
2024-09-13,257,2024,KHF-1,0.311385132926426,9.51393937891183,-0.947000795927799,0.0363473053892216,White_wavg
2024-09-14,258,2024,KHF-1,0.392601181776497,10.3693202580967,0.432063161454366,0.0363473053892216,White_wavg
2024-09-15,259,2024,KHF-1,0.104449552165935,1.70262617359747,1.17102707380141,0.0363473053892216,White_wavg
2024-09-16,260,2024,KHF-1,0.0648804669949155,5.87512800926717,-4.09011351369042,0.0363473053892216,White_wavg
2024-09-17,261,2024,KHF-1,0.149796152031006,7.77563864811803,-3.65439360871473,0.0363473053892216,White_wavg
2024-09-18,262,2024,KHF-1,0.082143426468458,5.92233258679293,-3.66237340718297,0.0363473053892216,White_wavg
2024-09-19,263,2024,KHF-1,-0.0503238469529021,5.08943158318722,-6.47395916821764,0.0363473053892216,White_wavg
2024-09-20,264,2024,KHF-1,0.158527238503618,7.39718080750933,-3.03572301012807,0.0363473053892216,White_wavg
2024-09-21,265,2024,KHF-1,0.12592980225637,5.24996044036601,-1.78533490876571,0.0363473053892216,White_wavg
2024-09-22,266,2024,KHF-1,0.0559596339511779,3.12352685722992,-1.58394549481695,0.0363473053892216,White_wavg
2024-09-23,267,2024,KHF-1,0.000783411655898027,0.660394454591227,-0.638840954338349,0.0363473053892216,White_wavg
2024-09-24,268,2024,KHF-1,0.0416569248303732,0.598230239182882,0.547849900301848,0.0363473053892216,White_wavg
2024-09-25,269,2024,KHF-1,0.122542729979472,3.76915029611982,-0.397711102285918,0.0363473053892216,White_wavg
2024-09-26,270,2024,KHF-1,-0.0765869006720681,-1.51017212243789,-0.596913942180784,0.0363473053892216,White_wavg
2024-09-27,271,2024,KHF-1,-0.0320393222092362,-1.29227197232997,0.4107947385668,0.0363473053892216,White_wavg
2024-09-28,272,2024,KHF-1,0.0364044757695857,0.709258521498057,0.29231437035051,0.0363473053892216,White_wavg
2024-09-29,273,2024,KHF-1,0.0911529002032121,4.00393233691108,-1.49610130990343,0.0363473053892216,White_wavg
2024-09-30,274,2024,KHF-1,0.105358927667074,5.22957894471432,-2.33090663492827,0.0363473053892216,White_wavg
2024-10-01,275,2024,KHF-1,0.193311009644728,5.38863876617448,-0.0701974794084883,0.0363473053892216,White_wavg
2024-10-02,276,2024,KHF-1,0.142720312617695,2.52723312818863,1.39933889934927,0.0363473053892216,White_wavg
2024-10-03,277,2024,KHF-1,0.0625803662974135,2.11108263538051,-0.38934932868067,0.0363473053892216,White_wavg
2024-10-04,278,2024,KHF-1,0.103670636837859,3.56528441554926,-0.713060963832209,0.0363473053892216,White_wavg
2024-10-05,279,2024,KHF-1,0.0459589271395711,2.47516010311062,-1.21072174523444,0.0363473053892216,White_wavg
2024-10-06,280,2024,KHF-1,0.0467026411366747,2.31067774679519,-1.02577806478124,0.0363473053892216,White_wavg
2024-10-07,281,2024,KHF-1,0.104706625098887,2.42593147622472,0.454794453184526,0.0363473053892216,White_wavg
2024-10-08,282,2024,KHF-1,0.0519608670258228,1.7701119799945,-0.340546116186857,0.0363473053892216,White_wavg
2024-10-09,283,2024,KHF-1,0.0741113289507054,3.25888813351158,-1.21991087901936,0.0363473053892216,White_wavg
2024-10-10,284,2024,KHF-1,0.164672268352954,4.2471070680552,0.283414977240248,0.0363473053892216,White_wavg
2024-10-11,285,2024,KHF-1,0.0908000810011379,4.29750681810539,-1.79938267853537,0.0363473053892216,White_wavg
2024-10-12,286,2024,KHF-1,0.119994752144806,3.77745822362525,-0.4761199026726,0.0363473053892216,White_wavg
2024-10-13,287,2024,KHF-1,0.0757504079465022,3.08226622437928,-0.998194045291001,0.0363473053892216,White_wavg
2024-10-14,288,2024,KHF-1,0.237560878287501,6.58580238712752,-0.0499429680150598,0.0363473053892216,White_wavg
2024-10-15,289,2024,KHF-1,0.271033145471122,7.55292511617078,-0.0961647712486489,0.0363473053892216,White_wavg
2024-10-16,290,2024,KHF-1,0.0386805101794982,7.126500838859,-6.06230887840163,0.0363473053892216,White_wavg
2024-10-17,291,2024,KHF-1,-0.13797041897444,-2.98664329042002,-0.809247972962442,0.0363473053892216,White_wavg
2024-10-18,292,2024,KHF-1,0.0625654618590588,3.69011060564404,-1.96878735515593,0.0363473053892216,White_wavg
2024-10-19,293,2024,KHF-1,0.0871520061910092,1.33967368472946,1.05808332250259,0.0363473053892216,White_wavg
2024-10-20,294,2024,KHF-1,0.259306523393442,6.37945940371626,0.754673941704631,0.0363473053892216,White_wavg
2024-10-21,295,2024,KHF-1,0.233582587338741,4.8190276251411,1.60737963772046,0.0363473053892216,White_wavg
2024-10-22,296,2024,KHF-1,0.28750979057419,7.65003263227799,0.260039035908122,0.0363473053892216,White_wavg
2024-10-23,297,2024,KHF-1,0.292171723206586,8.27209296341918,-0.233760545709139,0.0363473053892216,White_wavg
2024-10-24,298,2024,KHF-1,0.237950522758267,8.57972964623528,-2.03315018978874,0.0363473053892216,White_wavg
2024-10-25,299,2024,KHF-1,0.138457225698491,4.40305281434483,-0.593768351140867,0.0363473053892216,White_wavg
2024-10-26,300,2024,KHF-1,0.132725704627517,2.58626285743836,1.06533395850814,0.0363473053892216,White_wavg
2024-10-27,301,2024,KHF-1,0.151178262632223,2.52681989755814,1.63245026052774,0.0363473053892216,White_wavg
2024-10-28,302,2024,KHF-1,-0.0725588175805251,1.29805107176466,-3.29431508098174,0.0363473053892216,White_wavg
2024-10-29,303,2024,KHF-1,-0.130104065183825,-3.78367075830715,0.20420141964177,0.0363473053892216,White_wavg
2024-10-30,304,2024,KHF-1,-0.0831856029884588,-1.24055569044259,-1.04807622044252,0.0363473053892216,White_wavg
2024-10-31,305,2024,KHF-1,-0.0594946183816952,-0.915034632582113,-0.721802479401921,0.0363473053892216,White_wavg
2024-11-01,306,2024,KHF-1,0.0564716924982684,0.685596786452091,0.868072512923662,0.0363473053892216,White_wavg
2024-11-02,307,2024,KHF-1,-0.077342603950851,0.0101095305108601,-2.13798677265124,0.0363473053892216,White_wavg
2024-11-03,308,2024,KHF-1,-0.174008836062461,-4.78520677627614,-0.00218624224626041,0.0363473053892216,White_wavg
2024-11-04,309,2024,KHF-1,-0.0984568916084092,-1.45618952160792,-1.25259151605342,0.0363473053892216,White_wavg
2024-11-05,310,2024,KHF-1,-0.218980464108862,-7.65730033172292,1.63263187930447,0.0363473053892216,White_wavg
2024-11-06,311,2024,KHF-1,0.041483184498723,0.861671342089565,0.279628791565582,0.0363473053892216,White_wavg
2024-11-07,312,2024,KHF-1,0.0151089690938738,1.68456293797021,-1.26887960375655,0.0363473053892216,White_wavg
2024-11-08,313,2024,KHF-1,0.101689317189754,0.902122606152723,1.89559007435616,0.0363473053892216,White_wavg
2024-11-09,314,2024,KHF-1,-0.188266732323452,-0.987900704361188,-4.19176062974367,0.0363473053892216,White_wavg
2025-05-27,147,2025,KHF-1,0.0881123449784329,2.17246662322734,0.25171156645936,0.0363473053892216,White_wavg
2025-05-28,148,2025,KHF-1,0.108202131851476,2.036472403584,0.940423151473091,0.0363473053892216,White_wavg
2025-05-29,149,2025,KHF-1,0.184066777361318,4.56440043609877,0.499710242540449,0.0363473053892216,White_wavg
2025-05-30,150,2025,KHF-1,0.320642521167406,6.67412355038406,2.14750759211295,0.0363473053892216,White_wavg
2025-05-31,151,2025,KHF-1,0.509728874043367,10.0934512556921,3.93039091321104,0.0363473053892216,White_wavg
2025-06-01,152,2025,KHF-1,0.528674983942108,10.508327765643,4.03676652073788,0.0363473053892216,White_wavg
2025-06-02,153,2025,KHF-1,0.673035450675002,16.1735869891203,2.34320382846213,0.0363473053892216,White_wavg
2025-06-03,154,2025,KHF-1,0.849298239752605,19.9912691238211,3.37492626970201,0.0363473053892216,White_wavg
2025-06-04,155,2025,KHF-1,0.765620642903836,17.9633141524857,3.10071341999212,0.0363473053892216,White_wavg
2025-06-05,156,2025,KHF-1,0.756509426093975,18.5847879866277,2.22856854676507,0.0363473053892216,White_wavg
2025-06-06,157,2025,KHF-1,0.532577737518827,13.4296676806656,1.22280055090674,0.0363473053892216,White_wavg
2025-06-07,158,2025,KHF-1,0.494967457486141,12.5915358812389,1.02618494251487,0.0363473053892216,White_wavg
2025-06-08,159,2025,KHF-1,0.158788145243797,4.27111190235578,0.0975240541045253,0.0363473053892216,White_wavg
2025-06-09,160,2025,KHF-1,0.332730934470263,6.67096435597938,2.48324751494877,0.0363473053892216,White_wavg
2025-06-10,161,2025,KHF-1,0.290836687241245,4.90547113537687,3.09613129778423,0.0363473053892216,White_wavg
2025-06-11,162,2025,KHF-1,0.129329726318259,0.992890650147871,2.56527480210077,0.0363473053892216,White_wavg
2025-06-12,163,2025,KHF-1,0.0857355217593988,1.70916002620096,0.649626157294854,0.0363473053892216,White_wavg
2025-06-13,164,2025,KHF-1,-0.0817711843592562,-3.14511883550779,0.895400913267956,0.0363473053892216,White_wavg
2025-06-14,165,2025,KHF-1,0.164212025821151,4.36122519406013,0.156634494923765,0.0363473053892216,White_wavg
2025-06-15,166,2025,KHF-1,0.157257438953281,3.81538249966908,0.511140120627118,0.0363473053892216,White_wavg
2025-06-16,167,2025,KHF-1,0.137170962949522,3.15385148847973,0.620044856260009,0.0363473053892216,White_wavg
2025-06-17,168,2025,KHF-1,0.102133598606502,1.80264573293201,1.00729017601129,0.0363473053892216,White_wavg
2025-06-18,169,2025,KHF-1,0.216375077994967,6.0619585411029,-0.108970398572517,0.0363473053892216,White_wavg
2025-06-19,170,2025,KHF-1,0.151076840663601,2.02380415364902,2.13267564714528,0.0363473053892216,White_wavg
2025-06-20,171,2025,KHF-1,0.0807940994207898,1.46138807403702,0.761447939681581,0.0363473053892216,White_wavg
2025-06-21,172,2025,KHF-1,-0.176455411121766,-1.33553732983356,-3.51916673233035,0.0363473053892216,White_wavg
2025-06-22,173,2025,KHF-1,0.0976449888586429,7.65139681716036,-4.96495313686491,0.0363473053892216,White_wavg
2025-06-23,174,2025,KHF-1,0.259305878350863,7.90305861281802,-0.768943014038108,0.0363473053892216,White_wavg
2025-06-24,175,2025,KHF-1,0.189573460400442,1.46847735737556,3.74713514458058,0.0363473053892216,White_wavg
2025-06-25,176,2025,KHF-1,0.246137438591413,5.08437385631204,1.68744694183722,0.0363473053892216,White_wavg
2025-06-26,177,2025,KHF-1,0.265013970775745,5.37163836525063,1.91952030353839,0.0363473053892216,White_wavg
2025-06-27,178,2025,KHF-1,0.298881972451194,6.93698107258278,1.2859661101766,0.0363473053892216,White_wavg
2025-06-28,179,2025,KHF-1,0.0977354064059213,1.44468141432914,1.24424986570197,0.0363473053892216,White_wavg
2025-06-29,180,2025,KHF-1,0.185520783991158,3.81312588850875,1.29098793793663,0.0363473053892216,White_wavg
2025-06-30,181,2025,KHF-1,0.25176552817768,5.83138290959333,1.09527989200018,0.0363473053892216,White_wavg
2025-07-01,182,2025,KHF-1,0.23773872603584,7.0699694201128,-0.529216990461201,0.0363473053892216,White_wavg
2025-07-02,183,2025,KHF-1,0.200907222932957,4.02354863713477,1.50388237271759,0.0363473053892216,White_wavg
2025-07-03,184,2025,KHF-1,0.193638345225368,4.401618359908,0.925828699834419,0.0363473053892216,White_wavg
2025-07-04,185,2025,KHF-1,0.199184736130909,5.26869852616372,0.211342813846471,0.0363473053892216,White_wavg
2025-07-05,186,2025,KHF-1,0.09426493235891,2.47157062022367,0.121879742863307,0.0363473053892216,White_wavg
2025-07-06,187,2025,KHF-1,0.171298742734671,2.88518080684774,1.82765115965804,0.0363473053892216,White_wavg
2025-07-07,188,2025,KHF-1,0.102734605656241,2.48556609263666,0.340904936126485,0.0363473053892216,White_wavg
2025-07-08,189,2025,KHF-1,0.253427676473536,6.88968873177238,0.0827036852095731,0.0363473053892216,White_wavg
2025-07-09,190,2025,KHF-1,0.200802941077527,4.81232543573498,0.712236534602262,0.0363473053892216,White_wavg
2025-07-10,191,2025,KHF-1,0.230111706463401,4.96587420899601,1.36504094411567,0.0363473053892216,White_wavg
2025-07-11,192,2025,KHF-1,0.253910336385394,5.98622546539893,0.999446062831844,0.0363473053892216,White_wavg
2025-07-12,193,2025,KHF-1,0.162153606837575,3.39633535223705,1.06489238118552,0.0363473053892216,White_wavg
2025-07-13,194,2025,KHF-1,0.282533747665834,6.7554200183757,1.01774898659865,0.0363473053892216,White_wavg
2025-07-14,195,2025,KHF-1,0.416110118599374,9.87268456092281,1.57548509411764,0.0363473053892216,White_wavg
2025-07-15,196,2025,KHF-1,0.130459461022678,2.2746056620679,1.31464145338303,0.0363473053892216,White_wavg
2025-07-16,197,2025,KHF-1,0.0990414508974566,1.75439347438808,0.970470166448038,0.0363473053892216,White_wavg
2025-07-17,198,2025,KHF-1,0.0733100424385671,0.341356590335096,1.67557538449863,0.0363473053892216,White_wavg
2025-07-18,199,2025,KHF-1,0.142549541026331,3.21634586284847,0.705527835899034,0.0363473053892216,White_wavg
2025-07-19,200,2025,KHF-1,0.386153524211624,9.41664366102515,1.20734950921229,0.0363473053892216,White_wavg
2025-07-20,201,2025,KHF-1,0.260246551956075,7.13279532508619,0.027200420657536,0.0363473053892216,White_wavg
2025-07-21,202,2025,KHF-1,0.308659238326361,7.92045645823194,0.571486342509786,0.0363473053892216,White_wavg
2025-07-22,203,2025,KHF-1,0.262303452902497,5.99166573377445,1.22492020275224,0.0363473053892216,White_wavg
2025-07-23,204,2025,KHF-1,0.266951239844167,7.14549979580536,0.198957708968265,0.0363473053892216,White_wavg
2025-07-24,205,2025,KHF-1,0.458148896661646,13.8715232389845,-1.26676776246146,0.0363473053892216,White_wavg
2025-07-25,206,2025,KHF-1,0.31954340992085,9.90468898450345,-1.11329698173873,0.0363473053892216,White_wavg
2025-07-26,207,2025,KHF-1,0.300734163213169,8.00372513964223,0.270180174459796,0.0363473053892216,White_wavg
2025-07-27,208,2025,KHF-1,0.280725012519991,8.08160267354236,-0.358196233536034,0.0363473053892216,White_wavg
2025-07-28,209,2025,KHF-1,0.387469531116013,11.3476965912537,-0.687496970763675,0.0363473053892216,White_wavg
2025-07-29,210,2025,KHF-1,0.103039534972685,2.53955768182337,0.2953026708024,0.0363473053892216,White_wavg
2025-07-30,211,2025,KHF-1,0.141293826836022,3.00113340769133,0.886192635408463,0.0363473053892216,White_wavg
2025-07-31,212,2025,KHF-1,0.194957600403771,4.64486773546113,0.718875142204382,0.0363473053892216,White_wavg
2025-08-01,213,2025,KHF-1,0.478619239811073,15.0799145815263,-1.91197173993665,0.0363473053892216,White_wavg
2025-08-02,214,2025,KHF-1,0.179395567457161,4.649329831323,0.286264858190322,0.0363473053892216,White_wavg
2025-08-03,215,2025,KHF-1,0.357690717441943,9.49082725568644,0.350087046258281,0.0363473053892216,White_wavg
2025-08-04,216,2025,KHF-1,0.30110607543166,7.40731425759802,0.876823237803492,0.0363473053892216,White_wavg
2025-08-05,217,2025,KHF-1,0.367293508978791,10.1006795341256,0.0044301857192437,0.0363473053892216,White_wavg
2025-08-06,218,2025,KHF-1,0.240014288837548,5.53945312868964,1.06390539451802,0.0363473053892216,White_wavg
2025-08-07,219,2025,KHF-1,0.333253258202146,8.25313684173352,0.915445385574287,0.0363473053892216,White_wavg
2025-08-08,220,2025,KHF-1,0.373715157278152,9.38918877808521,0.892595614905119,0.0363473053892216,White_wavg
2025-08-09,221,2025,KHF-1,0.302443497904731,7.40722020992703,0.913712928473302,0.0363473053892216,White_wavg
2025-08-10,222,2025,KHF-1,0.201058155824866,3.64861241119954,1.88297111808424,0.0363473053892216,White_wavg
2025-08-11,223,2025,KHF-1,0.571109611226055,15.0776291894609,0.634941663051691,0.0363473053892216,White_wavg
2025-08-12,224,2025,KHF-1,0.46914943967021,12.367597297348,0.539809032952661,0.0363473053892216,White_wavg
2025-08-13,225,2025,KHF-1,0.405696726330197,9.96825144191615,1.19342125942534,0.0363473053892216,White_wavg
2025-08-14,226,2025,KHF-1,0.40072590254968,10.307683886861,0.717229741771064,0.0363473053892216,White_wavg
2025-08-15,227,2025,KHF-1,0.402191455168373,10.6497863826614,0.415448051130696,0.0363473053892216,White_wavg
2025-08-16,228,2025,KHF-1,0.543211444927301,15.067480883226,-0.122454309443569,0.0363473053892216,White_wavg
2025-08-17,229,2025,KHF-1,0.33233237495553,8.72685265957753,0.416393900154503,0.0363473053892216,White_wavg
2025-08-18,230,2025,KHF-1,0.338934046317445,8.487846900222,0.83702719121348,0.0363473053892216,White_wavg
2025-08-19,231,2025,KHF-1,0.348305502896478,10.2413230400146,-0.658618100358581,0.0363473053892216,White_wavg
2025-08-20,232,2025,KHF-1,0.503012183083581,13.4020960394065,0.436954137687096,0.0363473053892216,White_wavg
2025-08-21,233,2025,KHF-1,0.49188228160735,12.3674454152507,1.16539495187079,0.0363473053892216,White_wavg
2025-08-22,234,2025,KHF-1,0.590025293726921,15.5904429835587,0.642542857033675,0.0363473053892216,White_wavg
2025-08-23,235,2025,KHF-1,0.366212338055974,13.6104166943856,-3.5350525337023,0.0363473053892216,White_wavg
2025-08-24,236,2025,KHF-1,0,11.8874114203649,-8.22163753769215,0.0363473053892216,White_wavg
2025-08-25,237,2025,KHF-1,0,13.5970141196033,-11.4043864933244,0.0363473053892216,White_wavg
2025-08-26,238,2025,KHF-1,0,9.93501782620605,-5.05062996547867,0.0363473053892216,White_wavg
2025-08-27,239,2025,KHF-1,0,4.1819410493801,-2.4412647612575,0.0363473053892216,White_wavg
2025-08-28,240,2025,KHF-1,0,2.14605819109188,1.05742955326242,0.0363473053892216,White_wavg
2025-08-29,241,2025,KHF-1,0.180358164014804,5.67238704674331,-0.710309058197645,0.0363473053892216,White_wavg
2025-08-30,242,2025,KHF-1,0.255358490358699,6.20453792851201,0.820975727155648,0.0363473053892216,White_wavg
2025-08-31,243,2025,KHF-1,0.318300361406108,8.10593852403123,0.651254285659064,0.0363473053892216,White_wavg
2025-09-01,244,2025,KHF-1,0.276769405188154,6.76484612841435,0.849732235081824,0.0363473053892216,White_wavg
2025-09-02,245,2025,KHF-1,0,7.59506490860815,-3.57569841392689,0.0363473053892216,White_wavg
2025-09-03,246,2025,KHF-1,0,8.82824242361053,-1.20262741669794,0.0363473053892216,White_wavg
2025-09-04,247,2025,KHF-1,0,5.55190702837405,2.02399811781504,0.0363473053892216,White_wavg
2025-09-05,248,2025,KHF-1,0,5.87018482464394,0.834686961546005,0.0363473053892216,White_wavg
2025-09-06,249,2025,KHF-1,0.173798612324463,4.42707172711927,0.354537541115541,0.0363473053892216,White_wavg
2025-09-07,250,2025,KHF-1,0.120648256429021,3.59745175560171,-0.278133992233265,0.0363473053892216,White_wavg
2025-09-08,251,2025,KHF-1,0.122961771138257,2.22338037352792,1.15958762978163,0.0363473053892216,White_wavg
2025-09-09,252,2025,KHF-1,0.238267820225016,5.65651968713148,0.898789370130082,0.0363473053892216,White_wavg
2025-09-10,253,2025,KHF-1,0.316901717863997,9.37375311694773,-0.655040286093112,0.0363473053892216,White_wavg
2025-09-11,254,2025,KHF-1,0.171324543985495,6.38671579451966,-1.67317397481987,0.0363473053892216,White_wavg
2025-09-12,255,2025,KHF-1,0.234783057103224,5.78390797778887,0.675527036418444,0.0363473053892216,White_wavg
2025-09-13,256,2025,KHF-1,0.23030589274352,6.41808344041479,-0.0818257652635879,0.0363473053892216,White_wavg
2025-09-14,257,2025,KHF-1,0.21172198000339,4.15796611664874,1.66700433813975,0.0363473053892216,White_wavg
2025-09-15,258,2025,KHF-1,0.303926453822831,8.76402329424053,-0.402290544913875,0.0363473053892216,White_wavg
2025-09-16,259,2025,KHF-1,0.0980466471994875,2.86551455533406,-0.168020307835803,0.0363473053892216,White_wavg
2025-09-17,260,2025,KHF-1,0.109379613640581,1.86849658210235,1.14079427094165,0.0363473053892216,White_wavg
2025-09-18,261,2025,KHF-1,0.229023016945134,5.4843718198093,0.816590919867366,0.0363473053892216,White_wavg
2025-09-19,262,2025,KHF-1,0.201985414213854,7.22521719401215,-1.66812260196707,0.0363473053892216,White_wavg
2025-09-20,263,2025,KHF-1,0.219918727581722,6.74099928554703,-0.690516994583668,0.0363473053892216,White_wavg
2025-09-21,264,2025,KHF-1,0.111228235459836,2.75855718346172,0.301593610902806,0.0363473053892216,White_wavg
2025-09-22,265,2025,KHF-1,0.25550897474343,6.11531834568524,0.914335489924767,0.0363473053892216,White_wavg
2025-09-23,266,2025,KHF-1,0.276372830714318,7.52383233658698,0.079835328864597,0.0363473053892216,White_wavg
2025-09-24,267,2025,KHF-1,0.292304959742062,8.48861692920444,-0.446618860518377,0.0363473053892216,White_wavg
2025-09-25,268,2025,KHF-1,0.00155318446746935,-0.152354989484138,0.195086753251417,0.0363473053892216,White_wavg
2025-09-26,269,2025,KHF-1,0.242972903775199,7.01819539907547,-0.333438408884668,0.0363473053892216,White_wavg
2025-09-27,270,2025,KHF-1,0.111775675796406,1.73178455252483,1.34342761518518,0.0363473053892216,White_wavg
2025-09-28,271,2025,KHF-1,0.146928655289984,4.05700922926968,-0.0146557805996039,0.0363473053892216,White_wavg
2025-09-29,272,2025,KHF-1,0.174933179879125,5.25006621678408,-0.437242322251308,0.0363473053892216,White_wavg
2025-09-30,273,2025,KHF-1,0.0856536973953428,5.04002077289165,-2.68348577041682,0.0363473053892216,White_wavg
2025-10-01,274,2025,KHF-1,0.0306078152520653,3.50251871017804,-2.66042560522006,0.0363473053892216,White_wavg
2025-10-02,275,2025,KHF-1,0,3.25562489002493,-20.7148014800088,0.0363473053892216,White_wavg
2025-10-03,276,2025,KHF-1,0,10.7668256081162,-2.57657929466415,0.0363473053892216,White_wavg
2025-10-04,277,2025,KHF-1,0,-1.06996992532373,0.897161022499482,0.0363473053892216,White_wavg
2025-10-05,278,2025,KHF-1,0,3.03378771060956,1.30797992601206,0.0363473053892216,White_wavg
2025-10-06,279,2025,KHF-1,-0.0979514434115802,-2.31746129646591,-0.377413670541323,0.0363473053892216,White_wavg
2025-10-07,280,2025,KHF-1,0.00328222027802197,-0.290548726771789,0.380850339033678,0.0363473053892216,White_wavg
2025-10-08,281,2025,KHF-1,0.0553808183001046,-1.04484591696306,2.56850269721305,0.0363473053892216,White_wavg
2025-10-09,282,2025,KHF-1,0.0346484144250134,-0.515471952058277,1.46873145930329,0.0363473053892216,White_wavg
2025-10-10,283,2025,KHF-1,0.0495872475988199,2.73928832521943,-1.37502632373625,0.0363473053892216,White_wavg
2025-10-11,284,2025,KHF-1,0.032054510238019,1.09340405719927,-0.211508964983587,0.0363473053892216,White_wavg
2025-10-12,285,2025,KHF-1,0.0642336235990172,3.00781146905713,-1.24059315916654,0.0363473053892216,White_wavg
2025-10-13,286,2025,KHF-1,-0.163403465231177,-2.14606904493131,-2.3495452373762,0.0363473053892216,White_wavg
2025-10-14,287,2025,KHF-1,0,3.47082337679723,-7.69991111333095,0.0363473053892216,White_wavg
2025-10-15,288,2025,KHF-1,0,2.84297906798268,-4.45710905192165,0.0363473053892216,White_wavg
2025-10-16,289,2025,KHF-1,0,-4.48869809310287,0.5750108382351,0.0363473053892216,White_wavg
2025-10-17,290,2025,KHF-1,0,-2.25507011428903,1.70586904243901,0.0363473053892216,White_wavg
2025-10-18,291,2025,KHF-1,-0.0853352506933351,-3.57308867137651,1.22531488788607,0.0363473053892216,White_wavg
2025-10-19,292,2025,KHF-1,0.0556280883479951,-0.776132570474886,2.3065923322731,0.0363473053892216,White_wavg
2025-10-20,293,2025,KHF-1,0.00811664718133128,1.29748660142965,-1.07417851588067,0.0363473053892216,White_wavg
2025-10-21,294,2025,KHF-1,-0.0675175582966741,-1.04629648915129,-0.81127060072426,0.0363473053892216,White_wavg
2025-10-22,295,2025,KHF-1,0.0964885586759875,3.5682509117553,-0.91362335015894,0.0363473053892216,White_wavg
2025-10-23,296,2025,KHF-1,0.12296612096481,3.70541906875668,-0.322331391471128,0.0363473053892216,White_wavg
2025-10-24,297,2025,KHF-1,0.0996530823322404,2.23561989025076,0.50607117226722,0.0363473053892216,White_wavg
2025-10-25,298,2025,KHF-1,-0.0694124567648116,2.00625978175892,-3.91595999258652,0.0363473053892216,White_wavg
2025-10-26,299,2025,KHF-1,0.00944938363702498,5.20167899698404,-4.94170419181383,0.0363473053892216,White_wavg
2025-10-27,300,2025,KHF-1,0.0062469395055057,-1.59733818556481,1.76920620820393,0.0363473053892216,White_wavg
2025-10-28,301,2025,KHF-1,-0.0245750368757448,-0.951086487065211,0.274969327551309,0.0363473053892216,White_wavg
2025-10-29,302,2025,KHF-1,-0.0774091190083948,-2.46965175309132,0.33994452501851,0.0363473053892216,White_wavg
2025-10-30,303,2025,KHF-1,0.0193235825012616,-1.10355919148478,1.63519646952608,0.0363473053892216,White_wavg
2021-06-21,172,2021,KHR-1,0.13022144230748,1.35682199448404,1.89871406320297,0.04,White_wavg
2021-06-22,173,2021,KHR-1,0.0810304657092686,-0.459587600973421,2.48534924370514,0.04,White_wavg
2021-06-23,174,2021,KHR-1,0.38538038566589,8.66480844221265,0.969701199434603,0.04,White_wavg
2021-06-24,175,2021,KHR-1,0.220013641366045,8.02768058544636,-2.52733955129525,0.04,White_wavg
2021-06-25,176,2021,KHR-1,0.344907614433161,6.5798371488615,2.04285321196753,0.04,White_wavg
2021-06-26,177,2021,KHR-1,0.314810533719445,6.31878909865051,1.55147424433562,0.04,White_wavg
2021-06-27,178,2021,KHR-1,0.295105777429868,5.06598624233554,2.31165819341115,0.04,White_wavg
2021-06-28,179,2021,KHR-1,0.16905171202116,1.64935724252015,2.57693555800884,0.04,White_wavg
2021-06-29,180,2021,KHR-1,0.239180404260389,4.84890586055226,1.13060424595747,0.04,White_wavg
2021-06-30,181,2021,KHR-1,-0.0023663018154349,-1.89592201359403,1.83676446820816,0.04,White_wavg
2021-07-01,182,2021,KHR-1,0.118647786065217,0.395478748897915,2.57071590273252,0.04,White_wavg
2021-07-02,183,2021,KHR-1,0.289333196056511,5.45896453499566,1.77436536641711,0.04,White_wavg
2021-07-03,184,2021,KHR-1,0.253874568953405,4.69009029949703,1.6567739243381,0.04,White_wavg
2021-07-04,185,2021,KHR-1,0.359675659300132,9.81821553409472,-0.826324051591428,0.04,White_wavg
2021-07-05,186,2021,KHR-1,-1.14587743822574,-2.97201783122429,-25.6749181244191,0.04,White_wavg
2024-07-15,197,2024,KHR-1,-0.209237538612974,0.433287420908712,-5.66422588623307,0.04,White_wavg
2024-07-16,198,2024,KHR-1,0.212572951800268,0.508347491975059,4.80597630303165,0.04,White_wavg
2024-07-17,199,2024,KHR-1,0.385562872511031,7.28598850062738,2.35308331214839,0.04,White_wavg
2024-07-18,200,2024,KHR-1,0.262896647150207,4.05094666809021,2.52146951066496,0.04,White_wavg
2024-07-19,201,2024,KHR-1,0.273589359934576,4.89042619033455,1.94930780802984,0.04,White_wavg
2024-07-20,202,2024,KHR-1,0.263462711350961,4.66695185299209,1.91961593078194,0.04,White_wavg
2024-07-21,203,2024,KHR-1,0.279641149573422,5.021753834097,1.96927490523855,0.04,White_wavg
2024-07-22,204,2024,KHR-1,0.360323127933263,7.87865360766205,1.12942459066954,0.04,White_wavg
2024-07-23,205,2024,KHR-1,0.202141630846377,4.33989864600726,0.71364212515217,0.04,White_wavg
2024-07-24,206,2024,KHR-1,0.217231245054492,3.98797823613464,1.44280289022767,0.04,White_wavg
2024-07-25,207,2024,KHR-1,0.21118081836925,3.12303573054926,2.156484728682,0.04,White_wavg
2024-07-26,208,2024,KHR-1,0.179148829696551,1.1003335968816,3.37838714553217,0.04,White_wavg
2024-07-27,209,2024,KHR-1,0.0994122433597636,1.8008796563382,0.684426427655893,0.04,White_wavg
2024-07-28,210,2024,KHR-1,0.127890369171873,2.07680844426648,1.12045078503034,0.04,White_wavg
2024-07-29,211,2024,KHR-1,0.0945227198785472,1.33537806667192,1.02768993029176,0.04,White_wavg
2024-07-30,212,2024,KHR-1,0.116888818292052,1.14774138539136,1.77447907190995,0.04,White_wavg
2024-07-31,213,2024,KHR-1,0.238114144793158,4.40972269098623,1.54313092884273,0.04,White_wavg
2024-08-01,214,2024,KHR-1,0.165495075787425,3.36073182976864,0.776645064916977,0.04,White_wavg
2024-08-02,215,2024,KHR-1,0.240938137427342,4.34682491560565,1.6766285200779,0.04,White_wavg
2024-08-03,216,2024,KHR-1,-0.0883265007075806,-0.429696742145325,-1.77846577554419,0.04,White_wavg
2024-08-04,217,2024,KHR-1,0.0859273447861341,-0.4250104253654,2.57319404501875,0.04,White_wavg
2024-08-05,218,2024,KHR-1,0.19367620733661,3.84836724628639,0.993537937128863,0.04,White_wavg
2024-08-06,219,2024,KHR-1,0.113911803381754,1.97583018716117,0.871964897382682,0.04,White_wavg
2024-08-07,220,2024,KHR-1,0.183576655547959,2.80001946615585,1.78939692254313,0.04,White_wavg
2024-08-08,221,2024,KHR-1,0.111835833952546,0.934304230160478,1.86159161865317,0.04,White_wavg
2024-08-09,222,2024,KHR-1,0.162410453449503,2.41210376222796,1.64815757400962,0.04,White_wavg
2024-08-10,223,2024,KHR-1,0.158840844656345,2.73216721992031,1.23885389648831,0.04,White_wavg
2024-08-11,224,2024,KHR-1,0.035441345675801,-0.888850387834197,1.77488402972922,0.04,White_wavg
2024-08-12,225,2024,KHR-1,0.0591285262125751,-1.04753900731112,2.52575216262549,0.04,White_wavg
2024-08-13,226,2024,KHR-1,0.209018997040877,3.85892327702808,1.36655164899385,0.04,White_wavg
2024-08-14,227,2024,KHR-1,0.20184537405232,3.06331428127007,1.98282007003793,0.04,White_wavg
2024-08-15,228,2024,KHR-1,0.299573689492418,9.61758424504455,-2.12824200773412,0.04,White_wavg
2024-08-16,229,2024,KHR-1,-0.136992350135067,-4.16933452315078,0.7445257697741,0.04,White_wavg
2024-08-17,230,2024,KHR-1,-0.107823301336229,-3.47374113982264,0.778158606416923,0.04,White_wavg
2024-08-18,231,2024,KHR-1,-0.139697201594874,-2.86412377584577,-0.62830626402608,0.04,White_wavg
2024-08-19,232,2024,KHR-1,-0.00791607247051616,0.746271304341974,-0.944173116104878,0.04,White_wavg
2024-08-20,233,2024,KHR-1,0.0953752616132061,2.00412224087856,0.380259299451595,0.04,White_wavg
2024-08-21,234,2024,KHR-1,-0.00551214404593964,-0.358880583618856,0.221076982470365,0.04,White_wavg
2024-08-22,235,2024,KHR-1,-0.0367800764741901,-2.95007677680653,2.03057486495177,0.04,White_wavg
2024-08-23,236,2024,KHR-1,0.0104521998825084,1.1591219743714,-0.897816977308693,0.04,White_wavg
2024-08-24,237,2024,KHR-1,-0.0578641849864766,0.0122769001269489,-1.45888152478886,0.04,White_wavg
2024-08-25,238,2024,KHR-1,-0.0341708495806245,-0.49636956650221,-0.357901673013402,0.04,White_wavg
2024-08-26,239,2024,KHR-1,0.0167468347082809,0.729393201520395,-0.310722333813374,0.04,White_wavg
2024-08-27,240,2024,KHR-1,0.0234039907896107,0.222520431904627,0.362579337835641,0.04,White_wavg
2024-08-28,241,2024,KHR-1,-0.0402671664885742,-1.19154269837227,0.18486353615792,0.04,White_wavg
2024-08-29,242,2024,KHR-1,0.0582320340296445,1.72398438897088,-0.268183538229764,0.04,White_wavg
2024-08-30,243,2024,KHR-1,0.00592129841444262,0.513989207664707,-0.365956747303642,0.04,White_wavg
2024-08-31,244,2024,KHR-1,0.0138037933422152,0.0367571572420786,0.3083376763133,0.04,White_wavg
2024-09-01,245,2024,KHR-1,-0.0567760341233935,-2.50897440099709,1.08957354791225,0.04,White_wavg
2024-09-02,246,2024,KHR-1,0.0712428710423421,1.93121035632831,-0.150138580269754,0.04,White_wavg
2024-09-03,247,2024,KHR-1,-0.00645868487326595,0.657626506319531,-0.81909362815118,0.04,White_wavg
2024-09-04,248,2024,KHR-1,-0.0130011090008549,0.126524945828123,-0.451552670849495,0.04,White_wavg
2024-09-05,249,2024,KHR-1,0.0782057731598616,1.67866272622712,0.276481602769422,0.04,White_wavg
2024-09-06,250,2024,KHR-1,0.026773103473476,-0.208170769843321,0.877498356680221,0.04,White_wavg
2024-09-07,251,2024,KHR-1,0.116204440647318,2.02834994729679,0.876761068886168,0.04,White_wavg
2024-09-08,252,2024,KHR-1,0.0449555168290914,2.11955866753613,-0.995670746808841,0.04,White_wavg
2024-09-09,253,2024,KHR-1,0.100483159361567,2.54217258759795,-0.0300936035587682,0.04,White_wavg
2024-09-10,254,2024,KHR-1,0.0885083156343381,0.866384974627806,1.34632291623065,0.04,White_wavg
2024-09-11,255,2024,KHR-1,-0.00478652807229707,-0.390080210818496,0.270417009011069,0.04,White_wavg
2024-09-12,256,2024,KHR-1,-0.090250516652365,-2.01745436060028,-0.238808555708843,0.04,White_wavg
2024-09-13,257,2024,KHR-1,-0.0447024036660264,-0.603795183274428,-0.513764908376231,0.04,White_wavg
2024-09-14,258,2024,KHR-1,0.0433351996532008,0.552303369405792,0.531076621924228,0.04,White_wavg
2024-09-15,259,2024,KHR-1,0.0872272416805384,1.20633707163265,0.974343970380815,0.04,White_wavg
2024-09-16,260,2024,KHR-1,-0.112905340585235,-2.24342833871876,-0.579205175912122,0.04,White_wavg
2024-09-17,261,2024,KHR-1,-0.00610083753707613,0.334396871865295,-0.486917810292198,0.04,White_wavg
2024-09-18,262,2024,KHR-1,-0.040594812505297,-0.820148248953956,-0.194722063678469,0.04,White_wavg
2024-09-19,263,2024,KHR-1,-0.0811847131849942,-1.80394474122383,-0.225673088401024,0.04,White_wavg
2024-09-20,264,2024,KHR-1,-0.0611040194356411,-1.16358456772443,-0.364015918166601,0.04,White_wavg
2024-09-21,265,2024,KHR-1,0.0377472271939331,0.111097261265769,0.832583418582559,0.04,White_wavg
2024-09-22,266,2024,KHR-1,-0.107077095014607,-0.873216846095119,-1.80371052927005,0.04,White_wavg
2024-09-23,267,2024,KHR-1,-0.0710127440542635,-1.95757595516741,0.182257353810826,0.04,White_wavg
2024-09-24,268,2024,KHR-1,-0.0199564387130573,-1.29985991203702,0.800948944210589,0.04,White_wavg
2024-09-25,269,2024,KHR-1,0.0652217034504099,1.80999548980441,-0.17945290354416,0.04,White_wavg
2024-09-26,270,2024,KHR-1,-0.204252610418111,-4.32842814282321,-0.777887117629561,0.04,White_wavg
2024-09-27,271,2024,KHR-1,-0.0510736305157303,-1.74891683142508,0.47207606853182,0.04,White_wavg
2024-09-28,272,2024,KHR-1,-0.0689757437312704,-2.20592701733202,0.481533424050255,0.04,White_wavg
2024-09-29,273,2024,KHR-1,0.0168276308531188,1.20795641282277,-0.787265641494798,0.04,White_wavg
2024-09-30,274,2024,KHR-1,0.0467488617176053,2.25173508918073,-1.08301354624059,0.04,White_wavg
2024-10-01,275,2024,KHR-1,0.0549140743280515,0.849991934969324,0.522859923231962,0.04,White_wavg
2024-10-02,276,2024,KHR-1,0.103460211434095,2.00840225890082,0.578103026951553,0.04,White_wavg
2024-10-03,277,2024,KHR-1,0.0195357680383,0.0936359095488228,0.394758291408678,0.04,White_wavg
2024-10-04,278,2024,KHR-1,-0.0237601489751216,0.581609576945397,-1.17561330132344,0.04,White_wavg
2024-10-05,279,2024,KHR-1,-0.0393694546232069,-1.64424286749107,0.6600065019109,0.04,White_wavg
2024-10-06,280,2024,KHR-1,-3.07961421310541,-0.00342698673927089,-76.9869283408959,0.04,White_wavg
2025-05-27,147,2025,KHR-1,0.191920306465419,4.5922468612005,0.205760800434968,0.04,White_wavg
2025-05-28,148,2025,KHR-1,0.187838442077456,3.74791132420318,0.948049727733222,0.04,White_wavg
2025-05-29,149,2025,KHR-1,0.302062287750397,6.92919427019166,0.62236292356825,0.04,White_wavg
2025-05-30,150,2025,KHR-1,0.372235360444534,8.55733006165236,0.74855394946098,0.04,White_wavg
2025-05-31,151,2025,KHR-1,0.413758838196258,8.38148324065242,1.96248771425403,0.04,White_wavg
2025-06-01,152,2025,KHR-1,0.266107612306357,5.0210764897564,1.63161381790253,0.04,White_wavg
2025-06-02,153,2025,KHR-1,0.389489174540899,9.35193391966465,0.385295443857821,0.04,White_wavg
2025-06-03,154,2025,KHR-1,0.465373391740302,10.5994410454685,1.03489374803906,0.04,White_wavg
2025-06-04,155,2025,KHR-1,0.325336373066726,7.01226157966524,1.12114774700292,0.04,White_wavg
2025-06-05,156,2025,KHR-1,0.401064589604638,9.36717379953473,0.659440940581209,0.04,White_wavg
2025-06-06,157,2025,KHR-1,0.282654691915802,7.15295213507794,-0.0865848371828903,0.04,White_wavg
2025-06-07,158,2025,KHR-1,0.388586942036078,10.0372661638012,-0.322592612899257,0.04,White_wavg
2025-06-08,159,2025,KHR-1,0.244936609985169,7.65250378451232,-1.5290885348831,0.04,White_wavg
2025-06-09,160,2025,KHR-1,0.299797851267405,6.76479155474712,0.730154726938011,0.04,White_wavg
2025-06-10,161,2025,KHR-1,0.395304966686099,7.50960014524051,2.37302402191197,0.04,White_wavg
2025-06-11,162,2025,KHR-1,0.391709394772916,8.03277437846464,1.75996049085826,0.04,White_wavg
2025-06-12,163,2025,KHR-1,0.362837280380484,7.25901683852048,1.81191517099162,0.04,White_wavg
2025-06-13,164,2025,KHR-1,0.260091183876696,4.98474688318744,1.51753271372996,0.04,White_wavg
2025-06-14,165,2025,KHR-1,0.319299964111936,7.74691843980837,0.235580662990024,0.04,White_wavg
2025-06-15,166,2025,KHR-1,0.349323998040007,7.27147142218776,1.4616285288124,0.04,White_wavg
2025-06-16,167,2025,KHR-1,0.334952363740818,7.61756387148438,0.756245222036078,0.04,White_wavg
2025-06-17,168,2025,KHR-1,0.295571600659194,6.15707671430208,1.23221330217777,0.04,White_wavg
2025-06-18,169,2025,KHR-1,0.474598886388791,9.62306561357167,2.24190654614809,0.04,White_wavg
2025-06-19,170,2025,KHR-1,0.498355260885425,9.36651722915691,3.09236429297872,0.04,White_wavg
2025-06-20,171,2025,KHR-1,0.336167426535857,7.77050047716048,0.633685186235951,0.04,White_wavg
2025-06-21,172,2025,KHR-1,0.155910694602447,8.50018897875025,-4.60242161368907,0.04,White_wavg
2025-06-22,173,2025,KHR-1,0.0798739577574156,5.37853756710373,-3.38168862316834,0.04,White_wavg
2025-06-23,174,2025,KHR-1,0.269922832094076,4.20329394309893,2.54477685925298,0.04,White_wavg
2025-06-24,175,2025,KHR-1,0.408460763451706,6.59375970501905,3.6177593812736,0.04,White_wavg
2025-06-25,176,2025,KHR-1,0.551860179669085,10.4502248404327,3.34627965129446,0.04,White_wavg
2025-06-26,177,2025,KHR-1,0.6143988370592,13.0803639867591,2.27960693972093,0.04,White_wavg
2025-06-27,178,2025,KHR-1,0.496026001575897,11.702450119472,0.698199919925457,0.04,White_wavg
2025-06-28,179,2025,KHR-1,0.3598587386261,7.76961025144334,1.22685821420917,0.04,White_wavg
2025-06-29,180,2025,KHR-1,0.386790618348884,8.63445827322242,1.03530718549969,0.04,White_wavg
2025-06-30,181,2025,KHR-1,0.321472687097165,6.45494042630905,1.58187675112007,0.04,White_wavg
2025-07-01,182,2025,KHR-1,0.340850913140586,8.17083128081966,0.350441547695006,0.04,White_wavg
2025-07-02,183,2025,KHR-1,0.25413360128651,4.52012321418312,1.83321681797964,0.04,White_wavg
2025-07-03,184,2025,KHR-1,0.295294576575481,6.28908822644623,1.09327618794079,0.04,White_wavg
2025-07-04,185,2025,KHR-1,0.220541532581912,5.2271512869531,0.286387027594692,0.04,White_wavg
2025-07-05,186,2025,KHR-1,0.236611345164818,4.95946131461835,0.955822314502086,0.04,White_wavg
2025-07-06,187,2025,KHR-1,0.351560088630059,6.98677895360689,1.80222326214459,0.04,White_wavg
2025-07-07,188,2025,KHR-1,0.258593013871305,5.15542354623868,1.30940180054395,0.04,White_wavg
2025-07-08,189,2025,KHR-1,0.364976996008188,8.59818543037996,0.526239469824752,0.04,White_wavg
2025-07-09,190,2025,KHR-1,0.201096440267513,4.00249986194581,1.02491114474201,0.04,White_wavg
2025-07-10,191,2025,KHR-1,0.189487856156298,2.58557768313601,2.15161872077143,0.04,White_wavg
2025-07-11,192,2025,KHR-1,0.236631652916167,4.69410713320002,1.22168418970414,0.04,White_wavg
2025-07-12,193,2025,KHR-1,0.100639654562919,0.840774527370414,1.67521683670255,0.04,White_wavg
2025-07-13,194,2025,KHR-1,0.240939679433765,4.5560404120188,1.46745157382533,0.04,White_wavg
2025-07-14,195,2025,KHR-1,0.368969856119151,7.49273530945551,1.73151109352325,0.04,White_wavg
2025-07-15,196,2025,KHR-1,0.162154489684356,2.06033711074807,1.99352513136084,0.04,White_wavg
2025-07-16,197,2025,KHR-1,0.13775364157587,2.08209475730712,1.36174628208963,0.04,White_wavg
2025-07-17,198,2025,KHR-1,0.125358723033196,0.903395937998084,2.23057213783181,0.04,White_wavg
2025-07-18,199,2025,KHR-1,0.1313296280125,2.10753998175082,1.17570071856169,0.04,White_wavg
2025-07-19,200,2025,KHR-1,0.234229143624447,4.15666788022691,1.69906071038426,0.04,White_wavg
2025-07-20,201,2025,KHR-1,0.1495960722619,1.9430269542589,1.79687485228861,0.04,White_wavg
2025-07-21,202,2025,KHR-1,0.289520237707444,5.41441270206246,1.82359324062364,0.04,White_wavg
2025-07-22,203,2025,KHR-1,0.13921055079973,2.56787272760124,0.912391042392002,0.04,White_wavg
2025-07-23,204,2025,KHR-1,0.118260794494729,1.47448273316999,1.48203712919823,0.04,White_wavg
2025-07-24,205,2025,KHR-1,0.240627578328557,5.13295906527205,0.882730392941866,0.04,White_wavg
2025-07-25,206,2025,KHR-1,0.280902362862882,6.31829781495625,0.704261256615808,0.04,White_wavg
2025-07-26,207,2025,KHR-1,0.225448304065246,5.07599930516989,0.560208296461255,0.04,White_wavg
2025-07-27,208,2025,KHR-1,0.0858610886649115,1.02256218916455,1.12396502745824,0.04,White_wavg
2025-07-28,209,2025,KHR-1,0.058380132898904,0.0984035453697629,1.36109977710284,0.04,White_wavg
2025-07-29,210,2025,KHR-1,0.0347750422552821,-0.430072295609961,1.29944835199201,0.04,White_wavg
2025-07-30,211,2025,KHR-1,0.0773717020032336,-0.250942369478224,2.18523491955907,0.04,White_wavg
2025-07-31,212,2025,KHR-1,0.0548864024922506,-0.241705185762697,1.61386524806896,0.04,White_wavg
2025-08-01,213,2025,KHR-1,0.0267516512480626,-0.85879876048125,1.52759004168281,0.04,White_wavg
2025-08-02,214,2025,KHR-1,-0.0814730525435289,-1.79152407968033,-0.245302233907893,0.04,White_wavg
2025-08-03,215,2025,KHR-1,0.0822283662281677,1.36446758309327,0.69124157261092,0.04,White_wavg
2025-08-04,216,2025,KHR-1,-0.0812671422994362,-2.34727053843886,0.315591980952959,0.04,White_wavg
2025-08-05,217,2025,KHR-1,-0.0481599432985883,-0.370742046103032,-0.833256536361674,0.04,White_wavg
2025-08-06,218,2025,KHR-1,-0.036859373112556,-0.735711484736612,-0.185772843077288,0.04,White_wavg
2025-08-07,219,2025,KHR-1,0.0429335584682769,0.355631189733032,0.717707771973892,0.04,White_wavg
2025-08-08,220,2025,KHR-1,0.0858608764684902,2.20983191603716,-0.0633100043249044,0.04,White_wavg
2025-08-09,221,2025,KHR-1,0.0354122393621486,1.2507226356397,-0.365416651585988,0.04,White_wavg
2025-08-10,222,2025,KHR-1,-0.098392292944489,-2.38226928094463,-0.077538042667598,0.04,White_wavg
2025-08-11,223,2025,KHR-1,0.149928513133925,3.40247311287266,0.34573971547546,0.04,White_wavg
2025-08-12,224,2025,KHR-1,-0.0119945029957091,-0.448442543423425,0.148579968530697,0.04,White_wavg
2025-08-13,225,2025,KHR-1,-0.0490194281218027,-1.16266858163527,-0.0628171214097932,0.04,White_wavg
2025-08-14,226,2025,KHR-1,-0.0453878725547702,-1.90292372274894,0.768226908879683,0.04,White_wavg
2025-08-15,227,2025,KHR-1,-0.0232937644141066,-0.550637884234106,-0.0317062261185583,0.04,White_wavg
2025-08-16,228,2025,KHR-1,0.119507184519833,3.20981600416488,-0.222136391169045,0.04,White_wavg
2025-08-17,229,2025,KHR-1,-0.00888196137595117,-0.786697321373936,0.564648286975157,0.04,White_wavg
2025-08-18,230,2025,KHR-1,-0.0134173439223275,0.799287760545298,-1.13472135860349,0.04,White_wavg
2025-08-19,231,2025,KHR-1,-0.0976736918450104,-1.97024736950127,-0.471594926623993,0.04,White_wavg
2025-08-20,232,2025,KHR-1,-0.0272484911496593,-0.552824828747674,-0.128387449993809,0.04,White_wavg
2025-08-21,233,2025,KHR-1,-0.00909386639787954,-0.806139699049965,0.578793039102976,0.04,White_wavg
2025-08-22,234,2025,KHR-1,0.0438793880808356,0.79052900496626,0.306455697054631,0.04,White_wavg
2025-08-23,235,2025,KHR-1,0.0576130584601759,2.23557600770508,-0.795249546200679,0.04,White_wavg
2025-08-24,236,2025,KHR-1,0,-3.94349222340816,0.733526586811962,0.04,White_wavg
2025-08-25,237,2025,KHR-1,0,-1.15051299056094,0.164225137126039,0.04,White_wavg
2025-08-26,238,2025,KHR-1,0,1.11912000601512,-0.487023275583994,0.04,White_wavg
2025-08-27,239,2025,KHR-1,0,-2.17279653622344,-0.357067016304683,0.04,White_wavg
2025-08-28,240,2025,KHR-1,0,-1.67295153899411,0.54570780158177,0.04,White_wavg
2025-08-29,241,2025,KHR-1,-0.0128523389911766,-0.0418791624654489,-0.279429312313965,0.04,White_wavg
2025-08-30,242,2025,KHR-1,0.0638493526913425,1.3027564952182,0.293477322065357,0.04,White_wavg
2025-08-31,243,2025,KHR-1,0.0595415339847398,1.58650291988809,-0.0979645702695962,0.04,White_wavg
2025-09-01,244,2025,KHR-1,0.0234119059997244,0.425538093358796,0.159759556634313,0.04,White_wavg
2025-09-02,245,2025,KHR-1,0,1.61322588019664,0.0149248994082711,0.04,White_wavg
2025-09-03,246,2025,KHR-1,0,2.72043335627959,-0.172068419127825,0.04,White_wavg
2025-09-04,247,2025,KHR-1,0,0.404235994742663,0.923570961737113,0.04,White_wavg
2025-09-05,248,2025,KHR-1,0,-0.775413046773593,-0.184874009110203,0.04,White_wavg
2025-09-06,249,2025,KHR-1,-0.063089123090005,-0.950348641356499,-0.626879435893628,0.04,White_wavg
2025-09-07,250,2025,KHR-1,-0.0624385079637193,-1.40993804430281,-0.151024654790177,0.04,White_wavg
2025-09-08,251,2025,KHR-1,-0.032440540772015,-1.76983482929955,0.958821309999181,0.04,White_wavg
2025-09-09,252,2025,KHR-1,0.0253350587345142,-0.400902413345733,1.03427888170859,0.04,White_wavg
2025-09-10,253,2025,KHR-1,0.111096828584583,3.16990612776272,-0.392485413148151,0.04,White_wavg
2025-09-11,254,2025,KHR-1,0.0178323436418492,1.29575220800504,-0.849943616958811,0.04,White_wavg
2025-09-12,255,2025,KHR-1,0.0258666164840014,0.751086089876509,-0.104420677776474,0.04,White_wavg
2025-09-13,256,2025,KHR-1,0.0190400028014381,0.378531335523348,0.0974687345126029,0.04,White_wavg
2025-09-14,257,2025,KHR-1,-0.0595636157413793,-1.88246934000551,0.393378946471032,0.04,White_wavg
2025-09-15,258,2025,KHR-1,0.0709667132210359,2.84198096705586,-1.06781313652996,0.04,White_wavg
2025-09-16,259,2025,KHR-1,-0.0911645176471006,-1.73114169892514,-0.547971242252373,0.04,White_wavg
2025-09-17,260,2025,KHR-1,-0.0642974208167124,-2.43164292839455,0.824207407976743,0.04,White_wavg
2025-09-18,261,2025,KHR-1,-0.0320411575083341,-1.87775638737784,1.07672744966949,0.04,White_wavg
2025-09-19,262,2025,KHR-1,-0.0782642167722418,-1.44111097477446,-0.515494444531583,0.04,White_wavg
2025-09-20,263,2025,KHR-1,-0.0133195414622378,0.403441011704331,-0.736429548260276,0.04,White_wavg
2025-09-21,264,2025,KHR-1,-0.092691676803928,-2.61765515396593,0.300363233867728,0.04,White_wavg
2025-09-22,265,2025,KHR-1,0.00900245757581502,0.0123193266863666,0.212742112709009,0.04,White_wavg
2025-09-23,266,2025,KHR-1,0.13013066588708,3.82417258199084,-0.570905934813837,0.04,White_wavg
2025-09-24,267,2025,KHR-1,0.073686537644378,2.26490770254131,-0.422744261431859,0.04,White_wavg
2025-09-25,268,2025,KHR-1,-0.180165904479977,-5.96824505452349,1.46409744252408,0.04,White_wavg
2025-09-26,269,2025,KHR-1,0.153952745635096,4.513060100129,-0.664241459251599,0.04,White_wavg
2025-09-27,270,2025,KHR-1,-0.121554245490393,-3.53113986926874,0.492283732008929,0.04,White_wavg
2025-09-28,271,2025,KHR-1,-0.120334787361406,-2.98704623081139,-0.0213234532237721,0.04,White_wavg
2025-09-29,272,2025,KHR-1,-0.0609803564706931,-2.49197098478078,0.967462073013451,0.04,White_wavg
2025-09-30,273,2025,KHR-1,-0.0254322257338555,0.238076537287753,-0.873882180634141,0.04,White_wavg
2025-10-01,274,2025,KHR-1,-0.033137340114385,-0.869512010003916,0.0410785071442916,0.04,White_wavg
2025-10-02,275,2025,KHR-1,0,-3.11137641386705,0.123536313630808,0.04,White_wavg
2025-10-03,276,2025,KHR-1,0,-2.18403740290785,0.0545496468269846,0.04,White_wavg
2025-10-04,277,2025,KHR-1,0,-1.13046654956941,0.463324677969737,0.04,White_wavg
2025-10-05,278,2025,KHR-1,0,1.41764327790384,-0.63213037667326,0.04,White_wavg
2025-10-06,279,2025,KHR-1,-0.142703091240241,-3.26928372959787,-0.29829355140815,0.04,White_wavg
2025-10-07,280,2025,KHR-1,-0.0128305096363511,-0.346353549717861,0.0255908088090848,0.04,White_wavg
2025-10-08,281,2025,KHR-1,-0.0205061588266909,-1.98348532748884,1.47083135682156,0.04,White_wavg
2025-10-09,282,2025,KHR-1,-0.0228802697842241,-0.447670253415566,-0.124336491190036,0.04,White_wavg
2025-10-10,283,2025,KHR-1,0.0465002622579306,1.29977890158099,-0.137272345132729,0.04,White_wavg
2025-10-11,284,2025,KHR-1,-0.149849913890777,-3.2705939212907,-0.475653925978733,0.04,White_wavg
2025-10-12,285,2025,KHR-1,0.152030677297038,2.06289803400929,1.73786889841666,0.04,White_wavg
2025-10-13,286,2025,KHR-1,-0.116300112056647,-3.73008646554416,0.82258366412799,0.04,White_wavg
2025-10-14,287,2025,KHR-1,0,2.2844025861601,-1.47264425669052,0.04,White_wavg
2025-10-15,288,2025,KHR-1,0,0.56678429919765,-1.8328238061173,0.04,White_wavg
2025-10-16,289,2025,KHR-1,0,-3.17330373036526,-0.186490450404264,0.04,White_wavg
2025-10-17,290,2025,KHR-1,0,-1.58190208143449,0.187298274888562,0.04,White_wavg
2025-10-18,291,2025,KHR-1,-0.00432548838270918,0.212039310027109,-0.320176519594838,0.04,White_wavg
2025-10-19,292,2025,KHR-1,-0.0667580330106534,-1.53992452764635,-0.129026297619987,0.04,White_wavg
2025-10-20,293,2025,KHR-1,0.0283304075524529,1.78305932723362,-1.07479913842229,0.04,White_wavg
2025-10-21,294,2025,KHR-1,-0.105527904473119,-3.86050827285334,1.22231066102536,0.04,White_wavg
2025-10-22,295,2025,KHR-1,0.034067861779065,1.03489320012358,-0.183196655646952,0.04,White_wavg
2025-10-23,296,2025,KHR-1,0.0746742898906541,1.86260389739212,0.00425334987423298,0.04,White_wavg
2025-10-24,297,2025,KHR-1,-0.0236211374439586,-0.222006726778318,-0.368521709320646,0.04,White_wavg
2025-10-25,298,2025,KHR-1,0.0999951152787236,2.91923992031755,-0.419362038349462,0.04,White_wavg
2025-10-26,299,2025,KHR-1,-0.0683354538890996,-0.718502611333037,-0.989883735894452,0.04,White_wavg
2025-10-27,300,2025,KHR-1,0.110191184984274,5.68043335662622,-2.92565373201938,0.04,White_wavg
2025-10-28,301,2025,KHR-1,-0.0819133671669459,0.495826926075836,-2.54366110524948,0.04,White_wavg
2025-10-29,302,2025,KHR-1,-0.0748413749972326,0.179015548853954,-2.05004992378477,0.04,White_wavg
2025-10-30,303,2025,KHR-1,-0.00846869422290411,0.822318514852725,-1.03403587042533,0.04,White_wavg
2018-08-25,237,2018,KHT-XE4S,0.001589069707544,0.31635668800547,-0.138910570663057,0.00895522388059705,White_wavg
2018-07-26,207,2018,KWF-1,0.0375848935075915,-0.711852283578907,1.371879681761,0.0569444444444444,White_wavg
2018-07-27,208,2018,KWF-1,0.43535032953056,0.710531422818406,6.93464509576704,0.0569444444444444,White_wavg
2018-08-25,237,2018,KWF-1,0.380858336403818,6.60382976600462,0.0844141903551048,0.0569444444444444,White_wavg
2018-08-26,238,2018,KWF-1,-0.144429295734501,11.5066628952523,-14.0429822349801,0.0569444444444444,White_wavg
2018-09-30,273,2018,KWF-1,0.123530090790568,2.87804083388394,-0.708731922439824,0.0569444444444444,White_wavg
2019-06-04,155,2019,KWF-2,-0.365285445372607,-3.38267220275376,-0.6007818380306,0.0917006802721088,White_wavg
2019-06-05,156,2019,KWF-2,0.132589483728721,0.575541187297562,0.87035303437321,0.0917006802721088,White_wavg
2019-06-06,157,2019,KWF-2,0.123649041117585,0.9439137043092,0.40448459274458,0.0917006802721088,White_wavg
2019-06-07,158,2019,KWF-2,-0.285888080640347,-2.4330516344094,-0.68457060996234,0.0917006802721088,White_wavg
2019-06-08,159,2019,KWF-2,-0.0135717387357619,0.7689875133636,-0.91698792836041,0.0917006802721088,White_wavg
2019-06-09,160,2019,KWF-2,-0.0331664287318243,-0.465171851295302,0.10349046972422,0.0917006802721088,White_wavg
2019-06-10,161,2019,KWF-2,0.126126714576676,1.63894207375746,-0.26352463735009,0.0917006802721088,White_wavg
2019-06-11,162,2019,KWF-2,-0.0516647775314308,-1.25151675898182,0.68811006038239,0.0917006802721088,White_wavg
2019-06-12,163,2019,KWF-2,0.115062864738739,0.49139430220788,0.76337135926056,0.0917006802721088,White_wavg
2019-06-13,164,2019,KWF-2,-0.154487899948066,-2.4340194573693,0.74932203211962,0.0917006802721088,White_wavg
2019-06-14,165,2019,KWF-2,0.031427157663446,0.0361638632447998,0.30655068990999,0.0917006802721088,White_wavg
2019-06-15,166,2019,KWF-2,0.0810659191102612,0.60201439169418,0.28201306447855,0.0917006802721088,White_wavg
2019-06-16,167,2019,KWF-2,-0.165849926001773,-1.28086756282134,-0.52773326227218,0.0917006802721088,White_wavg
2019-06-17,168,2019,KWF-2,-0.188847706158978,-2.37210274336056,0.31271010201266,0.0917006802721088,White_wavg
2019-06-18,169,2019,KWF-2,0.240874967581607,0.55056825087906,2.07618399203609,0.0917006802721088,White_wavg
2019-06-19,170,2019,KWF-2,0.268378637799638,2.23811673070458,0.68856426013717,0.0917006802721088,White_wavg
2019-06-20,171,2019,KWF-2,-0.064924455505912,-1.80776851558554,1.09976443848101,0.0917006802721088,White_wavg
2019-06-21,172,2019,KWF-2,0.103324843451559,1.449256890438,-0.3224948735701,0.0917006802721088,White_wavg
2019-06-22,173,2019,KWF-2,0.107306669192853,1.65810841905768,-0.48792441524838,0.0917006802721088,White_wavg
2019-06-23,174,2019,KWF-2,0.0236545994832117,-0.033827760940139,0.29178222117991,0.0917006802721088,White_wavg
2019-06-24,175,2019,KWF-2,0.074279303809826,-0.3801381373158,1.19015725156242,0.0917006802721088,White_wavg
2019-06-25,176,2019,KWF-2,0.133904393624708,1.3742727497526,0.0859606228610605,0.0917006802721088,White_wavg
2019-06-26,177,2019,KWF-2,0.111077001370256,0.7939066147518,0.41739302927102,0.0917006802721088,White_wavg
2019-06-27,178,2019,KWF-2,0.0790589743019478,1.454025768912,-0.59188413520382,0.0917006802721088,White_wavg
2019-06-28,179,2019,KWF-2,0.104845401555947,1.33088657356806,-0.18754280289119,0.0917006802721088,White_wavg
2019-06-29,180,2019,KWF-2,0.129552801486048,1.34866968028542,0.0641093863650997,0.0917006802721088,White_wavg
2019-06-30,181,2019,KWF-2,0.27927951514933,2.66295868024254,0.38259686329986,0.0917006802721088,White_wavg
2019-07-01,182,2019,KWF-2,0.183074682187098,1.24179870151266,0.754638856462369,0.0917006802721088,White_wavg
2019-07-02,183,2019,KWF-2,0.0360179215064399,0.168793103848257,0.22398393335105,0.0917006802721088,White_wavg
2019-07-03,184,2019,KWF-2,0.176122143443819,1.50169871209866,0.41892110142073,0.0917006802721088,White_wavg
2019-07-04,185,2019,KWF-2,0.444979997111865,5.2258652486469,-0.37333857391069,0.0917006802721088,White_wavg
2019-07-05,186,2019,KWF-2,0.172296669896556,2.22376841496048,-0.34486556074729,0.0917006802721088,White_wavg
2019-07-06,187,2019,KWF-2,0.525033110629841,5.13340435175388,0.592105089090821,0.0917006802721088,White_wavg
2019-07-07,188,2019,KWF-2,0.0394402969709675,-0.725634442346756,1.15573263631799,0.0917006802721088,White_wavg
2019-07-08,189,2019,KWF-2,0.312656769652056,3.5376171982758,-0.1280812087467,0.0917006802721088,White_wavg
2019-07-09,190,2019,KWF-2,0.337821877789554,3.55492995904536,0.12903265483182,0.0917006802721088,White_wavg
2019-07-10,191,2019,KWF-2,0.560574180964697,5.6723877525606,0.440698642232459,0.0917006802721088,White_wavg
2019-07-11,192,2019,KWF-2,1.06392892371726,9.52068165187152,2.08151061715203,0.0917006802721088,White_wavg
2019-07-12,193,2019,KWF-2,1.20450464387167,11.5123632829608,1.6228134714261,0.0917006802721088,White_wavg
2019-07-13,194,2019,KWF-2,0.605618681915752,4.09759054600656,2.50670813660587,0.0917006802721088,White_wavg
2019-07-14,195,2019,KWF-2,0.836428220785449,7.39103950981176,1.73024746759633,0.0917006802721088,White_wavg
2019-07-15,196,2019,KWF-2,0.362409824086582,0.762475128870545,3.1896201337947,0.0917006802721088,White_wavg
2019-07-16,197,2019,KWF-2,-0.244081666719249,-3.99230132554105,1.33057988579849,0.0917006802721088,White_wavg
2019-07-17,198,2019,KWF-2,-0.0236746876615333,-1.25421015977807,0.996036637059568,0.0917006802721088,White_wavg
2019-07-18,199,2019,KWF-2,0.0326070365674219,-2.54581195541195,2.90139314053146,0.0917006802721088,White_wavg
2019-07-19,200,2019,KWF-2,-0.250367126942137,-4.91231192295594,2.18204725971453,0.0917006802721088,White_wavg
2019-07-20,201,2019,KWF-2,-0.0621662026200993,-3.29068814380804,2.6127629371942,0.0917006802721088,White_wavg
2019-07-21,202,2019,KWF-2,-0.268997128371002,-3.95804730701492,1.02462164896319,0.0917006802721088,White_wavg
2019-07-22,203,2019,KWF-2,-0.277420070587928,-6.06689068300423,3.04161246516852,0.0917006802721088,White_wavg
2019-07-23,204,2019,KWF-2,-0.346714257673273,-6.12848764831711,2.34755323600471,0.0917006802721088,White_wavg
2019-07-24,205,2019,KWF-2,-0.372648768887983,-7.12064270276649,3.05689129130258,0.0917006802721088,White_wavg
2019-07-25,206,2019,KWF-2,-0.186794853482024,-4.77969593456149,2.74268974302903,0.0917006802721088,White_wavg
2019-07-26,207,2019,KWF-2,0.226125291223768,0.580642251117425,1.8852641146017,0.0917006802721088,White_wavg
2019-07-27,208,2019,KWF-2,0.278306329767384,1.86941308437589,1.16552982925953,0.0917006802721088,White_wavg
2019-07-28,209,2019,KWF-2,0.263280400927304,0.798985818508015,2.07209867231644,0.0917006802721088,White_wavg
2019-07-29,210,2019,KWF-2,0.412490916827901,2.3185176942448,2.17971411389328,0.0917006802721088,White_wavg
2019-07-30,211,2019,KWF-2,0.415915332235443,2.86384687527072,1.67172833530866,0.0917006802721088,White_wavg
2019-07-31,212,2019,KWF-2,0.512383675226359,4.88090128123204,0.706665503506443,0.0917006802721088,White_wavg
2019-08-01,213,2019,KWF-2,0.657454496665353,5.62905347900973,1.54051707067921,0.0917006802721088,White_wavg
2019-08-02,214,2019,KWF-2,0.454657038030488,4.23785739264875,0.720197844033876,0.0917006802721088,White_wavg
2019-08-03,215,2019,KWF-2,0.674609869006432,5.76419735899623,1.59245328966442,0.0917006802721088,White_wavg
2019-08-04,216,2019,KWF-2,0.657162031750903,6.42540265322924,0.740978553549894,0.0917006802721088,White_wavg
2019-08-05,217,2019,KWF-2,0.563254986947102,4.30416823377939,1.8381524695755,0.0917006802721088,White_wavg
2019-08-06,218,2019,KWF-2,0.615423498916258,5.81008038907456,0.901140259344572,0.0917006802721088,White_wavg
2019-08-07,219,2019,KWF-2,0.566254131950293,4.97182115448354,1.20320535862426,0.0917006802721088,White_wavg
2019-08-08,220,2019,KWF-2,0.54707396009137,4.95917189814037,1.00669398712903,0.0917006802721088,White_wavg
2019-08-09,221,2019,KWF-2,0.456028987638559,3.64166390245617,1.33135250576846,0.0917006802721088,White_wavg
2019-08-10,222,2019,KWF-2,0.487231972804815,5.78404824920042,-0.470761898880852,0.0917006802721088,White_wavg
2019-08-11,223,2019,KWF-2,0.547443789617944,6.50784568136587,-0.537946788647929,0.0917006802721088,White_wavg
2019-08-12,224,2019,KWF-2,0.834649374627656,9.74563386320995,-0.643745282329718,0.0917006802721088,White_wavg
2019-08-13,225,2019,KWF-2,0.604276112098575,6.35606331034211,0.233594588655706,0.0917006802721088,White_wavg
2019-08-14,226,2019,KWF-2,0.963814360339493,9.66896195924392,0.841476540007236,0.0917006802721088,White_wavg
2019-08-15,227,2019,KWF-2,0.753838233145502,6.62270371754232,1.59793576853993,0.0917006802721088,White_wavg
2019-08-16,228,2019,KWF-2,0.741151842616223,6.48119849816879,1.60109533451553,0.0917006802721088,White_wavg
2019-08-17,229,2019,KWF-2,0.55687841291245,4.62690924896268,1.44587463072057,0.0917006802721088,White_wavg
2019-08-18,230,2019,KWF-2,0.758808994768747,7.74692681215643,0.527919050677824,0.0917006802721088,White_wavg
2019-08-19,231,2019,KWF-2,0.702965280707759,7.38818274659323,0.277684928780701,0.0917006802721088,White_wavg
2019-08-20,232,2019,KWF-2,0.719614339621586,8.30412845409643,-0.456702050211177,0.0917006802721088,White_wavg
2019-08-21,233,2019,KWF-2,0.654064440102244,5.28318457666148,1.84941725531402,0.0917006802721088,White_wavg
2019-08-22,234,2019,KWF-2,0.539292954492765,5.27098195725162,0.610031715629418,0.0917006802721088,White_wavg
2019-08-23,235,2019,KWF-2,0.594236100827426,5.99899184539478,0.48117928380637,0.0917006802721088,White_wavg
2019-08-24,236,2019,KWF-2,0.850354007313139,9.37368050134882,-0.100532202014136,0.0917006802721088,White_wavg
2019-08-25,237,2019,KWF-2,0.856589063496355,9.13061116595344,0.210530698583966,0.0917006802721088,White_wavg
2019-08-26,238,2019,KWF-2,0.831523436174079,7.87791712417558,1.18988295873166,0.0917006802721088,White_wavg
2019-08-27,239,2019,KWF-2,0.575244892938352,5.36661023661611,0.906460925248709,0.0917006802721088,White_wavg
2019-08-28,240,2019,KWF-2,0.83788821944586,8.85631975841324,0.28088856937174,0.0917006802721088,White_wavg
2019-08-29,241,2019,KWF-2,0.43824145363484,3.95440844638344,0.824634111800648,0.0917006802721088,White_wavg
2019-08-30,242,2019,KWF-2,0.758469580846001,7.73841583459532,0.532728704303949,0.0917006802721088,White_wavg
2019-08-31,243,2019,KWF-2,0.715905274389974,6.59619193851211,1.21078694393049,0.0917006802721088,White_wavg
2019-09-01,244,2019,KWF-2,0.768270171078832,7.67331810118787,0.704702310428473,0.0917006802721088,White_wavg
2019-09-02,245,2019,KWF-2,0.786987989490203,8.15277033000257,0.429368724527095,0.0917006802721088,White_wavg
2019-09-03,246,2019,KWF-2,0.868836136646795,8.63765013100095,0.837046611363945,0.0917006802721088,White_wavg
2019-09-04,247,2019,KWF-2,0.621374618548686,7.812274472019,-1.03615659912161,0.0917006802721088,White_wavg
2019-09-05,248,2019,KWF-2,0.612195006628058,7.46323478759763,-0.787220991282752,0.0917006802721088,White_wavg
2019-09-06,249,2019,KWF-2,0.88850521405877,10.0032880918718,-0.314099184851102,0.0917006802721088,White_wavg
2019-09-07,250,2019,KWF-2,0.664097592156346,6.59395320186107,0.648060599843888,0.0917006802721088,White_wavg
2019-09-08,251,2019,KWF-2,0.757319664974059,10.8880134230503,-2.62940876791778,0.0917006802721088,White_wavg
2019-09-09,252,2019,KWF-2,0.382805067602358,5.49753448209529,-1.32302818109035,0.0917006802721088,White_wavg
2019-09-10,253,2019,KWF-2,0.528754410529834,9.59571682241673,-3.82962644052611,0.0917006802721088,White_wavg
2019-09-11,254,2019,KWF-2,0.247455680090183,6.10479449520724,-3.40627928947602,0.0917006802721088,White_wavg
2019-09-12,255,2019,KWF-2,0.838532640382993,11.6311108864252,-2.4868751196374,0.0917006802721088,White_wavg
2019-09-13,256,2019,KWF-2,0.662759647183912,9.01141129883425,-1.78398784660612,0.0917006802721088,White_wavg
2019-09-14,257,2019,KWF-2,0.793120939655187,8.65791861068277,-0.00889946162398303,0.0917006802721088,White_wavg
2019-09-15,258,2019,KWF-2,1.18139622553393,10.669652590115,2.21352583373431,0.0917006802721088,White_wavg
2019-09-16,259,2019,KWF-2,-1.56191885118587,6.9465855594633,-23.9793801532558,0.0917006802721088,White_wavg
2019-09-17,260,2019,KWF-2,1.62017644662154,29.3544926724411,-11.6863964073547,0.0917006802721088,White_wavg
2019-09-18,261,2019,KWF-2,-1.27511956871463,-6.02443668776544,-7.8807989651315,0.0917006802721088,White_wavg
2019-09-19,262,2019,KWF-2,0.727007660965309,14.2186149078458,-6.29056400562771,0.0917006802721088,White_wavg
2019-09-20,263,2019,KWF-2,0.256597285061326,-0.585037523237041,3.38324233807494,0.0917006802721088,White_wavg
2019-09-21,264,2019,KWF-2,-0.013354739363334,-2.68703953606716,2.5414055088854,0.0917006802721088,White_wavg
2019-09-22,265,2019,KWF-2,-0.107838079604856,-3.98361446839392,2.80763541038844,0.0917006802721088,White_wavg
2019-09-23,266,2019,KWF-2,0.169470790460082,1.56169683433447,0.28638967884298,0.0917006802721088,White_wavg
2019-09-24,267,2019,KWF-2,0.557594669217575,4.82576733214051,1.25482735443097,0.0917006802721088,White_wavg
2019-09-25,268,2019,KWF-2,0.527384440817349,3.63106807567386,2.12008272552424,0.0917006802721088,White_wavg
2019-09-26,269,2019,KWF-2,0.263801552418836,1.40311138975768,1.47365628127858,0.0917006802721088,White_wavg
2019-09-27,270,2019,KWF-2,0.479301984067732,2.48375651808457,2.74305295209025,0.0917006802721088,White_wavg
2019-09-28,271,2019,KWF-2,-1.31705281454293,4.61465477132417,-18.9771743364437,0.0917006802721088,White_wavg
2019-09-29,272,2019,KWF-2,-0.126328085003062,-1.9058793664275,0.528265976557311,0.0917006802721088,White_wavg
2019-09-30,273,2019,KWF-2,-0.428908891105587,-3.52234539657306,-1.15492515183356,0.0917006802721088,White_wavg
2019-10-01,274,2019,KWF-2,-0.394254576951602,-4.39841814510234,0.0990544350218103,0.0917006802721088,White_wavg
2019-10-02,275,2019,KWF-2,-0.288792232207107,-2.00441431205753,-1.14487783441462,0.0917006802721088,White_wavg
2019-10-03,276,2019,KWF-2,0.0946512576185625,-1.91676712771956,2.94894330501397,0.0917006802721088,White_wavg
2019-10-04,277,2019,KWF-2,0.735039049330991,8.6548583163225,-0.63922476649641,0.0917006802721088,White_wavg
2019-10-05,278,2019,KWF-2,0.301336076427909,3.10507807431576,0.18100525171559,0.0917006802721088,White_wavg
2019-10-06,279,2019,KWF-2,0.439540455107751,4.43829856781802,0.35490965924722,0.0917006802721088,White_wavg
2019-10-07,280,2019,KWF-2,0.41552701109008,3.47857239977676,1.05276815142812,0.0917006802721088,White_wavg
2019-10-08,281,2019,KWF-2,0.127593251477326,-0.852713310318233,2.24412339690332,0.0917006802721088,White_wavg
2019-10-09,282,2019,KWF-2,-0.318058212095998,-1.56098501013168,-1.90745394966889,0.0917006802721088,White_wavg
2019-10-10,283,2019,KWF-2,-0.651841501972917,-3.03518198711502,-4.07317860561634,0.0917006802721088,White_wavg
2019-10-11,284,2019,KWF-2,-0.199386650250403,-2.03400140410008,-0.140318891657281,0.0917006802721088,White_wavg
2019-10-12,285,2019,KWF-2,0.0135910024618132,-1.93138346246791,2.07959394925474,0.0917006802721088,White_wavg
2019-10-13,286,2019,KWF-2,0.252546537780634,2.19821064078084,0.555820594660789,0.0917006802721088,White_wavg
2019-10-14,287,2019,KWF-2,-0.15557478040842,-0.233615413985465,-1.46293449106185,0.0917006802721088,White_wavg
2019-10-15,288,2019,KWF-2,0.0710307955073554,-0.354430649934301,1.12902463655012,0.0917006802721088,White_wavg
2019-10-16,289,2019,KWF-2,0.289933505296439,0.0376683218270983,3.12406945848273,0.0917006802721088,White_wavg
2019-10-17,290,2019,KWF-2,-0.83009335086371,-6.8542896422919,-2.19791529665212,0.0917006802721088,White_wavg
2019-10-18,291,2019,KWF-2,0.00342125331090629,1.79490367711104,-1.7575947574743,0.0917006802721088,White_wavg
2019-10-19,292,2019,KWF-2,-0.229269341640786,-3.00889524462989,0.508702869170289,0.0917006802721088,White_wavg
2021-06-06,157,2021,KWF-2,0.264296919671483,-0.0737852812640938,2.95595495423946,0.0917006802721088,White_wavg
2021-06-07,158,2021,KWF-2,0.178788173042103,-0.643852962318192,2.59354594727288,0.0917006802721088,White_wavg
2021-06-08,159,2021,KWF-2,0.00086966056505607,-0.655567362855791,0.665051050026655,0.0917006802721088,White_wavg
2021-06-09,160,2021,KWF-2,0.2966101581361,2.51064543504107,0.723901541665661,0.0917006802721088,White_wavg
2021-06-10,161,2021,KWF-2,0.24719628965079,1.94056089027121,0.755125651172861,0.0917006802721088,White_wavg
2021-06-11,162,2021,KWF-2,0.197422999486135,0.572721778273433,1.58018481849673,0.0917006802721088,White_wavg
2021-06-12,163,2021,KWF-2,0.130225616080865,-0.448387789655058,1.86850392940929,0.0917006802721088,White_wavg
2021-06-13,164,2021,KWF-2,0.257446482945499,1.08451299587848,1.72295235968445,0.0917006802721088,White_wavg
2021-06-14,165,2021,KWF-2,0.232639897112055,2.2664051949647,0.270543237933822,0.0917006802721088,White_wavg
2021-06-15,166,2021,KWF-2,0.214868710117273,2.34984923727306,-0.0066963895550316,0.0917006802721088,White_wavg
2021-06-16,167,2021,KWF-2,0.151704802880086,0.220251320555718,1.43409630729091,0.0917006802721088,White_wavg
2021-06-17,168,2021,KWF-2,0.150916981995879,-0.618887004249302,2.26464341028745,0.0917006802721088,White_wavg
2021-06-18,169,2021,KWF-2,0.165726712037583,-0.174712575010005,1.98196974633973,0.0917006802721088,White_wavg
2021-06-19,170,2021,KWF-2,0.507604740924315,0.882278401626735,4.65317389183575,0.0917006802721088,White_wavg
2021-06-20,171,2021,KWF-2,0.261005621550582,1.34197971553789,1.50429820493211,0.0917006802721088,White_wavg
2021-06-21,172,2021,KWF-2,-0.00294396249953205,-2.31224171557795,2.28013767348365,0.0917006802721088,White_wavg
2021-06-22,173,2021,KWF-2,-0.0974925939042103,-4.07561031985435,3.01244924389597,0.0917006802721088,White_wavg
2021-06-23,174,2021,KWF-2,0.60215704708261,4.5221860534042,2.04436334727411,0.0917006802721088,White_wavg
2021-06-24,175,2021,KWF-2,0.41031880507255,3.85343994719958,0.621104885564876,0.0917006802721088,White_wavg
2021-06-25,176,2021,KWF-2,0.607509088414086,4.38347973899766,2.24143391062182,0.0917006802721088,White_wavg
2021-06-26,177,2021,KWF-2,0.368623731942289,1.56002763596987,2.4598305684453,0.0917006802721088,White_wavg
2021-06-27,178,2021,KWF-2,0.344240957765741,-0.0165043722368807,3.77046733897011,0.0917006802721088,White_wavg
2021-06-28,179,2021,KWF-2,0.106923448656098,-3.52825579475669,4.69426076155538,0.0917006802721088,White_wavg
2021-06-29,180,2021,KWF-2,0.289684950432469,-0.817923765153637,3.97695104360861,0.0917006802721088,White_wavg
2021-06-30,181,2021,KWF-2,-0.21177525648144,-7.44774903859758,5.13833044046912,0.0917006802721088,White_wavg
2021-07-01,182,2021,KWF-2,0.0261156871959085,-5.8633713334284,6.1481640647191,0.0917006802721088,White_wavg
2021-07-02,183,2021,KWF-2,0.48999193790237,-0.820739752076662,6.16412364463218,0.0917006802721088,White_wavg
2021-07-03,184,2021,KWF-2,-10.6439572353953,-0.627175810742784,-115.445651607885,0.0917006802721088,White_wavg
2024-06-03,155,2024,KWF-2,-0.379060730019171,-4.26404689129218,0.1303727582938,0.0917006802721088,White_wavg
2024-06-04,156,2024,KWF-2,-0.00757611004263439,-0.0221796905215186,-0.06043812670899,0.0917006802721088,White_wavg
2024-06-05,157,2024,KWF-2,0.140741482703424,0.44233825623156,1.09245387710696,0.0917006802721088,White_wavg
2024-06-06,158,2024,KWF-2,0.183331769516059,1.4267711005839,0.572470006156499,0.0917006802721088,White_wavg
2024-06-07,159,2024,KWF-2,0.21432519106249,1.13149199545002,1.20573375278337,0.0917006802721088,White_wavg
2024-06-08,160,2024,KWF-2,0.224266079646584,1.93429065396984,0.51134092674588,0.0917006802721088,White_wavg
2024-06-09,161,2024,KWF-2,0.222019281420784,2.28633120198618,0.13479894407133,0.0917006802721088,White_wavg
2024-06-10,162,2024,KWF-2,0.519482694883784,5.52027658345578,0.14470532662703,0.0917006802721088,White_wavg
2024-06-11,163,2024,KWF-2,0.648956957633874,4.57191948935503,2.5049850189669,0.0917006802721088,White_wavg
2024-06-12,164,2024,KWF-2,1.61126712203612,13.1476928547578,4.4232468291673,0.0917006802721088,White_wavg
2024-06-13,165,2024,KWF-2,2.7073065657959,26.4618329863271,3.06146561693676,0.0917006802721088,White_wavg
2024-06-14,166,2024,KWF-2,1.58520945982189,13.303402090828,3.98337762681429,0.0917006802721088,White_wavg
2024-06-15,167,2024,KWF-2,1.45212626039897,13.2415655279562,2.59393597639459,0.0917006802721088,White_wavg
2024-06-16,168,2024,KWF-2,0.988782720672698,7.55356828175982,3.22915129827628,0.0917006802721088,White_wavg
2024-06-17,169,2024,KWF-2,0.234005667370404,3.82807507999556,-1.27623286163878,0.0917006802721088,White_wavg
2024-06-18,170,2024,KWF-2,0.938496081392407,11.6512470206072,-1.41690548020037,0.0917006802721088,White_wavg
2024-06-19,171,2024,KWF-2,1.27445335975682,10.9997395960772,2.89823101848157,0.0917006802721088,White_wavg
2024-06-20,172,2024,KWF-2,1.07037534299294,8.96914318200575,2.70334757615167,0.0917006802721088,White_wavg
2024-06-21,173,2024,KWF-2,0.475149279237919,2.56573050355833,2.61579353560889,0.0917006802721088,White_wavg
2024-06-22,174,2024,KWF-2,-0.0715258430912404,-4.59864337785554,3.81865087530269,0.0917006802721088,White_wavg
2024-06-23,175,2024,KWF-2,-0.178720959121518,-6.38420688517698,4.43524687101799,0.0917006802721088,White_wavg
2024-06-24,176,2024,KWF-2,0.111433499380866,-2.10876783999474,3.32395511069113,0.0917006802721088,White_wavg
2024-06-25,177,2024,KWF-2,-0.0202471950059636,-2.25770346141228,2.03690689866178,0.0917006802721088,White_wavg
2024-06-26,178,2024,KWF-2,0.0560374573157247,-3.01696325152174,3.62805421779856,0.0917006802721088,White_wavg
2024-06-27,179,2024,KWF-2,0.319402541282488,0.368175593688093,3.11492333572777,0.0917006802721088,White_wavg
2024-06-28,180,2024,KWF-2,0.097960748748476,-2.22317621339698,3.29144253876983,0.0917006802721088,White_wavg
2024-06-29,181,2024,KWF-2,0.5445327428043,4.30667961630427,1.63147418133907,0.0917006802721088,White_wavg
2024-06-30,182,2024,KWF-2,0.698846097941247,6.60712426636785,1.01382353759085,0.0917006802721088,White_wavg
2024-07-01,183,2024,KWF-2,0.254453965665648,0.253460816047379,2.52137100538068,0.0917006802721088,White_wavg
2024-07-02,184,2024,KWF-2,0.673699530916947,5.54944036173772,1.79728300953759,0.0917006802721088,White_wavg
2024-07-03,185,2024,KWF-2,0.424321585029322,2.83294119890591,1.79430457255628,0.0917006802721088,White_wavg
2024-07-04,186,2024,KWF-2,0.601918728551987,5.24643200820631,1.31751851828791,0.0917006802721088,White_wavg
2024-07-05,187,2024,KWF-2,0.714538112919606,5.47574493881729,2.31632498693806,0.0917006802721088,White_wavg
2024-07-06,188,2024,KWF-2,0.515611132121787,3.22303793381624,2.39972441202224,0.0917006802721088,White_wavg
2024-07-07,189,2024,KWF-2,0.645825521148981,4.73505237071734,2.30770368335537,0.0917006802721088,White_wavg
2024-07-08,190,2024,KWF-2,0.740260669639368,5.30175732893099,2.77081822277428,0.0917006802721088,White_wavg
2024-07-09,191,2024,KWF-2,0.390311593301002,2.14187504391714,2.11449025394987,0.0917006802721088,White_wavg
2024-07-10,192,2024,KWF-2,0.541319877821377,3.63283444567131,2.27028291632739,0.0917006802721088,White_wavg
2024-07-11,193,2024,KWF-2,0.296612494818336,1.14912868764532,2.0854437706852,0.0917006802721088,White_wavg
2024-07-12,194,2024,KWF-2,2.79776988889257,1.91442941854771,28.5953757496427,0.0917006802721088,White_wavg
2024-08-11,224,2024,KWF-2,0.288222789339857,2.75378133439838,0.38930101226029,0.0917006802721088,White_wavg
2024-08-12,225,2024,KWF-2,0.35238648646269,3.27620655736811,0.566583762365966,0.0917006802721088,White_wavg
2024-08-13,226,2024,KWF-2,0.692031298910739,8.10152725408236,-0.554895136880674,0.0917006802721088,White_wavg
2024-08-14,227,2024,KWF-2,0.528798538383843,6.45159232802186,-0.685020729919117,0.0917006802721088,White_wavg
2024-08-15,228,2024,KWF-2,0.104749525412513,0.948921639216536,0.193376597848697,0.0917006802721088,White_wavg
2024-08-16,229,2024,KWF-2,0.147087311703102,0.7353445646892,0.868649116346106,0.0917006802721088,White_wavg
2024-08-17,230,2024,KWF-2,0.23156284099171,2.36360918382061,0.161593904145363,0.0917006802721088,White_wavg
2024-08-18,231,2024,KWF-2,0.403723786985059,4.50757988185413,-0.104954014880562,0.0917006802721088,White_wavg
2024-08-19,232,2024,KWF-2,0.341084029127278,4.44480462277048,-0.725268103355802,0.0917006802721088,White_wavg
2024-08-20,233,2024,KWF-2,0.651590302583757,6.71593230025422,0.389688951957368,0.0917006802721088,White_wavg
2024-08-21,234,2024,KWF-2,0.376961467422207,3.92631483529473,0.18446674564477,0.0917006802721088,White_wavg
2024-08-22,235,2024,KWF-2,0.327065285343874,1.51879938140613,2.04786211307083,0.0917006802721088,White_wavg
2024-08-23,236,2024,KWF-2,0.355382995209031,5.37983419019099,-1.5043668092023,0.0917006802721088,White_wavg
2024-08-24,237,2024,KWF-2,-0.23344048520209,3.75196897894443,-6.29764786059927,0.0917006802721088,White_wavg
2024-08-25,238,2024,KWF-2,-0.325968824900494,-6.09978167415602,2.54507712961799,0.0917006802721088,White_wavg
2024-08-26,239,2024,KWF-2,0.247867103079516,2.0533954507504,0.649606340992094,0.0917006802721088,White_wavg
2024-08-27,240,2024,KWF-2,0.342314864462737,2.75904215395317,0.973916679579645,0.0917006802721088,White_wavg
2024-08-28,241,2024,KWF-2,0.223297878370243,1.9484638396392,0.486609463063004,0.0917006802721088,White_wavg
2024-08-29,242,2024,KWF-2,0.432855424057475,4.79118739160361,-0.0708797256949509,0.0917006802721088,White_wavg
2024-08-30,243,2024,KWF-2,0.326225423234064,3.78707197830823,-0.22956921752133,0.0917006802721088,White_wavg
2024-08-31,244,2024,KWF-2,0.326530842708204,3.12478456937444,0.436048804372291,0.0917006802721088,White_wavg
2024-09-01,245,2024,KWF-2,0.188779636235982,0.759773653910003,1.29887668189781,0.0917006802721088,White_wavg
2024-09-02,246,2024,KWF-2,0.434631804270499,5.09806810699067,-0.358388935791609,0.0917006802721088,White_wavg
2024-09-03,247,2024,KWF-2,0.252637932465566,3.62967792267415,-0.874650024125316,0.0917006802721088,White_wavg
2024-09-04,248,2024,KWF-2,0.232839154728496,3.02759067263025,-0.488469326555403,0.0917006802721088,White_wavg
2024-09-05,249,2024,KWF-2,0.422595447795599,4.8718491831369,-0.263427015039497,0.0917006802721088,White_wavg
2024-09-06,250,2024,KWF-2,0.302532838134849,2.50967492943448,0.789459136279376,0.0917006802721088,White_wavg
2024-09-07,251,2024,KWF-2,0.4267799413838,3.53849811979288,1.11555613713729,0.0917006802721088,White_wavg
2024-09-08,252,2024,KWF-2,0.493762312800463,5.8662834377333,-0.481783439093235,0.0917006802721088,White_wavg
2024-09-09,253,2024,KWF-2,0.48586827682336,5.38003711089937,-0.081621925956199,0.0917006802721088,White_wavg
2024-09-10,254,2024,KWF-2,0.47093359238311,3.82021554267382,1.31533624369986,0.0917006802721088,White_wavg
2024-09-11,255,2024,KWF-2,0.222816486518945,2.51986820003668,-0.0900444968998215,0.0917006802721088,White_wavg
2024-09-12,256,2024,KWF-2,-0.027098325257811,0.176734775465093,-0.472243218558432,0.0917006802721088,White_wavg
2024-09-13,257,2024,KWF-2,0.0726198914745324,1.21433464234065,-0.422411493471486,0.0917006802721088,White_wavg
2024-09-14,258,2024,KWF-2,0.306332104384202,2.79294894051571,0.547616292754142,0.0917006802721088,White_wavg
2024-09-15,259,2024,KWF-2,0.328760831567284,2.58916243652934,0.995989064983334,0.0917006802721088,White_wavg
2024-09-16,260,2024,KWF-2,-0.112244070785067,-0.118005647818677,-1.10602094011936,0.0917006802721088,White_wavg
2024-09-17,261,2024,KWF-2,0.113182283208323,2.25003538054031,-1.01577754436646,0.0917006802721088,White_wavg
2024-09-18,262,2024,KWF-2,-0.0854155495679073,0.271504081560494,-1.20296445147758,0.0917006802721088,White_wavg
2024-09-19,263,2024,KWF-2,-0.194624594980649,-2.38070072895877,0.258310857878996,0.0917006802721088,White_wavg
2024-09-20,264,2024,KWF-2,-0.071903860898218,-0.976088317286326,0.191973513722672,0.0917006802721088,White_wavg
2024-09-21,265,2024,KWF-2,0.0706594590126001,0.845268319831803,-0.0747237742196205,0.0917006802721088,White_wavg
2024-09-22,266,2024,KWF-2,0.00509000176400146,0.528392872838396,-0.472886177044018,0.0917006802721088,White_wavg
2024-09-23,267,2024,KWF-2,0.000535812901488425,-0.200268991658078,0.206112055198048,0.0917006802721088,White_wavg
2024-09-24,268,2024,KWF-2,1.2277663790803,14.8570208104563,-1.46817379823041,0.0917006802721088,White_wavg
2024-09-25,269,2024,KWF-2,0.279931373322404,3.0831357409001,-0.0304716549658792,0.0917006802721088,White_wavg
2024-09-26,270,2024,KWF-2,-0.303410415145579,-2.58230554143717,-0.726398540639991,0.0917006802721088,White_wavg
2024-09-27,271,2024,KWF-2,0.0540678144686282,0.133037942950011,0.456573980409658,0.0917006802721088,White_wavg
2024-09-28,272,2024,KWF-2,0.0348407669598919,-0.138852415945934,0.518792530419532,0.0917006802721088,White_wavg
2024-09-29,273,2024,KWF-2,0.212828444471719,3.27225699904812,-0.951353339007866,0.0917006802721088,White_wavg
2024-09-30,274,2024,KWF-2,0.255759836478972,3.94948393248077,-1.1604115317086,0.0917006802721088,White_wavg
2024-10-01,275,2024,KWF-2,0.256625137551157,2.54491870784963,0.253589839629598,0.0917006802721088,White_wavg
2024-10-02,276,2024,KWF-2,0.247266178734375,1.72267824610231,0.973770438909057,0.0917006802721088,White_wavg
2024-10-03,277,2024,KWF-2,0.0817920868403399,0.9527722583627,-0.0608259107714559,0.0917006802721088,White_wavg
2024-10-04,278,2024,KWF-2,0.041661319812643,1.41889258929737,-0.964574042379084,0.0917006802721088,White_wavg
2024-10-05,279,2024,KWF-2,0.0559922114837282,0.348037112886288,0.2625604455787,0.0917006802721088,White_wavg
2024-10-06,280,2024,KWF-2,0.0402012584674512,0.387440377318882,0.0509561356421955,0.0917006802721088,White_wavg
2024-10-07,281,2024,KWF-2,0.00591876746302816,-0.942283313569448,1.00682773620039,0.0917006802721088,White_wavg
2024-10-08,282,2024,KWF-2,-0.0403540396609306,-0.67707655399758,0.23701395532126,0.0917006802721088,White_wavg
2024-10-09,283,2024,KWF-2,0.0174140632461602,0.661467870289954,-0.471566735483904,0.0917006802721088,White_wavg
2024-10-10,284,2024,KWF-2,0.0686848159035741,0.920548296018353,-0.171537321402226,0.0917006802721088,White_wavg
2024-10-11,285,2024,KWF-2,0.192240870856438,2.35634166097572,-0.259946407570936,0.0917006802721088,White_wavg
2024-10-12,286,2024,KWF-2,-0.121804888759496,-1.13822212855897,-0.190065604945929,0.0917006802721088,White_wavg
2024-10-13,287,2024,KWF-2,-0.108041692877953,-1.49005119680723,0.311851726995727,0.0917006802721088,White_wavg
2024-10-14,288,2024,KWF-2,0.0134773971846928,0.0364423302201544,0.110529285963068,0.0917006802721088,White_wavg
2024-10-15,289,2024,KWF-2,0.0951114998621789,0.874439466256007,0.162755673190603,0.0917006802721088,White_wavg
2024-10-16,290,2024,KWF-2,-0.101623878456315,-0.146049766127334,-0.962163151756812,0.0917006802721088,White_wavg
2024-10-17,291,2024,KWF-2,-0.338296805736137,-3.91721619750368,0.228074473229782,0.0917006802721088,White_wavg
2024-10-18,292,2024,KWF-2,0.0042139816150166,2.24638013816994,-2.20042648109224,0.0917006802721088,White_wavg
2024-10-19,293,2024,KWF-2,-0.187986268408788,-3.17709323211548,1.12709460777633,0.0917006802721088,White_wavg
2024-10-20,294,2024,KWF-2,0.189041364821513,1.55908331364816,0.502421184034517,0.0917006802721088,White_wavg
2024-10-21,295,2024,KWF-2,-0.0554069417784971,-1.07896135609474,0.474746189815875,0.0917006802721088,White_wavg
2024-10-22,296,2024,KWF-2,-0.0328039660214619,-0.0978885323156931,-0.259840177265531,0.0917006802721088,White_wavg
2024-10-23,297,2024,KWF-2,0.00711854788864364,-0.134343970668198,0.211972052243169,0.0917006802721088,White_wavg
2024-10-24,298,2024,KWF-2,0.0678051604881386,0.441362275414292,0.298056017742709,0.0917006802721088,White_wavg
2024-10-25,299,2024,KWF-2,-0.145781355316193,-0.578692533272118,-1.01105963523533,0.0917006802721088,White_wavg
2024-10-26,300,2024,KWF-2,-0.128614880778594,-2.22269821378052,0.820147214191991,0.0917006802721088,White_wavg
2024-10-27,301,2024,KWF-2,-0.157199378766362,-3.24909302590331,1.53482680345114,0.0917006802721088,White_wavg
2024-10-28,302,2024,KWF-2,-0.395583965205944,-3.88451414943916,-0.429346598726553,0.0917006802721088,White_wavg
2024-10-29,303,2024,KWF-2,-0.464723114216815,-4.4917785762089,-0.576047669330549,0.0917006802721088,White_wavg
2024-10-30,304,2024,KWF-2,-0.194372921363599,-2.43734370995554,0.31769835087178,0.0917006802721088,White_wavg
2024-10-31,305,2024,KWF-2,-0.263473399686082,-2.06383292369074,-0.809356227188644,0.0917006802721088,White_wavg
2024-11-01,306,2024,KWF-2,0.207284836224816,1.09850210698426,1.16194825837539,0.0917006802721088,White_wavg
2024-11-02,307,2024,KWF-2,-0.258189542996641,-0.542973658284581,-2.27259480020994,0.0917006802721088,White_wavg
2024-11-03,308,2024,KWF-2,-0.51440308096566,-5.53507455683703,-0.0745139373730552,0.0917006802721088,White_wavg
2024-11-04,309,2024,KWF-2,-0.167769868730443,-1.13988030896053,-0.689657577046532,0.0917006802721088,White_wavg
2024-11-05,310,2024,KWF-2,-0.573398317841863,-7.10694696028935,0.854012782043512,0.0917006802721088,White_wavg
2024-11-06,311,2024,KWF-2,0.100252578095454,1.16512926626515,-0.0718704398532992,0.0917006802721088,White_wavg
2024-11-07,312,2024,KWF-2,0.160350130555994,2.17860556631896,-0.429980255359681,0.0917006802721088,White_wavg
2024-11-08,313,2024,KWF-2,0.142593351769853,0.971895902464667,0.583090945470673,0.0917006802721088,White_wavg
2024-11-09,314,2024,KWF-2,-4.33285971824939,-1.22728725280328,-46.0227408319638,0.0917006802721088,White_wavg
2025-06-19,170,2025,KWF-2,0.477997134860239,1.82621183102576,3.38636820046201,0.0917006802721088,White_wavg
2025-06-20,171,2025,KWF-2,0.126031359015331,0.0930243883864534,1.28135319138014,0.0917006802721088,White_wavg
2025-06-21,172,2025,KWF-2,-0.106249910315755,0.145187059381868,-1.30384706059967,0.0917006802721088,White_wavg
2025-06-22,173,2025,KWF-2,0.0296518220057387,2.5835893370445,-2.26023489825788,0.0917006802721088,White_wavg
2025-06-23,174,2025,KWF-2,0.309226638650939,5.47430015494399,-2.10216989665852,0.0917006802721088,White_wavg
2025-06-24,175,2025,KWF-2,0.941938270930292,5.12247483903501,5.14940393149563,0.0917006802721088,White_wavg
2025-06-25,176,2025,KWF-2,0.566079486583989,4.36093801495505,1.81218398265966,0.0917006802721088,White_wavg
2025-06-26,177,2025,KWF-2,0.769466597274013,6.2811558609607,2.10991163156749,0.0917006802721088,White_wavg
2025-06-27,178,2025,KWF-2,0.736159614789659,6.93181593911203,1.09603742691763,0.0917006802721088,White_wavg
2025-06-28,179,2025,KWF-2,0.425775491213917,3.17708989510268,1.46601078801645,0.0917006802721088,White_wavg
2025-06-29,180,2025,KWF-2,0.522673856169323,3.96931493398714,1.73046673195429,0.0917006802721088,White_wavg
2025-06-30,181,2025,KWF-2,0.328979974832371,1.97760648610586,1.60993478246674,0.0917006802721088,White_wavg
2025-07-01,182,2025,KWF-2,0.578014678037106,5.06403219755245,1.23924359409848,0.0917006802721088,White_wavg
2025-07-02,183,2025,KWF-2,0.297950753371968,1.27828458294772,1.97088164447656,0.0917006802721088,White_wavg
2025-07-03,184,2025,KWF-2,0.436026959119343,3.20548089535961,1.54941250156497,0.0917006802721088,White_wavg
2025-07-04,185,2025,KWF-2,0.182150754878702,0.882463120034771,1.10389896951784,0.0917006802721088,White_wavg
2025-07-05,186,2025,KWF-2,0.277576934783877,2.11733177484561,0.909657054029012,0.0917006802721088,White_wavg
2025-07-06,187,2025,KWF-2,0.47600296337291,2.86256350731478,2.32826999534232,0.0917006802721088,White_wavg
2025-07-07,188,2025,KWF-2,0.400211274022029,2.50019696118642,1.864124795582,0.0917006802721088,White_wavg
2025-07-08,189,2025,KWF-2,0.4600465917617,2.69818280964458,2.31864575036802,0.0917006802721088,White_wavg
2025-07-09,190,2025,KWF-2,0.956217119374774,9.9883859072655,0.43920434110926,0.0917006802721088,White_wavg
2025-07-10,191,2025,KWF-2,0.245704756182821,1.27471727029658,1.40470403229057,0.0917006802721088,White_wavg
2025-07-11,192,2025,KWF-2,0.540253283814558,3.59194751057288,2.29953859630695,0.0917006802721088,White_wavg
2025-07-12,193,2025,KWF-2,0.213928073875291,-0.87345868298803,3.20635385061917,0.0917006802721088,White_wavg
2025-07-13,194,2025,KWF-2,0.63134167346681,3.90840154282847,2.97640750758852,0.0917006802721088,White_wavg
2025-07-14,195,2025,KWF-2,0.840955584425859,5.6430895000176,3.52756857940386,0.0917006802721088,White_wavg
2025-07-15,196,2025,KWF-2,0.325559280450475,-1.86937024708809,5.41960869116967,0.0917006802721088,White_wavg
2025-07-16,197,2025,KWF-2,0.227924478369823,-2.26069797145172,4.74622455308109,0.0917006802721088,White_wavg
2025-07-17,198,2025,KWF-2,0.177326143683721,-3.99926391036666,5.93301340009271,0.0917006802721088,White_wavg
2025-07-18,199,2025,KWF-2,0.0883364705252984,-4.92299249077277,5.88630563374153,0.0917006802721088,White_wavg
2025-07-19,200,2025,KWF-2,0.517375195167515,-1.53306668126803,7.17506621313929,0.0917006802721088,White_wavg
2025-07-20,201,2025,KWF-2,0.451611843435649,-1.79088819179083,6.71573544587395,0.0917006802721088,White_wavg
2025-07-21,202,2025,KWF-2,0.194355627968926,0.663375227092331,1.45608154675278,0.0917006802721088,White_wavg
2025-07-22,203,2025,KWF-2,-0.131775480297929,-0.685437642078796,-0.751579835947581,0.0917006802721088,White_wavg
2025-07-23,204,2025,KWF-2,-0.22934055164967,-2.20380992177911,-0.29715900199696,0.0917006802721088,White_wavg
2025-07-24,205,2025,KWF-2,0.283276841573803,3.10817768204998,-0.0190311159261682,0.0917006802721088,White_wavg
2025-07-25,206,2025,KWF-2,0.171639548341972,1.38604132851907,0.485695585892643,0.0917006802721088,White_wavg
2025-07-26,207,2025,KWF-2,0.0641324825707763,0.619060942403849,0.0803066345920058,0.0917006802721088,White_wavg
2025-07-27,208,2025,KWF-2,-0.141433580312192,-0.583886959094969,-0.958452529472709,0.0917006802721088,White_wavg
2025-07-28,209,2025,KWF-2,-0.114411947845789,-1.23384131315709,-0.0138260706211781,0.0917006802721088,White_wavg
2025-07-29,210,2025,KWF-2,-0.00637319101521505,0.0365028506142266,-0.106002782308337,0.0917006802721088,White_wavg
2025-07-30,211,2025,KWF-2,-0.189036031270714,-2.63332075580473,0.571874420730921,0.0917006802721088,White_wavg
2025-07-31,212,2025,KWF-2,-0.140129747200169,-0.484404280359968,-1.04371685008698,0.0917006802721088,White_wavg
2025-08-01,213,2025,KWF-2,-0.113530080505773,-0.904101056626018,-0.333949524557113,0.0917006802721088,White_wavg
2025-08-02,214,2025,KWF-2,-0.260884273736768,-3.45415361683865,0.609198999679535,0.0917006802721088,White_wavg
2025-08-03,215,2025,KWF-2,0.186867802044472,1.36250440951113,0.675297289341785,0.0917006802721088,White_wavg
2025-08-04,216,2025,KWF-2,-0.210620029378671,-2.61809161574251,0.321270820589348,0.0917006802721088,White_wavg
2025-08-05,217,2025,KWF-2,-0.111471266925675,-0.390458236986603,-0.825140890466969,0.0917006802721088,White_wavg
2025-08-06,218,2025,KWF-2,-0.0598995805387019,-0.468563533718225,-0.184644058209756,0.0917006802721088,White_wavg
2025-08-07,219,2025,KWF-2,0.0944710005898772,0.314562758893544,0.715647707479747,0.0917006802721088,White_wavg
2025-08-08,220,2025,KWF-2,0.196544017666269,2.22226280192137,-0.0789415410206686,0.0917006802721088,White_wavg
2025-08-09,221,2025,KWF-2,0.0734367105831709,1.15319275743326,-0.352362159827464,0.0917006802721088,White_wavg
2025-08-10,222,2025,KWF-2,-0.227363491030957,-2.40008203886606,-0.0793269508632193,0.0917006802721088,White_wavg
2025-08-11,223,2025,KWF-2,0.341877947517048,3.36965278778894,0.358541447003802,0.0917006802721088,White_wavg
2025-08-12,224,2025,KWF-2,-0.0330211032132046,-0.484365127148351,0.124268526826313,0.0917006802721088,White_wavg
2025-08-13,225,2025,KWF-2,-0.145375620869733,-1.54061986365264,-0.0447077526567625,0.0917006802721088,White_wavg
2025-08-14,226,2025,KWF-2,-0.119032566797696,-2.03978217149756,0.741726732383228,0.0917006802721088,White_wavg
2025-08-15,227,2025,KWF-2,-0.0562737577285753,-0.601947345992073,-0.0117204868047054,0.0917006802721088,White_wavg
2025-08-16,228,2025,KWF-2,0.263838182979312,3.10818803863606,-0.231020909707354,0.0917006802721088,White_wavg
2025-08-17,229,2025,KWF-2,-0.0091942803689804,-0.693879940196894,0.593615903532196,0.0917006802721088,White_wavg
2025-08-18,230,2025,KWF-2,-0.0216545691151403,0.919807792510198,-1.15595183256403,0.0917006802721088,White_wavg
2025-08-19,231,2025,KWF-2,-0.216645042318942,-1.87047999092829,-0.492043838514178,0.0917006802721088,White_wavg
2025-08-20,232,2025,KWF-2,-0.0648195972112138,-0.584820908989457,-0.122039683744106,0.0917006802721088,White_wavg
2025-08-21,233,2025,KWF-2,-0.0323453480697989,-0.953447142752054,0.600719682346977,0.0917006802721088,White_wavg
2025-08-22,234,2025,KWF-2,0.10006349843165,0.801010985050255,0.290185919211808,0.0917006802721088,White_wavg
2025-08-23,235,2025,KWF-2,0.112601443401875,2.02386478692586,-0.795941034694721,0.0917006802721088,White_wavg
2025-08-24,236,2025,KWF-2,0,-4.03157493086042,0.766556675829463,0.0917006802721088,White_wavg
2025-08-25,237,2025,KWF-2,0,-0.986749056269161,0.139353519311868,0.0917006802721088,White_wavg
2025-08-26,238,2025,KWF-2,0,1.07350460334516,-0.454368230631275,0.0917006802721088,White_wavg
2025-08-27,239,2025,KWF-2,0,-2.03433693660844,-0.387430055413262,0.0917006802721088,White_wavg
2025-08-28,240,2025,KWF-2,0,-1.6592953026751,0.599853085788567,0.0917006802721088,White_wavg
2025-08-29,241,2025,KWF-2,-0.0557977653615874,-0.271948294474669,-0.336528820373502,0.0917006802721088,White_wavg
2025-08-30,242,2025,KWF-2,0.159462103837678,1.42668385967824,0.312257480391395,0.0917006802721088,White_wavg
2025-08-31,243,2025,KWF-2,0.138783472202835,1.65866297333639,-0.145223031658588,0.0917006802721088,White_wavg
2025-09-01,244,2025,KWF-2,0.0456674006321285,0.318150605446647,0.179854431120333,0.0917006802721088,White_wavg
2025-09-02,245,2025,KWF-2,0,1.55695471849526,0.0371109821456344,0.0917006802721088,White_wavg
2025-09-03,246,2025,KWF-2,0,2.70320647750384,-0.200104198341421,0.0917006802721088,White_wavg
2025-09-04,247,2025,KWF-2,0,0.207496868393434,0.942075337538938,0.0917006802721088,White_wavg
2025-09-05,248,2025,KWF-2,0,-0.784877968614865,-0.143332641989787,0.0917006802721088,White_wavg
2025-09-06,249,2025,KWF-2,-0.11214695751766,-0.571112711035539,-0.651854852398884,0.0917006802721088,White_wavg
2025-09-07,250,2025,KWF-2,-0.124857443755948,-1.23549958199658,-0.126076399615016,0.0917006802721088,White_wavg
2025-09-08,251,2025,KWF-2,-0.0559104452447605,-1.55584121331395,0.946135319324355,0.0917006802721088,White_wavg
2025-09-09,252,2025,KWF-2,0.0785498819270189,-0.0918640143134439,0.94845397301313,0.0917006802721088,White_wavg
2025-09-10,253,2025,KWF-2,0.242837430661907,2.9967667878982,-0.348613797742388,0.0917006802721088,White_wavg
2025-09-11,254,2025,KWF-2,0.0347412594116054,1.20746435014945,-0.828609369919036,0.0917006802721088,White_wavg
2025-09-12,255,2025,KWF-2,0.0634600229055038,0.836272165592163,-0.144237791177545,0.0917006802721088,White_wavg
2025-09-13,256,2025,KWF-2,0.0298281936745387,0.210283881123132,0.114993898562119,0.0917006802721088,White_wavg
2025-09-14,257,2025,KWF-2,-0.139675251030892,-1.93382010907408,0.410655279582898,0.0917006802721088,White_wavg
2025-09-15,258,2025,KWF-2,0.167160124704445,2.90499111671289,-1.08210251644928,0.0917006802721088,White_wavg
2025-09-16,259,2025,KWF-2,-0.195966462866562,-1.58922240086667,-0.547800599236041,0.0917006802721088,White_wavg
2025-09-17,260,2025,KWF-2,-0.12982626374209,-2.24194873192101,0.82618754719644,0.0917006802721088,White_wavg
2025-09-18,261,2025,KWF-2,-0.071778469829343,-1.8750485388511,1.09230113047474,0.0917006802721088,White_wavg
2025-09-19,262,2025,KWF-2,-0.175544523877323,-1.38295430663607,-0.531366539800615,0.0917006802721088,White_wavg
2025-09-20,263,2025,KWF-2,-0.0334694762806173,0.362191716222242,-0.727177844801673,0.0917006802721088,White_wavg
2025-09-21,264,2025,KWF-2,-0.200653627362124,-2.47418331715301,0.28604657959869,0.0917006802721088,White_wavg
2025-09-22,265,2025,KWF-2,0.00267093803659678,-0.168021786100383,0.197148484273953,0.0917006802721088,White_wavg
2025-09-23,266,2025,KWF-2,0.294545994087645,3.77554568572668,-0.563508509845093,0.0917006802721088,White_wavg
2025-09-24,267,2025,KWF-2,0.170831355026072,2.26206973009755,-0.399146199768722,0.0917006802721088,White_wavg
2025-09-25,268,2025,KWF-2,-0.401024992711267,-5.83382253219446,1.46062713690097,0.0917006802721088,White_wavg
2025-09-26,269,2025,KWF-2,0.351961938847147,4.50521848585805,-0.66705787676824,0.0917006802721088,White_wavg
2025-09-27,270,2025,KWF-2,-0.286826619526936,-3.59122024493411,0.463363192229394,0.0917006802721088,White_wavg
2025-09-28,271,2025,KWF-2,-0.302661500935697,-3.34090627138011,0.0403691320961741,0.0917006802721088,White_wavg
2025-09-29,272,2025,KWF-2,-0.153162831015591,-2.61912802564348,0.948880536081759,0.0917006802721088,White_wavg
2025-09-30,273,2025,KWF-2,-0.0709786785034705,0.111249757521477,-0.885275405890184,0.0917006802721088,White_wavg
2025-10-01,274,2025,KWF-2,-0.0848407675357312,-1.02154831165149,0.0963559653790469,0.0917006802721088,White_wavg
2025-10-02,275,2025,KWF-2,0,-2.95594949239302,-106.277385400916,0.0917006802721088,White_wavg
2025-10-03,276,2025,KWF-2,0,0.788019575923116,-7.40149051950106,0.0917006802721088,White_wavg
2025-10-04,277,2025,KWF-2,0,-2.57220951984396,1.73986430973568,0.0917006802721088,White_wavg
2025-10-05,278,2025,KWF-2,0,1.73116454719138,1.88748177675304,0.0917006802721088,White_wavg
2025-10-06,279,2025,KWF-2,-0.419252690016801,-4.08058524186252,-0.491384003869658,0.0917006802721088,White_wavg
2025-10-07,280,2025,KWF-2,0.0349005599209717,0.508364669850181,-0.1277725104746,0.0917006802721088,White_wavg
2025-10-08,281,2025,KWF-2,0.122472080394689,1.15146481265069,0.184098675332937,0.0917006802721088,White_wavg
2025-10-09,282,2025,KWF-2,0.0426044708386154,-1.32029199905972,1.78489564989625,0.0917006802721088,White_wavg
2025-10-10,283,2025,KWF-2,0.15463893163091,1.66149626352767,0.0248481689459013,0.0917006802721088,White_wavg
2025-10-11,284,2025,KWF-2,-0.230144415523054,-0.694442088899926,-1.81529300619569,0.0917006802721088,White_wavg
2025-10-12,285,2025,KWF-2,0.213974516825887,6.25582951787713,-3.92242788780255,0.0917006802721088,White_wavg
2025-10-13,286,2025,KWF-2,-0.423135991803836,-1.47437167402629,-3.13994515054077,0.0917006802721088,White_wavg
2025-10-14,287,2025,KWF-2,0,0.112051793693269,-3.38224015718502,0.0917006802721088,White_wavg
2025-10-15,288,2025,KWF-2,0,2.08014613088638,-2.14288415679107,0.0917006802721088,White_wavg
2025-10-16,289,2025,KWF-2,0,-4.8094622299665,1.8982393042144,0.0917006802721088,White_wavg
2025-10-17,290,2025,KWF-2,0,-1.17569948112006,2.17231358409222,0.0917006802721088,White_wavg
2025-10-18,291,2025,KWF-2,-0.0297403870665456,-1.02996407214206,0.705643827425284,0.0917006802721088,White_wavg
2025-10-19,292,2025,KWF-2,0.113544024000644,-0.643053235313573,1.88125587092891,0.0917006802721088,White_wavg
2025-10-20,293,2025,KWF-2,0.0188566359609217,0.782610492242931,-0.576978037772939,0.0917006802721088,White_wavg
2025-10-21,294,2025,KWF-2,-0.337029225583868,-4.32019970599842,0.644880999705499,0.0917006802721088,White_wavg
2025-10-22,295,2025,KWF-2,-0.220419956748772,-1.35198816162683,-1.05170127769583,0.0917006802721088,White_wavg
2025-10-23,296,2025,KWF-2,-0.0948945744678276,-1.67709843707124,0.642268878705469,0.0917006802721088,White_wavg
2025-10-24,297,2025,KWF-2,-0.0475136160284917,-1.77368666348767,1.25554856584759,0.0917006802721088,White_wavg
2025-10-25,298,2025,KWF-2,-0.216094397116888,2.12477939645517,-4.48129841545981,0.0917006802721088,White_wavg
2025-10-26,299,2025,KWF-2,-0.599497448880346,-4.42895729765525,-2.10858906624764,0.0917006802721088,White_wavg
2025-10-27,300,2025,KWF-2,0.0174308930316031,-1.93720107288156,2.12728573724696,0.0917006802721088,White_wavg
2025-10-28,301,2025,KWF-2,0.0432118909796458,-0.0799158163207849,0.551143410831759,0.0917006802721088,White_wavg
2025-10-29,302,2025,KWF-2,-0.186207083896017,-2.37056814199297,0.339971603957771,0.0917006802721088,White_wavg
2025-10-30,303,2025,KWF-2,0.026739986035081,-1.01705989151244,1.30866062943209,0.0917006802721088,White_wavg
2018-07-16,197,2018,KWR-1,0.201962577842944,3.15802740264881,0.694437955048961,0.0524242424242424,White_wavg
2018-07-17,198,2018,KWR-1,0.375443026159757,7.19569102104107,-0.0340610422711407,0.0524242424242424,White_wavg
2018-07-26,207,2018,KWR-1,0.215216032116676,2.93185313180933,1.17342378139895,0.0524242424242424,White_wavg
2018-07-27,208,2018,KWR-1,0.295266712940921,4.40788665709913,1.22436856084907,0.0524242424242424,White_wavg
2018-08-25,237,2018,KWR-1,0.140518626708465,2.91466243867902,-0.234249328055114,0.0524242424242424,White_wavg
2018-08-26,238,2018,KWR-1,0.392508588255306,4.71136574457529,2.77579229728893,0.0524242424242424,White_wavg
2018-08-29,241,2018,KWR-1,0.0583749400671634,-0.131668737171964,1.24517915463809,0.0524242424242424,White_wavg
2018-08-30,242,2018,KWR-1,0.177498647819005,3.99277003786018,-0.606957680619047,0.0524242424242424,White_wavg
2018-08-31,243,2018,KWR-1,0.0588731483640189,0.245595717721159,0.877418095002902,0.0524242424242424,White_wavg
2018-09-01,244,2018,KWR-1,0.107449375969032,2.2657944777194,-0.216182103743634,0.0524242424242424,White_wavg
2018-09-02,245,2018,KWR-1,0.113263519957666,2.72234538480767,-0.561827374054502,0.0524242424242424,White_wavg
2018-09-03,246,2018,KWR-1,-0.0309567457635477,-0.796547492019073,0.206043093061226,0.0524242424242424,White_wavg
2018-09-04,247,2018,KWR-1,0.120628386468413,2.50728948667174,-0.206285582939003,0.0524242424242424,White_wavg
2018-09-05,248,2018,KWR-1,-0.0681145484152387,-0.402029100642665,-0.897265753520848,0.0524242424242424,White_wavg
2018-09-06,249,2018,KWR-1,0.0514529463684693,0.874937266723563,0.106535120651863,0.0524242424242424,White_wavg
2018-09-07,250,2018,KWR-1,0.0625750467891307,1.13353146132837,0.0600965988111142,0.0524242424242424,White_wavg
2018-09-08,251,2018,KWR-1,-0.0604502321447847,-1.73555312212201,0.582456208377565,0.0524242424242424,White_wavg
2018-09-09,252,2018,KWR-1,-0.0144425733701798,-0.884056729761085,0.608562555647829,0.0524242424242424,White_wavg
2018-09-10,253,2018,KWR-1,0.184267120605401,3.62942040408427,-0.114498450339617,0.0524242424242424,White_wavg
2018-09-11,254,2018,KWR-1,0.0801134353578859,0.748040808566231,0.780134547971478,0.0524242424242424,White_wavg
2018-09-12,255,2018,KWR-1,-0.0573134838060703,-1.78193982614015,0.688676840244007,0.0524242424242424,White_wavg
2018-09-13,256,2018,KWR-1,0.121910765243599,3.4272889498645,-1.10182348568024,0.0524242424242424,White_wavg
2018-09-14,257,2018,KWR-1,0.0159770563608209,0.209092171557757,0.0956724873480752,0.0524242424242424,White_wavg
2018-09-15,258,2018,KWR-1,-0.10159048160406,-1.88855998426973,-0.049293133033153,0.0524242424242424,White_wavg
2018-09-16,259,2018,KWR-1,-0.0643499898764628,0.771440055653329,-1.99892541167834,0.0524242424242424,White_wavg
2018-09-17,260,2018,KWR-1,0.0430132442665657,0.349586927989122,0.470896922182362,0.0524242424242424,White_wavg
2018-09-18,261,2018,KWR-1,0.0266639505714449,0.0145744951530986,0.494044215169261,0.0524242424242424,White_wavg
2018-09-19,262,2018,KWR-1,0.130745487268076,3.20650518104419,-0.7125161175491,0.0524242424242424,White_wavg
2018-09-20,263,2018,KWR-1,0.126151333102175,3.02962745764184,-0.623272548756411,0.0524242424242424,White_wavg
2018-09-21,264,2018,KWR-1,-0.0248903797867122,0.237759335109502,-0.712546926416728,0.0524242424242424,White_wavg
2018-09-22,265,2018,KWR-1,0.00633365316257154,-0.889952225759672,1.01076757510352,0.0524242424242424,White_wavg
2018-09-23,266,2018,KWR-1,-0.0460895837973668,-1.38607518928811,0.506909718008856,0.0524242424242424,White_wavg
2018-09-24,267,2018,KWR-1,0.0422613904583734,2.1002586073557,-1.29411647722488,0.0524242424242424,White_wavg
2018-09-25,268,2018,KWR-1,-0.0549042464146117,-0.823373412865891,-0.223933021632483,0.0524242424242424,White_wavg
2018-09-26,269,2018,KWR-1,0.0411017297827878,1.11780001189676,-0.333778576733756,0.0524242424242424,White_wavg
2018-09-27,270,2018,KWR-1,-0.00136906223199697,-0.827030523085881,0.800915463169176,0.0524242424242424,White_wavg
2018-09-28,271,2018,KWR-1,-0.063965798214484,-2.44712528058639,1.22696843603265,0.0524242424242424,White_wavg
2018-09-29,272,2018,KWR-1,-0.0217111456799991,-1.84536078335466,1.43121754205988,0.0524242424242424,White_wavg
2018-10-02,275,2018,KWR-1,-0.248739554101775,-4.54171609952958,-0.203026839984048,0.0524242424242424,White_wavg
2018-10-03,276,2018,KWR-1,-0.247279887649024,0.635055669760874,-5.35195526075381,0.0524242424242424,White_wavg
2018-10-04,277,2018,KWR-1,-0.517143210731002,-12.4490703566146,2.58448888024283,0.0524242424242424,White_wavg
2018-10-05,278,2018,KWR-1,-0.235475787841191,-4.97699694297791,0.485262261614139,0.0524242424242424,White_wavg
2018-10-06,279,2018,KWR-1,0.534821765334516,9.45485613673256,0.746946323405602,0.0524242424242424,White_wavg
2018-10-07,280,2018,KWR-1,-0.20217489133863,-3.85956115135002,0.00304588304089748,0.0524242424242424,White_wavg
2018-10-08,281,2018,KWR-1,-0.118396758937982,-3.63206699557632,1.37363170947608,0.0524242424242424,White_wavg
2018-10-09,282,2018,KWR-1,0.106550401294759,1.83004060590473,0.202423696249632,0.0524242424242424,White_wavg
2018-10-10,283,2018,KWR-1,-0.0510741187556538,-1.0372366706378,0.0629904747206993,0.0524242424242424,White_wavg
2018-10-11,284,2018,KWR-1,-0.00683167796787518,0.9303481270845,-1.06066337155842,0.0524242424242424,White_wavg
2018-10-12,285,2018,KWR-1,0.0553378020429481,1.5452813728611,-0.489704802099659,0.0524242424242424,White_wavg
2018-10-13,286,2018,KWR-1,-0.0996677335182851,-2.46002579388822,0.558849374175267,0.0524242424242424,White_wavg
2018-10-14,287,2018,KWR-1,-0.0802221354058569,-0.0407461302511791,-1.48950269540968,0.0524242424242424,White_wavg
2018-10-15,288,2018,KWR-1,-0.147271053821845,-2.18570474992031,-0.623511883675583,0.0524242424242424,White_wavg
2018-10-16,289,2018,KWR-1,-0.0505691461471014,-1.5369344328239,0.57232066238786,0.0524242424242424,White_wavg
2018-10-17,290,2018,KWR-1,-0.161182512851072,-2.76622588024757,-0.308353844657276,0.0524242424242424,White_wavg
2018-10-18,291,2018,KWR-1,-0.0755140880509066,-1.75156221698667,0.311120074975158,0.0524242424242424,White_wavg
2018-10-19,292,2018,KWR-1,0.0401505071302572,1.37995550986254,-0.614078784256478,0.0524242424242424,White_wavg
2018-10-20,293,2018,KWR-1,-0.0061925853027798,-0.996312099325181,0.878187639792387,0.0524242424242424,White_wavg
2018-10-21,294,2018,KWR-1,-0.117851642410932,-3.13309416701917,0.885057057446481,0.0524242424242424,White_wavg
2018-10-22,295,2018,KWR-1,0.0734683345547279,1.32725582559488,0.0741632728479118,0.0524242424242424,White_wavg
2018-10-23,296,2018,KWR-1,-0.0458857516502786,-0.799551797587128,-0.0757255460309025,0.0524242424242424,White_wavg
2018-10-24,297,2018,KWR-1,-0.0383808215019783,0.651195932713122,-1.38331564922485,0.0524242424242424,White_wavg
2018-10-25,298,2018,KWR-1,-0.168470743726052,-3.16288536536788,-0.0507184166897616,0.0524242424242424,White_wavg
2018-10-26,299,2018,KWR-1,-0.0361035837323709,-1.04119580944122,0.352514732465359,0.0524242424242424,White_wavg
2018-10-27,300,2018,KWR-1,-0.0930524683161844,-2.36464592058643,0.589656640566723,0.0524242424242424,White_wavg
2018-10-28,301,2018,KWR-1,0.116525729576885,2.5330263610325,-0.310281230375161,0.0524242424242424,White_wavg
2018-10-29,302,2018,KWR-1,-0.213402171000952,-4.02479344533053,-0.0458838049766541,0.0524242424242424,White_wavg
2018-10-30,303,2018,KWR-1,0.0347761547892289,1.25055166841643,-0.587191490355998,0.0524242424242424,White_wavg
2018-10-31,304,2018,KWR-1,-0.1641905065115,-2.69262936358214,-0.439328275076527,0.0524242424242424,White_wavg
2018-11-01,305,2018,KWR-1,-0.109735279606854,-1.35017227448908,-0.743044041711023,0.0524242424242424,White_wavg
2018-11-02,306,2018,KWR-1,-0.0683974410954382,-2.02751119251805,0.722820119599284,0.0524242424242424,White_wavg
2018-11-03,307,2018,KWR-1,-0.0362574570254253,-0.526187441490578,-0.165428790786322,0.0524242424242424,White_wavg
2018-11-04,308,2018,KWR-1,-0.123401122307117,-4.18151170897794,1.82761746843756,0.0524242424242424,White_wavg
2018-11-05,309,2018,KWR-1,0.138769165803746,2.66833986964588,-0.0212979785917611,0.0524242424242424,White_wavg
2018-11-06,310,2018,KWR-1,0.00127246592461387,0.269396913567334,-0.245124442172965,0.0524242424242424,White_wavg
2018-11-07,311,2018,KWR-1,-0.070823035099504,-1.02766717298266,-0.323292456083024,0.0524242424242424,White_wavg
2018-11-08,312,2018,KWR-1,-0.204653306994694,-3.06325477968979,-0.840536625411311,0.0524242424242424,White_wavg
2018-11-09,313,2018,KWR-1,-0.00064467930434182,-0.64005310569577,0.627755754803701,0.0524242424242424,White_wavg
2018-11-10,314,2018,KWR-1,-0.171641757268806,-3.24163952235992,-0.032451801264699,0.0524242424242424,White_wavg
2018-11-11,315,2018,KWR-1,-0.0901107016248891,-0.777605218345201,-0.94126943692725,0.0524242424242424,White_wavg
2018-11-12,316,2018,KWR-1,-0.0588027545362462,-0.0981899314271857,-1.02348110885959,0.0524242424242424,White_wavg
2018-11-13,317,2018,KWR-1,-0.0930124580211186,-1.68784021009212,-0.086385867767369,0.0524242424242424,White_wavg
2018-11-14,318,2018,KWR-1,0.0838338890627404,0.931763753113657,0.667379795481971,0.0524242424242424,White_wavg
2018-11-15,319,2018,KWR-1,0.0767305550970383,0.788143907410088,0.675502519296423,0.0524242424242424,White_wavg
2018-11-16,320,2018,KWR-1,-0.111466978996183,-3.20881238974877,1.08256365745163,0.0524242424242424,White_wavg
2018-11-17,321,2018,KWR-1,-0.040007134769515,-0.011622464831575,-0.751519412274782,0.0524242424242424,White_wavg
2018-11-18,322,2018,KWR-1,-1.7706180522887,0.721504838860909,-34.4963000559285,0.0524242424242424,White_wavg
2025-05-27,147,2025,KWR-1,-0.226401060140176,-4.14646839782904,-0.17216454126103,0.0524242424242424,White_wavg
2025-05-28,148,2025,KWR-1,-0.18877590921348,-3.99362278442046,0.39269503641766,0.0524242424242424,White_wavg
2025-05-29,149,2025,KWR-1,-0.174161888940251,-2.83933379590806,-0.48282940353026,0.0524242424242424,White_wavg
2025-05-30,150,2025,KWR-1,-0.16888912663804,-2.70809043684642,-0.51349405971735,0.0524242424242424,White_wavg
2025-05-31,151,2025,KWR-1,-0.105634775900482,-2.53338289676142,0.5183842813187,0.0524242424242424,White_wavg
2025-06-01,152,2025,KWR-1,-0.262190539495799,-6.44302151798148,1.44169908829283,0.0524242424242424,White_wavg
2025-06-02,153,2025,KWR-1,-0.153748455812526,-3.22397540778462,0.29120139517574,0.0524242424242424,White_wavg
2025-06-03,154,2025,KWR-1,-0.0639964499579888,-2.05569910320624,0.8349575722157,0.0524242424242424,White_wavg
2025-06-04,155,2025,KWR-1,-0.177408783388064,-5.10439606923114,1.72029788899639,0.0524242424242424,White_wavg
2025-06-05,156,2025,KWR-1,-0.0948306484300604,-2.25664160130204,0.44773327864771,0.0524242424242424,White_wavg
2025-06-06,157,2025,KWR-1,-0.175118440348982,-3.57262141029222,0.23221185450239,0.0524242424242424,White_wavg
2025-06-07,158,2025,KWR-1,-0.0953114770611931,-2.67309486899165,0.85501467071456,0.0524242424242424,White_wavg
2025-06-08,159,2025,KWR-1,-0.143384719054651,-3.06936569681364,0.33428146051105,0.0524242424242424,White_wavg
2025-06-09,160,2025,KWR-1,0.0589662914078455,-1.16141754250272,2.28620807224775,0.0524242424242424,White_wavg
2025-06-10,161,2025,KWR-1,0.0535502607742023,-0.937626980313432,1.95910594305833,0.0524242424242424,White_wavg
2025-06-11,162,2025,KWR-1,0.108215076373091,0.0138560745224439,2.05036214531109,0.0524242424242424,White_wavg
2025-06-12,163,2025,KWR-1,0.119947388413331,0.300578639231819,1.98743512819011,0.0524242424242424,White_wavg
2025-06-13,164,2025,KWR-1,0.0225465884288608,-1.37370831102853,1.80378774348657,0.0524242424242424,White_wavg
2025-06-14,165,2025,KWR-1,0.110951229487161,1.87919523481595,0.23721550106632,0.0524242424242424,White_wavg
2025-06-15,166,2025,KWR-1,0.217115443467178,2.76083601586128,1.38067244333922,0.0524242424242424,White_wavg
2025-06-16,167,2025,KWR-1,0.176398894788606,2.83115229695137,0.533682112311059,0.0524242424242424,White_wavg
2025-06-17,168,2025,KWR-1,0.169973234646934,2.24968650994699,0.992577503549441,0.0524242424242424,White_wavg
2025-06-18,169,2025,KWR-1,0.341383719463109,5.38175337560107,1.13019040606517,0.0524242424242424,White_wavg
2025-06-19,170,2025,KWR-1,0.32951061743409,4.10206090499514,2.18340173970137,0.0524242424242424,White_wavg
2025-06-20,171,2025,KWR-1,0.126535405367011,2.05522971197208,0.358451430866861,0.0524242424242424,White_wavg
2025-06-21,172,2025,KWR-1,0.08505842222156,3.34855310151991,-1.72605140596414,0.0524242424242424,White_wavg
2025-06-22,173,2025,KWR-1,0.0286489172745158,0.684560572893346,-0.138078335865011,0.0524242424242424,White_wavg
2025-06-23,174,2025,KWR-1,0.0781741931236838,0.443687950431105,1.04749608025188,0.0524242424242424,White_wavg
2025-06-24,175,2025,KWR-1,0.144438911746863,2.22427520156465,0.530917912681868,0.0524242424242424,White_wavg
2025-06-25,176,2025,KWR-1,0.21851431191953,2.71962767897873,1.448564398099,0.0524242424242424,White_wavg
2025-06-26,177,2025,KWR-1,0.427445088687355,7.32413938616083,0.82943745007195,0.0524242424242424,White_wavg
2025-06-27,178,2025,KWR-1,0.424449067926561,8.17259967044526,-0.0761723631756013,0.0524242424242424,White_wavg
2025-06-28,179,2025,KWR-1,0.324116611632502,5.80081825198211,0.381752952568519,0.0524242424242424,White_wavg
2025-06-29,180,2025,KWR-1,0.417798081766955,7.03270515134022,0.936853633809783,0.0524242424242424,White_wavg
2025-06-30,181,2025,KWR-1,0.280856056552945,4.66883228261743,0.68853758226534,0.0524242424242424,White_wavg
2025-07-01,182,2025,KWR-1,0.316176291978622,6.1499985504657,-0.118890090757873,0.0524242424242424,White_wavg
2025-07-02,183,2025,KWR-1,0.205094221798726,2.86768239864799,1.04451952005604,0.0524242424242424,White_wavg
2025-07-03,184,2025,KWR-1,0.290116917530124,5.03532233449171,0.498699791805464,0.0524242424242424,White_wavg
2025-07-04,185,2025,KWR-1,0.177155092497556,4.353600389959,-0.974341400121233,0.0524242424242424,White_wavg
2025-07-05,186,2025,KWR-1,0.165816701254588,3.04487187855887,0.118105659823449,0.0524242424242424,White_wavg
2025-07-06,187,2025,KWR-1,0.299750279985605,4.12450511222602,1.59327479501385,0.0524242424242424,White_wavg
2025-07-07,188,2025,KWR-1,0.233776911335178,4.55698481624931,-0.0976564497401284,0.0524242424242424,White_wavg
2025-07-08,189,2025,KWR-1,0.44359972285438,8.2424099326158,0.219318884837698,0.0524242424242424,White_wavg
2025-07-09,190,2025,KWR-1,0.326219780884731,6.58344077455588,-0.360751312592804,0.0524242424242424,White_wavg
2025-07-10,191,2025,KWR-1,0.270810914051921,4.28701263737672,0.878744682688826,0.0524242424242424,White_wavg
2025-07-11,192,2025,KWR-1,0.314903995277836,5.7195355527643,0.287303663518124,0.0524242424242424,White_wavg
2025-07-12,193,2025,KWR-1,0.105767124050754,1.51294156363808,0.504581611896526,0.0524242424242424,White_wavg
2025-07-13,194,2025,KWR-1,0.327846262061176,5.95568118645495,0.298033638989452,0.0524242424242424,White_wavg
2025-07-14,195,2025,KWR-1,0.450469963090009,8.1734900833204,0.419289559436997,0.0524242424242424,White_wavg
2025-07-15,196,2025,KWR-1,0.19164646155307,2.78997378494736,0.865710163752816,0.0524242424242424,White_wavg
2025-07-16,197,2025,KWR-1,0.241525029741881,4.54787622303314,0.0592486217541861,0.0524242424242424,White_wavg
2025-07-17,198,2025,KWR-1,0.16569331869593,3.2602594229445,-0.099635424698441,0.0524242424242424,White_wavg
2025-07-18,199,2025,KWR-1,0.219754435481527,4.38648547729055,-0.194637864059111,0.0524242424242424,White_wavg
2025-07-19,200,2025,KWR-1,0.401212510769477,7.11747509128134,0.535711530332961,0.0524242424242424,White_wavg
2025-07-20,201,2025,KWR-1,0.303608085897656,5.12385567869411,0.667512433804525,0.0524242424242424,White_wavg
2025-07-21,202,2025,KWR-1,0.331163558133955,5.74709536478726,0.569897362623443,0.0524242424242424,White_wavg
2025-07-22,203,2025,KWR-1,0.197755245738855,4.61529658818947,-0.843086698373156,0.0524242424242424,White_wavg
2025-07-23,204,2025,KWR-1,0.135451955697331,2.55775597699177,0.0260096519168584,0.0524242424242424,White_wavg
2025-07-24,205,2025,KWR-1,0.464201774807117,9.23100335963274,-0.376287424005639,0.0524242424242424,White_wavg
2025-07-25,206,2025,KWR-1,0.154688275417177,6.11166046752274,-3.16095926014306,0.0524242424242424,White_wavg
2025-07-26,207,2025,KWR-1,-0.0842914900591494,-3.34802556741707,1.74015321368763,0.0524242424242424,White_wavg
2025-07-27,208,2025,KWR-1,0.0598304176732516,0.68153917901266,0.459734684118729,0.0524242424242424,White_wavg
2025-07-28,209,2025,KWR-1,0.174685351117035,2.25830220971228,1.07384610639301,0.0524242424242424,White_wavg
2025-07-29,210,2025,KWR-1,0.273749980135516,4.97048610661075,0.25133432371991,0.0524242424242424,White_wavg
2025-07-30,211,2025,KWR-1,0.160932050833349,2.11269268092278,0.957109444800068,0.0524242424242424,White_wavg
2025-07-31,212,2025,KWR-1,0.228388322053431,5.33286955489025,-0.976329307628276,0.0524242424242424,White_wavg
2025-08-01,213,2025,KWR-1,0.221124685426884,4.37953779405756,-0.16155246510543,0.0524242424242424,White_wavg
2025-08-02,214,2025,KWR-1,0.1121680726971,1.43185718560903,0.707765010347217,0.0524242424242424,White_wavg
2025-08-03,215,2025,KWR-1,0.373659337391457,6.27862347787445,0.848982379881676,0.0524242424242424,White_wavg
2025-08-04,216,2025,KWR-1,0.159421410524754,2.70298463837655,0.338001805159216,0.0524242424242424,White_wavg
2025-08-05,217,2025,KWR-1,0.194260023568647,4.37332246650901,-0.66778444467932,0.0524242424242424,White_wavg
2025-08-06,218,2025,KWR-1,0.216474183136074,4.25567897830565,-0.126402652588631,0.0524242424242424,White_wavg
2025-08-07,219,2025,KWR-1,0.29330751922248,4.75160350388219,0.843279810766262,0.0524242424242424,White_wavg
2025-08-08,220,2025,KWR-1,0.356385416311106,6.78942698658571,0.00867633033134041,0.0524242424242424,White_wavg
2025-08-09,221,2025,KWR-1,0.286110636274548,5.70472201029797,-0.247120277893302,0.0524242424242424,White_wavg
2025-08-10,222,2025,KWR-1,0.0998261291224718,1.76073958252516,0.143458256227191,0.0524242424242424,White_wavg
2025-08-11,223,2025,KWR-1,0.430299489644154,7.49384707590295,0.714177871066468,0.0524242424242424,White_wavg
2025-08-12,224,2025,KWR-1,0.234108150093844,4.24466105305186,0.220985740645752,0.0524242424242424,White_wavg
2025-08-13,225,2025,KWR-1,0.145729323275651,2.86041483233497,-0.080606931701162,0.0524242424242424,White_wavg
2025-08-14,226,2025,KWR-1,0.127696179611361,1.69954780741151,0.736275271880345,0.0524242424242424,White_wavg
2025-08-15,227,2025,KWR-1,0.176343142748329,3.49104699885747,-0.12727606781997,0.0524242424242424,White_wavg
2025-08-16,228,2025,KWR-1,0.346699403299838,6.88609987376911,-0.272758654754853,0.0524242424242424,White_wavg
2025-08-17,229,2025,KWR-1,0.180340749640174,3.00153330189978,0.438492558288502,0.0524242424242424,White_wavg
2025-08-18,230,2025,KWR-1,0.176506072907342,4.11860566724016,-0.751726819874683,0.0524242424242424,White_wavg
2025-08-19,231,2025,KWR-1,0.087985717677996,2.11410912862853,-0.435768849221667,0.0524242424242424,White_wavg
2025-08-20,232,2025,KWR-1,0.154682108492676,2.99808863715758,-0.0475050647539348,0.0524242424242424,White_wavg
2025-08-21,233,2025,KWR-1,0.18895279611735,2.92215950769688,0.682142383558933,0.0524242424242424,White_wavg
2025-08-22,234,2025,KWR-1,0.24167640906791,4.23121521435665,0.37879721295031,0.0524242424242424,White_wavg
2025-08-23,235,2025,KWR-1,0.213443677406749,5.72633295042557,-1.65486395942978,0.0524242424242424,White_wavg
2025-08-24,236,2025,KWR-1,0,-1.32129648117751,-2.66700838705187,0.0524242424242424,White_wavg
2025-08-25,237,2025,KWR-1,0,-6.15492623346863,-3.6530574259352,0.0524242424242424,White_wavg
2025-08-26,238,2025,KWR-1,0,-9.56891025019391,1.69591735353176,0.0524242424242424,White_wavg
2025-08-27,239,2025,KWR-1,0,-8.36309724560489,2.76428922925014,0.0524242424242424,White_wavg
2025-08-28,240,2025,KWR-1,0,-1.11403504253857,1.31993311498615,0.0524242424242424,White_wavg
2025-08-29,241,2025,KWR-1,0.0814691640993984,1.60604262538766,-0.0520065471910414,0.0524242424242424,White_wavg
2025-08-30,242,2025,KWR-1,0.196888620201427,3.06709761852102,0.688581263933941,0.0524242424242424,White_wavg
2025-08-31,243,2025,KWR-1,0.194848292366309,3.58625275629088,0.130506577864153,0.0524242424242424,White_wavg
2025-09-01,244,2025,KWR-1,0.138648741207965,2.36503881123657,0.27970596325062,0.0524242424242424,White_wavg
2025-09-02,245,2025,KWR-1,0,3.61768015490505,-5.61629522694815,0.0524242424242424,White_wavg
2025-09-03,246,2025,KWR-1,0,-3.90342818802836,3.79683778914596,0.0524242424242424,White_wavg
2025-09-04,247,2025,KWR-1,0,0.740104681388942,1.85440740794239,0.0524242424242424,White_wavg
2025-09-05,248,2025,KWR-1,0,0.876397836023202,0.224266787065901,0.0524242424242424,White_wavg
2025-09-06,249,2025,KWR-1,0.0310011251665634,1.1054573520084,-0.514106409524821,0.0524242424242424,White_wavg
2025-09-07,250,2025,KWR-1,0.008455854504583,0.266236020363664,-0.10493937374445,0.0524242424242424,White_wavg
2025-09-08,251,2025,KWR-1,0.0586135681451582,0.0377407191930672,1.08032156334463,0.0524242424242424,White_wavg
2025-09-09,252,2025,KWR-1,0.11832982301181,1.51405105677225,0.743107416863431,0.0524242424242424,White_wavg
2025-09-10,253,2025,KWR-1,0.22181908723309,4.95914482395645,-0.727913680203862,0.0524242424242424,White_wavg
2025-09-11,254,2025,KWR-1,0.0813519107588471,2.53806588689365,-0.986266433112171,0.0524242424242424,White_wavg
2025-09-12,255,2025,KWR-1,0.0829620588644952,1.63703634586736,-0.0545230842902811,0.0524242424242424,White_wavg
2025-09-13,256,2025,KWR-1,0.103137306657605,1.7185093481928,0.24884968053609,0.0524242424242424,White_wavg
2025-09-14,257,2025,KWR-1,0.0151879201345242,-0.480762796643887,0.770474567996082,0.0524242424242424,White_wavg
2025-09-15,258,2025,KWR-1,0.185595228905867,4.54683252537151,-1.00657671387232,0.0524242424242424,White_wavg
2025-09-16,259,2025,KWR-1,-0.0369537696089184,-0.276831038095082,-0.428067457335153,0.0524242424242424,White_wavg
2025-09-17,260,2025,KWR-1,-0.00487479866720186,-0.970514865905912,0.877527376878362,0.0524242424242424,White_wavg
2025-09-18,261,2025,KWR-1,0.023284290013513,-0.592736850338227,1.03688804712778,0.0524242424242424,White_wavg
2025-09-19,262,2025,KWR-1,-0.0392176266326769,0.352984356248953,-1.10106625155435,0.0524242424242424,White_wavg
2025-09-20,263,2025,KWR-1,0.0322230617818565,1.1395167681108,-0.524857208110063,0.0524242424242424,White_wavg
2025-09-21,264,2025,KWR-1,-0.0766150140927039,-1.70421396887943,0.242771503527273,0.0524242424242424,White_wavg
2025-09-22,265,2025,KWR-1,0.0715540878576237,0.999044072163002,0.365860493907277,0.0524242424242424,White_wavg
2025-09-23,266,2025,KWR-1,0.237739003062967,4.98436109379341,-0.449455255020048,0.0524242424242424,White_wavg
2025-09-24,267,2025,KWR-1,0.155841246609067,3.37302195785934,-0.400327658380029,0.0524242424242424,White_wavg
2025-09-25,268,2025,KWR-1,-0.207089141091616,-5.19628922512543,1.24603393262639,0.0524242424242424,White_wavg
2025-09-26,269,2025,KWR-1,0.259043705870125,5.50396561938622,-0.562669495852042,0.0524242424242424,White_wavg
2025-09-27,270,2025,KWR-1,-0.116885665147394,-2.66456125175911,0.434950298080501,0.0524242424242424,White_wavg
2025-09-28,271,2025,KWR-1,-0.117180973944955,-2.15739822249961,-0.0778457891671707,0.0524242424242424,White_wavg
2025-09-29,272,2025,KWR-1,-0.0597718948537754,-1.76798463079746,0.627827098904632,0.0524242424242424,White_wavg
2025-09-30,273,2025,KWR-1,-0.0105490761180545,1.08188140893546,-1.28310656032031,0.0524242424242424,White_wavg
2025-10-01,274,2025,KWR-1,-0.0727111462871727,-0.0451101173194246,-1.34186550549948,0.0524242424242424,White_wavg
2025-10-02,275,2025,KWR-1,0,-3.9976736078859,-7.98363746285755,0.0524242424242424,White_wavg
2025-10-03,276,2025,KWR-1,0,-18.1019215317931,6.67233980983397,0.0524242424242424,White_wavg
2025-10-04,277,2025,KWR-1,0,-2.68949455815029,1.90083360861006,0.0524242424242424,White_wavg
2025-10-05,278,2025,KWR-1,0,0.570095949639395,-0.0219145781068448,0.0524242424242424,White_wavg
2025-10-06,279,2025,KWR-1,-0.15107936834155,-2.80528904981274,-0.0765717335809839,0.0524242424242424,White_wavg
2025-10-07,280,2025,KWR-1,0.00376132063317114,-0.114564965724327,0.186312700345511,0.0524242424242424,White_wavg
2025-10-08,281,2025,KWR-1,-0.0193231967522285,-1.96529430214336,1.59670153172513,0.0524242424242424,White_wavg
2025-10-09,282,2025,KWR-1,0.00307877009202856,-0.102940052049362,0.16166803646378,0.0524242424242424,White_wavg
2025-10-10,283,2025,KWR-1,0.123508483567408,2.5588182297128,-0.202876057617729,0.0524242424242424,White_wavg
2025-10-11,284,2025,KWR-1,-0.159363566125916,-2.40191414179409,-0.637968911474829,0.0524242424242424,White_wavg
2025-10-12,285,2025,KWR-1,0.194739084519401,2.15336866498004,1.56130751371375,0.0524242424242424,White_wavg
2025-10-13,286,2025,KWR-1,-0.216232273691884,-3.56307879574516,-0.561583072365934,0.0524242424242424,White_wavg
2025-10-14,287,2025,KWR-1,0,1.95782435248834,-7.51729537758888,0.0524242424242424,White_wavg
2025-10-15,288,2025,KWR-1,0,-4.36066247814679,0.208360662762892,0.0524242424242424,White_wavg
2025-10-16,289,2025,KWR-1,0,-9.7642889291734,2.74644771724581,0.0524242424242424,White_wavg
2025-10-17,290,2025,KWR-1,0,-2.38767597821479,1.2445008939503,0.0524242424242424,White_wavg
2025-10-18,291,2025,KWR-1,0.00697251113577757,0.0820027546656093,0.0509989028376623,0.0524242424242424,White_wavg
2025-10-19,292,2025,KWR-1,-0.0440194700030593,-1.15164839747588,0.311970645972437,0.0524242424242424,White_wavg
2025-10-20,293,2025,KWR-1,0.0848521501151632,2.61215157062016,-0.993584545302014,0.0524242424242424,White_wavg
2025-10-21,294,2025,KWR-1,-0.135072951144912,-3.93183765591272,1.35530159361093,0.0524242424242424,White_wavg
2025-10-22,295,2025,KWR-1,0.0638005524489899,1.54103679402451,-0.324032036327012,0.0524242424242424,White_wavg
2025-10-23,296,2025,KWR-1,0.0990768879553927,1.70896805416589,0.18093790105258,0.0524242424242424,White_wavg
2025-10-24,297,2025,KWR-1,0.0542417970560446,-0.346653043355303,1.38132316060933,0.0524242424242424,White_wavg
2025-10-25,298,2025,KWR-1,0.00163197667056647,1.57383333502423,-1.5427031441984,0.0524242424242424,White_wavg
2025-10-26,299,2025,KWR-1,-0.300452078934246,-1.05729228909328,-4.67387453450795,0.0524242424242424,White_wavg
2025-10-27,300,2025,KWR-1,0.000498444408062111,-2.45434976712393,2.46385766623725,0.0524242424242424,White_wavg
2025-10-28,301,2025,KWR-1,-0.0746545643148667,-1.55770472892023,0.133658126382308,0.0524242424242424,White_wavg
2025-10-29,302,2025,KWR-1,-0.041310771757117,-1.75794839388703,0.969939452855321,0.0524242424242424,White_wavg
2025-10-30,303,2025,KWR-1,-0.0296052385465821,-2.06918614185594,1.50446193836622,0.0524242424242424,White_wavg
2024-06-03,155,2024,LET-1,-0.0136626094863543,-1.38587834838302,0.730073093038012,0.0208333333333333,White_wavg
2024-06-04,156,2024,LET-1,-0.00889372362940362,-0.939224873275911,0.512326139064538,0.0208333333333333,White_wavg
2024-06-05,157,2024,LET-1,0.0681276971946197,1.27298880431717,1.99714066102458,0.0208333333333333,White_wavg
2024-06-06,158,2024,LET-1,0.0618147888914637,0.434438627717505,2.53267123907275,0.0208333333333333,White_wavg
2024-06-07,159,2024,LET-1,0.0690613042922317,-0.207841418907528,3.52278402493465,0.0208333333333333,White_wavg
2024-06-08,160,2024,LET-1,0.0360471613744459,0.448664353841032,1.28159939213237,0.0208333333333333,White_wavg
2024-06-09,161,2024,LET-1,0.105241346468251,3.5317088625906,1.51987576788546,0.0208333333333333,White_wavg
2024-06-10,162,2024,LET-1,0.175289454803118,8.16236264935954,0.251531181190142,0.0208333333333333,White_wavg
2024-06-11,163,2024,LET-1,0.0970547546588462,3.12735564753657,1.53127257608805,0.0208333333333333,White_wavg
2024-06-12,164,2024,LET-1,0.0942576107694845,2.04850658052216,2.4758587364131,0.0208333333333333,White_wavg
2024-06-13,165,2024,LET-1,0.0795911037843561,3.13391252773378,0.686460453915309,0.0208333333333333,White_wavg
2024-06-14,166,2024,LET-1,0.071065305595582,1.39658369480244,2.01455097378549,0.0208333333333333,White_wavg
2024-06-15,167,2024,LET-1,0.0811912451334044,3.0403082863582,0.856871480045214,0.0208333333333333,White_wavg
2024-06-16,168,2024,LET-1,0.0462239524165834,0.380059920777498,1.83868979521851,0.0208333333333333,White_wavg
2024-06-17,169,2024,LET-1,0.00965928427535756,0.724407737606825,-0.260762092389662,0.0208333333333333,White_wavg
2024-06-18,170,2024,LET-1,0.0229742367280313,0.517559404152124,0.585203958793379,0.0208333333333333,White_wavg
2024-06-19,171,2024,LET-1,0.0630651324282825,1.88130770902006,1.1458186475375,0.0208333333333333,White_wavg
2024-06-20,172,2024,LET-1,0.163792614024024,7.10286583761111,0.75917963554204,0.0208333333333333,White_wavg
2024-06-21,173,2024,LET-1,0.11953557019676,4.94411013025626,0.793597239188237,0.0208333333333333,White_wavg
2024-06-22,174,2024,LET-1,0.132767135926193,6.19088058855972,0.181941935897527,0.0208333333333333,White_wavg
2024-06-23,175,2024,LET-1,0.0777299216741219,2.62410365889916,1.10693258145869,0.0208333333333333,White_wavg
2024-06-24,176,2024,LET-1,0.0958195944199175,3.79750985300404,0.801830679151998,0.0208333333333333,White_wavg
2024-06-25,177,2024,LET-1,0.0437131752455959,2.10663140779235,-0.00839899600374849,0.0208333333333333,White_wavg
2024-06-26,178,2024,LET-1,0.0575405275556699,1.55431055507904,1.20763476759311,0.0208333333333333,White_wavg
2024-06-27,179,2024,LET-1,0.169234852063931,6.33859453658343,1.78467836248526,0.0208333333333333,White_wavg
2024-06-28,180,2024,LET-1,0.0523302307966413,0.856670250293945,1.65518082794484,0.0208333333333333,White_wavg
2024-06-29,181,2024,LET-1,0.0890993104646207,3.88882588458728,0.387941017714518,0.0208333333333333,White_wavg
2024-06-30,182,2024,LET-1,0.124780270841818,6.11614689566058,-0.12669389525329,0.0208333333333333,White_wavg
2024-07-01,183,2024,LET-1,0.0707861782292542,0.688696977669423,2.70903957733478,0.0208333333333333,White_wavg
2024-07-02,184,2024,LET-1,0.129059481303132,5.68785352231664,0.507001580233712,0.0208333333333333,White_wavg
2024-07-03,185,2024,LET-1,0.0726762947959962,2.37308889312082,1.11537325708699,0.0208333333333333,White_wavg
2024-07-04,186,2024,LET-1,0.0935838611910637,3.63843769361054,0.853587643560516,0.0208333333333333,White_wavg
2024-07-05,187,2024,LET-1,0.149997703342212,4.68807902032715,2.51181074009903,0.0208333333333333,White_wavg
2024-07-06,188,2024,LET-1,0.0602891138860769,1.85539881920995,1.03847864732174,0.0208333333333333,White_wavg
2024-07-07,189,2024,LET-1,0.131344024275278,4.60095151583282,1.70356164938053,0.0208333333333333,White_wavg
2024-07-08,190,2024,LET-1,0.169517838475408,6.32522508419449,1.8116311626251,0.0208333333333333,White_wavg
2024-07-09,191,2024,LET-1,0.0815065939773652,2.26112209447535,1.65119441643817,0.0208333333333333,White_wavg
2024-07-10,192,2024,LET-1,0.0979286964723269,3.55465839257789,1.1459190380938,0.0208333333333333,White_wavg
2024-07-11,193,2024,LET-1,0.12680806323711,0.678546647062461,5.40824038831882,0.0208333333333333,White_wavg
2024-07-15,197,2024,LET-1,-0.0393071645111339,-1.23234909966499,-0.65439479686944,0.0208333333333333,White_wavg
2024-07-16,198,2024,LET-1,0.0931863228659244,2.31594171859553,2.15700177896885,0.0208333333333333,White_wavg
2024-07-17,199,2024,LET-1,0.147707857020049,6.27293996178051,0.817037175181838,0.0208333333333333,White_wavg
2024-07-18,200,2024,LET-1,0.0437818958128992,0.74543377200942,1.35609722700974,0.0208333333333333,White_wavg
2024-07-19,201,2024,LET-1,0.0494839859428812,1.38753479708384,0.987696528174453,0.0208333333333333,White_wavg
2024-07-20,202,2024,LET-1,0.0768217428740714,1.80572662741878,1.88171703053665,0.0208333333333333,White_wavg
2024-07-21,203,2024,LET-1,0.0596929038458761,0.940656896394643,1.92460248820741,0.0208333333333333,White_wavg
2024-07-22,204,2024,LET-1,0.105467793172647,3.81893396672024,1.2435201055668,0.0208333333333333,White_wavg
2024-07-23,205,2024,LET-1,0.0286948448165939,0.614549309194956,0.762803242001553,0.0208333333333333,White_wavg
2024-07-24,206,2024,LET-1,0.0558961042527351,1.46821976960143,1.21479323452985,0.0208333333333333,White_wavg
2024-07-25,207,2024,LET-1,0.100646832171887,2.36641835941569,2.46462958483491,0.0208333333333333,White_wavg
2024-07-26,208,2024,LET-1,0.217555034433552,5.40896584306236,5.03367580974813,0.0208333333333333,White_wavg
2024-07-27,209,2024,LET-1,0.149092825453153,5.8199100556358,1.33654556611553,0.0208333333333333,White_wavg
2024-07-28,210,2024,LET-1,0.195000786511756,7.93954725927222,1.42049049329208,0.0208333333333333,White_wavg
2024-07-29,211,2024,LET-1,0.199381115547761,7.69739685060023,1.87289669569229,0.0208333333333333,White_wavg
2024-07-30,212,2024,LET-1,0.237448955818417,8.58281622376632,2.81473365551771,0.0208333333333333,White_wavg
2024-07-31,213,2024,LET-1,0.340526320319009,14.8684466969234,1.47681667838901,0.0208333333333333,White_wavg
2024-08-01,214,2024,LET-1,0.240333093922795,10.0840161817402,1.45197232655399,0.0208333333333333,White_wavg
2024-08-02,215,2024,LET-1,0.270736392781715,11.5511911588897,1.44415569463268,0.0208333333333333,White_wavg
2024-08-03,216,2024,LET-1,-0.00414112605111091,6.27814217455077,-6.47691622500409,0.0208333333333333,White_wavg
2024-08-04,217,2024,LET-1,0.18408421557538,5.78245738628706,3.05358496133117,0.0208333333333333,White_wavg
2024-08-05,218,2024,LET-1,0.264632380307972,8.88950869136136,3.81284556342132,0.0208333333333333,White_wavg
2024-08-06,219,2024,LET-1,0.264016341409102,9.32318086387434,3.34960352376257,0.0208333333333333,White_wavg
2024-08-07,220,2024,LET-1,0.367778361224168,16.0243771607095,1.62898417805053,0.0208333333333333,White_wavg
2024-08-08,221,2024,LET-1,0.329860906368999,14.5777909359644,1.25553256974752,0.0208333333333333,White_wavg
2024-08-09,222,2024,LET-1,0.299953747593237,14.3009936811879,0.0967862032874791,0.0208333333333333,White_wavg
2024-08-10,223,2024,LET-1,-0.00807312838967178,0.513314823817041,-0.900824986521286,0.0208333333333333,White_wavg
2024-08-11,224,2024,LET-1,-0.0518290789518661,-2.75411781072665,0.266322021037084,0.0208333333333333,White_wavg
2024-08-12,225,2024,LET-1,-0.0122003644688145,-1.52083532027203,0.93521782576893,0.0208333333333333,White_wavg
2024-08-13,226,2024,LET-1,-0.00396772439484217,0.0137022364792756,-0.2041530074317,0.0208333333333333,White_wavg
2024-08-14,227,2024,LET-1,0.00895198586299362,1.05089984243176,-0.621204521008067,0.0208333333333333,White_wavg
2024-08-15,228,2024,LET-1,-0.0742380759641526,-3.75476448233707,0.191336836057744,0.0208333333333333,White_wavg
2024-08-16,229,2024,LET-1,-0.0756277987560186,-4.24800106404399,0.6178667237551,0.0208333333333333,White_wavg
2024-08-17,230,2024,LET-1,-0.053948565271846,-3.01539235198769,0.425861218939076,0.0208333333333333,White_wavg
2024-08-18,231,2024,LET-1,-0.018393119753554,-0.588337286751226,-0.294532461419365,0.0208333333333333,White_wavg
2024-08-19,232,2024,LET-1,-0.0212789006691233,-0.16349821546342,-0.857889016654497,0.0208333333333333,White_wavg
2024-08-20,233,2024,LET-1,0.0395106194368659,1.49773163783382,0.398778095135739,0.0208333333333333,White_wavg
2024-08-21,234,2024,LET-1,0.00360698821583879,0.0486959245343144,0.124439509825947,0.0208333333333333,White_wavg
2024-08-22,235,2024,LET-1,-0.00320015829760549,-2.29746260075112,2.14385500246605,0.0208333333333333,White_wavg
2024-08-23,236,2024,LET-1,0.0323746412666859,2.76457475160896,-1.21059197080804,0.0208333333333333,White_wavg
2024-08-24,237,2024,LET-1,-0.0325682803753669,-0.235509428890879,-1.32776802912673,0.0208333333333333,White_wavg
2024-08-25,238,2024,LET-1,-0.022928938649384,-0.973194224130225,-0.127394831040206,0.0208333333333333,White_wavg
2024-08-26,239,2024,LET-1,0.186704922114938,9.13430889662021,-0.17247263510319,0.0208333333333333,White_wavg
2024-08-27,240,2024,LET-1,0.0779183143755417,3.62608345149388,0.113995638532117,0.0208333333333333,White_wavg
2024-08-28,241,2024,LET-1,0.000693295033962649,-0.630277222601677,0.663555384231884,0.0208333333333333,White_wavg
2024-08-29,242,2024,LET-1,0.0221405959593145,0.68834546012684,0.374403145920255,0.0208333333333333,White_wavg
2024-08-30,243,2024,LET-1,0.107458832364696,6.51059669170269,-1.35257273819728,0.0208333333333333,White_wavg
2024-08-31,244,2024,LET-1,0.00259290133316566,-0.17397762481113,0.298436888803082,0.0208333333333333,White_wavg
2024-09-01,245,2024,LET-1,-0.0309202483694998,-2.1843100961668,0.700138174430805,0.0208333333333333,White_wavg
2024-09-02,246,2024,LET-1,0.00691432732772472,0.0697523819034132,0.262135329827373,0.0208333333333333,White_wavg
2024-09-03,247,2024,LET-1,0.00256105798272414,0.900925210428881,-0.777994427258122,0.0208333333333333,White_wavg
2024-09-04,248,2024,LET-1,0.00498672582022171,0.740999139924981,-0.501636300554338,0.0208333333333333,White_wavg
2024-09-05,249,2024,LET-1,0.0392751794790467,2.28408129688975,-0.398872681895512,0.0208333333333333,White_wavg
2024-09-06,250,2024,LET-1,0.00983262621049382,-0.292907603002305,0.764873661106009,0.0208333333333333,White_wavg
2024-09-07,251,2024,LET-1,0.0391238625099932,0.853261820356721,1.02468358012295,0.0208333333333333,White_wavg
2024-09-08,252,2024,LET-1,0.0449159392417557,2.51724651161069,-0.361281428006421,0.0208333333333333,White_wavg
2024-09-09,253,2024,LET-1,0.0479653184921712,2.33728688642287,-0.0349515987986564,0.0208333333333333,White_wavg
2024-09-10,254,2024,LET-1,0.050841402626751,0.987496042742777,1.45289128334127,0.0208333333333333,White_wavg
2024-09-11,255,2024,LET-1,0.0477620686407369,2.26425218122088,0.0283271135344876,0.0208333333333333,White_wavg
2024-09-12,256,2024,LET-1,-0.0469713574243302,-2.20798662132964,-0.0466385350382126,0.0208333333333333,White_wavg
2024-09-13,257,2024,LET-1,-0.0247460369581309,-0.630379488372057,-0.557430285618224,0.0208333333333333,White_wavg
2024-09-14,258,2024,LET-1,0.0292266306696127,0.869310990264353,0.533567281877055,0.0208333333333333,White_wavg
2024-09-15,259,2024,LET-1,0.0665733761401987,2.17645797494293,1.0190640797866,0.0208333333333333,White_wavg
2024-09-16,260,2024,LET-1,-0.0482592262925214,-1.38647444142231,-0.929968420618721,0.0208333333333333,White_wavg
2024-09-17,261,2024,LET-1,0.00339515260789369,0.542524201592215,-0.379556876413318,0.0208333333333333,White_wavg
2024-09-18,262,2024,LET-1,-0.0967748918053557,-1.13388144439281,-3.51131336226426,0.0208333333333333,White_wavg
2024-09-19,263,2024,LET-1,-0.0473195635434423,2.18539668945468,-4.45673573953991,0.0208333333333333,White_wavg
2024-09-20,264,2024,LET-1,0.0913741211638044,4.87883775224063,-0.492879936378017,0.0208333333333333,White_wavg
2024-09-21,265,2024,LET-1,0.142293883680717,7.43023976480149,-0.600133348127073,0.0208333333333333,White_wavg
2024-09-22,266,2024,LET-1,0.184139266811553,10.4177457868216,-1.57906097986709,0.0208333333333333,White_wavg
2024-09-23,267,2024,LET-1,0.175180049054435,8.76135162214311,-0.352709267530216,0.0208333333333333,White_wavg
2024-09-24,268,2024,LET-1,0.232335965008245,11.0416050892443,0.110521231151495,0.0208333333333333,White_wavg
2024-09-25,269,2024,LET-1,0.23746445254107,13.3955425600739,-1.99724883810254,0.0208333333333333,White_wavg
2024-09-26,270,2024,LET-1,0.101115891286209,5.83198353901588,-0.978420757277846,0.0208333333333333,White_wavg
2024-09-27,271,2024,LET-1,0.143806612299821,7.49974174769687,-0.597024357305472,0.0208333333333333,White_wavg
2024-09-28,272,2024,LET-1,0.148516345563097,7.42949964820303,-0.300715061174358,0.0208333333333333,White_wavg
2024-09-29,273,2024,LET-1,0.16959399666055,9.90134933297119,-1.76083749326477,0.0208333333333333,White_wavg
2024-09-30,274,2024,LET-1,0.161926889135991,10.2677154805153,-2.49522480198773,0.0208333333333333,White_wavg
2024-10-01,275,2024,LET-1,0.168071825017806,8.94410560334262,-0.876658002487929,0.0208333333333333,White_wavg
2024-10-02,276,2024,LET-1,0.136102035353728,7.28654936427304,-0.753651667294093,0.0208333333333333,White_wavg
2024-10-03,277,2024,LET-1,0.101911681602295,6.48039492859201,-1.58863421168185,0.0208333333333333,White_wavg
2024-10-04,278,2024,LET-1,0.0513005481199554,4.05010871885381,-1.58768240909595,0.0208333333333333,White_wavg
2024-10-05,279,2024,LET-1,0.0073055597184292,2.02727535412492,-1.67660848764032,0.0208333333333333,White_wavg
2024-10-06,280,2024,LET-1,0.000571636886126233,1.74741528950264,-1.71997671896858,0.0208333333333333,White_wavg
2024-10-07,281,2024,LET-1,0.00772933877705828,0.975924341055247,-0.60491607975645,0.0208333333333333,White_wavg
2024-10-08,282,2024,LET-1,0.0149626258338846,1.41873203323399,-0.700525993207535,0.0208333333333333,White_wavg
2024-10-09,283,2024,LET-1,-0.0115115847206019,1.26406618483341,-1.8166222514223,0.0208333333333333,White_wavg
2024-10-10,284,2024,LET-1,0.00997775421641981,1.5869677798317,-1.10803557744354,0.0208333333333333,White_wavg
2024-10-11,285,2024,LET-1,0.0340173271283367,3.16062195394906,-1.5277902517889,0.0208333333333333,White_wavg
2024-10-12,286,2024,LET-1,-0.0208066919099877,-0.312757491086302,-0.685963720593108,0.0208333333333333,White_wavg
2024-10-13,287,2024,LET-1,-0.0209519114847669,-0.497246066556613,-0.5084456847122,0.0208333333333333,White_wavg
2024-10-14,288,2024,LET-1,0.00395470236281822,0.892074392749009,-0.702248679333735,0.0208333333333333,White_wavg
2024-10-15,289,2024,LET-1,0.0140046289379322,1.36305322422956,-0.690831035208817,0.0208333333333333,White_wavg
2024-10-16,290,2024,LET-1,0.0213282999474466,1.30659373075019,-0.282835333272757,0.0208333333333333,White_wavg
2024-10-17,291,2024,LET-1,0.000634862648341006,1.30042219259394,-1.26994878547357,0.0208333333333333,White_wavg
2024-10-18,292,2024,LET-1,0.0167872209259097,4.07868756434655,-3.27290095990288,0.0208333333333333,White_wavg
2024-10-19,293,2024,LET-1,-0.0236287962551514,-0.78884516288187,-0.345337057365398,0.0208333333333333,White_wavg
2024-10-20,294,2024,LET-1,0.0759840996465903,4.3880959078912,-0.740859124854865,0.0208333333333333,White_wavg
2024-10-21,295,2024,LET-1,0.00739724926077212,0.81498538658056,-0.459917422063498,0.0208333333333333,White_wavg
2024-10-22,296,2024,LET-1,-0.0406252171601092,-0.641160126749753,-1.30885029693549,0.0208333333333333,White_wavg
2024-10-23,297,2024,LET-1,-0.00751188960385803,0.404291419284419,-0.764862120269605,0.0208333333333333,White_wavg
2024-10-24,298,2024,LET-1,-0.0136396030354128,-0.154039955263841,-0.500660990435975,0.0208333333333333,White_wavg
2024-10-25,299,2024,LET-1,-0.0261454736987095,-0.198026792797279,-1.05695594474078,0.0208333333333333,White_wavg
2024-10-26,300,2024,LET-1,-0.0555265804529914,-0.899835230422852,-1.76544063132074,0.0208333333333333,White_wavg
2024-10-27,301,2024,LET-1,0.0398478109235212,1.46318447529623,0.449510449032786,0.0208333333333333,White_wavg
2024-10-28,302,2024,LET-1,-0.101644775507063,-4.81185207881438,-0.0670971455246416,0.0208333333333333,White_wavg
2024-10-29,303,2024,LET-1,-0.0988418896580079,-4.44085900178095,-0.303551701803428,0.0208333333333333,White_wavg
2024-10-30,304,2024,LET-1,-0.0525177157255715,-0.105577744621499,-2.41527261020593,0.0208333333333333,White_wavg
2024-10-31,305,2024,LET-1,0.00723189329027152,-0.202097392137546,0.549228270070579,0.0208333333333333,White_wavg
2024-11-01,306,2024,LET-1,0.0769858779816205,5.30043648068208,-1.6051143375643,0.0208333333333333,White_wavg
2024-11-02,307,2024,LET-1,-0.0215896818154778,-0.766911705992257,-0.269393021150677,0.0208333333333333,White_wavg
2024-11-03,308,2024,LET-1,-0.0615575622682329,-1.08002617058531,-1.87473681828987,0.0208333333333333,White_wavg
2024-11-04,309,2024,LET-1,-0.0249436205594182,0.875919963604233,-2.0732137504563,0.0208333333333333,White_wavg
2024-11-05,310,2024,LET-1,-0.07230587335653,-3.25673867900385,-0.213943242109593,0.0208333333333333,White_wavg
2024-11-06,311,2024,LET-1,0.0140645137420884,1.27538541290342,-0.600288753283174,0.0208333333333333,White_wavg
2024-11-07,312,2024,LET-1,0.0507381396396981,3.36734770162224,-0.931916998916726,0.0208333333333333,White_wavg
2024-11-08,313,2024,LET-1,0.0399290872033387,3.62520881628363,-1.70861263052338,0.0208333333333333,White_wavg
2019-10-06,279,2019,LHT-1,0.0319838125220798,1.96183416063045,-1.11822442667651,0.0379130434782609,White_wavg
2019-10-07,280,2019,LHT-1,0.0190315569995334,1.17615027820821,-0.674171137165473,0.0379130434782609,White_wavg
2019-10-08,281,2019,LHT-1,-0.0202702555589988,-0.833803062858607,0.299151826784097,0.0379130434782609,White_wavg
2019-10-09,282,2019,LHT-1,-0.130114041089388,-1.53624668343673,-1.89566036364576,0.0379130434782609,White_wavg
2019-10-10,283,2019,LHT-1,-0.188306637453256,-3.00177908269066,-1.9650244281177,0.0379130434782609,White_wavg
2019-10-11,284,2019,LHT-1,-0.124080076774826,-3.21451711677008,-0.0582372018319859,0.0379130434782609,White_wavg
2019-10-12,285,2019,LHT-1,-0.0591520755203907,-1.46432670900762,-0.0958771177916731,0.0379130434782609,White_wavg
2019-10-13,286,2019,LHT-1,-0.0080011066295448,0.986144033628023,-1.19718239656326,0.0379130434782609,White_wavg
2019-10-14,287,2019,LHT-1,-0.08686752114145,-0.387455165001427,-1.90377532382122,0.0379130434782609,White_wavg
2019-10-15,288,2019,LHT-1,-0.0350799937561592,-0.203132920506732,-0.722142144162604,0.0379130434782609,White_wavg
2019-10-16,289,2019,LHT-1,0.0615944063495076,1.14633584124633,0.478287262009033,0.0379130434782609,White_wavg
2019-10-17,290,2019,LHT-1,-0.387871623561896,-9.92555588080512,-0.305002997547632,0.0379130434782609,White_wavg
2019-10-18,291,2019,LHT-1,0.0342067062309362,3.04788153216032,-2.14564042744526,0.0379130434782609,White_wavg
2019-10-19,292,2019,LHT-1,-0.144287821667594,-3.59337819297534,-0.212378571192858,0.0379130434782609,White_wavg
2019-10-20,293,2019,LHT-1,-2.61907387169643,2.75290150657912,-71.8339783976546,0.0379130434782609,White_wavg
2024-06-03,155,2024,LHT-1,0.110072343696749,1.61347954888387,1.28980474586982,0.0379130434782609,White_wavg
2024-06-04,156,2024,LHT-1,0.160146506658062,2.90160424353942,1.32244352381772,0.0379130434782609,White_wavg
2024-06-05,157,2024,LHT-1,0.155101609552575,3.07364688268561,1.01733593808184,0.0379130434782609,White_wavg
2024-06-06,158,2024,LHT-1,0.190622194726542,2.89536941690474,2.13250957244212,0.0379130434782609,White_wavg
2024-06-07,159,2024,LHT-1,0.251201931974412,3.57307203733193,3.05266699410326,0.0379130434782609,White_wavg
2024-06-08,160,2024,LHT-1,0.0990046062275721,1.64969382259379,0.961666204050886,0.0379130434782609,White_wavg
2024-06-09,161,2024,LHT-1,0.0849975177722281,-0.367867977551839,2.60977498301198,0.0379130434782609,White_wavg
2024-06-10,162,2024,LHT-1,0.140451938632742,3.90284379858272,-0.198262848407182,0.0379130434782609,White_wavg
2024-06-11,163,2024,LHT-1,-0.0250425956137356,-4.13175093211464,3.47122375422941,0.0379130434782609,White_wavg
2024-06-12,164,2024,LHT-1,0.243215978686921,3.96931238958729,2.445787965687,0.0379130434782609,White_wavg
2024-06-13,165,2024,LHT-1,0.0971058427335654,1.57486443577781,0.986413526231367,0.0379130434782609,White_wavg
2024-06-14,166,2024,LHT-1,0.0937313460905113,0.437507394501679,2.03476434871135,0.0379130434782609,White_wavg
2024-06-15,167,2024,LHT-1,0.155034818036219,2.86264949120358,1.22657162672422,0.0379130434782609,White_wavg
2024-06-16,168,2024,LHT-1,0.177805250274734,2.42107341847131,2.26874396262833,0.0379130434782609,White_wavg
2024-06-17,169,2024,LHT-1,-0.0912333084586946,-2.15529116449105,-0.25109197146076,0.0379130434782609,White_wavg
2024-06-18,170,2024,LHT-1,0.0278017801755867,0.33792792552596,0.395375909380569,0.0379130434782609,White_wavg
2024-06-19,171,2024,LHT-1,0.0640003403239695,0.622112472580128,1.06596989835026,0.0379130434782609,White_wavg
2024-06-20,172,2024,LHT-1,0.260196744323982,6.32376196336679,0.539225558940082,0.0379130434782609,White_wavg
2024-06-21,173,2024,LHT-1,0.128091480231683,2.54486526895796,0.833694416052033,0.0379130434782609,White_wavg
2024-06-22,174,2024,LHT-1,0.173781743888333,4.03178208116053,0.551910704884939,0.0379130434782609,White_wavg
2024-06-23,175,2024,LHT-1,0.114567260622228,1.54497977323373,1.47686311015072,0.0379130434782609,White_wavg
2024-06-24,176,2024,LHT-1,0.156585730316618,3.13820057520395,0.991927632688494,0.0379130434782609,White_wavg
2024-06-25,177,2024,LHT-1,0.0185252077632574,-0.113186173205193,0.601809772465423,0.0379130434782609,White_wavg
2024-06-26,178,2024,LHT-1,0.0394905343812212,-0.306107738695971,1.34771587031075,0.0379130434782609,White_wavg
2024-06-27,179,2024,LHT-1,0.144175820812278,2.37855419945738,1.42424841371049,0.0379130434782609,White_wavg
2024-06-28,180,2024,LHT-1,-0.00936900778508918,-2.20238828057546,1.95526995596875,0.0379130434782609,White_wavg
2024-06-29,181,2024,LHT-1,0.132986433946711,2.92971032408609,0.577959378636805,0.0379130434782609,White_wavg
2024-06-30,182,2024,LHT-1,0.153931784279387,3.71688770899681,0.343239628647574,0.0379130434782609,White_wavg
2024-07-01,183,2024,LHT-1,-0.0137010171959583,-1.95043620485222,1.58905616413314,0.0379130434782609,White_wavg
2024-07-02,184,2024,LHT-1,0.108273556388025,1.9087968941168,0.947042322539815,0.0379130434782609,White_wavg
2024-07-03,185,2024,LHT-1,0.0356257673648655,-0.565728376550112,1.50539884603624,0.0379130434782609,White_wavg
2024-07-04,186,2024,LHT-1,0.0706379614423379,0.9995507922401,0.863606447638077,0.0379130434782609,White_wavg
2024-07-05,187,2024,LHT-1,0.164579831975735,3.3091381803338,1.03184362636562,0.0379130434782609,White_wavg
2024-07-06,188,2024,LHT-1,0.0536507172160933,-0.0634079697110508,1.47850716233737,0.0379130434782609,White_wavg
2024-07-07,189,2024,LHT-1,0.167785920992934,2.20201921776524,2.22352686347041,0.0379130434782609,White_wavg
2024-07-08,190,2024,LHT-1,0.228912594621635,3.92618879291189,2.11164340467711,0.0379130434782609,White_wavg
2024-07-09,191,2024,LHT-1,0.0797416208850869,0.882171873566762,1.22110482409035,0.0379130434782609,White_wavg
2024-07-10,192,2024,LHT-1,0.111520017108229,2.05548963084152,0.885978710315882,0.0379130434782609,White_wavg
2024-07-11,193,2024,LHT-1,0.0719364510582837,-1.5404981578456,3.43790455043795,0.0379130434782609,White_wavg
2024-07-15,197,2024,LHT-1,-0.0290374862641274,-0.331626517097305,-0.434270482988623,0.0379130434782609,White_wavg
2024-07-16,198,2024,LHT-1,0.0391691753639758,-0.263697557816215,1.29682947682016,0.0379130434782609,White_wavg
2024-07-17,199,2024,LHT-1,0.0640962552432183,1.23367428654251,0.456937950377238,0.0379130434782609,White_wavg
2024-07-18,200,2024,LHT-1,-0.0473114372214666,-3.03418526996677,1.78629185701524,0.0379130434782609,White_wavg
2024-07-19,201,2024,LHT-1,0.0104639500098278,-1.19177790175979,1.46777658321167,0.0379130434782609,White_wavg
2024-07-20,202,2024,LHT-1,0.0359574857203761,-0.353464431680095,1.30188435320378,0.0379130434782609,White_wavg
2024-07-21,203,2024,LHT-1,0.0298160345715061,-0.798131053455677,1.58456315797935,0.0379130434782609,White_wavg
2024-07-22,204,2024,LHT-1,0.0971707721031773,1.17955434785944,1.38343620073354,0.0379130434782609,White_wavg
2024-07-23,205,2024,LHT-1,-0.0243402384516305,-1.18488392645872,0.542882224179479,0.0379130434782609,White_wavg
2024-07-24,206,2024,LHT-1,-0.0373904016268377,-1.65094286390573,0.664728142096934,0.0379130434782609,White_wavg
2024-07-25,207,2024,LHT-1,0.0341654996726872,0.0267546589885797,0.874399575497435,0.0379130434782609,White_wavg
2024-07-26,208,2024,LHT-1,0.108822716350097,1.14647045457903,1.72385348584783,0.0379130434782609,White_wavg
2024-07-27,209,2024,LHT-1,-0.0319708083413825,-1.79952974189237,0.956263008117375,0.0379130434782609,White_wavg
2024-07-28,210,2024,LHT-1,-0.0234718656495306,-2.01958791960766,1.40049054582417,0.0379130434782609,White_wavg
2024-07-29,211,2024,LHT-1,-0.0189134565849309,-0.761768289745703,0.26290418257436,0.0379130434782609,White_wavg
2024-07-30,212,2024,LHT-1,0.00449696212535676,-0.95624491752551,1.07485745064845,0.0379130434782609,White_wavg
2024-07-31,213,2024,LHT-1,0.13747111481442,2.98906970007127,0.636888603520077,0.0379130434782609,White_wavg
2024-08-01,214,2024,LHT-1,0.0324949818676684,1.74503509068052,-0.887942679033301,0.0379130434782609,White_wavg
2024-08-02,215,2024,LHT-1,0.10640677518501,3.27220855426407,-0.465607832641112,0.0379130434782609,White_wavg
2024-08-03,216,2024,LHT-1,-0.143261855051739,-4.28146669675584,0.502770978648044,0.0379130434782609,White_wavg
2024-08-04,217,2024,LHT-1,-0.0410712987466,-1.5969334806361,0.51363087608128,0.0379130434782609,White_wavg
2024-08-05,218,2024,LHT-1,-0.0351204824453465,-0.409375854724601,-0.516967145554034,0.0379130434782609,White_wavg
2024-08-06,219,2024,LHT-1,-0.0836360892348376,-2.07537230197437,-0.130625464540842,0.0379130434782609,White_wavg
2024-08-07,220,2024,LHT-1,0.0881142919181094,1.68508421974849,0.639031278091551,0.0379130434782609,White_wavg
2024-08-08,221,2024,LHT-1,0.0437526302454449,0.478499365865702,0.675526431892592,0.0379130434782609,White_wavg
2024-08-09,222,2024,LHT-1,0.120893890087282,2.84200423701577,0.346710753818499,0.0379130434782609,White_wavg
2024-08-10,223,2024,LHT-1,0.077084855272671,2.25415109130745,-0.220949633427367,0.0379130434782609,White_wavg
2024-08-11,224,2024,LHT-1,-0.0457503991892401,-1.37308549462949,0.166366249959168,0.0379130434782609,White_wavg
2024-08-12,225,2024,LHT-1,0.00397827747875004,-1.0401938735705,1.14512550431735,0.0379130434782609,White_wavg
2024-08-13,226,2024,LHT-1,0.0686441181179065,2.1747346573548,-0.364167321676078,0.0379130434782609,White_wavg
2024-08-14,227,2024,LHT-1,0.0849481777043949,2.79178832552267,-0.551182720934278,0.0379130434782609,White_wavg
2024-08-15,228,2024,LHT-1,-0.016017958196018,-0.63384492986205,0.211352913223962,0.0379130434782609,White_wavg
2024-08-16,229,2024,LHT-1,-0.0735148997284655,-3.10694778675082,1.16790800033488,0.0379130434782609,White_wavg
2024-08-17,230,2024,LHT-1,0.0663964411208601,0.945386419749866,0.805895857520525,0.0379130434782609,White_wavg
2024-08-18,231,2024,LHT-1,0.146670013019761,3.55278668445931,0.315803108493114,0.0379130434782609,White_wavg
2024-08-19,232,2024,LHT-1,0.125438612685421,3.4968893505725,-0.188302089374474,0.0379130434782609,White_wavg
2024-08-20,233,2024,LHT-1,0.213705359430238,4.97805215874445,0.65867177118156,0.0379130434782609,White_wavg
2024-08-21,234,2024,LHT-1,0.0338990802392584,1.42955337508539,-0.535426258682932,0.0379130434782609,White_wavg
2024-08-22,235,2024,LHT-1,0.0131542133277284,-0.377171552910568,0.72412901453643,0.0379130434782609,White_wavg
2024-08-23,236,2024,LHT-1,0.0979682760251859,1.804783914909,0.779241714195678,0.0379130434782609,White_wavg
2024-08-24,237,2024,LHT-1,-0.140409758979547,0.724689047177577,-4.42815746062894,0.0379130434782609,White_wavg
2024-08-25,238,2024,LHT-1,-0.0970646526485252,-2.65282718730191,0.0926356610220012,0.0379130434782609,White_wavg
2024-08-26,239,2024,LHT-1,0.0588670161613803,2.17495328231183,-0.622268223009371,0.0379130434782609,White_wavg
2024-08-27,240,2024,LHT-1,0.138036204240556,3.26685433968308,0.374008845560951,0.0379130434782609,White_wavg
2024-08-28,241,2024,LHT-1,0.00508416943334449,-0.809472120134473,0.943572919408467,0.0379130434782609,White_wavg
2024-08-29,242,2024,LHT-1,0.0937778484398522,1.76902148556172,0.704476810443552,0.0379130434782609,White_wavg
2024-08-30,243,2024,LHT-1,0.146303555011512,3.51153302384253,0.347391018892296,0.0379130434782609,White_wavg
2024-08-31,244,2024,LHT-1,0.186737753219227,5.40690817891871,-0.481485788962033,0.0379130434782609,White_wavg
2024-09-01,245,2024,LHT-1,0.04463185674561,0.276582753771805,0.900633651215614,0.0379130434782609,White_wavg
2024-09-02,246,2024,LHT-1,0.0812430857771232,0.251430343213201,1.89144921283477,0.0379130434782609,White_wavg
2024-09-03,247,2024,LHT-1,-0.0514138138323205,-1.43814884797121,0.082050547348075,0.0379130434782609,White_wavg
2024-09-04,248,2024,LHT-1,0.047399253744276,1.10181468208057,0.148394992367074,0.0379130434782609,White_wavg
2024-09-05,249,2024,LHT-1,0.111693593253837,3.42481795864384,-0.478771347590808,0.0379130434782609,White_wavg
2024-09-06,250,2024,LHT-1,0.0501501959178213,0.72787579058749,0.594893138437612,0.0379130434782609,White_wavg
2024-09-07,251,2024,LHT-1,0.131506685407818,3.19396849978943,0.2746711382608,0.0379130434782609,White_wavg
2024-09-08,252,2024,LHT-1,0.0791122354006363,1.01811927374027,1.06855665999211,0.0379130434782609,White_wavg
2024-09-09,253,2024,LHT-1,0.0475127776849278,1.13807054679742,0.11513345177292,0.0379130434782609,White_wavg
2024-09-10,254,2024,LHT-1,0.0967207396388636,2.00823956375049,0.542880862503935,0.0379130434782609,White_wavg
2024-09-11,255,2024,LHT-1,0.168795422846566,3.34395124435378,1.10822160595701,0.0379130434782609,White_wavg
2024-09-12,256,2024,LHT-1,-0.0884781269791901,-3.34703925193551,1.01332718711743,0.0379130434782609,White_wavg
2024-09-13,257,2024,LHT-1,0.00807892448033807,0.3904067800093,-0.177315882018732,0.0379130434782609,White_wavg
2024-09-14,258,2024,LHT-1,0.0820307519689447,2.43012285280599,-0.26646769766181,0.0379130434782609,White_wavg
2024-09-15,259,2024,LHT-1,0.237527678641818,6.25588429511268,0.00918062319215096,0.0379130434782609,White_wavg
2024-09-16,260,2024,LHT-1,0.079808981390105,0.954989447424339,1.15006396080091,0.0379130434782609,White_wavg
2024-09-17,261,2024,LHT-1,0.106264003398816,3.96248074639587,-1.15964579436287,0.0379130434782609,White_wavg
2024-09-18,262,2024,LHT-1,-0.226490718112287,0.967443785595236,-6.94139621286887,0.0379130434782609,White_wavg
2024-09-19,263,2024,LHT-1,-0.00573114891557698,0.0256304564079528,-0.176796081474777,0.0379130434782609,White_wavg
2024-09-20,264,2024,LHT-1,-0.00619130390031099,0.259516836420517,-0.422819576910371,0.0379130434782609,White_wavg
2024-09-21,265,2024,LHT-1,0.00723302826638601,0.110986024962358,0.0797933903207593,0.0379130434782609,White_wavg
2024-09-22,266,2024,LHT-1,0.00301462117175753,0.938566758775266,-0.85905266823579,0.0379130434782609,White_wavg
2024-09-23,267,2024,LHT-1,-0.0747092236868087,-1.49787089810545,-0.472670552349371,0.0379130434782609,White_wavg
2024-09-24,268,2024,LHT-1,0.0247575715257895,0.362378929998158,0.290630410705006,0.0379130434782609,White_wavg
2024-09-25,269,2024,LHT-1,0.102339502344,2.71627924883546,-0.016957512697843,0.0379130434782609,White_wavg
2024-09-26,270,2024,LHT-1,-0.105275528808439,-3.28795516144709,0.511192360307078,0.0379130434782609,White_wavg
2024-09-27,271,2024,LHT-1,-0.00896313220023909,-0.0594336159976763,-0.17697927460496,0.0379130434782609,White_wavg
2024-09-28,272,2024,LHT-1,0.0223547938515808,-0.249624089280644,0.839257413347568,0.0379130434782609,White_wavg
2024-09-29,273,2024,LHT-1,0.0754969761465624,2.10219773676323,-0.110878411796563,0.0379130434782609,White_wavg
2024-09-30,274,2024,LHT-1,0.115376932400472,4.14849764315881,-1.10529873810047,0.0379130434782609,White_wavg
2024-10-01,275,2024,LHT-1,0.157654175106985,4.50485983926296,-0.346550174743868,0.0379130434782609,White_wavg
2024-10-02,276,2024,LHT-1,0.152167862448709,3.14729758612344,0.866304290390659,0.0379130434782609,White_wavg
2024-10-03,277,2024,LHT-1,0.0990554974508306,2.34119170134983,0.271510639669785,0.0379130434782609,White_wavg
2024-10-04,278,2024,LHT-1,0.117640888261515,2.85068543645295,0.252227900720044,0.0379130434782609,White_wavg
2024-10-05,279,2024,LHT-1,0.014081648531416,0.88800225479639,-0.516582626100785,0.0379130434782609,White_wavg
2024-10-06,280,2024,LHT-1,0.0086565815615866,1.74832969946496,-1.52000243350568,0.0379130434782609,White_wavg
2024-10-07,281,2024,LHT-1,0.0614733468598335,1.51633046556094,0.105099554824577,0.0379130434782609,White_wavg
2024-10-08,282,2024,LHT-1,0.0321760116979824,0.279302651716051,0.569376555914218,0.0379130434782609,White_wavg
2024-10-09,283,2024,LHT-1,0.014348916157516,1.08486945800328,-0.706400339169718,0.0379130434782609,White_wavg
2024-10-10,284,2024,LHT-1,0.0576225232181365,1.16816925449123,0.351690876262367,0.0379130434782609,White_wavg
2024-10-11,285,2024,LHT-1,0.0862139941253183,2.7413962774844,-0.467403313169811,0.0379130434782609,White_wavg
2024-10-12,286,2024,LHT-1,-0.00298147884169762,-0.072253963732777,-0.00638595984410983,0.0379130434782609,White_wavg
2024-10-13,287,2024,LHT-1,-0.0043542314445329,-0.256402612331328,0.141554764597089,0.0379130434782609,White_wavg
2024-10-14,288,2024,LHT-1,0.0235324728535314,0.952940858033372,-0.332244899740687,0.0379130434782609,White_wavg
2024-10-15,289,2024,LHT-1,0.0619123355772252,2.62384871197176,-0.990839860737609,0.0379130434782609,White_wavg
2024-10-16,290,2024,LHT-1,0.100229274608216,3.52649677178678,-0.8828347121664,0.0379130434782609,White_wavg
2024-10-17,291,2024,LHT-1,0.0754491517602155,1.54018399701599,0.449873904916302,0.0379130434782609,White_wavg
2024-10-18,292,2024,LHT-1,0.052931796252526,3.53912816972075,-2.14299134195917,0.0379130434782609,White_wavg
2024-10-19,293,2024,LHT-1,-0.0338856672395272,-0.428506699030606,-0.46526663412206,0.0379130434782609,White_wavg
2024-10-20,294,2024,LHT-1,0.120854896299441,3.54840685916531,-0.360720374202998,0.0379130434782609,White_wavg
2024-10-21,295,2024,LHT-1,0.049455190038289,1.17437539510914,0.13006195681821,0.0379130434782609,White_wavg
2024-10-22,296,2024,LHT-1,-0.0329662717803665,-1.1807523826775,0.311229159112784,0.0379130434782609,White_wavg
2024-10-23,297,2024,LHT-1,-0.00492086174940959,0.405180695328113,-0.534974067158871,0.0379130434782609,White_wavg
2024-10-24,298,2024,LHT-1,0.0123546933396398,0.746599263166871,-0.420730058107566,0.0379130434782609,White_wavg
2024-10-25,299,2024,LHT-1,-0.0468038334152251,-0.617570404454739,-0.616934375992713,0.0379130434782609,White_wavg
2024-10-26,300,2024,LHT-1,-0.0858461619363778,-0.53943586051588,-1.7248551079895,0.0379130434782609,White_wavg
2024-10-27,301,2024,LHT-1,-0.0469169765242194,-0.576938968042072,-0.660550091656376,0.0379130434782609,White_wavg
2024-10-28,302,2024,LHT-1,-0.202779397476736,-5.1110893911428,-0.237449762486705,0.0379130434782609,White_wavg
2024-10-29,303,2024,LHT-1,-0.161688179795512,-4.08076639897845,-0.18394476535272,0.0379130434782609,White_wavg
2024-10-30,304,2024,LHT-1,-0.13648089991415,-0.285082450032803,-3.31475779999639,0.0379130434782609,White_wavg
2024-10-31,305,2024,LHT-1,-0.133937746699049,-2.12169621889342,-1.41106544862737,0.0379130434782609,White_wavg
2024-11-01,306,2024,LHT-1,0.135215825130419,6.02132217272597,-2.45484972089152,0.0379130434782609,White_wavg
2024-11-02,307,2024,LHT-1,-0.0195858465944188,1.63298623109145,-2.1495853958525,0.0379130434782609,White_wavg
2024-11-03,308,2024,LHT-1,-0.0793986769632148,1.38067975214051,-3.47491091057393,0.0379130434782609,White_wavg
2024-11-04,309,2024,LHT-1,-0.0210992635494737,2.79651690635316,-3.35303417887369,0.0379130434782609,White_wavg
2024-11-05,310,2024,LHT-1,-0.1201889064707,-2.05618755729842,-1.11393268218104,0.0379130434782609,White_wavg
2024-11-06,311,2024,LHT-1,0.056311084697284,3.19588286150068,-1.71061342567782,0.0379130434782609,White_wavg
2024-11-07,312,2024,LHT-1,0.0578583626667229,3.00792765634306,-1.48184698967491,0.0379130434782609,White_wavg
2024-11-08,313,2024,LHT-1,0.0931629625163611,4.16575620191786,-1.70847622728907,0.0379130434782609,White_wavg
2024-06-03,155,2024,LWT-1,-0.0223453026713912,-0.605776491797649,0.0901156609193912,0.0433333333333333,White_wavg
2024-06-04,156,2024,LWT-1,0.112794548633668,1.82064360402097,0.782307518294442,0.0433333333333333,White_wavg
2024-06-05,157,2024,LWT-1,0.20019974422662,2.59288441329348,2.02710968424391,0.0433333333333333,White_wavg
2024-06-06,158,2024,LWT-1,0.246869473971977,3.79429097662367,1.9026968842681,0.0433333333333333,White_wavg
2024-06-07,159,2024,LWT-1,0.247208704990763,3.39201367948085,2.31280258953674,0.0433333333333333,White_wavg
2024-06-08,160,2024,LWT-1,0.186770559860722,3.08850104916907,1.22158879377068,0.0433333333333333,White_wavg
2024-06-09,161,2024,LWT-1,0.199399784655303,3.71164173669065,0.88989175535481,0.0433333333333333,White_wavg
2024-06-10,162,2024,LWT-1,0.231997342752534,4.56228632465705,0.791498508093731,0.0433333333333333,White_wavg
2024-06-11,163,2024,LWT-1,0.217468083948642,3.36721392425976,1.65128032070889,0.0433333333333333,White_wavg
2024-06-12,164,2024,LWT-1,0.297884111102333,5.04837875496342,1.82586996278271,0.0433333333333333,White_wavg
2024-06-13,165,2024,LWT-1,0.271709941729649,5.71376152650558,0.556467898024771,0.0433333333333333,White_wavg
2024-06-14,166,2024,LWT-1,0.21324135275668,3.13643716822725,1.78451712615767,0.0433333333333333,White_wavg
2024-06-15,167,2024,LWT-1,0.255530424359966,5.31993690095578,0.576919045812652,0.0433333333333333,White_wavg
2024-06-16,168,2024,LWT-1,0.204471815262462,2.65989914951135,2.0586812026993,0.0433333333333333,White_wavg
2024-06-17,169,2024,LWT-1,0.0486915091281691,1.6843599743531,-0.560709763703045,0.0433333333333333,White_wavg
2024-06-18,170,2024,LWT-1,0.139216030534735,3.03750094545765,0.175176682266994,0.0433333333333333,White_wavg
2024-06-19,171,2024,LWT-1,0.184035570502482,3.32118004931421,0.925794654589218,0.0433333333333333,White_wavg
2024-06-20,172,2024,LWT-1,0.363215494884308,7.7627236850756,0.619172350716113,0.0433333333333333,White_wavg
2024-06-21,173,2024,LWT-1,0.284161460551432,5.96399034257762,0.593581823993887,0.0433333333333333,White_wavg
2024-06-22,174,2024,LWT-1,0.329449660575299,7.27073758476173,0.331946890052848,0.0433333333333333,White_wavg
2024-06-23,175,2024,LWT-1,0.234039358911214,4.36396468087774,1.03694360168873,0.0433333333333333,White_wavg
2024-06-24,176,2024,LWT-1,0.253032675268816,5.17740028371274,0.661815299413789,0.0433333333333333,White_wavg
2024-06-25,177,2024,LWT-1,0.167187382167523,3.36660247065304,0.491567887059041,0.0433333333333333,White_wavg
2024-06-26,178,2024,LWT-1,0.16345328182207,2.5743769089793,1.19762190229924,0.0433333333333333,White_wavg
2024-06-27,179,2024,LWT-1,0.320811725017713,6.1586009351295,1.24474656527926,0.0433333333333333,White_wavg
2024-06-28,180,2024,LWT-1,0.137873129096929,1.69652090499,1.48516668955453,0.0433333333333333,White_wavg
2024-06-29,181,2024,LWT-1,0.291053693277242,6.58868558593255,0.127938105080716,0.0433333333333333,White_wavg
2024-06-30,182,2024,LWT-1,0.35833832797756,8.45602938041172,-0.186683350160344,0.0433333333333333,White_wavg
2024-07-01,183,2024,LWT-1,0.171495844891635,2.18855947440706,1.76903694616914,0.0433333333333333,White_wavg
2024-07-02,184,2024,LWT-1,0.356403623007126,7.18770387519925,1.03699511727289,0.0433333333333333,White_wavg
2024-07-03,185,2024,LWT-1,0.257325053895752,4.89290127663899,1.04536919787837,0.0433333333333333,White_wavg
2024-07-04,186,2024,LWT-1,0.318146650615333,6.45826112278094,0.883584660649817,0.0433333333333333,White_wavg
2024-07-05,187,2024,LWT-1,0.412087716259951,7.56791100570702,1.94180552336878,0.0433333333333333,White_wavg
2024-07-06,188,2024,LWT-1,0.337292958779897,5.81520954015495,1.96847412399652,0.0433333333333333,White_wavg
2024-07-07,189,2024,LWT-1,0.455188470260941,8.74078214624028,1.76356716747375,0.0433333333333333,White_wavg
2024-07-08,190,2024,LWT-1,0.463090395372159,8.72507221096974,1.96162922069547,0.0433333333333333,White_wavg
2024-07-09,191,2024,LWT-1,0.315560448511896,5.80095556797531,1.48120862845307,0.0433333333333333,White_wavg
2024-07-10,192,2024,LWT-1,0.449385564571057,8.89452653320575,1.47590957228019,0.0433333333333333,White_wavg
2024-07-11,193,2024,LWT-1,0.261790730675249,6.2583951244747,-0.217070570430494,0.0433333333333333,White_wavg
2024-07-15,197,2024,LWT-1,0.058635276279586,0.867536277053915,0.485585483244222,0.0433333333333333,White_wavg
2024-07-16,198,2024,LWT-1,0.360659589690844,5.43588449698578,2.88702911126447,0.0433333333333333,White_wavg
2024-07-17,199,2024,LWT-1,0.463227976942214,9.81282347576524,0.877052915208935,0.0433333333333333,White_wavg
2024-07-18,200,2024,LWT-1,0.275229053383831,5.06537334064561,1.2860663528274,0.0433333333333333,White_wavg
2024-07-19,201,2024,LWT-1,0.207354749313514,4.08742577048926,0.697683829053375,0.0433333333333333,White_wavg
2024-07-20,202,2024,LWT-1,0.201815847707716,4.26559830508211,0.391690488172884,0.0433333333333333,White_wavg
2024-07-21,203,2024,LWT-1,0.183086512095647,4.36046462888444,-0.135391272831058,0.0433333333333333,White_wavg
2024-07-22,204,2024,LWT-1,0.161302655410432,3.39883555562963,0.323533415380339,0.0433333333333333,White_wavg
2024-07-23,205,2024,LWT-1,0.163680838379433,4.93445940341672,-1.15720928696828,0.0433333333333333,White_wavg
2024-07-24,206,2024,LWT-1,0.115825254927844,2.4880869382105,0.184803560124365,0.0433333333333333,White_wavg
2024-07-25,207,2024,LWT-1,0.191144680281585,3.98636501216853,0.424666071252659,0.0433333333333333,White_wavg
2024-07-26,208,2024,LWT-1,0.251897070160412,3.96936168631501,1.84364762507911,0.0433333333333333,White_wavg
2024-07-27,209,2024,LWT-1,0.167977835088801,4.43982119069375,-0.563409611721426,0.0433333333333333,White_wavg
2024-07-28,210,2024,LWT-1,0.182862357495687,4.27941007266566,-0.0595095150728753,0.0433333333333333,White_wavg
2024-07-29,211,2024,LWT-1,0.117006930076079,2.95726441679918,-0.257104491966587,0.0433333333333333,White_wavg
2024-07-30,212,2024,LWT-1,0.188819856785451,4.14266729255002,0.214714017883466,0.0433333333333333,White_wavg
2024-07-31,213,2024,LWT-1,0.297056636012102,6.64834786985225,0.206805268888559,0.0433333333333333,White_wavg
2024-08-01,214,2024,LWT-1,0.253318580497745,6.72385455225637,-0.878041156154552,0.0433333333333333,White_wavg
2024-08-02,215,2024,LWT-1,0.276689744606372,6.33102976945384,0.0541181830008952,0.0433333333333333,White_wavg
2024-08-03,216,2024,LWT-1,-0.0671140806376405,0.638080129854359,-2.1868666061076,0.0433333333333333,White_wavg
2024-08-04,217,2024,LWT-1,0.0327573322869554,-1.117639240492,1.87357767788328,0.0433333333333333,White_wavg
2024-08-05,218,2024,LWT-1,0.231926396015721,4.92933174691896,0.422815853443836,0.0433333333333333,White_wavg
2024-08-06,219,2024,LWT-1,0.203778952036081,4.46295135268642,0.239639848146211,0.0433333333333333,White_wavg
2024-08-07,220,2024,LWT-1,0.264040473949484,5.52426499992973,0.568976706596828,0.0433333333333333,White_wavg
2024-08-08,221,2024,LWT-1,0.200772524381722,3.95767855771499,0.67553354340167,0.0433333333333333,White_wavg
2024-08-09,222,2024,LWT-1,0.264664033768124,5.78083337666158,0.326798171833602,0.0433333333333333,White_wavg
2024-08-10,223,2024,LWT-1,0.303869667958428,7.05318216666626,-0.0408052137794641,0.0433333333333333,White_wavg
2024-08-11,224,2024,LWT-1,0.104954782313298,1.74571843297002,0.676315005029153,0.0433333333333333,White_wavg
2024-08-12,225,2024,LWT-1,0.271886133902051,5.67906292700573,0.595232470733905,0.0433333333333333,White_wavg
2024-08-13,226,2024,LWT-1,0.325840134824117,8.23353846350443,-0.714150736794039,0.0433333333333333,White_wavg
2024-08-14,227,2024,LWT-1,0.346213873335238,8.43075890228562,-0.441207979164744,0.0433333333333333,White_wavg
2024-08-15,228,2024,LWT-1,0.0787117038374045,1.4050896489461,0.411334285763232,0.0433333333333333,White_wavg
2024-08-16,229,2024,LWT-1,0.158586654659717,3.07183185453113,0.587860176077726,0.0433333333333333,White_wavg
2024-08-17,230,2024,LWT-1,0.193714726207967,4.42448411135814,0.0458557242103268,0.0433333333333333,White_wavg
2024-08-18,231,2024,LWT-1,0.268532278072918,6.19148441764676,0.00541430711287205,0.0433333333333333,White_wavg
2024-08-19,232,2024,LWT-1,0.22874006193902,5.83644030494281,-0.557823490965433,0.0433333333333333,White_wavg
2024-08-20,233,2024,LWT-1,0.306213949376338,6.47768079353455,0.588794961304018,0.0433333333333333,White_wavg
2024-08-21,234,2024,LWT-1,0.219395718699397,4.96855990708869,0.0944182167435486,0.0433333333333333,White_wavg
2024-08-22,235,2024,LWT-1,0.190939786537328,2.5624912302554,1.84381153599062,0.0433333333333333,White_wavg
2024-08-23,236,2024,LWT-1,0.148805625957717,5.40454157191985,-1.97056558828024,0.0433333333333333,White_wavg
2024-08-24,237,2024,LWT-1,0.0678926227686248,3.9644590867951,-2.39770625367299,0.0433333333333333,White_wavg
2024-08-25,238,2024,LWT-1,0.0415717416779327,1.66674755294065,-0.707399668065278,0.0433333333333333,White_wavg
2024-08-26,239,2024,LWT-1,0.117073736721469,2.53420667763322,0.167494939016066,0.0433333333333333,White_wavg
2024-08-27,240,2024,LWT-1,0.246998037384911,5.18596116534948,0.513993543533076,0.0433333333333333,White_wavg
2024-08-28,241,2024,LWT-1,0.149636398885187,2.84959506395137,0.603552602629875,0.0433333333333333,White_wavg
2024-08-29,242,2024,LWT-1,0.252747286250093,5.66823822220286,0.164391460491586,0.0433333333333333,White_wavg
2024-08-30,243,2024,LWT-1,0.297174850801294,7.47044816133493,-0.612566988997372,0.0433333333333333,White_wavg
2024-08-31,244,2024,LWT-1,0.23115328094315,4.38588186009486,0.948424623208595,0.0433333333333333,White_wavg
2024-09-01,245,2024,LWT-1,0.200009673414718,3.99554827102588,0.62005957700606,0.0433333333333333,White_wavg
2024-09-02,246,2024,LWT-1,0.276108316270384,6.48948620695475,-0.117755831484345,0.0433333333333333,White_wavg
2024-09-03,247,2024,LWT-1,0.247120326556653,6.12077832830806,-0.418001561616066,0.0433333333333333,White_wavg
2024-09-04,248,2024,LWT-1,0.224866568587766,5.24086977045752,-0.0516412645859958,0.0433333333333333,White_wavg
2024-09-05,249,2024,LWT-1,0.41405327962441,10.0839644401755,-0.528888756535295,0.0433333333333333,White_wavg
2024-09-06,250,2024,LWT-1,0.227146343608956,4.32696812721929,0.91487057144893,0.0433333333333333,White_wavg
2024-09-07,251,2024,LWT-1,0.200539528517024,3.85314971965198,0.774685553817804,0.0433333333333333,White_wavg
2024-09-08,252,2024,LWT-1,0.417553600592962,10.2571080653024,-0.621255743926412,0.0433333333333333,White_wavg
2024-09-09,253,2024,LWT-1,0.39486189097214,9.05716257432232,0.0550349096501463,0.0433333333333333,White_wavg
2024-09-10,254,2024,LWT-1,0.422078411488717,8.72737809789115,1.01289293646386,0.0433333333333333,White_wavg
2024-09-11,255,2024,LWT-1,0.289581229985847,7.72429991866699,-1.04165614976282,0.0433333333333333,White_wavg
2024-09-12,256,2024,LWT-1,-0.0465733666715433,-0.708136902533909,-0.366633097578628,0.0433333333333333,White_wavg
2024-09-13,257,2024,LWT-1,0.0551220519343957,1.76949578581937,-0.497448433487165,0.0433333333333333,White_wavg
2024-09-14,258,2024,LWT-1,0.225019384855576,4.46918220442601,0.723572830702679,0.0433333333333333,White_wavg
2024-09-15,259,2024,LWT-1,0.316142431374074,6.07654897758749,1.21904559258344,0.0433333333333333,White_wavg
2024-09-16,260,2024,LWT-1,-0.015456142675427,1.1332933417425,-1.48997355732928,0.0433333333333333,White_wavg
2024-09-17,261,2024,LWT-1,0.0547294940161237,1.38253109483446,-0.119542771385454,0.0433333333333333,White_wavg
2024-09-18,262,2024,LWT-1,-0.0947003150357444,-1.55409166576064,-0.631300219679616,0.0433333333333333,White_wavg
2024-09-19,263,2024,LWT-1,-0.110125884289006,-1.83464039299466,-0.70672616752087,0.0433333333333333,White_wavg
2024-09-20,264,2024,LWT-1,0.00328642244153609,0.0187300290967585,0.0571104887848435,0.0433333333333333,White_wavg
2024-09-21,265,2024,LWT-1,0.107466651883456,2.15012138552666,0.329878273322322,0.0433333333333333,White_wavg
2024-09-22,266,2024,LWT-1,0.0393706411665766,1.05761555603507,-0.149062298344845,0.0433333333333333,White_wavg
2024-09-23,267,2024,LWT-1,0.0289688915373478,0.481228290542248,0.187284591088854,0.0433333333333333,White_wavg
2024-09-24,268,2024,LWT-1,-0.00684726263651546,-0.778517665179066,0.62050391202871,0.0433333333333333,White_wavg
2024-09-25,269,2024,LWT-1,0.186252328079162,4.93542569900751,-0.637295051026854,0.0433333333333333,White_wavg
2024-09-26,270,2024,LWT-1,-0.1701433747465,-3.22802618488822,-0.698359386184862,0.0433333333333333,White_wavg
2024-09-27,271,2024,LWT-1,0.0339117751633839,0.299610935599361,0.482968491247959,0.0433333333333333,White_wavg
2024-09-28,272,2024,LWT-1,-0.00309183542113,-0.250639353365756,0.179289305185833,0.0433333333333333,White_wavg
2024-09-29,273,2024,LWT-1,0.0511499624235673,2.10121475061951,-0.920831002383338,0.0433333333333333,White_wavg
2024-09-30,274,2024,LWT-1,0.120136394407592,4.20759140604758,-1.4352130735647,0.0433333333333333,White_wavg
2024-10-01,275,2024,LWT-1,0.0865501369039195,1.56398595881799,0.433324892810916,0.0433333333333333,White_wavg
2024-10-02,276,2024,LWT-1,0.103687393025663,1.40643067370294,0.986355319196974,0.0433333333333333,White_wavg
2024-10-03,277,2024,LWT-1,-0.131663508296962,-3.23973146357486,0.20134281056805,0.0433333333333333,White_wavg
2024-10-04,278,2024,LWT-1,0.00876845894036412,1.2900172340693,-1.08766818159936,0.0433333333333333,White_wavg
2024-10-05,279,2024,LWT-1,-0.0125429435817637,0.407160045883614,-0.696612590078161,0.0433333333333333,White_wavg
2024-10-06,280,2024,LWT-1,0.0752828958588981,2.70727023659521,-0.969972639851406,0.0433333333333333,White_wavg
2024-10-07,281,2024,LWT-1,-0.0714592078375553,-2.86414008257228,1.21508144016715,0.0433333333333333,White_wavg
2024-10-08,282,2024,LWT-1,0.00685234252623441,0.278641515939569,-0.120510534564929,0.0433333333333333,White_wavg
2024-10-09,283,2024,LWT-1,-0.0568844766443071,-0.416061238422969,-0.896657453368732,0.0433333333333333,White_wavg
2024-10-10,284,2024,LWT-1,0.046314016885768,1.70677718985775,-0.637992184801561,0.0433333333333333,White_wavg
2024-10-11,285,2024,LWT-1,0.098481391279851,3.58049912293015,-1.30785163185666,0.0433333333333333,White_wavg
2024-10-12,286,2024,LWT-1,0.0277881887216583,1.36716263436441,-0.725896740787675,0.0433333333333333,White_wavg
2024-10-13,287,2024,LWT-1,-0.0115191101903806,0.162620136218862,-0.428445755996876,0.0433333333333333,White_wavg
2024-10-14,288,2024,LWT-1,0.0329197988775143,1.37193694530669,-0.61224927890251,0.0433333333333333,White_wavg
2024-10-15,289,2024,LWT-1,0.0789575540314912,2.50292703589139,-0.68082963516467,0.0433333333333333,White_wavg
2024-10-16,290,2024,LWT-1,0.0573635261092666,2.20660911117463,-0.882835431730015,0.0433333333333333,White_wavg
2024-10-17,291,2024,LWT-1,-0.0238099628639098,1.06045997740338,-1.60992065887822,0.0433333333333333,White_wavg
2024-10-18,292,2024,LWT-1,0.0496483454306874,4.4986176710939,-3.35288662269342,0.0433333333333333,White_wavg
2024-10-19,293,2024,LWT-1,-0.0279173735531089,-0.608898853405293,-0.0353482285895268,0.0433333333333333,White_wavg
2024-10-20,294,2024,LWT-1,0.175377169358654,4.50804658158468,-0.460881134846503,0.0433333333333333,White_wavg
2024-10-21,295,2024,LWT-1,0.0348906132695876,1.11508214946454,-0.309914150935597,0.0433333333333333,White_wavg
2024-10-22,296,2024,LWT-1,-0.0251371340256128,0.0787751927955327,-0.658862901078905,0.0433333333333333,White_wavg
2024-10-23,297,2024,LWT-1,0.00646992628893095,0.52415035338278,-0.374844362099758,0.0433333333333333,White_wavg
2024-10-24,298,2024,LWT-1,0.0712923731557963,2.18585864548757,-0.540650034199963,0.0433333333333333,White_wavg
2024-10-25,299,2024,LWT-1,-0.0600192040918023,-0.138099189724272,-1.2469593662404,0.0433333333333333,White_wavg
2024-10-26,300,2024,LWT-1,-0.0383687241306697,-0.239898582450948,-0.645533512872198,0.0433333333333333,White_wavg
2024-10-27,301,2024,LWT-1,-0.0969486219137152,-3.15679594303298,0.919520052716472,0.0433333333333333,White_wavg
2024-10-28,302,2024,LWT-1,-0.236990618532834,-5.17197306395438,-0.297041209880256,0.0433333333333333,White_wavg
2024-10-29,303,2024,LWT-1,-0.220322398463517,-4.26087369129604,-0.823489350169737,0.0433333333333333,White_wavg
2024-10-30,304,2024,LWT-1,-0.0381771254713724,0.0143436867396929,-0.895354274540594,0.0433333333333333,White_wavg
2024-10-31,305,2024,LWT-1,-0.128391733932068,-2.30216103029726,-0.660725137365859,0.0433333333333333,White_wavg
2024-11-01,306,2024,LWT-1,0.13195605234366,2.54029598310161,0.504843686367451,0.0433333333333333,White_wavg
2024-11-02,307,2024,LWT-1,-0.0787045142253569,0.13310448420043,-1.94936250478559,0.0433333333333333,White_wavg
2024-11-03,308,2024,LWT-1,-0.121976718642181,-1.44013815115969,-1.37470920212142,0.0433333333333333,White_wavg
2024-11-04,309,2024,LWT-1,-0.0601214018281985,-0.0841747293627293,-1.30324223590339,0.0433333333333333,White_wavg
2024-11-05,310,2024,LWT-1,-0.251800077563215,-5.95682610349186,0.146055082802299,0.0433333333333333,White_wavg
2024-11-06,311,2024,LWT-1,0.028386334254139,1.09530650254399,-0.440237250525399,0.0433333333333333,White_wavg
2024-11-07,312,2024,LWT-1,0.143230862615718,4.0272557033525,-0.721928104528224,0.0433333333333333,White_wavg
2024-11-08,313,2024,LWT-1,0.128114467704165,2.78512198434022,0.171365731909745,0.0433333333333333,White_wavg
