Date,well_id,PET_mm_day,Precip_mm,vegetation,site,geomorph
2025-07-01,EEF-2,2.9131844862884186,0,Sedge,East,Fan
2025-07-02,EEF-2,3.130340474546206,0,Sedge,East,Fan
2025-07-03,EEF-2,2.997506883714775,0,Sedge,East,Fan
2025-07-04,EEF-2,3.0799993339847997,0,Sedge,East,Fan
2025-07-05,EEF-2,3.0796852959326566,0,Sedge,East,Fan
2025-07-06,EEF-2,3.2630178788191517,0,Sedge,East,Fan
2025-07-07,EEF-2,3.302794061297566,0,Sedge,East,Fan
2025-07-08,EEF-2,3.270546874128265,0,Sedge,East,Fan
2025-07-09,EEF-2,3.2675430962663508,0,Sedge,East,Fan
2025-07-10,EEF-2,3.2197414399853037,0,Sedge,East,Fan
2025-07-11,EEF-2,3.2190789166732174,0,Sedge,East,Fan
2025-07-12,EEF-2,3.2619436071082077,0,Sedge,East,Fan
2025-07-13,EEF-2,3.4452357008707213,0,Sedge,East,Fan
2025-07-14,EEF-2,3.389349429933857,0,Sedge,East,Fan
2025-07-15,EEF-2,3.2831497309568194,0,Sedge,East,Fan
2025-07-16,EEF-2,3.234957574475849,0,Sedge,East,Fan
2025-07-17,EEF-2,3.2770838618766747,0,Sedge,East,Fan
2025-07-18,EEF-2,3.153998173679782,0,Sedge,East,Fan
2025-07-19,EEF-2,3.1795346031279355,0,Sedge,East,Fan
2025-07-20,EEF-2,3.155853511304942,0,Sedge,East,Fan
2025-07-21,EEF-2,2.105392508815779,0,Sedge,East,Fan
2025-07-22,EEF-2,2.079961072540555,0,Sedge,East,Fan
2025-07-23,EEF-2,3.0225146483616547,0,Sedge,East,Fan
2025-07-24,EEF-2,2.6859453782459686,0,Sedge,East,Fan
2025-07-25,EEF-2,2.2536442092235363,0,Sedge,East,Fan
2025-07-26,EEF-2,2.0753343936545403,0,Sedge,East,Fan
2025-07-27,EEF-2,2.71042642784447,0,Sedge,East,Fan
2025-07-28,EEF-2,3.076853893893165,0,Sedge,East,Fan
2025-07-29,EEF-2,3.0913883112543035,0,Sedge,East,Fan
2025-07-30,EEF-2,2.860663653075127,0,Sedge,East,Fan
2025-07-31,EEF-2,3.0206343506070277,0,Sedge,East,Fan
2025-08-01,EEF-2,2.9411811938418704,0,Sedge,East,Fan
2025-08-02,EEF-2,2.9298189450374243,0,Sedge,East,Fan
2025-08-03,EEF-2,2.8626624545823636,0,Sedge,East,Fan
2025-08-04,EEF-2,2.8955478071142897,0,Sedge,East,Fan
2025-08-05,EEF-2,2.8592387539478112,0,Sedge,East,Fan
2025-08-06,EEF-2,2.720471142208475,0,Sedge,East,Fan
2025-08-07,EEF-2,2.8979680636119767,0,Sedge,East,Fan
2025-08-08,EEF-2,2.967212747636072,0,Sedge,East,Fan
2025-08-09,EEF-2,3.045280117710416,0,Sedge,East,Fan
2025-08-10,EEF-2,3.0610466372607172,0,Sedge,East,Fan
2025-08-11,EEF-2,2.968743627806922,0,Sedge,East,Fan
2025-08-12,EEF-2,3.03989739987901,0,Sedge,East,Fan
2025-08-13,EEF-2,2.7840970524059157,0,Sedge,East,Fan
2025-08-14,EEF-2,2.7894783763982787,0,Sedge,East,Fan
2025-08-15,EEF-2,2.798036366751289,0,Sedge,East,Fan
2025-08-16,EEF-2,2.8382827319959465,0,Sedge,East,Fan
2025-08-17,EEF-2,2.838747637959991,0,Sedge,East,Fan
2025-08-18,EEF-2,2.8295336557408297,0,Sedge,East,Fan
2025-08-19,EEF-2,2.74265729338771,0,Sedge,East,Fan
2025-08-20,EEF-2,2.725394540512611,0,Sedge,East,Fan
2025-08-21,EEF-2,2.7678558184119244,0,Sedge,East,Fan
2025-08-22,EEF-2,2.631039923442531,0,Sedge,East,Fan
2025-08-23,EEF-2,2.254540727025237,2.032,Sedge,East,Fan
2025-08-24,EEF-2,1.8072881592603636,23.368,Sedge,East,Fan
2025-08-25,EEF-2,1.6569869288155303,26.416,Sedge,East,Fan
2025-08-26,EEF-2,1.9179761209130313,4.318,Sedge,East,Fan
2025-08-27,EEF-2,2.0143855641467248,0,Sedge,East,Fan
2025-08-28,EEF-2,2.2158345356432934,0,Sedge,East,Fan
2025-08-29,EEF-2,2.238341866262611,0,Sedge,East,Fan
2025-08-30,EEF-2,2.497114594960177,0,Sedge,East,Fan
2025-08-31,EEF-2,2.5643596885048416,0,Sedge,East,Fan
2025-09-01,EEF-2,2.574888417013406,0,Sedge,East,Fan
2025-09-02,EEF-2,1.6717331744869277,8.382,Sedge,East,Fan
2025-09-03,EEF-2,2.10100231825399,0.254,Sedge,East,Fan
2025-09-04,EEF-2,2.412041995571191,0,Sedge,East,Fan
2025-09-05,EEF-2,2.4447180185417894,0,Sedge,East,Fan
2025-09-06,EEF-2,2.3115004044806513,0,Sedge,East,Fan
2025-09-07,EEF-2,2.1292288119906395,0,Sedge,East,Fan
2025-09-08,EEF-2,2.345047735591942,0,Sedge,East,Fan
2025-09-09,EEF-2,1.848330191016614,0,Sedge,East,Fan
2025-09-10,EEF-2,1.6962468997255065,0,Sedge,East,Fan
2025-09-11,EEF-2,1.6408698989045711,0.762,Sedge,East,Fan
2025-09-12,EEF-2,1.8735338021555799,0,Sedge,East,Fan
2025-09-13,EEF-2,1.8809276431566235,0,Sedge,East,Fan
2025-09-14,EEF-2,2.101013818360489,0,Sedge,East,Fan
2025-09-15,EEF-2,2.0807586950786234,0,Sedge,East,Fan
2025-09-16,EEF-2,2.0784395663114523,0,Sedge,East,Fan
2025-09-17,EEF-2,2.065558557521126,0,Sedge,East,Fan
2025-09-18,EEF-2,1.6063837806282466,0,Sedge,East,Fan
2025-09-19,EEF-2,1.2817720015478455,0.508,Sedge,East,Fan
2025-09-20,EEF-2,1.96467137833716,0,Sedge,East,Fan
2025-09-21,EEF-2,1.2985307447107286,0,Sedge,East,Fan
2025-09-22,EEF-2,1.9142041743078049,0,Sedge,East,Fan
2025-09-23,EEF-2,1.864811847873259,0,Sedge,East,Fan
2025-09-24,EEF-2,1.7949928028728968,0,Sedge,East,Fan
2025-09-25,EEF-2,1.4420643717788437,0,Sedge,East,Fan
2025-09-26,EEF-2,1.8048338099703347,0,Sedge,East,Fan
2025-09-27,EEF-2,1.6329513823696318,0,Sedge,East,Fan
2025-09-28,EEF-2,1.7790990742760093,0,Sedge,East,Fan
2025-09-29,EEF-2,1.2338048433300794,0,Sedge,East,Fan
2025-09-30,EEF-2,1.2400180979718716,0.762,Sedge,East,Fan
2025-10-01,EEF-2,0.9351674545104905,3.302,Sedge,East,Fan
2025-10-02,EEF-2,0.7461947525139159,25.4,Sedge,East,Fan
2025-10-03,EEF-2,1.2533558893818935,0,Sedge,East,Fan
2025-10-04,EEF-2,1.4695277340419215,0,Sedge,East,Fan
2025-10-05,EEF-2,1.4304368468428017,0,Sedge,East,Fan
2025-10-06,EEF-2,1.4547239669718477,0,Sedge,East,Fan
2025-10-07,EEF-2,1.4635257654636251,0,Sedge,East,Fan
2025-10-08,EEF-2,1.4223156123475613,0,Sedge,East,Fan
2025-10-09,EEF-2,1.5097707599345178,0,Sedge,East,Fan
2025-10-10,EEF-2,1.4736533715198943,0,Sedge,East,Fan
2025-10-11,EEF-2,1.3200558719145925,0.508,Sedge,East,Fan
2025-10-12,EEF-2,1.2338812530987195,0,Sedge,East,Fan
2025-10-13,EEF-2,0.7281288378660625,1.016,Sedge,East,Fan
2025-10-14,EEF-2,0.7017066312559219,9.398,Sedge,East,Fan
2025-10-15,EEF-2,0.5987908725248043,5.8420000000000005,Sedge,East,Fan
2025-10-16,EEF-2,1.2031896096537174,0,Sedge,East,Fan
2025-10-17,EEF-2,1.2212895930303425,0,Sedge,East,Fan
2025-10-18,EEF-2,1.2794470590603058,0,Sedge,East,Fan
2025-10-19,EEF-2,1.1639362600830503,0,Sedge,East,Fan
2025-10-20,EEF-2,1.1729149357929192,0,Sedge,East,Fan
2025-10-21,EEF-2,1.1772615046018993,0,Sedge,East,Fan
2025-10-22,EEF-2,0.8991103590037874,0,Sedge,East,Fan
2025-10-23,EEF-2,1.1021019617376433,0,Sedge,East,Fan
2025-10-24,EEF-2,1.0684373868392028,0,Sedge,East,Fan
2025-10-25,EEF-2,0.7721056523454972,2.032,Sedge,East,Fan
2025-10-26,EEF-2,0.7894503639934108,7.366,Sedge,East,Fan
2025-10-27,EEF-2,1.0223887443399686,0,Sedge,East,Fan
2025-10-28,EEF-2,1.0462369799191296,0,Sedge,East,Fan
2025-10-29,EEF-2,1.0620045109088487,0,Sedge,East,Fan
2025-10-30,EEF-2,1.0122234660615934,0,Sedge,East,Fan
2025-10-31,EEF-2,1.0082487577299,0,Sedge,East,Fan
2025-11-01,EEF-2,1.1572418491313787,0,Sedge,East,Fan
2025-11-02,EEF-2,1.239304729498911,0,Sedge,East,Fan
2025-07-01,EER-1,2.958944298202061,0,Sedge,East,Riparian
2025-07-02,EER-1,3.182343034304251,0,Sedge,East,Riparian
2025-07-03,EER-1,3.098462206058124,0,Sedge,East,Riparian
2025-07-04,EER-1,3.1472365307299284,0,Sedge,East,Riparian
2025-07-05,EER-1,3.1913804048770755,0,Sedge,East,Riparian
2025-07-06,EER-1,3.330156304757812,0,Sedge,East,Riparian
2025-07-07,EER-1,3.3623842320335218,0,Sedge,East,Riparian
2025-07-08,EER-1,3.3220577253676393,0,Sedge,East,Riparian
2025-07-09,EER-1,3.3364380786371335,0,Sedge,East,Riparian
2025-07-10,EER-1,3.2846893485453497,0,Sedge,East,Riparian
2025-07-11,EER-1,3.308523506296766,0,Sedge,East,Riparian
2025-07-12,EER-1,3.3240155532002382,0,Sedge,East,Riparian
2025-07-13,EER-1,3.465191803762369,0,Sedge,East,Riparian
2025-07-14,EER-1,3.4335059994605728,0,Sedge,East,Riparian
2025-07-15,EER-1,3.3541987821074772,0,Sedge,East,Riparian
2025-07-16,EER-1,3.312835163566822,0,Sedge,East,Riparian
2025-07-17,EER-1,3.3193082361848147,0,Sedge,East,Riparian
2025-07-18,EER-1,3.2465132726857617,0,Sedge,East,Riparian
2025-07-19,EER-1,3.2613057493350937,0,Sedge,East,Riparian
2025-07-20,EER-1,3.2306161217219125,0,Sedge,East,Riparian
2025-07-21,EER-1,2.1382744745107325,0,Sedge,East,Riparian
2025-07-22,EER-1,2.0754336877052144,0,Sedge,East,Riparian
2025-07-23,EER-1,3.0768336686613385,0,Sedge,East,Riparian
2025-07-24,EER-1,2.6612144689934363,0,Sedge,East,Riparian
2025-07-25,EER-1,2.245439431914954,0,Sedge,East,Riparian
2025-07-26,EER-1,2.076277034222967,0,Sedge,East,Riparian
2025-07-27,EER-1,2.838036756882639,0,Sedge,East,Riparian
2025-07-28,EER-1,3.1224190417206996,0,Sedge,East,Riparian
2025-07-29,EER-1,3.1437567152019015,0,Sedge,East,Riparian
2025-07-30,EER-1,2.878808403351561,0,Sedge,East,Riparian
2025-07-31,EER-1,3.0961790098565727,0,Sedge,East,Riparian
2025-08-01,EER-1,2.9944243543469136,0,Sedge,East,Riparian
2025-08-02,EER-1,3.0092395019125315,0,Sedge,East,Riparian
2025-08-03,EER-1,2.9381393630417945,0,Sedge,East,Riparian
2025-08-04,EER-1,2.958970417963127,0,Sedge,East,Riparian
2025-08-05,EER-1,2.9444883285529215,0,Sedge,East,Riparian
2025-08-06,EER-1,2.7803267586694016,0,Sedge,East,Riparian
2025-08-07,EER-1,2.968433981648988,0,Sedge,East,Riparian
2025-08-08,EER-1,3.057644233006601,0,Sedge,East,Riparian
2025-08-09,EER-1,3.0961696422097855,0,Sedge,East,Riparian
2025-08-10,EER-1,3.1042673104596905,0,Sedge,East,Riparian
2025-08-11,EER-1,3.037039652351862,0,Sedge,East,Riparian
2025-08-12,EER-1,3.071086875054096,0,Sedge,East,Riparian
2025-08-13,EER-1,2.83791663703746,0,Sedge,East,Riparian
2025-08-14,EER-1,2.8571614052847925,0,Sedge,East,Riparian
2025-08-15,EER-1,2.870078188214125,0,Sedge,East,Riparian
2025-08-16,EER-1,2.89333147055384,0,Sedge,East,Riparian
2025-08-17,EER-1,2.8558579326035773,0,Sedge,East,Riparian
2025-08-18,EER-1,2.8689731739354896,0,Sedge,East,Riparian
2025-08-19,EER-1,2.772190777829633,0,Sedge,East,Riparian
2025-08-20,EER-1,2.7980185026613804,0,Sedge,East,Riparian
2025-08-21,EER-1,2.8092639796841357,0,Sedge,East,Riparian
2025-08-22,EER-1,2.6760097454497234,0,Sedge,East,Riparian
2025-08-23,EER-1,2.4701502122228547,2.032,Sedge,East,Riparian
2025-08-24,EER-1,1.8155782968961052,23.368,Sedge,East,Riparian
2025-08-25,EER-1,1.6400978491785754,26.416,Sedge,East,Riparian
2025-08-26,EER-1,1.951398203975717,4.318,Sedge,East,Riparian
2025-08-27,EER-1,2.023213758409058,0,Sedge,East,Riparian
2025-08-28,EER-1,2.206395724965277,0,Sedge,East,Riparian
2025-08-29,EER-1,2.2109694231741335,0,Sedge,East,Riparian
2025-08-30,EER-1,2.5060533972102035,0,Sedge,East,Riparian
2025-08-31,EER-1,2.597021098919574,0,Sedge,East,Riparian
2025-09-01,EER-1,2.6093119367527207,0,Sedge,East,Riparian
2025-09-02,EER-1,1.6508186934935962,8.382,Sedge,East,Riparian
2025-09-03,EER-1,2.1106272186205755,0.254,Sedge,East,Riparian
2025-09-04,EER-1,2.437570971284012,0,Sedge,East,Riparian
2025-09-05,EER-1,2.4813564484311472,0,Sedge,East,Riparian
2025-09-06,EER-1,2.3642415164112025,0,Sedge,East,Riparian
2025-09-07,EER-1,2.183509352275752,0,Sedge,East,Riparian
2025-09-08,EER-1,2.385632406412274,0,Sedge,East,Riparian
2025-09-09,EER-1,1.8598482556346754,0,Sedge,East,Riparian
2025-09-10,EER-1,1.7420208788807392,0,Sedge,East,Riparian
2025-09-11,EER-1,1.6938266545687517,0.762,Sedge,East,Riparian
2025-09-12,EER-1,1.9162004556752317,0,Sedge,East,Riparian
2025-09-13,EER-1,1.8666890031662924,0,Sedge,East,Riparian
2025-09-14,EER-1,2.149310203519029,0,Sedge,East,Riparian
2025-09-15,EER-1,2.1318512735506894,0,Sedge,East,Riparian
2025-09-16,EER-1,2.1315560213057165,0,Sedge,East,Riparian
2025-09-17,EER-1,2.12505411518922,0,Sedge,East,Riparian
2025-09-18,EER-1,1.6345747541170355,0,Sedge,East,Riparian
2025-09-19,EER-1,1.2842555643455877,0.508,Sedge,East,Riparian
2025-09-20,EER-1,2.0199273508242026,0,Sedge,East,Riparian
2025-09-21,EER-1,1.6306148880348967,0,Sedge,East,Riparian
2025-09-22,EER-1,1.9562038546485525,0,Sedge,East,Riparian
2025-09-23,EER-1,1.8938636155368722,0,Sedge,East,Riparian
2025-09-24,EER-1,1.8105173611946763,0,Sedge,East,Riparian
2025-09-25,EER-1,1.4431233940368597,0,Sedge,East,Riparian
2025-09-26,EER-1,1.8276439427779458,0,Sedge,East,Riparian
2025-09-27,EER-1,1.647139085975716,0,Sedge,East,Riparian
2025-09-28,EER-1,1.8087336338800912,0,Sedge,East,Riparian
2025-09-29,EER-1,1.2516477215745643,0,Sedge,East,Riparian
2025-09-30,EER-1,1.295100157463928,0.762,Sedge,East,Riparian
2025-10-01,EER-1,0.9465304572959696,3.302,Sedge,East,Riparian
2025-10-02,EER-1,0.7515557419534195,25.4,Sedge,East,Riparian
2025-10-03,EER-1,1.2526743034672174,0,Sedge,East,Riparian
2025-10-04,EER-1,1.4922251278264596,0,Sedge,East,Riparian
2025-10-05,EER-1,1.4784513157075163,0,Sedge,East,Riparian
2025-10-06,EER-1,1.4627461425030601,0,Sedge,East,Riparian
2025-10-07,EER-1,1.4746161689600776,0,Sedge,East,Riparian
2025-10-08,EER-1,1.4438051046717144,0,Sedge,East,Riparian
2025-10-09,EER-1,1.5295336616419966,0,Sedge,East,Riparian
2025-10-10,EER-1,1.4397714211928283,0,Sedge,East,Riparian
2025-10-11,EER-1,1.2390612935484966,0.508,Sedge,East,Riparian
2025-10-12,EER-1,1.2277617300880894,0,Sedge,East,Riparian
2025-10-13,EER-1,0.7630094722995633,1.016,Sedge,East,Riparian
2025-10-14,EER-1,0.684137304258572,9.398,Sedge,East,Riparian
2025-10-15,EER-1,0.7695334304876094,5.8420000000000005,Sedge,East,Riparian
2025-10-16,EER-1,1.1987676788609802,0,Sedge,East,Riparian
2025-10-17,EER-1,1.2175323843233825,0,Sedge,East,Riparian
2025-10-18,EER-1,1.2906024601863388,0,Sedge,East,Riparian
2025-10-19,EER-1,1.2079689149058337,0,Sedge,East,Riparian
2025-10-20,EER-1,1.2372635616321355,0,Sedge,East,Riparian
2025-10-21,EER-1,1.178196802329189,0,Sedge,East,Riparian
2025-10-22,EER-1,0.8893259044924143,0,Sedge,East,Riparian
2025-10-23,EER-1,1.1261090011208053,0,Sedge,East,Riparian
2025-10-24,EER-1,1.047515236573585,0,Sedge,East,Riparian
2025-10-25,EER-1,0.7837210267780383,2.032,Sedge,East,Riparian
2025-10-26,EER-1,0.8017631989020887,7.366,Sedge,East,Riparian
2025-10-27,EER-1,1.0257050944895112,0,Sedge,East,Riparian
2025-10-28,EER-1,1.0742796933414567,0,Sedge,East,Riparian
2025-10-29,EER-1,1.051663582060292,0,Sedge,East,Riparian
2025-10-30,EER-1,1.0377950233718247,0,Sedge,East,Riparian
2025-10-31,EER-1,1.0132059729429252,0,Sedge,East,Riparian
2025-11-01,EER-1,1.16189847450688,0,Sedge,East,Riparian
2025-11-02,EER-1,1.2442068250096001,0,Sedge,East,Riparian
2025-07-01,EET-1,2.947666189852269,0,Sedge,East,Terrace
2025-07-02,EET-1,3.1623478138518006,0,Sedge,East,Terrace
2025-07-03,EET-1,3.0202303038652407,0,Sedge,East,Terrace
2025-07-04,EET-1,3.0961669379116827,0,Sedge,East,Terrace
2025-07-05,EET-1,3.1332124485515664,0,Sedge,East,Terrace
2025-07-06,EET-1,3.331790187772437,0,Sedge,East,Terrace
2025-07-07,EET-1,3.3287997474715554,0,Sedge,East,Terrace
2025-07-08,EET-1,3.283026583456192,0,Sedge,East,Terrace
2025-07-09,EET-1,3.3209521213547615,0,Sedge,East,Terrace
2025-07-10,EET-1,3.2931372211349763,0,Sedge,East,Terrace
2025-07-11,EET-1,3.2552941458718903,0,Sedge,East,Terrace
2025-07-12,EET-1,3.30447152675443,0,Sedge,East,Terrace
2025-07-13,EET-1,3.458185789201283,0,Sedge,East,Terrace
2025-07-14,EET-1,3.4189436954937906,0,Sedge,East,Terrace
2025-07-15,EET-1,3.306560803536012,0,Sedge,East,Terrace
2025-07-16,EET-1,3.274883128306792,0,Sedge,East,Terrace
2025-07-17,EET-1,3.3083204160860675,0,Sedge,East,Terrace
2025-07-18,EET-1,3.2228262062726682,0,Sedge,East,Terrace
2025-07-19,EET-1,3.2118737730212246,0,Sedge,East,Terrace
2025-07-20,EET-1,3.207817038070219,0,Sedge,East,Terrace
2025-07-21,EET-1,2.1261415738816547,0,Sedge,East,Terrace
2025-07-22,EET-1,2.0782157710731077,0,Sedge,East,Terrace
2025-07-23,EET-1,3.080579200695239,0,Sedge,East,Terrace
2025-07-24,EET-1,2.6905506781832145,0,Sedge,East,Terrace
2025-07-25,EET-1,2.281330146259918,0,Sedge,East,Terrace
2025-07-26,EET-1,2.0952280565604062,0,Sedge,East,Terrace
2025-07-27,EET-1,2.8078895690180614,0,Sedge,East,Terrace
2025-07-28,EET-1,3.1115780497821324,0,Sedge,East,Terrace
2025-07-29,EET-1,3.1156437846933116,0,Sedge,East,Terrace
2025-07-30,EET-1,2.89813382464821,0,Sedge,East,Terrace
2025-07-31,EET-1,3.0750803828154383,0,Sedge,East,Terrace
2025-08-01,EET-1,2.9588115422870676,0,Sedge,East,Terrace
2025-08-02,EET-1,2.9493109964287263,0,Sedge,East,Terrace
2025-08-03,EET-1,2.90274697456059,0,Sedge,East,Terrace
2025-08-04,EET-1,2.931325995122414,0,Sedge,East,Terrace
2025-08-05,EET-1,2.899446829069387,0,Sedge,East,Terrace
2025-08-06,EET-1,2.7490335050635126,0,Sedge,East,Terrace
2025-08-07,EET-1,2.93671119582424,0,Sedge,East,Terrace
2025-08-08,EET-1,3.00939829672783,0,Sedge,East,Terrace
2025-08-09,EET-1,3.0823058702808352,0,Sedge,East,Terrace
2025-08-10,EET-1,3.0983157417096874,0,Sedge,East,Terrace
2025-08-11,EET-1,3.051001022630649,0,Sedge,East,Terrace
2025-08-12,EET-1,3.037962184375331,0,Sedge,East,Terrace
2025-08-13,EET-1,2.7987925484205936,0,Sedge,East,Terrace
2025-08-14,EET-1,2.839587486319648,0,Sedge,East,Terrace
2025-08-15,EET-1,2.8264604467717964,0,Sedge,East,Terrace
2025-08-16,EET-1,2.8430675348831707,0,Sedge,East,Terrace
2025-08-17,EET-1,2.8455035914747944,0,Sedge,East,Terrace
2025-08-18,EET-1,2.8552942665210748,0,Sedge,East,Terrace
2025-08-19,EET-1,2.7524758146171084,0,Sedge,East,Terrace
2025-08-20,EET-1,2.736224223699917,0,Sedge,East,Terrace
2025-08-21,EET-1,2.807250094856905,0,Sedge,East,Terrace
2025-08-22,EET-1,2.678841985032319,0,Sedge,East,Terrace
2025-08-23,EET-1,2.3135817349354864,2.032,Sedge,East,Terrace
2025-08-24,EET-1,1.8144584721476047,23.368,Sedge,East,Terrace
2025-08-25,EET-1,1.6569927387814283,26.416,Sedge,East,Terrace
2025-08-26,EET-1,1.9345953685064283,4.318,Sedge,East,Terrace
2025-08-27,EET-1,2.005470903448446,0,Sedge,East,Terrace
2025-08-28,EET-1,2.2326133968418582,0,Sedge,East,Terrace
2025-08-29,EET-1,2.2309999702352155,0,Sedge,East,Terrace
2025-08-30,EET-1,2.4960263331868386,0,Sedge,East,Terrace
2025-08-31,EET-1,2.5830050571016425,0,Sedge,East,Terrace
2025-09-01,EET-1,2.5857368847675173,0,Sedge,East,Terrace
2025-09-02,EET-1,1.6869159498150177,8.382,Sedge,East,Terrace
2025-09-03,EET-1,2.090222847720229,0.254,Sedge,East,Terrace
2025-09-04,EET-1,2.430159766738091,0,Sedge,East,Terrace
2025-09-05,EET-1,2.45279659158137,0,Sedge,East,Terrace
2025-09-06,EET-1,2.3247502051003917,0,Sedge,East,Terrace
2025-09-07,EET-1,2.160130046853009,0,Sedge,East,Terrace
2025-09-08,EET-1,2.3390917507663622,0,Sedge,East,Terrace
2025-09-09,EET-1,1.8473584273953059,0,Sedge,East,Terrace
2025-09-10,EET-1,1.6835457005149705,0,Sedge,East,Terrace
2025-09-11,EET-1,1.6563800739439762,0.762,Sedge,East,Terrace
2025-09-12,EET-1,1.8786297905777924,0,Sedge,East,Terrace
2025-09-13,EET-1,1.8758876322299998,0,Sedge,East,Terrace
2025-09-14,EET-1,2.1164877803382285,0,Sedge,East,Terrace
2025-09-15,EET-1,2.096651417408293,0,Sedge,East,Terrace
2025-09-16,EET-1,2.1390580327525828,0,Sedge,East,Terrace
2025-09-17,EET-1,2.105363074579223,0,Sedge,East,Terrace
2025-09-18,EET-1,1.634577425034345,0,Sedge,East,Terrace
2025-09-19,EET-1,1.2997893425912044,0.508,Sedge,East,Terrace
2025-09-20,EET-1,1.9701262917401272,0,Sedge,East,Terrace
2025-09-21,EET-1,1.50460996747605,0,Sedge,East,Terrace
2025-09-22,EET-1,1.9170231798514155,0,Sedge,East,Terrace
2025-09-23,EET-1,1.8732951648857372,0,Sedge,East,Terrace
2025-09-24,EET-1,1.8190877142889186,0,Sedge,East,Terrace
2025-09-25,EET-1,1.4304804720844362,0,Sedge,East,Terrace
2025-09-26,EET-1,1.7863021119524616,0,Sedge,East,Terrace
2025-09-27,EET-1,1.64775665361003,0,Sedge,East,Terrace
2025-09-28,EET-1,1.785777321264898,0,Sedge,East,Terrace
2025-09-29,EET-1,1.2419488068955307,0,Sedge,East,Terrace
2025-09-30,EET-1,1.262837530410983,0.762,Sedge,East,Terrace
2025-10-01,EET-1,0.9578686265581456,3.302,Sedge,East,Terrace
2025-10-02,EET-1,0.7571082700249467,25.4,Sedge,East,Terrace
2025-10-03,EET-1,1.2736353038476411,0,Sedge,East,Terrace
2025-10-04,EET-1,1.481971027128553,0,Sedge,East,Terrace
2025-10-05,EET-1,1.4490297094964393,0,Sedge,East,Terrace
2025-10-06,EET-1,1.439432175494106,0,Sedge,East,Terrace
2025-10-07,EET-1,1.488610800960308,0,Sedge,East,Terrace
2025-10-08,EET-1,1.412762600896896,0,Sedge,East,Terrace
2025-10-09,EET-1,1.5109797335191033,0,Sedge,East,Terrace
2025-10-10,EET-1,1.411716870494523,0,Sedge,East,Terrace
2025-10-11,EET-1,1.2281770656015778,0.508,Sedge,East,Terrace
2025-10-12,EET-1,1.2215079081424356,0,Sedge,East,Terrace
2025-10-13,EET-1,0.7687347772471057,1.016,Sedge,East,Terrace
2025-10-14,EET-1,0.6849881071908892,9.398,Sedge,East,Terrace
2025-10-15,EET-1,0.7807110790133187,5.8420000000000005,Sedge,East,Terrace
2025-10-16,EET-1,1.1799037862499782,0,Sedge,East,Terrace
2025-10-17,EET-1,1.1977822177013007,0,Sedge,East,Terrace
2025-10-18,EET-1,1.2828106781419932,0,Sedge,East,Terrace
2025-10-19,EET-1,1.1944948736727234,0,Sedge,East,Terrace
2025-10-20,EET-1,1.2909582444942478,0,Sedge,East,Terrace
2025-10-21,EET-1,1.1774308956070008,0,Sedge,East,Terrace
2025-10-22,EET-1,0.9027510300979121,0,Sedge,East,Terrace
2025-10-23,EET-1,1.120039645149463,0,Sedge,East,Terrace
2025-10-24,EET-1,1.0572551338398344,0,Sedge,East,Terrace
2025-10-25,EET-1,0.8034810536424962,2.032,Sedge,East,Terrace
2025-10-26,EET-1,0.7958116728553404,7.366,Sedge,East,Terrace
2025-10-27,EET-1,1.0198057555388065,0,Sedge,East,Terrace
2025-10-28,EET-1,1.0527190403013529,0,Sedge,East,Terrace
2025-10-29,EET-1,1.0563491116489887,0,Sedge,East,Terrace
2025-10-30,EET-1,1.0181001682957365,0,Sedge,East,Terrace
2025-10-31,EET-1,0.9988184246816514,0,Sedge,East,Terrace
2025-11-01,EET-1,1.1562609467786857,0,Sedge,East,Terrace
2025-11-02,EET-1,1.2387907546194445,0,Sedge,East,Terrace
2025-07-01,EHF-XA5S,2.9615018621833293,0,Herbaceous,East,Fan
2025-07-02,EHF-XA5S,3.1626449305764406,0,Herbaceous,East,Fan
2025-07-03,EHF-XA5S,3.051881053000221,0,Herbaceous,East,Fan
2025-07-04,EHF-XA5S,3.1272250565031583,0,Herbaceous,East,Fan
2025-07-05,EHF-XA5S,3.15787125817528,0,Herbaceous,East,Fan
2025-07-06,EHF-XA5S,3.3187559196358185,0,Herbaceous,East,Fan
2025-07-07,EHF-XA5S,3.350323769294486,0,Herbaceous,East,Fan
2025-07-08,EHF-XA5S,3.309635591055102,0,Herbaceous,East,Fan
2025-07-09,EHF-XA5S,3.3233646110403074,0,Herbaceous,East,Fan
2025-07-10,EHF-XA5S,3.2379187767994035,0,Herbaceous,East,Fan
2025-07-11,EHF-XA5S,3.280518982727584,0,Herbaceous,East,Fan
2025-07-12,EHF-XA5S,3.3326816675766504,0,Herbaceous,East,Fan
2025-07-13,EHF-XA5S,3.4716015526405952,0,Herbaceous,East,Fan
2025-07-14,EHF-XA5S,3.430752378232239,0,Herbaceous,East,Fan
2025-07-15,EHF-XA5S,3.326775305695544,0,Herbaceous,East,Fan
2025-07-16,EHF-XA5S,3.2870083203891878,0,Herbaceous,East,Fan
2025-07-17,EHF-XA5S,3.310720676301791,0,Herbaceous,East,Fan
2025-07-18,EHF-XA5S,3.202054464313273,0,Herbaceous,East,Fan
2025-07-19,EHF-XA5S,3.2430957255946615,0,Herbaceous,East,Fan
2025-07-20,EHF-XA5S,3.1954455027828517,0,Herbaceous,East,Fan
2025-07-21,EHF-XA5S,2.118068718992929,0,Herbaceous,East,Fan
2025-07-22,EHF-XA5S,2.0981660593849165,0,Herbaceous,East,Fan
2025-07-23,EHF-XA5S,3.0821440660471,0,Herbaceous,East,Fan
2025-07-24,EHF-XA5S,2.7340479265475937,0,Herbaceous,East,Fan
2025-07-25,EHF-XA5S,2.292553791382329,0,Herbaceous,East,Fan
2025-07-26,EHF-XA5S,2.0978718457379917,0,Herbaceous,East,Fan
2025-07-27,EHF-XA5S,2.7543580940898735,0,Herbaceous,East,Fan
2025-07-28,EHF-XA5S,3.1260918392067367,0,Herbaceous,East,Fan
2025-07-29,EHF-XA5S,3.126708256432243,0,Herbaceous,East,Fan
2025-07-30,EHF-XA5S,2.904084141167894,0,Herbaceous,East,Fan
2025-07-31,EHF-XA5S,3.0955791398952357,0,Herbaceous,East,Fan
2025-08-01,EHF-XA5S,2.9839925935798526,0,Herbaceous,East,Fan
2025-08-02,EHF-XA5S,2.9817067869264897,0,Herbaceous,East,Fan
2025-08-03,EHF-XA5S,2.9150937593022106,0,Herbaceous,East,Fan
2025-08-04,EHF-XA5S,2.9549245050546706,0,Herbaceous,East,Fan
2025-08-05,EHF-XA5S,2.9161506894581652,0,Herbaceous,East,Fan
2025-08-06,EHF-XA5S,2.749607735456383,0,Herbaceous,East,Fan
2025-08-07,EHF-XA5S,2.9531949161376705,0,Herbaceous,East,Fan
2025-08-08,EHF-XA5S,3.0256871800095486,0,Herbaceous,East,Fan
2025-08-09,EHF-XA5S,3.0546104976241293,0,Herbaceous,East,Fan
2025-08-10,EHF-XA5S,3.1001971795099137,0,Herbaceous,East,Fan
2025-08-11,EHF-XA5S,3.030687612668239,0,Herbaceous,East,Fan
2025-08-12,EHF-XA5S,3.051493386233998,0,Herbaceous,East,Fan
2025-08-13,EHF-XA5S,2.8196794426755942,0,Herbaceous,East,Fan
2025-08-14,EHF-XA5S,2.8462757023908987,0,Herbaceous,East,Fan
2025-08-15,EHF-XA5S,2.8410049802733535,0,Herbaceous,East,Fan
2025-08-16,EHF-XA5S,2.884525420108662,0,Herbaceous,East,Fan
2025-08-17,EHF-XA5S,2.880676605122288,0,Herbaceous,East,Fan
2025-08-18,EHF-XA5S,2.8716747603160715,0,Herbaceous,East,Fan
2025-08-19,EHF-XA5S,2.797530884588715,0,Herbaceous,East,Fan
2025-08-20,EHF-XA5S,2.7562595488420345,0,Herbaceous,East,Fan
2025-08-21,EHF-XA5S,2.8238164616438217,0,Herbaceous,East,Fan
2025-08-22,EHF-XA5S,2.6631661385190215,0,Herbaceous,East,Fan
2025-08-23,EHF-XA5S,2.2537473256824603,2.032,Herbaceous,East,Fan
2025-08-24,EHF-XA5S,1.8481160905888987,23.368,Herbaceous,East,Fan
2025-08-25,EHF-XA5S,1.6896241190500192,26.416,Herbaceous,East,Fan
2025-08-26,EHF-XA5S,1.959978681382926,4.318,Herbaceous,East,Fan
2025-08-27,EHF-XA5S,2.031038763867753,0,Herbaceous,East,Fan
2025-08-28,EHF-XA5S,2.247603394132021,0,Herbaceous,East,Fan
2025-08-29,EHF-XA5S,2.2652382883901567,0,Herbaceous,East,Fan
2025-08-30,EHF-XA5S,2.50599082957977,0,Herbaceous,East,Fan
2025-08-31,EHF-XA5S,2.577135952714822,0,Herbaceous,East,Fan
2025-09-01,EHF-XA5S,2.6024401803561994,0,Herbaceous,East,Fan
2025-09-02,EHF-XA5S,1.6851848313468272,8.382,Herbaceous,East,Fan
2025-09-03,EHF-XA5S,2.1226499437666018,0.254,Herbaceous,East,Fan
2025-09-04,EHF-XA5S,2.424397862419171,0,Herbaceous,East,Fan
2025-09-05,EHF-XA5S,2.449517656957781,0,Herbaceous,East,Fan
2025-09-06,EHF-XA5S,2.356943396841487,0,Herbaceous,East,Fan
2025-09-07,EHF-XA5S,2.1513563832043108,0,Herbaceous,East,Fan
2025-09-08,EHF-XA5S,2.3674494732039104,0,Herbaceous,East,Fan
2025-09-09,EHF-XA5S,1.8666304847161934,0,Herbaceous,East,Fan
2025-09-10,EHF-XA5S,1.7049522632376921,0,Herbaceous,East,Fan
2025-09-11,EHF-XA5S,1.6752649762543625,0.762,Herbaceous,East,Fan
2025-09-12,EHF-XA5S,1.9010002474266574,0,Herbaceous,East,Fan
2025-09-13,EHF-XA5S,1.870103226110397,0,Herbaceous,East,Fan
2025-09-14,EHF-XA5S,2.1226076707023354,0,Herbaceous,East,Fan
2025-09-15,EHF-XA5S,2.10719749891748,0,Herbaceous,East,Fan
2025-09-16,EHF-XA5S,2.1172232212128668,0,Herbaceous,East,Fan
2025-09-17,EHF-XA5S,2.0887330819827263,0,Herbaceous,East,Fan
2025-09-18,EHF-XA5S,1.636492672215439,0,Herbaceous,East,Fan
2025-09-19,EHF-XA5S,1.3069314471788651,0.508,Herbaceous,East,Fan
2025-09-20,EHF-XA5S,1.9965298311124096,0,Herbaceous,East,Fan
2025-09-21,EHF-XA5S,1.3000218351831605,0,Herbaceous,East,Fan
2025-09-22,EHF-XA5S,1.9288776262316298,0,Herbaceous,East,Fan
2025-09-23,EHF-XA5S,1.9049296699356526,0,Herbaceous,East,Fan
2025-09-24,EHF-XA5S,1.8130052735826432,0,Herbaceous,East,Fan
2025-09-25,EHF-XA5S,1.4381817315180954,0,Herbaceous,East,Fan
2025-09-26,EHF-XA5S,1.818613381952387,0,Herbaceous,East,Fan
2025-09-27,EHF-XA5S,1.6509172436913182,0,Herbaceous,East,Fan
2025-09-28,EHF-XA5S,1.8013088549650158,0,Herbaceous,East,Fan
2025-09-29,EHF-XA5S,1.2544984705857172,0,Herbaceous,East,Fan
2025-09-30,EHF-XA5S,1.2498560949778237,0.762,Herbaceous,East,Fan
2025-10-01,EHF-XA5S,0.9531345103156584,3.302,Herbaceous,East,Fan
2025-10-02,EHF-XA5S,0.7559574508616606,25.4,Herbaceous,East,Fan
2025-10-03,EHF-XA5S,1.2597829058813905,0,Herbaceous,East,Fan
2025-10-04,EHF-XA5S,1.5062981931735062,0,Herbaceous,East,Fan
2025-10-05,EHF-XA5S,1.4626058145266851,0,Herbaceous,East,Fan
2025-10-06,EHF-XA5S,1.4628223138120935,0,Herbaceous,East,Fan
2025-10-07,EHF-XA5S,1.4724969111602044,0,Herbaceous,East,Fan
2025-10-08,EHF-XA5S,1.4388002167394998,0,Herbaceous,East,Fan
2025-10-09,EHF-XA5S,1.5096762195176057,0,Herbaceous,East,Fan
2025-10-10,EHF-XA5S,1.4481626072727163,0,Herbaceous,East,Fan
2025-10-11,EHF-XA5S,1.2306334724035841,0.508,Herbaceous,East,Fan
2025-10-12,EHF-XA5S,1.2224608085002069,0,Herbaceous,East,Fan
2025-10-13,EHF-XA5S,0.7816523382937625,1.016,Herbaceous,East,Fan
2025-10-14,EHF-XA5S,0.6867156005290628,9.398,Herbaceous,East,Fan
2025-10-15,EHF-XA5S,0.7827401080643736,5.8420000000000005,Herbaceous,East,Fan
2025-10-16,EHF-XA5S,1.1748332662154806,0,Herbaceous,East,Fan
2025-10-17,EHF-XA5S,1.209845197384478,0,Herbaceous,East,Fan
2025-10-18,EHF-XA5S,1.2915762868752179,0,Herbaceous,East,Fan
2025-10-19,EHF-XA5S,1.2150398488899194,0,Herbaceous,East,Fan
2025-10-20,EHF-XA5S,1.2230515653879708,0,Herbaceous,East,Fan
2025-10-21,EHF-XA5S,1.1828824155994544,0,Herbaceous,East,Fan
2025-10-22,EHF-XA5S,0.9070504419743631,0,Herbaceous,East,Fan
2025-10-23,EHF-XA5S,1.118071880839468,0,Herbaceous,East,Fan
2025-10-24,EHF-XA5S,1.0648554963046872,0,Herbaceous,East,Fan
2025-10-25,EHF-XA5S,0.7865426820289727,2.032,Herbaceous,East,Fan
2025-10-26,EHF-XA5S,0.8083668246182882,7.366,Herbaceous,East,Fan
2025-10-27,EHF-XA5S,1.0224333574929916,0,Herbaceous,East,Fan
2025-10-28,EHF-XA5S,1.0417614820480408,0,Herbaceous,East,Fan
2025-10-29,EHF-XA5S,1.062467809681819,0,Herbaceous,East,Fan
2025-10-30,EHF-XA5S,1.030620390839119,0,Herbaceous,East,Fan
2025-10-31,EHF-XA5S,1.0146805525901563,0,Herbaceous,East,Fan
2025-11-01,EHF-XA5S,1.1730811760277824,0,Herbaceous,East,Fan
2025-11-02,EHF-XA5S,1.2552712755247304,0,Herbaceous,East,Fan
2025-07-01,EHR-1,2.956025475177234,0,Herbaceous,East,Riparian
2025-07-02,EHR-1,3.1796430557366238,0,Herbaceous,East,Riparian
2025-07-03,EHR-1,3.0956733636828933,0,Herbaceous,East,Riparian
2025-07-04,EHR-1,3.1557858616546652,0,Herbaceous,East,Riparian
2025-07-05,EHR-1,3.1773521077927422,0,Herbaceous,East,Riparian
2025-07-06,EHR-1,3.324421643875986,0,Herbaceous,East,Riparian
2025-07-07,EHR-1,3.337192886006418,0,Herbaceous,East,Riparian
2025-07-08,EHR-1,3.3229216591854107,0,Herbaceous,East,Riparian
2025-07-09,EHR-1,3.342741374749025,0,Herbaceous,East,Riparian
2025-07-10,EHR-1,3.2727899566597873,0,Herbaceous,East,Riparian
2025-07-11,EHR-1,3.242870990187486,0,Herbaceous,East,Riparian
2025-07-12,EHR-1,3.284506070885038,0,Herbaceous,East,Riparian
2025-07-13,EHR-1,3.463150836592133,0,Herbaceous,East,Riparian
2025-07-14,EHR-1,3.4656558681979073,0,Herbaceous,East,Riparian
2025-07-15,EHR-1,3.363686466209659,0,Herbaceous,East,Riparian
2025-07-16,EHR-1,3.3247152589432583,0,Herbaceous,East,Riparian
2025-07-17,EHR-1,3.311615386464082,0,Herbaceous,East,Riparian
2025-07-18,EHR-1,3.2382558722095727,0,Herbaceous,East,Riparian
2025-07-19,EHR-1,3.280905761207312,0,Herbaceous,East,Riparian
2025-07-20,EHR-1,3.236229824191934,0,Herbaceous,East,Riparian
2025-07-21,EHR-1,2.1600367692333733,0,Herbaceous,East,Riparian
2025-07-22,EHR-1,2.1033809557973693,0,Herbaceous,East,Riparian
2025-07-23,EHR-1,3.0742489968842444,0,Herbaceous,East,Riparian
2025-07-24,EHR-1,2.6449690238975037,0,Herbaceous,East,Riparian
2025-07-25,EHR-1,2.2652191003336837,0,Herbaceous,East,Riparian
2025-07-26,EHR-1,2.077524820555112,0,Herbaceous,East,Riparian
2025-07-27,EHR-1,2.7582325138420862,0,Herbaceous,East,Riparian
2025-07-28,EHR-1,3.14751875223049,0,Herbaceous,East,Riparian
2025-07-29,EHR-1,3.1667532011064594,0,Herbaceous,East,Riparian
2025-07-30,EHR-1,2.9098428150472557,0,Herbaceous,East,Riparian
2025-07-31,EHR-1,3.098020287281517,0,Herbaceous,East,Riparian
2025-08-01,EHR-1,2.997033399124864,0,Herbaceous,East,Riparian
2025-08-02,EHR-1,3.029948229607668,0,Herbaceous,East,Riparian
2025-08-03,EHR-1,2.956269282120729,0,Herbaceous,East,Riparian
2025-08-04,EHR-1,2.978831532934734,0,Herbaceous,East,Riparian
2025-08-05,EHR-1,2.9393055622936344,0,Herbaceous,East,Riparian
2025-08-06,EHR-1,2.792283014171232,0,Herbaceous,East,Riparian
2025-08-07,EHR-1,2.964971139037141,0,Herbaceous,East,Riparian
2025-08-08,EHR-1,3.032862131167939,0,Herbaceous,East,Riparian
2025-08-09,EHR-1,3.108368153712647,0,Herbaceous,East,Riparian
2025-08-10,EHR-1,3.1140697465579166,0,Herbaceous,East,Riparian
2025-08-11,EHR-1,3.046659918188903,0,Herbaceous,East,Riparian
2025-08-12,EHR-1,3.089925858794979,0,Herbaceous,East,Riparian
2025-08-13,EHR-1,2.8656475417662195,0,Herbaceous,East,Riparian
2025-08-14,EHR-1,2.89922000842209,0,Herbaceous,East,Riparian
2025-08-15,EHR-1,2.86448076390086,0,Herbaceous,East,Riparian
2025-08-16,EHR-1,2.8844412958042986,0,Herbaceous,East,Riparian
2025-08-17,EHR-1,2.8629853034817523,0,Herbaceous,East,Riparian
2025-08-18,EHR-1,2.8886914005485407,0,Herbaceous,East,Riparian
2025-08-19,EHR-1,2.8032763715175766,0,Herbaceous,East,Riparian
2025-08-20,EHR-1,2.783261539431318,0,Herbaceous,East,Riparian
2025-08-21,EHR-1,2.8377891892698632,0,Herbaceous,East,Riparian
2025-08-22,EHR-1,2.6804901202111764,0,Herbaceous,East,Riparian
2025-08-23,EHR-1,2.463225116828883,2.032,Herbaceous,East,Riparian
2025-08-24,EHR-1,1.798087973713381,23.368,Herbaceous,East,Riparian
2025-08-25,EHR-1,1.6489175646980139,26.416,Herbaceous,East,Riparian
2025-08-26,EHR-1,1.9357204238344206,4.318,Herbaceous,East,Riparian
2025-08-27,EHR-1,2.032156482406241,0,Herbaceous,East,Riparian
2025-08-28,EHR-1,2.1986761840398943,0,Herbaceous,East,Riparian
2025-08-29,EHR-1,2.2276120202930487,0,Herbaceous,East,Riparian
2025-08-30,EHR-1,2.4894035453517342,0,Herbaceous,East,Riparian
2025-08-31,EHR-1,2.616109282799417,0,Herbaceous,East,Riparian
2025-09-01,EHR-1,2.6133703287802725,0,Herbaceous,East,Riparian
2025-09-02,EHR-1,1.6685827850203778,8.382,Herbaceous,East,Riparian
2025-09-03,EHR-1,2.0923462612084087,0.254,Herbaceous,East,Riparian
2025-09-04,EHR-1,2.4273007169882064,0,Herbaceous,East,Riparian
2025-09-05,EHR-1,2.472101651182913,0,Herbaceous,East,Riparian
2025-09-06,EHR-1,2.363317821394307,0,Herbaceous,East,Riparian
2025-09-07,EHR-1,2.1943865305458155,0,Herbaceous,East,Riparian
2025-09-08,EHR-1,2.390525642079412,0,Herbaceous,East,Riparian
2025-09-09,EHR-1,1.860721348605558,0,Herbaceous,East,Riparian
2025-09-10,EHR-1,1.7069248642854224,0,Herbaceous,East,Riparian
2025-09-11,EHR-1,1.660441186580847,0.762,Herbaceous,East,Riparian
2025-09-12,EHR-1,1.8440162560799611,0,Herbaceous,East,Riparian
2025-09-13,EHR-1,1.8621402852134332,0,Herbaceous,East,Riparian
2025-09-14,EHR-1,2.146526992963486,0,Herbaceous,East,Riparian
2025-09-15,EHR-1,2.127738344633059,0,Herbaceous,East,Riparian
2025-09-16,EHR-1,2.1316402994860364,0,Herbaceous,East,Riparian
2025-09-17,EHR-1,2.1083061958831815,0,Herbaceous,East,Riparian
2025-09-18,EHR-1,1.6069794953253005,0,Herbaceous,East,Riparian
2025-09-19,EHR-1,1.2792307107420409,0.508,Herbaceous,East,Riparian
2025-09-20,EHR-1,2.0138784351569528,0,Herbaceous,East,Riparian
2025-09-21,EHR-1,1.6138868529070995,0,Herbaceous,East,Riparian
2025-09-22,EHR-1,1.9395205161794762,0,Herbaceous,East,Riparian
2025-09-23,EHR-1,1.8859716349306934,0,Herbaceous,East,Riparian
2025-09-24,EHR-1,1.8144330725688258,0,Herbaceous,East,Riparian
2025-09-25,EHR-1,1.4101900250042776,0,Herbaceous,East,Riparian
2025-09-26,EHR-1,1.8090530519729244,0,Herbaceous,East,Riparian
2025-09-27,EHR-1,1.654315491135351,0,Herbaceous,East,Riparian
2025-09-28,EHR-1,1.8000127808751039,0,Herbaceous,East,Riparian
2025-09-29,EHR-1,1.2348977256997753,0,Herbaceous,East,Riparian
2025-09-30,EHR-1,1.257471591370954,0.762,Herbaceous,East,Riparian
2025-10-01,EHR-1,0.9368604491947322,3.302,Herbaceous,East,Riparian
2025-10-02,EHR-1,0.7572151769599585,25.4,Herbaceous,East,Riparian
2025-10-03,EHR-1,1.2465938172931568,0,Herbaceous,East,Riparian
2025-10-04,EHR-1,1.4888143998380365,0,Herbaceous,East,Riparian
2025-10-05,EHR-1,1.4354396047997995,0,Herbaceous,East,Riparian
2025-10-06,EHR-1,1.439126368783046,0,Herbaceous,East,Riparian
2025-10-07,EHR-1,1.4570348430655735,0,Herbaceous,East,Riparian
2025-10-08,EHR-1,1.4275069190112508,0,Herbaceous,East,Riparian
2025-10-09,EHR-1,1.5282302289478709,0,Herbaceous,East,Riparian
2025-10-10,EHR-1,1.4567736777994431,0,Herbaceous,East,Riparian
2025-10-11,EHR-1,1.2365903705594539,0.508,Herbaceous,East,Riparian
2025-10-12,EHR-1,1.23116299306984,0,Herbaceous,East,Riparian
2025-10-13,EHR-1,0.7709171008589024,1.016,Herbaceous,East,Riparian
2025-10-14,EHR-1,0.6850318326538442,9.398,Herbaceous,East,Riparian
2025-10-15,EHR-1,0.7349093435766763,5.8420000000000005,Herbaceous,East,Riparian
2025-10-16,EHR-1,1.169676806706937,0,Herbaceous,East,Riparian
2025-10-17,EHR-1,1.195805101895115,0,Herbaceous,East,Riparian
2025-10-18,EHR-1,1.2622910580613278,0,Herbaceous,East,Riparian
2025-10-19,EHR-1,1.2050655792898515,0,Herbaceous,East,Riparian
2025-10-20,EHR-1,1.1737355773937406,0,Herbaceous,East,Riparian
2025-10-21,EHR-1,1.196794310747484,0,Herbaceous,East,Riparian
2025-10-22,EHR-1,0.8809857142367693,0,Herbaceous,East,Riparian
2025-10-23,EHR-1,1.1188720686162392,0,Herbaceous,East,Riparian
2025-10-24,EHR-1,1.060229450228674,0,Herbaceous,East,Riparian
2025-10-25,EHR-1,0.7749275762010857,2.032,Herbaceous,East,Riparian
2025-10-26,EHR-1,0.8023001496524956,7.366,Herbaceous,East,Riparian
2025-10-27,EHR-1,1.0138423842092033,0,Herbaceous,East,Riparian
2025-10-28,EHR-1,1.0352879825000205,0,Herbaceous,East,Riparian
2025-10-29,EHR-1,1.058730412287318,0,Herbaceous,East,Riparian
2025-10-30,EHR-1,1.0190636820198888,0,Herbaceous,East,Riparian
2025-10-31,EHR-1,0.9943819039838535,0,Herbaceous,East,Riparian
2025-11-01,EHR-1,1.1700205743580472,0,Herbaceous,East,Riparian
2025-11-02,EHR-1,1.2450803442265497,0,Herbaceous,East,Riparian
2025-07-01,EHT-XC5S,3.004805156331848,0,Herbaceous,East,Terrace
2025-07-02,EHT-XC5S,3.1507140334968264,0,Herbaceous,East,Terrace
2025-07-03,EHT-XC5S,3.0994386455336427,0,Herbaceous,East,Terrace
2025-07-04,EHT-XC5S,3.174344630900214,0,Herbaceous,East,Terrace
2025-07-05,EHT-XC5S,3.226700576284584,0,Herbaceous,East,Terrace
2025-07-06,EHT-XC5S,3.3102790695598276,0,Herbaceous,East,Terrace
2025-07-07,EHT-XC5S,3.379073676266594,0,Herbaceous,East,Terrace
2025-07-08,EHT-XC5S,3.3818285407552673,0,Herbaceous,East,Terrace
2025-07-09,EHT-XC5S,3.386825926972794,0,Herbaceous,East,Terrace
2025-07-10,EHT-XC5S,3.2929066229852957,0,Herbaceous,East,Terrace
2025-07-11,EHT-XC5S,3.2413924901506523,0,Herbaceous,East,Terrace
2025-07-12,EHT-XC5S,3.322057832804371,0,Herbaceous,East,Terrace
2025-07-13,EHT-XC5S,3.4510063817431367,0,Herbaceous,East,Terrace
2025-07-14,EHT-XC5S,3.462119796616617,0,Herbaceous,East,Terrace
2025-07-15,EHT-XC5S,3.374143611469703,0,Herbaceous,East,Terrace
2025-07-16,EHT-XC5S,3.3195384412026687,0,Herbaceous,East,Terrace
2025-07-17,EHT-XC5S,3.3574524240845003,0,Herbaceous,East,Terrace
2025-07-18,EHT-XC5S,3.238609979751649,0,Herbaceous,East,Terrace
2025-07-19,EHT-XC5S,3.2534957076663895,0,Herbaceous,East,Terrace
2025-07-20,EHT-XC5S,3.2538546148750918,0,Herbaceous,East,Terrace
2025-07-21,EHT-XC5S,2.1903296996694683,0,Herbaceous,East,Terrace
2025-07-22,EHT-XC5S,2.108170972064526,0,Herbaceous,East,Terrace
2025-07-23,EHT-XC5S,3.120721196319044,0,Herbaceous,East,Terrace
2025-07-24,EHT-XC5S,2.732709957355168,0,Herbaceous,East,Terrace
2025-07-25,EHT-XC5S,2.2741656694379806,0,Herbaceous,East,Terrace
2025-07-26,EHT-XC5S,2.1167697067067563,0,Herbaceous,East,Terrace
2025-07-27,EHT-XC5S,2.758606235977271,0,Herbaceous,East,Terrace
2025-07-28,EHT-XC5S,3.1507399489544827,0,Herbaceous,East,Terrace
2025-07-29,EHT-XC5S,3.1902333879009843,0,Herbaceous,East,Terrace
2025-07-30,EHT-XC5S,2.936858807432144,0,Herbaceous,East,Terrace
2025-07-31,EHT-XC5S,3.113571133059249,0,Herbaceous,East,Terrace
2025-08-01,EHT-XC5S,2.998884184514127,0,Herbaceous,East,Terrace
2025-08-02,EHT-XC5S,3.0213953699180145,0,Herbaceous,East,Terrace
2025-08-03,EHT-XC5S,2.9689852686447096,0,Herbaceous,East,Terrace
2025-08-04,EHT-XC5S,2.996158980290786,0,Herbaceous,East,Terrace
2025-08-05,EHT-XC5S,2.912935375805555,0,Herbaceous,East,Terrace
2025-08-06,EHT-XC5S,2.794017836290842,0,Herbaceous,East,Terrace
2025-08-07,EHT-XC5S,2.9936503949795146,0,Herbaceous,East,Terrace
2025-08-08,EHT-XC5S,3.0212857467644385,0,Herbaceous,East,Terrace
2025-08-09,EHT-XC5S,3.1055095058223277,0,Herbaceous,East,Terrace
2025-08-10,EHT-XC5S,3.1084532643568465,0,Herbaceous,East,Terrace
2025-08-11,EHT-XC5S,3.063749066581997,0,Herbaceous,East,Terrace
2025-08-12,EHT-XC5S,3.092276538142321,0,Herbaceous,East,Terrace
2025-08-13,EHT-XC5S,2.8410890090090812,0,Herbaceous,East,Terrace
2025-08-14,EHT-XC5S,2.8659762953788395,0,Herbaceous,East,Terrace
2025-08-15,EHT-XC5S,2.84971926908215,0,Herbaceous,East,Terrace
2025-08-16,EHT-XC5S,2.901548926615794,0,Herbaceous,East,Terrace
2025-08-17,EHT-XC5S,2.8793295815257047,0,Herbaceous,East,Terrace
2025-08-18,EHT-XC5S,2.914077107558291,0,Herbaceous,East,Terrace
2025-08-19,EHT-XC5S,2.810495583252118,0,Herbaceous,East,Terrace
2025-08-20,EHT-XC5S,2.755567984800031,0,Herbaceous,East,Terrace
2025-08-21,EHT-XC5S,2.796543273117044,0,Herbaceous,East,Terrace
2025-08-22,EHT-XC5S,2.681466563427812,0,Herbaceous,East,Terrace
2025-08-23,EHT-XC5S,2.277359365042369,2.032,Herbaceous,East,Terrace
2025-08-24,EHT-XC5S,1.814698280108046,23.368,Herbaceous,East,Terrace
2025-08-25,EHT-XC5S,1.6597605959578032,26.416,Herbaceous,East,Terrace
2025-08-26,EHT-XC5S,1.9675703231613435,4.318,Herbaceous,East,Terrace
2025-08-27,EHT-XC5S,2.0468330691853307,0,Herbaceous,East,Terrace
2025-08-28,EHT-XC5S,2.2282746029017257,0,Herbaceous,East,Terrace
2025-08-29,EHT-XC5S,2.234884454362287,0,Herbaceous,East,Terrace
2025-08-30,EHT-XC5S,2.520392802768152,0,Herbaceous,East,Terrace
2025-08-31,EHT-XC5S,2.6043457534770216,0,Herbaceous,East,Terrace
2025-09-01,EHT-XC5S,2.614482629749868,0,Herbaceous,East,Terrace
2025-09-02,EHT-XC5S,1.6614729979765126,8.382,Herbaceous,East,Terrace
2025-09-03,EHT-XC5S,2.0994183263042534,0.254,Herbaceous,East,Terrace
2025-09-04,EHT-XC5S,2.4495415359722412,0,Herbaceous,East,Terrace
2025-09-05,EHT-XC5S,2.480800617369974,0,Herbaceous,East,Terrace
2025-09-06,EHT-XC5S,2.3333311412685203,0,Herbaceous,East,Terrace
2025-09-07,EHT-XC5S,2.187989512338031,0,Herbaceous,East,Terrace
2025-09-08,EHT-XC5S,2.3862315218000547,0,Herbaceous,East,Terrace
2025-09-09,EHT-XC5S,1.883066279875154,0,Herbaceous,East,Terrace
2025-09-10,EHT-XC5S,1.7148109582498632,0,Herbaceous,East,Terrace
2025-09-11,EHT-XC5S,1.7014873338902403,0.762,Herbaceous,East,Terrace
2025-09-12,EHT-XC5S,1.8983757230578748,0,Herbaceous,East,Terrace
2025-09-13,EHT-XC5S,1.8886330247734084,0,Herbaceous,East,Terrace
2025-09-14,EHT-XC5S,2.1678471309443266,0,Herbaceous,East,Terrace
2025-09-15,EHT-XC5S,2.1020862232012827,0,Herbaceous,East,Terrace
2025-09-16,EHT-XC5S,2.147558422471895,0,Herbaceous,East,Terrace
2025-09-17,EHT-XC5S,2.0992844938313855,0,Herbaceous,East,Terrace
2025-09-18,EHT-XC5S,1.6214235497127285,0,Herbaceous,East,Terrace
2025-09-19,EHT-XC5S,1.2953083445798945,0.508,Herbaceous,East,Terrace
2025-09-20,EHT-XC5S,2.0058311774939814,0,Herbaceous,East,Terrace
2025-09-21,EHT-XC5S,1.4460619024804973,0,Herbaceous,East,Terrace
2025-09-22,EHT-XC5S,1.9337860159089653,0,Herbaceous,East,Terrace
2025-09-23,EHT-XC5S,1.900106567449575,0,Herbaceous,East,Terrace
2025-09-24,EHT-XC5S,1.8194353178765612,0,Herbaceous,East,Terrace
2025-09-25,EHT-XC5S,1.4378574777224316,0,Herbaceous,East,Terrace
2025-09-26,EHT-XC5S,1.8428917104561808,0,Herbaceous,East,Terrace
2025-09-27,EHT-XC5S,1.662352645271685,0,Herbaceous,East,Terrace
2025-09-28,EHT-XC5S,1.8327688824758954,0,Herbaceous,East,Terrace
2025-09-29,EHT-XC5S,1.249634818578395,0,Herbaceous,East,Terrace
2025-09-30,EHT-XC5S,1.2567416632761153,0.762,Herbaceous,East,Terrace
2025-10-01,EHT-XC5S,0.9377062495995777,3.302,Herbaceous,East,Terrace
2025-10-02,EHT-XC5S,0.7632998537521118,25.4,Herbaceous,East,Terrace
2025-10-03,EHT-XC5S,1.2849622395150844,0,Herbaceous,East,Terrace
2025-10-04,EHT-XC5S,1.4938749136174818,0,Herbaceous,East,Terrace
2025-10-05,EHT-XC5S,1.4329085596523587,0,Herbaceous,East,Terrace
2025-10-06,EHT-XC5S,1.4512714786462266,0,Herbaceous,East,Terrace
2025-10-07,EHT-XC5S,1.4954933202829153,0,Herbaceous,East,Terrace
2025-10-08,EHT-XC5S,1.4224010928829842,0,Herbaceous,East,Terrace
2025-10-09,EHT-XC5S,1.5456015297398717,0,Herbaceous,East,Terrace
2025-10-10,EHT-XC5S,1.4544685933110213,0,Herbaceous,East,Terrace
2025-10-11,EHT-XC5S,1.260739379700797,0.508,Herbaceous,East,Terrace
2025-10-12,EHT-XC5S,1.2172513877740312,0,Herbaceous,East,Terrace
2025-10-13,EHT-XC5S,0.7794758529252266,1.016,Herbaceous,East,Terrace
2025-10-14,EHT-XC5S,0.6841405607840211,9.398,Herbaceous,East,Terrace
2025-10-15,EHT-XC5S,0.7819339896587919,5.8420000000000005,Herbaceous,East,Terrace
2025-10-16,EHT-XC5S,1.1868692409425403,0,Herbaceous,East,Terrace
2025-10-17,EHT-XC5S,1.1978828868887512,0,Herbaceous,East,Terrace
2025-10-18,EHT-XC5S,1.2763934905999692,0,Herbaceous,East,Terrace
2025-10-19,EHT-XC5S,1.2141629475773563,0,Herbaceous,East,Terrace
2025-10-20,EHT-XC5S,1.263278537826476,0,Herbaceous,East,Terrace
2025-10-21,EHT-XC5S,1.1837180270280292,0,Herbaceous,East,Terrace
2025-10-22,EHT-XC5S,0.9051400117460104,0,Herbaceous,East,Terrace
2025-10-23,EHT-XC5S,1.1164129457383816,0,Herbaceous,East,Terrace
2025-10-24,EHT-XC5S,1.0639184087872027,0,Herbaceous,East,Terrace
2025-10-25,EHT-XC5S,0.798958607957505,2.032,Herbaceous,East,Terrace
2025-10-26,EHT-XC5S,0.8260973502012042,7.366,Herbaceous,East,Terrace
2025-10-27,EHT-XC5S,1.0114216083112,0,Herbaceous,East,Terrace
2025-10-28,EHT-XC5S,1.0414836804759755,0,Herbaceous,East,Terrace
2025-10-29,EHT-XC5S,1.0615817605484956,0,Herbaceous,East,Terrace
2025-10-30,EHT-XC5S,1.015477050746484,0,Herbaceous,East,Terrace
2025-10-31,EHT-XC5S,1.0077318251566578,0,Herbaceous,East,Terrace
2025-11-01,EHT-XC5S,1.1609320660101574,0,Herbaceous,East,Terrace
2025-11-02,EHT-XC5S,1.2459256927660458,0,Herbaceous,East,Terrace
2025-07-01,EWF-1,2.9330721358466882,0,Willow,East,Fan
2025-07-02,EWF-1,3.168098463420927,0,Willow,East,Fan
2025-07-03,EWF-1,3.052867551890677,0,Willow,East,Fan
2025-07-04,EWF-1,3.134919468774915,0,Willow,East,Fan
2025-07-05,EWF-1,3.1011095544258995,0,Willow,East,Fan
2025-07-06,EWF-1,3.2749555298134676,0,Willow,East,Fan
2025-07-07,EWF-1,3.340796503402973,0,Willow,East,Fan
2025-07-08,EWF-1,3.3191119982046065,0,Willow,East,Fan
2025-07-09,EWF-1,3.3244088512203533,0,Willow,East,Fan
2025-07-10,EWF-1,3.2427335299147324,0,Willow,East,Fan
2025-07-11,EWF-1,3.2643383317414436,0,Willow,East,Fan
2025-07-12,EWF-1,3.2481028347710823,0,Willow,East,Fan
2025-07-13,EWF-1,3.442284153052743,0,Willow,East,Fan
2025-07-14,EWF-1,3.4411304800214433,0,Willow,East,Fan
2025-07-15,EWF-1,3.3308628177783555,0,Willow,East,Fan
2025-07-16,EWF-1,3.2753527005500263,0,Willow,East,Fan
2025-07-17,EWF-1,3.298344836549132,0,Willow,East,Fan
2025-07-18,EWF-1,3.201282328607896,0,Willow,East,Fan
2025-07-19,EWF-1,3.2437344299145856,0,Willow,East,Fan
2025-07-20,EWF-1,3.1869626165328895,0,Willow,East,Fan
2025-07-21,EWF-1,2.1593060206783212,0,Willow,East,Fan
2025-07-22,EWF-1,2.099369958687449,0,Willow,East,Fan
2025-07-23,EWF-1,3.0599984856695746,0,Willow,East,Fan
2025-07-24,EWF-1,2.626166038030952,0,Willow,East,Fan
2025-07-25,EWF-1,2.226465720296372,0,Willow,East,Fan
2025-07-26,EWF-1,2.046711429229791,0,Willow,East,Fan
2025-07-27,EWF-1,2.7119005495224284,0,Willow,East,Fan
2025-07-28,EWF-1,3.1147173586111263,0,Willow,East,Fan
2025-07-29,EWF-1,3.114141300833171,0,Willow,East,Fan
2025-07-30,EWF-1,2.862112642807189,0,Willow,East,Fan
2025-07-31,EWF-1,3.0555903336245027,0,Willow,East,Fan
2025-08-01,EWF-1,2.9769955638017263,0,Willow,East,Fan
2025-08-02,EWF-1,2.971736523713644,0,Willow,East,Fan
2025-08-03,EWF-1,2.8889550124624344,0,Willow,East,Fan
2025-08-04,EWF-1,2.9239714168740543,0,Willow,East,Fan
2025-08-05,EWF-1,2.89831369364769,0,Willow,East,Fan
2025-08-06,EWF-1,2.7354595299935394,0,Willow,East,Fan
2025-08-07,EWF-1,2.9335820338907075,0,Willow,East,Fan
2025-08-08,EWF-1,2.9857175194224714,0,Willow,East,Fan
2025-08-09,EWF-1,3.083077254445483,0,Willow,East,Fan
2025-08-10,EWF-1,3.077550915782097,0,Willow,East,Fan
2025-08-11,EWF-1,3.015287312248299,0,Willow,East,Fan
2025-08-12,EWF-1,3.047159575274749,0,Willow,East,Fan
2025-08-13,EWF-1,2.8138725620648435,0,Willow,East,Fan
2025-08-14,EWF-1,2.82606447917985,0,Willow,East,Fan
2025-08-15,EWF-1,2.8157043996298294,0,Willow,East,Fan
2025-08-16,EWF-1,2.8663740023151427,0,Willow,East,Fan
2025-08-17,EWF-1,2.821895978100319,0,Willow,East,Fan
2025-08-18,EWF-1,2.8599433168080726,0,Willow,East,Fan
2025-08-19,EWF-1,2.765271631631766,0,Willow,East,Fan
2025-08-20,EWF-1,2.716357832390327,0,Willow,East,Fan
2025-08-21,EWF-1,2.779342250547551,0,Willow,East,Fan
2025-08-22,EWF-1,2.644169116426264,0,Willow,East,Fan
2025-08-23,EWF-1,2.1783142419924078,2.032,Willow,East,Fan
2025-08-24,EWF-1,1.7941890684338366,23.368,Willow,East,Fan
2025-08-25,EWF-1,1.6154126781326312,26.416,Willow,East,Fan
2025-08-26,EWF-1,1.919497445020732,4.318,Willow,East,Fan
2025-08-27,EWF-1,1.9831819666441084,0,Willow,East,Fan
2025-08-28,EWF-1,2.190537062862547,0,Willow,East,Fan
2025-08-29,EWF-1,2.1624342439371746,0,Willow,East,Fan
2025-08-30,EWF-1,2.459104819148921,0,Willow,East,Fan
2025-08-31,EWF-1,2.539838112428971,0,Willow,East,Fan
2025-09-01,EWF-1,2.6008814682804853,0,Willow,East,Fan
2025-09-02,EWF-1,1.6301502927399494,8.382,Willow,East,Fan
2025-09-03,EWF-1,2.051281289712261,0.254,Willow,East,Fan
2025-09-04,EWF-1,2.4024458743956028,0,Willow,East,Fan
2025-09-05,EWF-1,2.4463222340639854,0,Willow,East,Fan
2025-09-06,EWF-1,2.3077751288480144,0,Willow,East,Fan
2025-09-07,EWF-1,2.1225562939151277,0,Willow,East,Fan
2025-09-08,EWF-1,2.3424464736478274,0,Willow,East,Fan
2025-09-09,EWF-1,1.8420911236678907,0,Willow,East,Fan
2025-09-10,EWF-1,1.658705156464901,0,Willow,East,Fan
2025-09-11,EWF-1,1.605928449661194,0.762,Willow,East,Fan
2025-09-12,EWF-1,1.8075538938740676,0,Willow,East,Fan
2025-09-13,EWF-1,1.8146977279994134,0,Willow,East,Fan
2025-09-14,EWF-1,2.11844962058956,0,Willow,East,Fan
2025-09-15,EWF-1,2.073829780494084,0,Willow,East,Fan
2025-09-16,EWF-1,2.1041024582123713,0,Willow,East,Fan
2025-09-17,EWF-1,2.065146191129022,0,Willow,East,Fan
2025-09-18,EWF-1,1.6012451104240883,0,Willow,East,Fan
2025-09-19,EWF-1,1.2593199512539255,0.508,Willow,East,Fan
2025-09-20,EWF-1,1.967049401582249,0,Willow,East,Fan
2025-09-21,EWF-1,1.307435842900103,0,Willow,East,Fan
2025-09-22,EWF-1,1.8910819766236426,0,Willow,East,Fan
2025-09-23,EWF-1,1.8429284556608305,0,Willow,East,Fan
2025-09-24,EWF-1,1.7784165419625917,0,Willow,East,Fan
2025-09-25,EWF-1,1.3896347598435064,0,Willow,East,Fan
2025-09-26,EWF-1,1.7800268883450605,0,Willow,East,Fan
2025-09-27,EWF-1,1.6042841066868412,0,Willow,East,Fan
2025-09-28,EWF-1,1.7569899475478092,0,Willow,East,Fan
2025-09-29,EWF-1,1.2122802689980252,0,Willow,East,Fan
2025-09-30,EWF-1,1.1936889133584854,0.762,Willow,East,Fan
2025-10-01,EWF-1,0.9412139977781746,3.302,Willow,East,Fan
2025-10-02,EWF-1,0.7526309407057943,25.4,Willow,East,Fan
2025-10-03,EWF-1,1.181327547965208,0,Willow,East,Fan
2025-10-04,EWF-1,1.4243248367352834,0,Willow,East,Fan
2025-10-05,EWF-1,1.383770693241198,0,Willow,East,Fan
2025-10-06,EWF-1,1.3911609066826582,0,Willow,East,Fan
2025-10-07,EWF-1,1.4152914885684897,0,Willow,East,Fan
2025-10-08,EWF-1,1.3771237053495815,0,Willow,East,Fan
2025-10-09,EWF-1,1.4674352437635982,0,Willow,East,Fan
2025-10-10,EWF-1,1.3807224880999598,0,Willow,East,Fan
2025-10-11,EWF-1,1.1783651226225964,0.508,Willow,East,Fan
2025-10-12,EWF-1,1.1493965270710842,0,Willow,East,Fan
2025-10-13,EWF-1,0.7413333308805542,1.016,Willow,East,Fan
2025-10-14,EWF-1,0.6800450260592574,9.398,Willow,East,Fan
2025-10-15,EWF-1,0.6660217555852259,5.8420000000000005,Willow,East,Fan
2025-10-16,EWF-1,1.1101229510104726,0,Willow,East,Fan
2025-10-17,EWF-1,1.1448829919102455,0,Willow,East,Fan
2025-10-18,EWF-1,1.2331538567018603,0,Willow,East,Fan
2025-10-19,EWF-1,1.1646337278758736,0,Willow,East,Fan
2025-10-20,EWF-1,1.235015010789682,0,Willow,East,Fan
2025-10-21,EWF-1,1.145751380450052,0,Willow,East,Fan
2025-10-22,EWF-1,0.8572421658313351,0,Willow,East,Fan
2025-10-23,EWF-1,1.0580866505119133,0,Willow,East,Fan
2025-10-24,EWF-1,1.0096340887382547,0,Willow,East,Fan
2025-10-25,EWF-1,0.7763430698377086,2.032,Willow,East,Fan
2025-10-26,EWF-1,0.7899191385047301,7.366,Willow,East,Fan
2025-10-27,EWF-1,0.9708665269143257,0,Willow,East,Fan
2025-10-28,EWF-1,1.005224505466609,0,Willow,East,Fan
2025-10-29,EWF-1,1.015110299985333,0,Willow,East,Fan
2025-10-30,EWF-1,0.9735659936691782,0,Willow,East,Fan
2025-10-31,EWF-1,1.0106579655426249,0,Willow,East,Fan
2025-11-01,EWF-1,1.165889619803415,0,Willow,East,Fan
2025-11-02,EWF-1,1.2438523037030513,0,Willow,East,Fan
2025-07-01,EWR-1,2.9722022976035585,0,Willow,East,Riparian
2025-07-02,EWR-1,3.2427881338249716,0,Willow,East,Riparian
2025-07-03,EWR-1,3.0894226765428705,0,Willow,East,Riparian
2025-07-04,EWR-1,3.1328067552574685,0,Willow,East,Riparian
2025-07-05,EWR-1,3.1643697529255013,0,Willow,East,Riparian
2025-07-06,EWR-1,3.3205700948163646,0,Willow,East,Riparian
2025-07-07,EWR-1,3.386479479063655,0,Willow,East,Riparian
2025-07-08,EWR-1,3.3511758718849753,0,Willow,East,Riparian
2025-07-09,EWR-1,3.325773659431697,0,Willow,East,Riparian
2025-07-10,EWR-1,3.2788854120836617,0,Willow,East,Riparian
2025-07-11,EWR-1,3.3152267648381675,0,Willow,East,Riparian
2025-07-12,EWR-1,3.2799464519526005,0,Willow,East,Riparian
2025-07-13,EWR-1,3.4720512350116324,0,Willow,East,Riparian
2025-07-14,EWR-1,3.442096473385168,0,Willow,East,Riparian
2025-07-15,EWR-1,3.3339088406221524,0,Willow,East,Riparian
2025-07-16,EWR-1,3.2768431494355745,0,Willow,East,Riparian
2025-07-17,EWR-1,3.293476914316367,0,Willow,East,Riparian
2025-07-18,EWR-1,3.223980338824513,0,Willow,East,Riparian
2025-07-19,EWR-1,3.266829840354769,0,Willow,East,Riparian
2025-07-20,EWR-1,3.224967367152142,0,Willow,East,Riparian
2025-07-21,EWR-1,2.116760225849976,0,Willow,East,Riparian
2025-07-22,EWR-1,2.0657891475920978,0,Willow,East,Riparian
2025-07-23,EWR-1,3.0697691408644623,0,Willow,East,Riparian
2025-07-24,EWR-1,2.683681226949455,0,Willow,East,Riparian
2025-07-25,EWR-1,2.2354861805335484,0,Willow,East,Riparian
2025-07-26,EWR-1,2.075317476463768,0,Willow,East,Riparian
2025-07-27,EWR-1,2.7362832015785936,0,Willow,East,Riparian
2025-07-28,EWR-1,3.163831752944224,0,Willow,East,Riparian
2025-07-29,EWR-1,3.133078240992999,0,Willow,East,Riparian
2025-07-30,EWR-1,2.8735654738343244,0,Willow,East,Riparian
2025-07-31,EWR-1,3.0770592251879414,0,Willow,East,Riparian
2025-08-01,EWR-1,2.9875286946130486,0,Willow,East,Riparian
2025-08-02,EWR-1,2.986469413743472,0,Willow,East,Riparian
2025-08-03,EWR-1,2.9123700936694887,0,Willow,East,Riparian
2025-08-04,EWR-1,2.919265766620997,0,Willow,East,Riparian
2025-08-05,EWR-1,2.9239775166932365,0,Willow,East,Riparian
2025-08-06,EWR-1,2.7402888292490326,0,Willow,East,Riparian
2025-08-07,EWR-1,2.940716763997767,0,Willow,East,Riparian
2025-08-08,EWR-1,3.0150281193297848,0,Willow,East,Riparian
2025-08-09,EWR-1,3.088332212474414,0,Willow,East,Riparian
2025-08-10,EWR-1,3.1329745096793506,0,Willow,East,Riparian
2025-08-11,EWR-1,3.0247887049901787,0,Willow,East,Riparian
2025-08-12,EWR-1,3.054954954495567,0,Willow,East,Riparian
2025-08-13,EWR-1,2.8396107880346193,0,Willow,East,Riparian
2025-08-14,EWR-1,2.862407025231287,0,Willow,East,Riparian
2025-08-15,EWR-1,2.839254330487497,0,Willow,East,Riparian
2025-08-16,EWR-1,2.8874979532785954,0,Willow,East,Riparian
2025-08-17,EWR-1,2.865741443697502,0,Willow,East,Riparian
2025-08-18,EWR-1,2.8655408445359316,0,Willow,East,Riparian
2025-08-19,EWR-1,2.762683644014607,0,Willow,East,Riparian
2025-08-20,EWR-1,2.778245381074145,0,Willow,East,Riparian
2025-08-21,EWR-1,2.814712277254644,0,Willow,East,Riparian
2025-08-22,EWR-1,2.660297036366592,0,Willow,East,Riparian
2025-08-23,EWR-1,2.440141027884909,2.032,Willow,East,Riparian
2025-08-24,EWR-1,1.8005828506913055,23.368,Willow,East,Riparian
2025-08-25,EWR-1,1.621958757479961,26.416,Willow,East,Riparian
2025-08-26,EWR-1,1.9181945022137346,4.318,Willow,East,Riparian
2025-08-27,EWR-1,1.9913267743380447,0,Willow,East,Riparian
2025-08-28,EWR-1,2.2159209544018847,0,Willow,East,Riparian
2025-08-29,EWR-1,2.2215825153140476,0,Willow,East,Riparian
2025-08-30,EWR-1,2.517563134766498,0,Willow,East,Riparian
2025-08-31,EWR-1,2.6024027267156935,0,Willow,East,Riparian
2025-09-01,EWR-1,2.612047296531587,0,Willow,East,Riparian
2025-09-02,EWR-1,1.67588336690426,8.382,Willow,East,Riparian
2025-09-03,EWR-1,2.0951680019504058,0.254,Willow,East,Riparian
2025-09-04,EWR-1,2.4273220411841177,0,Willow,East,Riparian
2025-09-05,EWR-1,2.4888721855996683,0,Willow,East,Riparian
2025-09-06,EWR-1,2.356904570231677,0,Willow,East,Riparian
2025-09-07,EWR-1,2.1603865797931814,0,Willow,East,Riparian
2025-09-08,EWR-1,2.3743384867781714,0,Willow,East,Riparian
2025-09-09,EWR-1,1.8591686685977462,0,Willow,East,Riparian
2025-09-10,EWR-1,1.705723453631132,0,Willow,East,Riparian
2025-09-11,EWR-1,1.6591443928950018,0.762,Willow,East,Riparian
2025-09-12,EWR-1,1.884251178133068,0,Willow,East,Riparian
2025-09-13,EWR-1,1.869336039162035,0,Willow,East,Riparian
2025-09-14,EWR-1,2.133634344991524,0,Willow,East,Riparian
2025-09-15,EWR-1,2.1172313016520286,0,Willow,East,Riparian
2025-09-16,EWR-1,2.1210741692211985,0,Willow,East,Riparian
2025-09-17,EWR-1,2.1136581536869388,0,Willow,East,Riparian
2025-09-18,EWR-1,1.6134652434831682,0,Willow,East,Riparian
2025-09-19,EWR-1,1.2744344367633145,0.508,Willow,East,Riparian
2025-09-20,EWR-1,1.9720593868278675,0,Willow,East,Riparian
2025-09-21,EWR-1,1.5744094196200311,0,Willow,East,Riparian
2025-09-22,EWR-1,1.9456334976460565,0,Willow,East,Riparian
2025-09-23,EWR-1,1.8794954165243207,0,Willow,East,Riparian
2025-09-24,EWR-1,1.8145032996521682,0,Willow,East,Riparian
2025-09-25,EWR-1,1.4241377307320091,0,Willow,East,Riparian
2025-09-26,EWR-1,1.821943009850952,0,Willow,East,Riparian
2025-09-27,EWR-1,1.6310903668932473,0,Willow,East,Riparian
2025-09-28,EWR-1,1.7806373341738346,0,Willow,East,Riparian
2025-09-29,EWR-1,1.2399210260286186,0,Willow,East,Riparian
2025-09-30,EWR-1,1.2277342473752695,0.762,Willow,East,Riparian
2025-10-01,EWR-1,0.9467000476254942,3.302,Willow,East,Riparian
2025-10-02,EWR-1,0.7592100121458549,25.4,Willow,East,Riparian
2025-10-03,EWR-1,1.2057684727941782,0,Willow,East,Riparian
2025-10-04,EWR-1,1.4554329527156251,0,Willow,East,Riparian
2025-10-05,EWR-1,1.428327440373502,0,Willow,East,Riparian
2025-10-06,EWR-1,1.4274816152019334,0,Willow,East,Riparian
2025-10-07,EWR-1,1.4487986011322238,0,Willow,East,Riparian
2025-10-08,EWR-1,1.398324399122193,0,Willow,East,Riparian
2025-10-09,EWR-1,1.5210176642784392,0,Willow,East,Riparian
2025-10-10,EWR-1,1.4047316324318952,0,Willow,East,Riparian
2025-10-11,EWR-1,1.1947691222277246,0.508,Willow,East,Riparian
2025-10-12,EWR-1,1.1712783107000355,0,Willow,East,Riparian
2025-10-13,EWR-1,0.7553089009595223,1.016,Willow,East,Riparian
2025-10-14,EWR-1,0.684676982625205,9.398,Willow,East,Riparian
2025-10-15,EWR-1,0.6854468456128207,5.8420000000000005,Willow,East,Riparian
2025-10-16,EWR-1,1.169684795379889,0,Willow,East,Riparian
2025-10-17,EWR-1,1.1715452165851221,0,Willow,East,Riparian
2025-10-18,EWR-1,1.2555804201731104,0,Willow,East,Riparian
2025-10-19,EWR-1,1.1903386942003549,0,Willow,East,Riparian
2025-10-20,EWR-1,1.309070361238075,0,Willow,East,Riparian
2025-10-21,EWR-1,1.1557342921870377,0,Willow,East,Riparian
2025-10-22,EWR-1,0.8548739423510678,0,Willow,East,Riparian
2025-10-23,EWR-1,1.0946182786541305,0,Willow,East,Riparian
2025-10-24,EWR-1,1.0267946383172826,0,Willow,East,Riparian
2025-10-25,EWR-1,0.7861172249378928,2.032,Willow,East,Riparian
2025-10-26,EWR-1,0.7902709781909781,7.366,Willow,East,Riparian
2025-10-27,EWR-1,0.9854456612128816,0,Willow,East,Riparian
2025-10-28,EWR-1,1.029653811345536,0,Willow,East,Riparian
2025-10-29,EWR-1,1.0309759584805591,0,Willow,East,Riparian
2025-10-30,EWR-1,0.9852407009037487,0,Willow,East,Riparian
2025-10-31,EWR-1,0.9809967345637456,0,Willow,East,Riparian
2025-11-01,EWR-1,1.1722335316605992,0,Willow,East,Riparian
2025-11-02,EWR-1,1.2410404703345235,0,Willow,East,Riparian
2025-07-01,EWT-2,2.9408956719703796,0,Willow,East,Terrace
2025-07-02,EWT-2,3.133063563607934,0,Willow,East,Terrace
2025-07-03,EWT-2,3.0266407877035677,0,Willow,East,Terrace
2025-07-04,EWT-2,3.0570128573817645,0,Willow,East,Terrace
2025-07-05,EWT-2,3.0923308100465405,0,Willow,East,Terrace
2025-07-06,EWT-2,3.226736908254547,0,Willow,East,Terrace
2025-07-07,EWT-2,3.2731612598657494,0,Willow,East,Terrace
2025-07-08,EWT-2,3.331381139274796,0,Willow,East,Terrace
2025-07-09,EWT-2,3.2855906277715934,0,Willow,East,Terrace
2025-07-10,EWT-2,3.1912060597741965,0,Willow,East,Terrace
2025-07-11,EWT-2,3.182220997692662,0,Willow,East,Terrace
2025-07-12,EWT-2,3.2537241984057514,0,Willow,East,Terrace
2025-07-13,EWT-2,3.4081309112281053,0,Willow,East,Terrace
2025-07-14,EWT-2,3.399723776252113,0,Willow,East,Terrace
2025-07-15,EWT-2,3.30704160010326,0,Willow,East,Terrace
2025-07-16,EWT-2,3.27042519684287,0,Willow,East,Terrace
2025-07-17,EWT-2,3.2856026975871613,0,Willow,East,Terrace
2025-07-18,EWT-2,3.196024297016291,0,Willow,East,Terrace
2025-07-19,EWT-2,3.2105431200024572,0,Willow,East,Terrace
2025-07-20,EWT-2,3.1974832902854784,0,Willow,East,Terrace
2025-07-21,EWT-2,2.158695431605915,0,Willow,East,Terrace
2025-07-22,EWT-2,2.0978695685862507,0,Willow,East,Terrace
2025-07-23,EWT-2,3.0689783399876096,0,Willow,East,Terrace
2025-07-24,EWT-2,2.601676472278592,0,Willow,East,Terrace
2025-07-25,EWT-2,2.244847426956613,0,Willow,East,Terrace
2025-07-26,EWT-2,2.076681273192428,0,Willow,East,Terrace
2025-07-27,EWT-2,2.710212877072602,0,Willow,East,Terrace
2025-07-28,EWT-2,3.086980952239344,0,Willow,East,Terrace
2025-07-29,EWT-2,3.1147911569194267,0,Willow,East,Terrace
2025-07-30,EWT-2,2.8795465047898468,0,Willow,East,Terrace
2025-07-31,EWT-2,3.079153315334124,0,Willow,East,Terrace
2025-08-01,EWT-2,2.949104960566112,0,Willow,East,Terrace
2025-08-02,EWT-2,2.9728010106983365,0,Willow,East,Terrace
2025-08-03,EWT-2,2.8995354086030596,0,Willow,East,Terrace
2025-08-04,EWT-2,2.9162956754068023,0,Willow,East,Terrace
2025-08-05,EWT-2,2.877848644213369,0,Willow,East,Terrace
2025-08-06,EWT-2,2.7509575183601913,0,Willow,East,Terrace
2025-08-07,EWT-2,2.9392660677017717,0,Willow,East,Terrace
2025-08-08,EWT-2,2.9594742735770896,0,Willow,East,Terrace
2025-08-09,EWT-2,3.0221034707759493,0,Willow,East,Terrace
2025-08-10,EWT-2,3.0639115157602026,0,Willow,East,Terrace
2025-08-11,EWT-2,2.9917493678892604,0,Willow,East,Terrace
2025-08-12,EWT-2,3.03118425016678,0,Willow,East,Terrace
2025-08-13,EWT-2,2.80262809255346,0,Willow,East,Terrace
2025-08-14,EWT-2,2.8285619786285277,0,Willow,East,Terrace
2025-08-15,EWT-2,2.825006803812896,0,Willow,East,Terrace
2025-08-16,EWT-2,2.840869696777173,0,Willow,East,Terrace
2025-08-17,EWT-2,2.847805953975342,0,Willow,East,Terrace
2025-08-18,EWT-2,2.8711793835515977,0,Willow,East,Terrace
2025-08-19,EWT-2,2.768889233124919,0,Willow,East,Terrace
2025-08-20,EWT-2,2.7207116017198087,0,Willow,East,Terrace
2025-08-21,EWT-2,2.775605026503986,0,Willow,East,Terrace
2025-08-22,EWT-2,2.6496301424838555,0,Willow,East,Terrace
2025-08-23,EWT-2,2.316455033962025,2.032,Willow,East,Terrace
2025-08-24,EWT-2,1.8078843890093834,23.368,Willow,East,Terrace
2025-08-25,EWT-2,1.6127210371479477,26.416,Willow,East,Terrace
2025-08-26,EWT-2,1.9270629573946598,4.318,Willow,East,Terrace
2025-08-27,EWT-2,2.0386476433386016,0,Willow,East,Terrace
2025-08-28,EWT-2,2.1599652905342346,0,Willow,East,Terrace
2025-08-29,EWT-2,2.196611802435331,0,Willow,East,Terrace
2025-08-30,EWT-2,2.4438524829920953,0,Willow,East,Terrace
2025-08-31,EWT-2,2.5478743917060913,0,Willow,East,Terrace
2025-09-01,EWT-2,2.568775844519036,0,Willow,East,Terrace
2025-09-02,EWT-2,1.631341978325149,8.382,Willow,East,Terrace
2025-09-03,EWT-2,2.0598973134548095,0.254,Willow,East,Terrace
2025-09-04,EWT-2,2.377421630735198,0,Willow,East,Terrace
2025-09-05,EWT-2,2.430674551774548,0,Willow,East,Terrace
2025-09-06,EWT-2,2.331275864768754,0,Willow,East,Terrace
2025-09-07,EWT-2,2.161714803476329,0,Willow,East,Terrace
2025-09-08,EWT-2,2.3397908899151445,0,Willow,East,Terrace
2025-09-09,EWT-2,1.8655872141598386,0,Willow,East,Terrace
2025-09-10,EWT-2,1.7136444357090106,0,Willow,East,Terrace
2025-09-11,EWT-2,1.6410238454505082,0.762,Willow,East,Terrace
2025-09-12,EWT-2,1.8367626041670233,0,Willow,East,Terrace
2025-09-13,EWT-2,1.8146429900554457,0,Willow,East,Terrace
2025-09-14,EWT-2,2.126938893382789,0,Willow,East,Terrace
2025-09-15,EWT-2,2.058408808678535,0,Willow,East,Terrace
2025-09-16,EWT-2,2.0983768702023475,0,Willow,East,Terrace
2025-09-17,EWT-2,2.062812779084634,0,Willow,East,Terrace
2025-09-18,EWT-2,1.5711672482724435,0,Willow,East,Terrace
2025-09-19,EWT-2,1.2696343397159393,0.508,Willow,East,Terrace
2025-09-20,EWT-2,1.9904534572937274,0,Willow,East,Terrace
2025-09-21,EWT-2,1.399337116185876,0,Willow,East,Terrace
2025-09-22,EWT-2,1.8748397992256938,0,Willow,East,Terrace
2025-09-23,EWT-2,1.835108802257282,0,Willow,East,Terrace
2025-09-24,EWT-2,1.7704460578491423,0,Willow,East,Terrace
2025-09-25,EWT-2,1.3763203995799411,0,Willow,East,Terrace
2025-09-26,EWT-2,1.752879394497527,0,Willow,East,Terrace
2025-09-27,EWT-2,1.6094207464934276,0,Willow,East,Terrace
2025-09-28,EWT-2,1.7748061032297158,0,Willow,East,Terrace
2025-09-29,EWT-2,1.2316364972949605,0,Willow,East,Terrace
2025-09-30,EWT-2,1.2362165683361306,0.762,Willow,East,Terrace
2025-10-01,EWT-2,0.9351536917676994,3.302,Willow,East,Terrace
2025-10-02,EWT-2,0.7578062985878042,25.4,Willow,East,Terrace
2025-10-03,EWT-2,1.1967592471215613,0,Willow,East,Terrace
2025-10-04,EWT-2,1.443235637740504,0,Willow,East,Terrace
2025-10-05,EWT-2,1.3769196679338247,0,Willow,East,Terrace
2025-10-06,EWT-2,1.383745963440089,0,Willow,East,Terrace
2025-10-07,EWT-2,1.4179598423596604,0,Willow,East,Terrace
2025-10-08,EWT-2,1.385651816512286,0,Willow,East,Terrace
2025-10-09,EWT-2,1.4878518581426858,0,Willow,East,Terrace
2025-10-10,EWT-2,1.4243928720763734,0,Willow,East,Terrace
2025-10-11,EWT-2,1.1968196330453107,0.508,Willow,East,Terrace
2025-10-12,EWT-2,1.1909182059349657,0,Willow,East,Terrace
2025-10-13,EWT-2,0.7904381344232595,1.016,Willow,East,Terrace
2025-10-14,EWT-2,0.6704779934524072,9.398,Willow,East,Terrace
2025-10-15,EWT-2,0.6673210526045424,5.8420000000000005,Willow,East,Terrace
2025-10-16,EWT-2,1.1131077100267661,0,Willow,East,Terrace
2025-10-17,EWT-2,1.1482731160098867,0,Willow,East,Terrace
2025-10-18,EWT-2,1.2329090757671335,0,Willow,East,Terrace
2025-10-19,EWT-2,1.1811362001480785,0,Willow,East,Terrace
2025-10-20,EWT-2,1.278787266575285,0,Willow,East,Terrace
2025-10-21,EWT-2,1.1550018862871925,0,Willow,East,Terrace
2025-10-22,EWT-2,0.8769071277142441,0,Willow,East,Terrace
2025-10-23,EWT-2,1.0701156515464927,0,Willow,East,Terrace
2025-10-24,EWT-2,1.0236394530669748,0,Willow,East,Terrace
2025-10-25,EWT-2,0.7914792835631617,2.032,Willow,East,Terrace
2025-10-26,EWT-2,0.8026409270579952,7.366,Willow,East,Terrace
2025-10-27,EWT-2,0.9785496404422129,0,Willow,East,Terrace
2025-10-28,EWT-2,1.0079837737529984,0,Willow,East,Terrace
2025-10-29,EWT-2,1.022142128312817,0,Willow,East,Terrace
2025-10-30,EWT-2,1.0061322914519824,0,Willow,East,Terrace
2025-10-31,EWT-2,0.9835052097059181,0,Willow,East,Terrace
2025-11-01,EWT-2,1.156525926449422,0,Willow,East,Terrace
2025-11-02,EWT-2,1.2338543955590238,0,Willow,East,Terrace
2025-07-01,KEF-1,2.9298844836771787,0,Sedge,Kiln,Fan
2025-07-02,KEF-1,3.163974922681095,0,Sedge,Kiln,Fan
2025-07-03,KEF-1,3.0484742429513894,0,Sedge,Kiln,Fan
2025-07-04,KEF-1,3.0743880028060575,0,Sedge,Kiln,Fan
2025-07-05,KEF-1,3.1171634057106368,0,Sedge,Kiln,Fan
2025-07-06,KEF-1,3.277479375162318,0,Sedge,Kiln,Fan
2025-07-07,KEF-1,3.325709299027801,0,Sedge,Kiln,Fan
2025-07-08,KEF-1,3.3042299070262535,0,Sedge,Kiln,Fan
2025-07-09,KEF-1,3.217043671998223,0,Sedge,Kiln,Fan
2025-07-10,KEF-1,3.213624520064387,0,Sedge,Kiln,Fan
2025-07-11,KEF-1,3.2233124740411214,0,Sedge,Kiln,Fan
2025-07-12,KEF-1,3.2586211503094042,0,Sedge,Kiln,Fan
2025-07-13,KEF-1,3.440489187055324,0,Sedge,Kiln,Fan
2025-07-14,KEF-1,3.4067288133276965,0,Sedge,Kiln,Fan
2025-07-15,KEF-1,3.2622955575588435,0,Sedge,Kiln,Fan
2025-07-16,KEF-1,3.265276861173998,0,Sedge,Kiln,Fan
2025-07-17,KEF-1,3.2464094131479224,0,Sedge,Kiln,Fan
2025-07-18,KEF-1,3.2110461834716015,0,Sedge,Kiln,Fan
2025-07-19,KEF-1,3.217690915925365,0,Sedge,Kiln,Fan
2025-07-20,KEF-1,3.1638617986902076,0,Sedge,Kiln,Fan
2025-07-21,KEF-1,2.117209749603815,0,Sedge,Kiln,Fan
2025-07-22,KEF-1,2.05597709898987,0,Sedge,Kiln,Fan
2025-07-23,KEF-1,3.025413591738361,0,Sedge,Kiln,Fan
2025-07-24,KEF-1,2.6084923758838205,0,Sedge,Kiln,Fan
2025-07-25,KEF-1,2.2263823586326907,0,Sedge,Kiln,Fan
2025-07-26,KEF-1,2.0347220640268304,0,Sedge,Kiln,Fan
2025-07-27,KEF-1,2.7057156905531574,0,Sedge,Kiln,Fan
2025-07-28,KEF-1,3.0465404482644947,0,Sedge,Kiln,Fan
2025-07-29,KEF-1,3.0961902794817675,0,Sedge,Kiln,Fan
2025-07-30,KEF-1,2.824589630099571,0,Sedge,Kiln,Fan
2025-07-31,KEF-1,3.026157628100666,0,Sedge,Kiln,Fan
2025-08-01,KEF-1,2.951729708490146,0,Sedge,Kiln,Fan
2025-08-02,KEF-1,2.9569726370667406,0,Sedge,Kiln,Fan
2025-08-03,KEF-1,2.920441684625831,0,Sedge,Kiln,Fan
2025-08-04,KEF-1,2.9029560585262715,0,Sedge,Kiln,Fan
2025-08-05,KEF-1,2.8771367832237886,0,Sedge,Kiln,Fan
2025-08-06,KEF-1,2.7284813482130335,0,Sedge,Kiln,Fan
2025-08-07,KEF-1,2.933531897945285,0,Sedge,Kiln,Fan
2025-08-08,KEF-1,2.9704143535539167,0,Sedge,Kiln,Fan
2025-08-09,KEF-1,3.0363882292827697,0,Sedge,Kiln,Fan
2025-08-10,KEF-1,3.0741124810982416,0,Sedge,Kiln,Fan
2025-08-11,KEF-1,3.023949413950283,0,Sedge,Kiln,Fan
2025-08-12,KEF-1,3.0411813116931308,0,Sedge,Kiln,Fan
2025-08-13,KEF-1,2.782054943184827,0,Sedge,Kiln,Fan
2025-08-14,KEF-1,2.8600922014723293,0,Sedge,Kiln,Fan
2025-08-15,KEF-1,2.8285449513205774,0,Sedge,Kiln,Fan
2025-08-16,KEF-1,2.815869716793386,0,Sedge,Kiln,Fan
2025-08-17,KEF-1,2.7963849849992823,0,Sedge,Kiln,Fan
2025-08-18,KEF-1,2.890220266807531,0,Sedge,Kiln,Fan
2025-08-19,KEF-1,2.7690042523095375,0,Sedge,Kiln,Fan
2025-08-20,KEF-1,2.743095520661294,0,Sedge,Kiln,Fan
2025-08-21,KEF-1,2.794735574361436,0,Sedge,Kiln,Fan
2025-08-22,KEF-1,2.6357201849683025,0,Sedge,Kiln,Fan
2025-08-23,KEF-1,2.417043207603138,2.032,Sedge,Kiln,Fan
2025-08-24,KEF-1,1.7610186771088412,23.368,Sedge,Kiln,Fan
2025-08-25,KEF-1,1.56835381234,26.416,Sedge,Kiln,Fan
2025-08-26,KEF-1,1.8686015657678496,4.318,Sedge,Kiln,Fan
2025-08-27,KEF-1,1.9584233158090927,0,Sedge,Kiln,Fan
2025-08-28,KEF-1,2.164486888078823,0,Sedge,Kiln,Fan
2025-08-29,KEF-1,2.1919622594445154,0,Sedge,Kiln,Fan
2025-08-30,KEF-1,2.492742548921863,0,Sedge,Kiln,Fan
2025-08-31,KEF-1,2.559930405905932,0,Sedge,Kiln,Fan
2025-09-01,KEF-1,2.559236641332305,0,Sedge,Kiln,Fan
2025-09-02,KEF-1,1.6115632297249125,8.382,Sedge,Kiln,Fan
2025-09-03,KEF-1,2.059807695980489,0.254,Sedge,Kiln,Fan
2025-09-04,KEF-1,2.401600749644196,0,Sedge,Kiln,Fan
2025-09-05,KEF-1,2.4289731842879014,0,Sedge,Kiln,Fan
2025-09-06,KEF-1,2.3539016524466705,0,Sedge,Kiln,Fan
2025-09-07,KEF-1,2.1301844843685296,0,Sedge,Kiln,Fan
2025-09-08,KEF-1,2.3511712103714713,0,Sedge,Kiln,Fan
2025-09-09,KEF-1,1.8290380467188274,0,Sedge,Kiln,Fan
2025-09-10,KEF-1,1.6813800121268714,0,Sedge,Kiln,Fan
2025-09-11,KEF-1,1.6600569808666916,0.762,Sedge,Kiln,Fan
2025-09-12,KEF-1,1.7991978826459594,0,Sedge,Kiln,Fan
2025-09-13,KEF-1,1.7880600431130291,0,Sedge,Kiln,Fan
2025-09-14,KEF-1,2.0868932377471836,0,Sedge,Kiln,Fan
2025-09-15,KEF-1,2.0854880970569867,0,Sedge,Kiln,Fan
2025-09-16,KEF-1,2.0824349015828147,0,Sedge,Kiln,Fan
2025-09-17,KEF-1,2.0585939127706423,0,Sedge,Kiln,Fan
2025-09-18,KEF-1,1.5841096447293008,0,Sedge,Kiln,Fan
2025-09-19,KEF-1,1.2736208785628087,0.508,Sedge,Kiln,Fan
2025-09-20,KEF-1,1.9880439672417751,0,Sedge,Kiln,Fan
2025-09-21,KEF-1,1.588161979720137,0,Sedge,Kiln,Fan
2025-09-22,KEF-1,1.8971437877683668,0,Sedge,Kiln,Fan
2025-09-23,KEF-1,1.865154501533989,0,Sedge,Kiln,Fan
2025-09-24,KEF-1,1.7849018964770933,0,Sedge,Kiln,Fan
2025-09-25,KEF-1,1.353241980082108,0,Sedge,Kiln,Fan
2025-09-26,KEF-1,1.783456263246762,0,Sedge,Kiln,Fan
2025-09-27,KEF-1,1.6333598832698601,0,Sedge,Kiln,Fan
2025-09-28,KEF-1,1.7729086845451782,0,Sedge,Kiln,Fan
2025-09-29,KEF-1,1.193700205249802,0,Sedge,Kiln,Fan
2025-09-30,KEF-1,1.1757561470965228,0.762,Sedge,Kiln,Fan
2025-10-01,KEF-1,0.9361381590151875,3.302,Sedge,Kiln,Fan
2025-10-02,KEF-1,0.7387934919503283,25.4,Sedge,Kiln,Fan
2025-10-03,KEF-1,1.1745871940321921,0,Sedge,Kiln,Fan
2025-10-04,KEF-1,1.4402978939165603,0,Sedge,Kiln,Fan
2025-10-05,KEF-1,1.4099529713082073,0,Sedge,Kiln,Fan
2025-10-06,KEF-1,1.3936384925131005,0,Sedge,Kiln,Fan
2025-10-07,KEF-1,1.4154956169809858,0,Sedge,Kiln,Fan
2025-10-08,KEF-1,1.3836595774441878,0,Sedge,Kiln,Fan
2025-10-09,KEF-1,1.4742031992803055,0,Sedge,Kiln,Fan
2025-10-10,KEF-1,1.3859279338417492,0,Sedge,Kiln,Fan
2025-10-11,KEF-1,1.1816043973460364,0.508,Sedge,Kiln,Fan
2025-10-12,KEF-1,1.1957241939486045,0,Sedge,Kiln,Fan
2025-10-13,KEF-1,0.7150810699310631,1.016,Sedge,Kiln,Fan
2025-10-14,KEF-1,0.6846994960042097,9.398,Sedge,Kiln,Fan
2025-10-15,KEF-1,0.6737445261017262,5.8420000000000005,Sedge,Kiln,Fan
2025-10-16,KEF-1,1.1078591009606382,0,Sedge,Kiln,Fan
2025-10-17,KEF-1,1.1236324820297714,0,Sedge,Kiln,Fan
2025-10-18,KEF-1,1.2426442188129387,0,Sedge,Kiln,Fan
2025-10-19,KEF-1,1.184465817009593,0,Sedge,Kiln,Fan
2025-10-20,KEF-1,1.161979931590518,0,Sedge,Kiln,Fan
2025-10-21,KEF-1,1.1652494998979044,0,Sedge,Kiln,Fan
2025-10-22,KEF-1,0.8359581713789597,0,Sedge,Kiln,Fan
2025-10-23,KEF-1,1.0796343279794651,0,Sedge,Kiln,Fan
2025-10-24,KEF-1,1.0169497101268923,0,Sedge,Kiln,Fan
2025-10-25,KEF-1,0.747203081600143,2.032,Sedge,Kiln,Fan
2025-10-26,KEF-1,0.78442399746674,7.366,Sedge,Kiln,Fan
2025-10-27,KEF-1,0.9865829486727351,0,Sedge,Kiln,Fan
2025-10-28,KEF-1,0.9944551795164059,0,Sedge,Kiln,Fan
2025-10-29,KEF-1,1.0104463640423607,0,Sedge,Kiln,Fan
2025-10-30,KEF-1,0.991159875579722,0,Sedge,Kiln,Fan
2025-10-31,KEF-1,0.9597464838903662,0,Sedge,Kiln,Fan
2025-11-01,KEF-1,1.0321190112733865,0,Sedge,Kiln,Fan
2025-11-02,KEF-1,1.2477631833022709,0,Sedge,Kiln,Fan
2025-07-01,KER-1,2.9483541774053177,0,Sedge,Kiln,Riparian
2025-07-02,KER-1,3.1480098439171273,0,Sedge,Kiln,Riparian
2025-07-03,KER-1,3.0322048236812114,0,Sedge,Kiln,Riparian
2025-07-04,KER-1,3.047924444685166,0,Sedge,Kiln,Riparian
2025-07-05,KER-1,3.0976446945077347,0,Sedge,Kiln,Riparian
2025-07-06,KER-1,3.239628377835502,0,Sedge,Kiln,Riparian
2025-07-07,KER-1,3.3096701370406167,0,Sedge,Kiln,Riparian
2025-07-08,KER-1,3.329472345331501,0,Sedge,Kiln,Riparian
2025-07-09,KER-1,3.2521534695745333,0,Sedge,Kiln,Riparian
2025-07-10,KER-1,3.1488739697460235,0,Sedge,Kiln,Riparian
2025-07-11,KER-1,3.2028768729920434,0,Sedge,Kiln,Riparian
2025-07-12,KER-1,3.219680276991246,0,Sedge,Kiln,Riparian
2025-07-13,KER-1,3.4160293521861513,0,Sedge,Kiln,Riparian
2025-07-14,KER-1,3.3888992901357433,0,Sedge,Kiln,Riparian
2025-07-15,KER-1,3.3058996100424634,0,Sedge,Kiln,Riparian
2025-07-16,KER-1,3.2806657383413893,0,Sedge,Kiln,Riparian
2025-07-17,KER-1,3.2720449256892166,0,Sedge,Kiln,Riparian
2025-07-18,KER-1,3.2223714238762793,0,Sedge,Kiln,Riparian
2025-07-19,KER-1,3.225436140309643,0,Sedge,Kiln,Riparian
2025-07-20,KER-1,3.193853216000043,0,Sedge,Kiln,Riparian
2025-07-21,KER-1,2.1287247314530977,0,Sedge,Kiln,Riparian
2025-07-22,KER-1,2.085447959921424,0,Sedge,Kiln,Riparian
2025-07-23,KER-1,2.993952881537026,0,Sedge,Kiln,Riparian
2025-07-24,KER-1,2.6110151342286003,0,Sedge,Kiln,Riparian
2025-07-25,KER-1,2.25569037782386,0,Sedge,Kiln,Riparian
2025-07-26,KER-1,2.0565882340510027,0,Sedge,Kiln,Riparian
2025-07-27,KER-1,2.7282549988108578,0,Sedge,Kiln,Riparian
2025-07-28,KER-1,3.0834637044529063,0,Sedge,Kiln,Riparian
2025-07-29,KER-1,3.1133110931168084,0,Sedge,Kiln,Riparian
2025-07-30,KER-1,2.869858765357349,0,Sedge,Kiln,Riparian
2025-07-31,KER-1,3.0791380627718583,0,Sedge,Kiln,Riparian
2025-08-01,KER-1,2.991468092432491,0,Sedge,Kiln,Riparian
2025-08-02,KER-1,2.978858579644706,0,Sedge,Kiln,Riparian
2025-08-03,KER-1,2.9475591114331263,0,Sedge,Kiln,Riparian
2025-08-04,KER-1,2.924009216079373,0,Sedge,Kiln,Riparian
2025-08-05,KER-1,2.9164796708631013,0,Sedge,Kiln,Riparian
2025-08-06,KER-1,2.7642035775257803,0,Sedge,Kiln,Riparian
2025-08-07,KER-1,2.9569047725797115,0,Sedge,Kiln,Riparian
2025-08-08,KER-1,3.0042157414524038,0,Sedge,Kiln,Riparian
2025-08-09,KER-1,2.9996290821858578,0,Sedge,Kiln,Riparian
2025-08-10,KER-1,3.0713331065869567,0,Sedge,Kiln,Riparian
2025-08-11,KER-1,3.0176257636641894,0,Sedge,Kiln,Riparian
2025-08-12,KER-1,3.0442711799110524,0,Sedge,Kiln,Riparian
2025-08-13,KER-1,2.799927211801927,0,Sedge,Kiln,Riparian
2025-08-14,KER-1,2.878727433463917,0,Sedge,Kiln,Riparian
2025-08-15,KER-1,2.8531833905797623,0,Sedge,Kiln,Riparian
2025-08-16,KER-1,2.8476596586355525,0,Sedge,Kiln,Riparian
2025-08-17,KER-1,2.857964362174343,0,Sedge,Kiln,Riparian
2025-08-18,KER-1,2.876292975339513,0,Sedge,Kiln,Riparian
2025-08-19,KER-1,2.798293913569892,0,Sedge,Kiln,Riparian
2025-08-20,KER-1,2.775528470384766,0,Sedge,Kiln,Riparian
2025-08-21,KER-1,2.814896763808573,0,Sedge,Kiln,Riparian
2025-08-22,KER-1,2.68197939757239,0,Sedge,Kiln,Riparian
2025-08-23,KER-1,2.4737227035921068,2.032,Sedge,Kiln,Riparian
2025-08-24,KER-1,1.789058015463637,23.368,Sedge,Kiln,Riparian
2025-08-25,KER-1,1.6132545800385898,26.416,Sedge,Kiln,Riparian
2025-08-26,KER-1,1.9275079974905525,4.318,Sedge,Kiln,Riparian
2025-08-27,KER-1,2.008319566659817,0,Sedge,Kiln,Riparian
2025-08-28,KER-1,2.195723913870252,0,Sedge,Kiln,Riparian
2025-08-29,KER-1,2.217745319195272,0,Sedge,Kiln,Riparian
2025-08-30,KER-1,2.5119814747981017,0,Sedge,Kiln,Riparian
2025-08-31,KER-1,2.6038876283125756,0,Sedge,Kiln,Riparian
2025-09-01,KER-1,2.5972659904741158,0,Sedge,Kiln,Riparian
2025-09-02,KER-1,1.6291694614369643,8.382,Sedge,Kiln,Riparian
2025-09-03,KER-1,2.0896320214157096,0.254,Sedge,Kiln,Riparian
2025-09-04,KER-1,2.424038738718388,0,Sedge,Kiln,Riparian
2025-09-05,KER-1,2.4604114580088834,0,Sedge,Kiln,Riparian
2025-09-06,KER-1,2.3596694946787333,0,Sedge,Kiln,Riparian
2025-09-07,KER-1,2.1862347946180507,0,Sedge,Kiln,Riparian
2025-09-08,KER-1,2.3648145608112436,0,Sedge,Kiln,Riparian
2025-09-09,KER-1,1.8909865206861558,0,Sedge,Kiln,Riparian
2025-09-10,KER-1,1.7487912950862354,0,Sedge,Kiln,Riparian
2025-09-11,KER-1,1.6847207903972177,0.762,Sedge,Kiln,Riparian
2025-09-12,KER-1,1.8129921533863171,0,Sedge,Kiln,Riparian
2025-09-13,KER-1,1.8152599178805326,0,Sedge,Kiln,Riparian
2025-09-14,KER-1,2.1438016032681997,0,Sedge,Kiln,Riparian
2025-09-15,KER-1,2.1236121632873006,0,Sedge,Kiln,Riparian
2025-09-16,KER-1,2.1240570137842734,0,Sedge,Kiln,Riparian
2025-09-17,KER-1,2.076531334670314,0,Sedge,Kiln,Riparian
2025-09-18,KER-1,1.60792489403243,0,Sedge,Kiln,Riparian
2025-09-19,KER-1,1.280393308693453,0.508,Sedge,Kiln,Riparian
2025-09-20,KER-1,2.0188872195537573,0,Sedge,Kiln,Riparian
2025-09-21,KER-1,1.6732472768184403,0,Sedge,Kiln,Riparian
2025-09-22,KER-1,1.9209489591144553,0,Sedge,Kiln,Riparian
2025-09-23,KER-1,1.8587974440567867,0,Sedge,Kiln,Riparian
2025-09-24,KER-1,1.7783097275237765,0,Sedge,Kiln,Riparian
2025-09-25,KER-1,1.3981931185261387,0,Sedge,Kiln,Riparian
2025-09-26,KER-1,1.7885112174906552,0,Sedge,Kiln,Riparian
2025-09-27,KER-1,1.6347161151119292,0,Sedge,Kiln,Riparian
2025-09-28,KER-1,1.8066862943398716,0,Sedge,Kiln,Riparian
2025-09-29,KER-1,1.2360508922767064,0,Sedge,Kiln,Riparian
2025-09-30,KER-1,1.2146548728723439,0.762,Sedge,Kiln,Riparian
2025-10-01,KER-1,0.9529743254124124,3.302,Sedge,Kiln,Riparian
2025-10-02,KER-1,0.7430341384096103,25.4,Sedge,Kiln,Riparian
2025-10-03,KER-1,1.2608469406664862,0,Sedge,Kiln,Riparian
2025-10-04,KER-1,1.4557963634848783,0,Sedge,Kiln,Riparian
2025-10-05,KER-1,1.4262164589214987,0,Sedge,Kiln,Riparian
2025-10-06,KER-1,1.3978691833017698,0,Sedge,Kiln,Riparian
2025-10-07,KER-1,1.4429482044457131,0,Sedge,Kiln,Riparian
2025-10-08,KER-1,1.4204455695121163,0,Sedge,Kiln,Riparian
2025-10-09,KER-1,1.5039137033664403,0,Sedge,Kiln,Riparian
2025-10-10,KER-1,1.4230271617990542,0,Sedge,Kiln,Riparian
2025-10-11,KER-1,1.2425496161724447,0.508,Sedge,Kiln,Riparian
2025-10-12,KER-1,1.2298700252610097,0,Sedge,Kiln,Riparian
2025-10-13,KER-1,0.7359458933865604,1.016,Sedge,Kiln,Riparian
2025-10-14,KER-1,0.6853925481456337,9.398,Sedge,Kiln,Riparian
2025-10-15,KER-1,0.6789563695320734,5.8420000000000005,Sedge,Kiln,Riparian
2025-10-16,KER-1,1.1215065249032612,0,Sedge,Kiln,Riparian
2025-10-17,KER-1,1.1797484054576963,0,Sedge,Kiln,Riparian
2025-10-18,KER-1,1.2546693471437549,0,Sedge,Kiln,Riparian
2025-10-19,KER-1,1.2015391519774776,0,Sedge,Kiln,Riparian
2025-10-20,KER-1,1.140118241291743,0,Sedge,Kiln,Riparian
2025-10-21,KER-1,1.1847200621053975,0,Sedge,Kiln,Riparian
2025-10-22,KER-1,0.8658493537623071,0,Sedge,Kiln,Riparian
2025-10-23,KER-1,1.10179850175692,0,Sedge,Kiln,Riparian
2025-10-24,KER-1,1.0528309123679453,0,Sedge,Kiln,Riparian
2025-10-25,KER-1,0.7742368075231029,2.032,Sedge,Kiln,Riparian
2025-10-26,KER-1,0.808891080979837,7.366,Sedge,Kiln,Riparian
2025-10-27,KER-1,1.0081633744282554,0,Sedge,Kiln,Riparian
2025-10-28,KER-1,1.0241437135233056,0,Sedge,Kiln,Riparian
2025-10-29,KER-1,1.0361017146998772,0,Sedge,Kiln,Riparian
2025-10-30,KER-1,1.021525656322537,0,Sedge,Kiln,Riparian
2025-10-31,KER-1,0.9830681951962095,0,Sedge,Kiln,Riparian
2025-11-01,KER-1,0.9816930245254477,0,Sedge,Kiln,Riparian
2025-11-02,KER-1,1.2352740674349592,0,Sedge,Kiln,Riparian
2025-07-01,KET-1,2.9610767200614903,0,Sedge,Kiln,Terrace
2025-07-02,KET-1,3.171879784412338,0,Sedge,Kiln,Terrace
2025-07-03,KET-1,2.9994997373578713,0,Sedge,Kiln,Terrace
2025-07-04,KET-1,3.0140149949423254,0,Sedge,Kiln,Terrace
2025-07-05,KET-1,3.1208144286607955,0,Sedge,Kiln,Terrace
2025-07-06,KET-1,3.28981953686153,0,Sedge,Kiln,Terrace
2025-07-07,KET-1,3.351473231630823,0,Sedge,Kiln,Terrace
2025-07-08,KET-1,3.289795385064878,0,Sedge,Kiln,Terrace
2025-07-09,KET-1,3.2366375202626747,0,Sedge,Kiln,Terrace
2025-07-10,KET-1,3.2726837411980014,0,Sedge,Kiln,Terrace
2025-07-11,KET-1,3.264306905635772,0,Sedge,Kiln,Terrace
2025-07-12,KET-1,3.300378959511379,0,Sedge,Kiln,Terrace
2025-07-13,KET-1,3.4575559970460152,0,Sedge,Kiln,Terrace
2025-07-14,KET-1,3.410022441479883,0,Sedge,Kiln,Terrace
2025-07-15,KET-1,3.3024468441156793,0,Sedge,Kiln,Terrace
2025-07-16,KET-1,3.2615992955988693,0,Sedge,Kiln,Terrace
2025-07-17,KET-1,3.2628065143674427,0,Sedge,Kiln,Terrace
2025-07-18,KET-1,3.1919743235843208,0,Sedge,Kiln,Terrace
2025-07-19,KET-1,3.231855994829398,0,Sedge,Kiln,Terrace
2025-07-20,KET-1,3.2310736434501854,0,Sedge,Kiln,Terrace
2025-07-21,KET-1,2.1066119362290965,0,Sedge,Kiln,Terrace
2025-07-22,KET-1,2.09457554333227,0,Sedge,Kiln,Terrace
2025-07-23,KET-1,3.0343082326249635,0,Sedge,Kiln,Terrace
2025-07-24,KET-1,2.642595650589846,0,Sedge,Kiln,Terrace
2025-07-25,KET-1,2.319225082262963,0,Sedge,Kiln,Terrace
2025-07-26,KET-1,2.0753335284883883,0,Sedge,Kiln,Terrace
2025-07-27,KET-1,2.7013154525208223,0,Sedge,Kiln,Terrace
2025-07-28,KET-1,3.0929658341071082,0,Sedge,Kiln,Terrace
2025-07-29,KET-1,3.1345509605315387,0,Sedge,Kiln,Terrace
2025-07-30,KET-1,2.8554652725576095,0,Sedge,Kiln,Terrace
2025-07-31,KET-1,3.0609440500966087,0,Sedge,Kiln,Terrace
2025-08-01,KET-1,2.9970892741939745,0,Sedge,Kiln,Terrace
2025-08-02,KET-1,2.943279070613537,0,Sedge,Kiln,Terrace
2025-08-03,KET-1,2.8894248320194604,0,Sedge,Kiln,Terrace
2025-08-04,KET-1,2.9224465322667537,0,Sedge,Kiln,Terrace
2025-08-05,KET-1,2.8951182860277895,0,Sedge,Kiln,Terrace
2025-08-06,KET-1,2.7560689560325464,0,Sedge,Kiln,Terrace
2025-08-07,KET-1,2.949459288914592,0,Sedge,Kiln,Terrace
2025-08-08,KET-1,3.025030447650751,0,Sedge,Kiln,Terrace
2025-08-09,KET-1,3.130318384770742,0,Sedge,Kiln,Terrace
2025-08-10,KET-1,3.1254891066987462,0,Sedge,Kiln,Terrace
2025-08-11,KET-1,3.0722080964251925,0,Sedge,Kiln,Terrace
2025-08-12,KET-1,3.075341509337234,0,Sedge,Kiln,Terrace
2025-08-13,KET-1,2.7903105821046528,0,Sedge,Kiln,Terrace
2025-08-14,KET-1,2.8454259898696854,0,Sedge,Kiln,Terrace
2025-08-15,KET-1,2.8658234362916377,0,Sedge,Kiln,Terrace
2025-08-16,KET-1,2.864485433432749,0,Sedge,Kiln,Terrace
2025-08-17,KET-1,2.835069523496334,0,Sedge,Kiln,Terrace
2025-08-18,KET-1,2.8590266075690933,0,Sedge,Kiln,Terrace
2025-08-19,KET-1,2.7823096913860836,0,Sedge,Kiln,Terrace
2025-08-20,KET-1,2.765008919192623,0,Sedge,Kiln,Terrace
2025-08-21,KET-1,2.8291565604800026,0,Sedge,Kiln,Terrace
2025-08-22,KET-1,2.664434747334282,0,Sedge,Kiln,Terrace
2025-08-23,KET-1,2.489645732002838,2.032,Sedge,Kiln,Terrace
2025-08-24,KET-1,1.8338071233059372,23.368,Sedge,Kiln,Terrace
2025-08-25,KET-1,1.6398751685037134,26.416,Sedge,Kiln,Terrace
2025-08-26,KET-1,1.9595004105419636,4.318,Sedge,Kiln,Terrace
2025-08-27,KET-1,2.0146536174771494,0,Sedge,Kiln,Terrace
2025-08-28,KET-1,2.2330005881308645,0,Sedge,Kiln,Terrace
2025-08-29,KET-1,2.2335549004349415,0,Sedge,Kiln,Terrace
2025-08-30,KET-1,2.5612820595786667,0,Sedge,Kiln,Terrace
2025-08-31,KET-1,2.5938212583899514,0,Sedge,Kiln,Terrace
2025-09-01,KET-1,2.600046454746414,0,Sedge,Kiln,Terrace
2025-09-02,KET-1,1.6935291210996015,8.382,Sedge,Kiln,Terrace
2025-09-03,KET-1,2.1194045185389423,0.254,Sedge,Kiln,Terrace
2025-09-04,KET-1,2.451219079827884,0,Sedge,Kiln,Terrace
2025-09-05,KET-1,2.4684277851610195,0,Sedge,Kiln,Terrace
2025-09-06,KET-1,2.3741802686291797,0,Sedge,Kiln,Terrace
2025-09-07,KET-1,2.1511607778591344,0,Sedge,Kiln,Terrace
2025-09-08,KET-1,2.337277611927279,0,Sedge,Kiln,Terrace
2025-09-09,KET-1,1.8844319927678614,0,Sedge,Kiln,Terrace
2025-09-10,KET-1,1.7337377827719953,0,Sedge,Kiln,Terrace
2025-09-11,KET-1,1.6671736184062855,0.762,Sedge,Kiln,Terrace
2025-09-12,KET-1,1.8929945407344342,0,Sedge,Kiln,Terrace
2025-09-13,KET-1,1.860138009529761,0,Sedge,Kiln,Terrace
2025-09-14,KET-1,2.113123328770016,0,Sedge,Kiln,Terrace
2025-09-15,KET-1,2.1201936872759672,0,Sedge,Kiln,Terrace
2025-09-16,KET-1,2.1292515701619195,0,Sedge,Kiln,Terrace
2025-09-17,KET-1,2.1057553101239566,0,Sedge,Kiln,Terrace
2025-09-18,KET-1,1.6495222513531058,0,Sedge,Kiln,Terrace
2025-09-19,KET-1,1.3295594856331636,0.508,Sedge,Kiln,Terrace
2025-09-20,KET-1,1.987089922681487,0,Sedge,Kiln,Terrace
2025-09-21,KET-1,1.6079228214149313,0,Sedge,Kiln,Terrace
2025-09-22,KET-1,1.945870196277818,0,Sedge,Kiln,Terrace
2025-09-23,KET-1,1.8946541401833252,0,Sedge,Kiln,Terrace
2025-09-24,KET-1,1.8416166401216845,0,Sedge,Kiln,Terrace
2025-09-25,KET-1,1.4326390726246676,0,Sedge,Kiln,Terrace
2025-09-26,KET-1,1.80088386496876,0,Sedge,Kiln,Terrace
2025-09-27,KET-1,1.6703404460844387,0,Sedge,Kiln,Terrace
2025-09-28,KET-1,1.8007369559483846,0,Sedge,Kiln,Terrace
2025-09-29,KET-1,1.2399553839379787,0,Sedge,Kiln,Terrace
2025-09-30,KET-1,1.214231028381222,0.762,Sedge,Kiln,Terrace
2025-10-01,KET-1,0.9545321473418468,3.302,Sedge,Kiln,Terrace
2025-10-02,KET-1,0.7431878639198378,25.4,Sedge,Kiln,Terrace
2025-10-03,KET-1,1.2203859297216084,0,Sedge,Kiln,Terrace
2025-10-04,KET-1,1.4578395422311679,0,Sedge,Kiln,Terrace
2025-10-05,KET-1,1.445549122217219,0,Sedge,Kiln,Terrace
2025-10-06,KET-1,1.4334242483318438,0,Sedge,Kiln,Terrace
2025-10-07,KET-1,1.4731734031639485,0,Sedge,Kiln,Terrace
2025-10-08,KET-1,1.4258981623312665,0,Sedge,Kiln,Terrace
2025-10-09,KET-1,1.5002344516070665,0,Sedge,Kiln,Terrace
2025-10-10,KET-1,1.4037918486871788,0,Sedge,Kiln,Terrace
2025-10-11,KET-1,1.2243170698515717,0.508,Sedge,Kiln,Terrace
2025-10-12,KET-1,1.2017459441722738,0,Sedge,Kiln,Terrace
2025-10-13,KET-1,0.716481123848621,1.016,Sedge,Kiln,Terrace
2025-10-14,KET-1,0.7047242536418031,9.398,Sedge,Kiln,Terrace
2025-10-15,KET-1,0.7867511415365184,5.8420000000000005,Sedge,Kiln,Terrace
2025-10-16,KET-1,1.1466961372431232,0,Sedge,Kiln,Terrace
2025-10-17,KET-1,1.1993131218726225,0,Sedge,Kiln,Terrace
2025-10-18,KET-1,1.2720514950745454,0,Sedge,Kiln,Terrace
2025-10-19,KET-1,1.2071291054012812,0,Sedge,Kiln,Terrace
2025-10-20,KET-1,1.155296603444722,0,Sedge,Kiln,Terrace
2025-10-21,KET-1,1.172626915770326,0,Sedge,Kiln,Terrace
2025-10-22,KET-1,0.9007177148732749,0,Sedge,Kiln,Terrace
2025-10-23,KET-1,1.115133993601775,0,Sedge,Kiln,Terrace
2025-10-24,KET-1,1.0493509494151532,0,Sedge,Kiln,Terrace
2025-10-25,KET-1,0.7881131750992632,2.032,Sedge,Kiln,Terrace
2025-10-26,KET-1,0.8031892639310558,7.366,Sedge,Kiln,Terrace
2025-10-27,KET-1,1.0052994589043835,0,Sedge,Kiln,Terrace
2025-10-28,KET-1,1.043316319797454,0,Sedge,Kiln,Terrace
2025-10-29,KET-1,1.05280544843458,0,Sedge,Kiln,Terrace
2025-10-30,KET-1,1.0249894381222384,0,Sedge,Kiln,Terrace
2025-10-31,KET-1,1.002066780056227,0,Sedge,Kiln,Terrace
2025-11-01,KET-1,1.0049671753071432,0,Sedge,Kiln,Terrace
2025-11-02,KET-1,1.249739928475269,0,Sedge,Kiln,Terrace
2025-07-01,KHF-1,2.9541161694365408,0,Herbaceous,Kiln,Fan
2025-07-02,KHF-1,3.189754387665966,0,Herbaceous,Kiln,Fan
2025-07-03,KHF-1,3.0346571212879354,0,Herbaceous,Kiln,Fan
2025-07-04,KHF-1,3.070572836135297,0,Herbaceous,Kiln,Fan
2025-07-05,KHF-1,3.1359816547327637,0,Herbaceous,Kiln,Fan
2025-07-06,KHF-1,3.2796514605733638,0,Herbaceous,Kiln,Fan
2025-07-07,KHF-1,3.3973454561526126,0,Herbaceous,Kiln,Fan
2025-07-08,KHF-1,3.287037256138826,0,Herbaceous,Kiln,Fan
2025-07-09,KHF-1,3.2637941736378977,0,Herbaceous,Kiln,Fan
2025-07-10,KHF-1,3.2949011567243667,0,Herbaceous,Kiln,Fan
2025-07-11,KHF-1,3.276593544621992,0,Herbaceous,Kiln,Fan
2025-07-12,KHF-1,3.3054919018597877,0,Herbaceous,Kiln,Fan
2025-07-13,KHF-1,3.4517271151186626,0,Herbaceous,Kiln,Fan
2025-07-14,KHF-1,3.4108156274805443,0,Herbaceous,Kiln,Fan
2025-07-15,KHF-1,3.314732793239556,0,Herbaceous,Kiln,Fan
2025-07-16,KHF-1,3.273069461624886,0,Herbaceous,Kiln,Fan
2025-07-17,KHF-1,3.2855270388678877,0,Herbaceous,Kiln,Fan
2025-07-18,KHF-1,3.251071916048726,0,Herbaceous,Kiln,Fan
2025-07-19,KHF-1,3.2706894405564797,0,Herbaceous,Kiln,Fan
2025-07-20,KHF-1,3.2423793870458684,0,Herbaceous,Kiln,Fan
2025-07-21,KHF-1,2.1276892207263027,0,Herbaceous,Kiln,Fan
2025-07-22,KHF-1,2.068713148997857,0,Herbaceous,Kiln,Fan
2025-07-23,KHF-1,3.109622872688075,0,Herbaceous,Kiln,Fan
2025-07-24,KHF-1,2.653075889810663,0,Herbaceous,Kiln,Fan
2025-07-25,KHF-1,2.264239176916592,0,Herbaceous,Kiln,Fan
2025-07-26,KHF-1,2.0143988155811106,0,Herbaceous,Kiln,Fan
2025-07-27,KHF-1,2.7859815953081872,0,Herbaceous,Kiln,Fan
2025-07-28,KHF-1,3.0713614472684796,0,Herbaceous,Kiln,Fan
2025-07-29,KHF-1,3.1363893961549287,0,Herbaceous,Kiln,Fan
2025-07-30,KHF-1,2.832176425140925,0,Herbaceous,Kiln,Fan
2025-07-31,KHF-1,3.0372351265111504,0,Herbaceous,Kiln,Fan
2025-08-01,KHF-1,2.9563674547276926,0,Herbaceous,Kiln,Fan
2025-08-02,KHF-1,2.9861023362501427,0,Herbaceous,Kiln,Fan
2025-08-03,KHF-1,2.9016247880424872,0,Herbaceous,Kiln,Fan
2025-08-04,KHF-1,2.920929837714727,0,Herbaceous,Kiln,Fan
2025-08-05,KHF-1,2.921464422374011,0,Herbaceous,Kiln,Fan
2025-08-06,KHF-1,2.7712091827966265,0,Herbaceous,Kiln,Fan
2025-08-07,KHF-1,2.9310286047673832,0,Herbaceous,Kiln,Fan
2025-08-08,KHF-1,3.021873979903294,0,Herbaceous,Kiln,Fan
2025-08-09,KHF-1,3.063856776560826,0,Herbaceous,Kiln,Fan
2025-08-10,KHF-1,3.1082610539309847,0,Herbaceous,Kiln,Fan
2025-08-11,KHF-1,3.0532648703823346,0,Herbaceous,Kiln,Fan
2025-08-12,KHF-1,3.0538483143975763,0,Herbaceous,Kiln,Fan
2025-08-13,KHF-1,2.8388617194255725,0,Herbaceous,Kiln,Fan
2025-08-14,KHF-1,2.829919448662091,0,Herbaceous,Kiln,Fan
2025-08-15,KHF-1,2.8248327809440688,0,Herbaceous,Kiln,Fan
2025-08-16,KHF-1,2.8549328184353207,0,Herbaceous,Kiln,Fan
2025-08-17,KHF-1,2.866105945721367,0,Herbaceous,Kiln,Fan
2025-08-18,KHF-1,2.895910562689689,0,Herbaceous,Kiln,Fan
2025-08-19,KHF-1,2.756255610234911,0,Herbaceous,Kiln,Fan
2025-08-20,KHF-1,2.7333222449964136,0,Herbaceous,Kiln,Fan
2025-08-21,KHF-1,2.8313078230161906,0,Herbaceous,Kiln,Fan
2025-08-22,KHF-1,2.664166169485533,0,Herbaceous,Kiln,Fan
2025-08-23,KHF-1,2.4334739380749406,2.032,Herbaceous,Kiln,Fan
2025-08-24,KHF-1,1.7998384972205177,23.368,Herbaceous,Kiln,Fan
2025-08-25,KHF-1,1.501835241560886,26.416,Herbaceous,Kiln,Fan
2025-08-26,KHF-1,1.8951756653545877,4.318,Herbaceous,Kiln,Fan
2025-08-27,KHF-1,1.9666407210499326,0,Herbaceous,Kiln,Fan
2025-08-28,KHF-1,2.2162235796888834,0,Herbaceous,Kiln,Fan
2025-08-29,KHF-1,2.2108200004792584,0,Herbaceous,Kiln,Fan
2025-08-30,KHF-1,2.4569729068879123,0,Herbaceous,Kiln,Fan
2025-08-31,KHF-1,2.550557836769533,0,Herbaceous,Kiln,Fan
2025-09-01,KHF-1,2.5865173536494805,0,Herbaceous,Kiln,Fan
2025-09-02,KHF-1,1.6497921359340153,8.382,Herbaceous,Kiln,Fan
2025-09-03,KHF-1,2.110603096805681,0.254,Herbaceous,Kiln,Fan
2025-09-04,KHF-1,2.4044418412124355,0,Herbaceous,Kiln,Fan
2025-09-05,KHF-1,2.4563867305693785,0,Herbaceous,Kiln,Fan
2025-09-06,KHF-1,2.341641281961752,0,Herbaceous,Kiln,Fan
2025-09-07,KHF-1,2.123633450378776,0,Herbaceous,Kiln,Fan
2025-09-08,KHF-1,2.3397315635647535,0,Herbaceous,Kiln,Fan
2025-09-09,KHF-1,1.8515203798459203,0,Herbaceous,Kiln,Fan
2025-09-10,KHF-1,1.6655126203788482,0,Herbaceous,Kiln,Fan
2025-09-11,KHF-1,1.6487206414803557,0.762,Herbaceous,Kiln,Fan
2025-09-12,KHF-1,1.8670774487198525,0,Herbaceous,Kiln,Fan
2025-09-13,KHF-1,1.833719032046149,0,Herbaceous,Kiln,Fan
2025-09-14,KHF-1,2.119253823312858,0,Herbaceous,Kiln,Fan
2025-09-15,KHF-1,2.102210251934371,0,Herbaceous,Kiln,Fan
2025-09-16,KHF-1,2.1036797495058934,0,Herbaceous,Kiln,Fan
2025-09-17,KHF-1,2.087369400714895,0,Herbaceous,Kiln,Fan
2025-09-18,KHF-1,1.6004347670084846,0,Herbaceous,Kiln,Fan
2025-09-19,KHF-1,1.2600534911139627,0.508,Herbaceous,Kiln,Fan
2025-09-20,KHF-1,1.9903108484539727,0,Herbaceous,Kiln,Fan
2025-09-21,KHF-1,1.56243546819415,0,Herbaceous,Kiln,Fan
2025-09-22,KHF-1,1.9367189888364345,0,Herbaceous,Kiln,Fan
2025-09-23,KHF-1,1.8752555963616737,0,Herbaceous,Kiln,Fan
2025-09-24,KHF-1,1.8183875119660267,0,Herbaceous,Kiln,Fan
2025-09-25,KHF-1,1.397872220332204,0,Herbaceous,Kiln,Fan
2025-09-26,KHF-1,1.8116569004146834,0,Herbaceous,Kiln,Fan
2025-09-27,KHF-1,1.6414936769719344,0,Herbaceous,Kiln,Fan
2025-09-28,KHF-1,1.7980134056205856,0,Herbaceous,Kiln,Fan
2025-09-29,KHF-1,1.1920883436051495,0,Herbaceous,Kiln,Fan
2025-09-30,KHF-1,1.1909925499328755,0.762,Herbaceous,Kiln,Fan
2025-10-01,KHF-1,0.9359777860851348,3.302,Herbaceous,Kiln,Fan
2025-10-02,KHF-1,0.7358792550268881,25.4,Herbaceous,Kiln,Fan
2025-10-03,KHF-1,1.1975002935417576,0,Herbaceous,Kiln,Fan
2025-10-04,KHF-1,1.4674003404948308,0,Herbaceous,Kiln,Fan
2025-10-05,KHF-1,1.4547134564928983,0,Herbaceous,Kiln,Fan
2025-10-06,KHF-1,1.4356325097584939,0,Herbaceous,Kiln,Fan
2025-10-07,KHF-1,1.440198612810259,0,Herbaceous,Kiln,Fan
2025-10-08,KHF-1,1.3773471393052255,0,Herbaceous,Kiln,Fan
2025-10-09,KHF-1,1.480883424814355,0,Herbaceous,Kiln,Fan
2025-10-10,KHF-1,1.3950695192152651,0,Herbaceous,Kiln,Fan
2025-10-11,KHF-1,1.1700081058490346,0.508,Herbaceous,Kiln,Fan
2025-10-12,KHF-1,1.19943851584059,0,Herbaceous,Kiln,Fan
2025-10-13,KHF-1,0.7158159750926661,1.016,Herbaceous,Kiln,Fan
2025-10-14,KHF-1,0.6851157055311993,9.398,Herbaceous,Kiln,Fan
2025-10-15,KHF-1,0.7082422178641253,5.8420000000000005,Herbaceous,Kiln,Fan
2025-10-16,KHF-1,1.1398373881080939,0,Herbaceous,Kiln,Fan
2025-10-17,KHF-1,1.1751891143224205,0,Herbaceous,Kiln,Fan
2025-10-18,KHF-1,1.2424387281471967,0,Herbaceous,Kiln,Fan
2025-10-19,KHF-1,1.1761946545496438,0,Herbaceous,Kiln,Fan
2025-10-20,KHF-1,1.1673880241757917,0,Herbaceous,Kiln,Fan
2025-10-21,KHF-1,1.147100370795564,0,Herbaceous,Kiln,Fan
2025-10-22,KHF-1,0.8260533037904927,0,Herbaceous,Kiln,Fan
2025-10-23,KHF-1,1.0903572100521326,0,Herbaceous,Kiln,Fan
2025-10-24,KHF-1,1.0013795554342815,0,Herbaceous,Kiln,Fan
2025-10-25,KHF-1,0.749726625417965,2.032,Herbaceous,Kiln,Fan
2025-10-26,KHF-1,0.7905002111162873,7.366,Herbaceous,Kiln,Fan
2025-10-27,KHF-1,0.9631617480218907,0,Herbaceous,Kiln,Fan
2025-10-28,KHF-1,1.0045010854150984,0,Herbaceous,Kiln,Fan
2025-10-29,KHF-1,1.004825956471291,0,Herbaceous,Kiln,Fan
2025-10-30,KHF-1,0.9653186302391159,0,Herbaceous,Kiln,Fan
2025-10-31,KHF-1,0.9556719564696752,0,Herbaceous,Kiln,Fan
2025-11-01,KHF-1,1.0420157610003677,0,Herbaceous,Kiln,Fan
2025-11-02,KHF-1,1.248423306128204,0,Herbaceous,Kiln,Fan
2025-07-01,KHR-1,2.891307145532967,0,Herbaceous,Kiln,Riparian
2025-07-02,KHR-1,3.1330955314934137,0,Herbaceous,Kiln,Riparian
2025-07-03,KHR-1,2.9321417678933543,0,Herbaceous,Kiln,Riparian
2025-07-04,KHR-1,2.9515643441089927,0,Herbaceous,Kiln,Riparian
2025-07-05,KHR-1,3.103983610584018,0,Herbaceous,Kiln,Riparian
2025-07-06,KHR-1,3.2675660475511688,0,Herbaceous,Kiln,Riparian
2025-07-07,KHR-1,3.310116055214965,0,Herbaceous,Kiln,Riparian
2025-07-08,KHR-1,3.2176288132631554,0,Herbaceous,Kiln,Riparian
2025-07-09,KHR-1,3.2102841785764804,0,Herbaceous,Kiln,Riparian
2025-07-10,KHR-1,3.1949615186274793,0,Herbaceous,Kiln,Riparian
2025-07-11,KHR-1,3.243682698618867,0,Herbaceous,Kiln,Riparian
2025-07-12,KHR-1,3.288085336916506,0,Herbaceous,Kiln,Riparian
2025-07-13,KHR-1,3.4261926321771976,0,Herbaceous,Kiln,Riparian
2025-07-14,KHR-1,3.3284047666216203,0,Herbaceous,Kiln,Riparian
2025-07-15,KHR-1,3.2312145844160383,0,Herbaceous,Kiln,Riparian
2025-07-16,KHR-1,3.1731379771899286,0,Herbaceous,Kiln,Riparian
2025-07-17,KHR-1,3.211307023660221,0,Herbaceous,Kiln,Riparian
2025-07-18,KHR-1,3.1402488902084604,0,Herbaceous,Kiln,Riparian
2025-07-19,KHR-1,3.1681509109660433,0,Herbaceous,Kiln,Riparian
2025-07-20,KHR-1,3.1330647171346038,0,Herbaceous,Kiln,Riparian
2025-07-21,KHR-1,2.0617505837287644,0,Herbaceous,Kiln,Riparian
2025-07-22,KHR-1,2.016087772481713,0,Herbaceous,Kiln,Riparian
2025-07-23,KHR-1,3.005026856847941,0,Herbaceous,Kiln,Riparian
2025-07-24,KHR-1,2.5862860425101912,0,Herbaceous,Kiln,Riparian
2025-07-25,KHR-1,2.2341799257089856,0,Herbaceous,Kiln,Riparian
2025-07-26,KHR-1,2.023350313691068,0,Herbaceous,Kiln,Riparian
2025-07-27,KHR-1,2.6409145404504932,0,Herbaceous,Kiln,Riparian
2025-07-28,KHR-1,3.017832539967586,0,Herbaceous,Kiln,Riparian
2025-07-29,KHR-1,3.0875025379105323,0,Herbaceous,Kiln,Riparian
2025-07-30,KHR-1,2.7991703538533,0,Herbaceous,Kiln,Riparian
2025-07-31,KHR-1,3.014146743361182,0,Herbaceous,Kiln,Riparian
2025-08-01,KHR-1,2.9141546933524394,0,Herbaceous,Kiln,Riparian
2025-08-02,KHR-1,2.9103066322478797,0,Herbaceous,Kiln,Riparian
2025-08-03,KHR-1,2.8253719912382014,0,Herbaceous,Kiln,Riparian
2025-08-04,KHR-1,2.8367282976725314,0,Herbaceous,Kiln,Riparian
2025-08-05,KHR-1,2.8435021100709275,0,Herbaceous,Kiln,Riparian
2025-08-06,KHR-1,2.706670837424112,0,Herbaceous,Kiln,Riparian
2025-08-07,KHR-1,2.8537367377261935,0,Herbaceous,Kiln,Riparian
2025-08-08,KHR-1,2.9628038317648286,0,Herbaceous,Kiln,Riparian
2025-08-09,KHR-1,3.048900333944379,0,Herbaceous,Kiln,Riparian
2025-08-10,KHR-1,3.0705855534173736,0,Herbaceous,Kiln,Riparian
2025-08-11,KHR-1,3.027689714035062,0,Herbaceous,Kiln,Riparian
2025-08-12,KHR-1,3.0248063900665367,0,Herbaceous,Kiln,Riparian
2025-08-13,KHR-1,2.760469161490278,0,Herbaceous,Kiln,Riparian
2025-08-14,KHR-1,2.7880559652035157,0,Herbaceous,Kiln,Riparian
2025-08-15,KHR-1,2.8023377580300846,0,Herbaceous,Kiln,Riparian
2025-08-16,KHR-1,2.80070105012868,0,Herbaceous,Kiln,Riparian
2025-08-17,KHR-1,2.8058662805337535,0,Herbaceous,Kiln,Riparian
2025-08-18,KHR-1,2.802022888593206,0,Herbaceous,Kiln,Riparian
2025-08-19,KHR-1,2.7209333111782845,0,Herbaceous,Kiln,Riparian
2025-08-20,KHR-1,2.7242323321833717,0,Herbaceous,Kiln,Riparian
2025-08-21,KHR-1,2.775087682636902,0,Herbaceous,Kiln,Riparian
2025-08-22,KHR-1,2.6307143214487594,0,Herbaceous,Kiln,Riparian
2025-08-23,KHR-1,2.41590113470004,2.032,Herbaceous,Kiln,Riparian
2025-08-24,KHR-1,1.7748058370923336,23.368,Herbaceous,Kiln,Riparian
2025-08-25,KHR-1,1.5915707287192122,26.416,Herbaceous,Kiln,Riparian
2025-08-26,KHR-1,1.9016717367177127,4.318,Herbaceous,Kiln,Riparian
2025-08-27,KHR-1,1.9649243632593019,0,Herbaceous,Kiln,Riparian
2025-08-28,KHR-1,2.207284679649151,0,Herbaceous,Kiln,Riparian
2025-08-29,KHR-1,2.178356613228078,0,Herbaceous,Kiln,Riparian
2025-08-30,KHR-1,2.4673937517919744,0,Herbaceous,Kiln,Riparian
2025-08-31,KHR-1,2.537118430342531,0,Herbaceous,Kiln,Riparian
2025-09-01,KHR-1,2.554037469675994,0,Herbaceous,Kiln,Riparian
2025-09-02,KHR-1,1.6230961099553387,8.382,Herbaceous,Kiln,Riparian
2025-09-03,KHR-1,2.1008210581427966,0.254,Herbaceous,Kiln,Riparian
2025-09-04,KHR-1,2.4030242173982592,0,Herbaceous,Kiln,Riparian
2025-09-05,KHR-1,2.4498067256282665,0,Herbaceous,Kiln,Riparian
2025-09-06,KHR-1,2.3362714408952745,0,Herbaceous,Kiln,Riparian
2025-09-07,KHR-1,2.100806826089232,0,Herbaceous,Kiln,Riparian
2025-09-08,KHR-1,2.3138962487495784,0,Herbaceous,Kiln,Riparian
2025-09-09,KHR-1,1.866713912169837,0,Herbaceous,Kiln,Riparian
2025-09-10,KHR-1,1.665812323547951,0,Herbaceous,Kiln,Riparian
2025-09-11,KHR-1,1.604088064669587,0.762,Herbaceous,Kiln,Riparian
2025-09-12,KHR-1,1.8448183441289605,0,Herbaceous,Kiln,Riparian
2025-09-13,KHR-1,1.8424890054512884,0,Herbaceous,Kiln,Riparian
2025-09-14,KHR-1,2.088841768007081,0,Herbaceous,Kiln,Riparian
2025-09-15,KHR-1,2.0809618367000047,0,Herbaceous,Kiln,Riparian
2025-09-16,KHR-1,2.0810152108449755,0,Herbaceous,Kiln,Riparian
2025-09-17,KHR-1,2.0810677690277335,0,Herbaceous,Kiln,Riparian
2025-09-18,KHR-1,1.6049239829771864,0,Herbaceous,Kiln,Riparian
2025-09-19,KHR-1,1.2627050165860279,0.508,Herbaceous,Kiln,Riparian
2025-09-20,KHR-1,1.9499560930689035,0,Herbaceous,Kiln,Riparian
2025-09-21,KHR-1,1.57781753505732,0,Herbaceous,Kiln,Riparian
2025-09-22,KHR-1,1.9209781442764646,0,Herbaceous,Kiln,Riparian
2025-09-23,KHR-1,1.8808158813866356,0,Herbaceous,Kiln,Riparian
2025-09-24,KHR-1,1.826950950177087,0,Herbaceous,Kiln,Riparian
2025-09-25,KHR-1,1.411368200212477,0,Herbaceous,Kiln,Riparian
2025-09-26,KHR-1,1.8011187885369742,0,Herbaceous,Kiln,Riparian
2025-09-27,KHR-1,1.6561253017217505,0,Herbaceous,Kiln,Riparian
2025-09-28,KHR-1,1.7525655645510605,0,Herbaceous,Kiln,Riparian
2025-09-29,KHR-1,1.2227754674782894,0,Herbaceous,Kiln,Riparian
2025-09-30,KHR-1,1.200093966165994,0.762,Herbaceous,Kiln,Riparian
2025-10-01,KHR-1,0.9542415457481326,3.302,Herbaceous,Kiln,Riparian
2025-10-02,KHR-1,0.7329785730066637,25.4,Herbaceous,Kiln,Riparian
2025-10-03,KHR-1,1.2200192643490708,0,Herbaceous,Kiln,Riparian
2025-10-04,KHR-1,1.4551024716928074,0,Herbaceous,Kiln,Riparian
2025-10-05,KHR-1,1.4345371627235306,0,Herbaceous,Kiln,Riparian
2025-10-06,KHR-1,1.4299361245648687,0,Herbaceous,Kiln,Riparian
2025-10-07,KHR-1,1.4573157077636698,0,Herbaceous,Kiln,Riparian
2025-10-08,KHR-1,1.3629423205630795,0,Herbaceous,Kiln,Riparian
2025-10-09,KHR-1,1.4959316934171012,0,Herbaceous,Kiln,Riparian
2025-10-10,KHR-1,1.404405927258822,0,Herbaceous,Kiln,Riparian
2025-10-11,KHR-1,1.1720041567050985,0.508,Herbaceous,Kiln,Riparian
2025-10-12,KHR-1,1.1801842420647881,0,Herbaceous,Kiln,Riparian
2025-10-13,KHR-1,0.7035626233636602,1.016,Herbaceous,Kiln,Riparian
2025-10-14,KHR-1,0.6920904748907191,9.398,Herbaceous,Kiln,Riparian
2025-10-15,KHR-1,0.7582209809730863,5.8420000000000005,Herbaceous,Kiln,Riparian
2025-10-16,KHR-1,1.173609167801116,0,Herbaceous,Kiln,Riparian
2025-10-17,KHR-1,1.1925570540547736,0,Herbaceous,Kiln,Riparian
2025-10-18,KHR-1,1.2637577831338216,0,Herbaceous,Kiln,Riparian
2025-10-19,KHR-1,1.1802519182349653,0,Herbaceous,Kiln,Riparian
2025-10-20,KHR-1,1.170922253385649,0,Herbaceous,Kiln,Riparian
2025-10-21,KHR-1,1.158096418035613,0,Herbaceous,Kiln,Riparian
2025-10-22,KHR-1,0.8644841244533488,0,Herbaceous,Kiln,Riparian
2025-10-23,KHR-1,1.091396753590066,0,Herbaceous,Kiln,Riparian
2025-10-24,KHR-1,1.0136276424801243,0,Herbaceous,Kiln,Riparian
2025-10-25,KHR-1,0.7659846845899286,2.032,Herbaceous,Kiln,Riparian
2025-10-26,KHR-1,0.7966084983385895,7.366,Herbaceous,Kiln,Riparian
2025-10-27,KHR-1,0.9981584802108119,0,Herbaceous,Kiln,Riparian
2025-10-28,KHR-1,1.0459237891987332,0,Herbaceous,Kiln,Riparian
2025-10-29,KHR-1,1.0517074649570017,0,Herbaceous,Kiln,Riparian
2025-10-30,KHR-1,0.9990323588696791,0,Herbaceous,Kiln,Riparian
2025-10-31,KHR-1,0.9919609366395852,0,Herbaceous,Kiln,Riparian
2025-11-01,KHR-1,0.9956499702629157,0,Herbaceous,Kiln,Riparian
2025-11-02,KHR-1,1.2452144861435976,0,Herbaceous,Kiln,Riparian
2025-07-01,KHT-XE5S,2.892295214824603,0,Herbaceous,Kiln,Terrace
2025-07-02,KHT-XE5S,3.135386484950492,0,Herbaceous,Kiln,Terrace
2025-07-03,KHT-XE5S,2.9610896524659696,0,Herbaceous,Kiln,Terrace
2025-07-04,KHT-XE5S,3.0014331320408263,0,Herbaceous,Kiln,Terrace
2025-07-05,KHT-XE5S,3.0538211811274367,0,Herbaceous,Kiln,Terrace
2025-07-06,KHT-XE5S,3.242743323185478,0,Herbaceous,Kiln,Terrace
2025-07-07,KHT-XE5S,3.277433383016472,0,Herbaceous,Kiln,Terrace
2025-07-08,KHT-XE5S,3.241146344136896,0,Herbaceous,Kiln,Terrace
2025-07-09,KHT-XE5S,3.202353938074871,0,Herbaceous,Kiln,Terrace
2025-07-10,KHT-XE5S,3.216881587575673,0,Herbaceous,Kiln,Terrace
2025-07-11,KHT-XE5S,3.2228810537670385,0,Herbaceous,Kiln,Terrace
2025-07-12,KHT-XE5S,3.2372524087317758,0,Herbaceous,Kiln,Terrace
2025-07-13,KHT-XE5S,3.412453358596801,0,Herbaceous,Kiln,Terrace
2025-07-14,KHT-XE5S,3.3926068509637375,0,Herbaceous,Kiln,Terrace
2025-07-15,KHT-XE5S,3.257489028269742,0,Herbaceous,Kiln,Terrace
2025-07-16,KHT-XE5S,3.204954357456639,0,Herbaceous,Kiln,Terrace
2025-07-17,KHT-XE5S,3.2474444006624683,0,Herbaceous,Kiln,Terrace
2025-07-18,KHT-XE5S,3.1347837555994222,0,Herbaceous,Kiln,Terrace
2025-07-19,KHT-XE5S,3.1753806539299925,0,Herbaceous,Kiln,Terrace
2025-07-20,KHT-XE5S,3.1504943628778923,0,Herbaceous,Kiln,Terrace
2025-07-21,KHT-XE5S,2.0934715872117287,0,Herbaceous,Kiln,Terrace
2025-07-22,KHT-XE5S,2.0859450127918064,0,Herbaceous,Kiln,Terrace
2025-07-23,KHT-XE5S,3.0054241701442415,0,Herbaceous,Kiln,Terrace
2025-07-24,KHT-XE5S,2.6273884651538095,0,Herbaceous,Kiln,Terrace
2025-07-25,KHT-XE5S,2.2805432435896558,0,Herbaceous,Kiln,Terrace
2025-07-26,KHT-XE5S,2.0436948276989084,0,Herbaceous,Kiln,Terrace
2025-07-27,KHT-XE5S,2.696224289621037,0,Herbaceous,Kiln,Terrace
2025-07-28,KHT-XE5S,3.056763386188768,0,Herbaceous,Kiln,Terrace
2025-07-29,KHT-XE5S,3.096395928966217,0,Herbaceous,Kiln,Terrace
2025-07-30,KHT-XE5S,2.8125017037690507,0,Herbaceous,Kiln,Terrace
2025-07-31,KHT-XE5S,3.0266587050512728,0,Herbaceous,Kiln,Terrace
2025-08-01,KHT-XE5S,2.9462751446062385,0,Herbaceous,Kiln,Terrace
2025-08-02,KHT-XE5S,2.9036095998458276,0,Herbaceous,Kiln,Terrace
2025-08-03,KHT-XE5S,2.841629297278366,0,Herbaceous,Kiln,Terrace
2025-08-04,KHT-XE5S,2.858392500972864,0,Herbaceous,Kiln,Terrace
2025-08-05,KHT-XE5S,2.834885617442089,0,Herbaceous,Kiln,Terrace
2025-08-06,KHT-XE5S,2.717491106521544,0,Herbaceous,Kiln,Terrace
2025-08-07,KHT-XE5S,2.9167058866125313,0,Herbaceous,Kiln,Terrace
2025-08-08,KHT-XE5S,2.9761223292905563,0,Herbaceous,Kiln,Terrace
2025-08-09,KHT-XE5S,3.0558689295840558,0,Herbaceous,Kiln,Terrace
2025-08-10,KHT-XE5S,3.08331696140578,0,Herbaceous,Kiln,Terrace
2025-08-11,KHT-XE5S,3.0172080918688464,0,Herbaceous,Kiln,Terrace
2025-08-12,KHT-XE5S,3.0351941965020672,0,Herbaceous,Kiln,Terrace
2025-08-13,KHT-XE5S,2.7996920813022705,0,Herbaceous,Kiln,Terrace
2025-08-14,KHT-XE5S,2.79728110377855,0,Herbaceous,Kiln,Terrace
2025-08-15,KHT-XE5S,2.8101260674617192,0,Herbaceous,Kiln,Terrace
2025-08-16,KHT-XE5S,2.8348866399835204,0,Herbaceous,Kiln,Terrace
2025-08-17,KHT-XE5S,2.8190094042741887,0,Herbaceous,Kiln,Terrace
2025-08-18,KHT-XE5S,2.8170285467921388,0,Herbaceous,Kiln,Terrace
2025-08-19,KHT-XE5S,2.7481774636754674,0,Herbaceous,Kiln,Terrace
2025-08-20,KHT-XE5S,2.709373732827148,0,Herbaceous,Kiln,Terrace
2025-08-21,KHT-XE5S,2.789541985889138,0,Herbaceous,Kiln,Terrace
2025-08-22,KHT-XE5S,2.6409524326683416,0,Herbaceous,Kiln,Terrace
2025-08-23,KHT-XE5S,2.453288907230348,2.032,Herbaceous,Kiln,Terrace
2025-08-24,KHT-XE5S,1.8241714430399856,23.368,Herbaceous,Kiln,Terrace
2025-08-25,KHT-XE5S,1.6069435233823015,26.416,Herbaceous,Kiln,Terrace
2025-08-26,KHT-XE5S,1.9011813505101924,4.318,Herbaceous,Kiln,Terrace
2025-08-27,KHT-XE5S,1.9805585543431674,0,Herbaceous,Kiln,Terrace
2025-08-28,KHT-XE5S,2.1902640403315012,0,Herbaceous,Kiln,Terrace
2025-08-29,KHT-XE5S,2.2036366596170534,0,Herbaceous,Kiln,Terrace
2025-08-30,KHT-XE5S,2.4900594774664833,0,Herbaceous,Kiln,Terrace
2025-08-31,KHT-XE5S,2.556762071545642,0,Herbaceous,Kiln,Terrace
2025-09-01,KHT-XE5S,2.558591528238771,0,Herbaceous,Kiln,Terrace
2025-09-02,KHT-XE5S,1.652128186900453,8.382,Herbaceous,Kiln,Terrace
2025-09-03,KHT-XE5S,2.1166896834254585,0.254,Herbaceous,Kiln,Terrace
2025-09-04,KHT-XE5S,2.4056975129357885,0,Herbaceous,Kiln,Terrace
2025-09-05,KHT-XE5S,2.4204229329298594,0,Herbaceous,Kiln,Terrace
2025-09-06,KHT-XE5S,2.3227665983021866,0,Herbaceous,Kiln,Terrace
2025-09-07,KHT-XE5S,2.1294048294265315,0,Herbaceous,Kiln,Terrace
2025-09-08,KHT-XE5S,2.2980361210985523,0,Herbaceous,Kiln,Terrace
2025-09-09,KHT-XE5S,1.8293273750553607,0,Herbaceous,Kiln,Terrace
2025-09-10,KHT-XE5S,1.665286972472383,0,Herbaceous,Kiln,Terrace
2025-09-11,KHT-XE5S,1.6193492382469463,0.762,Herbaceous,Kiln,Terrace
2025-09-12,KHT-XE5S,1.852842453289625,0,Herbaceous,Kiln,Terrace
2025-09-13,KHT-XE5S,1.8301900847837786,0,Herbaceous,Kiln,Terrace
2025-09-14,KHT-XE5S,2.086183517702123,0,Herbaceous,Kiln,Terrace
2025-09-15,KHT-XE5S,2.079353292348992,0,Herbaceous,Kiln,Terrace
2025-09-16,KHT-XE5S,2.0945709481233874,0,Herbaceous,Kiln,Terrace
2025-09-17,KHT-XE5S,2.0672066123664736,0,Herbaceous,Kiln,Terrace
2025-09-18,KHT-XE5S,1.6200221885479587,0,Herbaceous,Kiln,Terrace
2025-09-19,KHT-XE5S,1.282500820346759,0.508,Herbaceous,Kiln,Terrace
2025-09-20,KHT-XE5S,1.9649637901460388,0,Herbaceous,Kiln,Terrace
2025-09-21,KHT-XE5S,1.5932109065443134,0,Herbaceous,Kiln,Terrace
2025-09-22,KHT-XE5S,1.897062602750724,0,Herbaceous,Kiln,Terrace
2025-09-23,KHT-XE5S,1.8629152457719338,0,Herbaceous,Kiln,Terrace
2025-09-24,KHT-XE5S,1.8093528092262292,0,Herbaceous,Kiln,Terrace
2025-09-25,KHT-XE5S,1.3986313465773628,0,Herbaceous,Kiln,Terrace
2025-09-26,KHT-XE5S,1.799616760411952,0,Herbaceous,Kiln,Terrace
2025-09-27,KHT-XE5S,1.6438717212462555,0,Herbaceous,Kiln,Terrace
2025-09-28,KHT-XE5S,1.7609392492828255,0,Herbaceous,Kiln,Terrace
2025-09-29,KHT-XE5S,1.217119802506815,0,Herbaceous,Kiln,Terrace
2025-09-30,KHT-XE5S,1.2256518276203194,0.762,Herbaceous,Kiln,Terrace
2025-10-01,KHT-XE5S,0.9385140449438532,3.302,Herbaceous,Kiln,Terrace
2025-10-02,KHT-XE5S,0.7653360499583161,25.4,Herbaceous,Kiln,Terrace
2025-10-03,KHT-XE5S,1.2027757200828564,0,Herbaceous,Kiln,Terrace
2025-10-04,KHT-XE5S,1.435924212791213,0,Herbaceous,Kiln,Terrace
2025-10-05,KHT-XE5S,1.4197464768664196,0,Herbaceous,Kiln,Terrace
2025-10-06,KHT-XE5S,1.407238322646037,0,Herbaceous,Kiln,Terrace
2025-10-07,KHT-XE5S,1.4515721633287773,0,Herbaceous,Kiln,Terrace
2025-10-08,KHT-XE5S,1.3957773559644562,0,Herbaceous,Kiln,Terrace
2025-10-09,KHT-XE5S,1.4812359959736023,0,Herbaceous,Kiln,Terrace
2025-10-10,KHT-XE5S,1.3886351692406027,0,Herbaceous,Kiln,Terrace
2025-10-11,KHT-XE5S,1.2164259078816022,0.508,Herbaceous,Kiln,Terrace
2025-10-12,KHT-XE5S,1.1588482723184552,0,Herbaceous,Kiln,Terrace
2025-10-13,KHT-XE5S,0.7154210654872112,1.016,Herbaceous,Kiln,Terrace
2025-10-14,KHT-XE5S,0.6889369128741959,9.398,Herbaceous,Kiln,Terrace
2025-10-15,KHT-XE5S,0.7676686481019137,5.8420000000000005,Herbaceous,Kiln,Terrace
2025-10-16,KHT-XE5S,1.1361690127875375,0,Herbaceous,Kiln,Terrace
2025-10-17,KHT-XE5S,1.1647214655107307,0,Herbaceous,Kiln,Terrace
2025-10-18,KHT-XE5S,1.2489155664131564,0,Herbaceous,Kiln,Terrace
2025-10-19,KHT-XE5S,1.204886105340367,0,Herbaceous,Kiln,Terrace
2025-10-20,KHT-XE5S,1.1537242495936422,0,Herbaceous,Kiln,Terrace
2025-10-21,KHT-XE5S,1.1518587651417624,0,Herbaceous,Kiln,Terrace
2025-10-22,KHT-XE5S,0.8771065868846469,0,Herbaceous,Kiln,Terrace
2025-10-23,KHT-XE5S,1.0866450525931917,0,Herbaceous,Kiln,Terrace
2025-10-24,KHT-XE5S,1.0193895510004396,0,Herbaceous,Kiln,Terrace
2025-10-25,KHT-XE5S,0.7889094236308348,2.032,Herbaceous,Kiln,Terrace
2025-10-26,KHT-XE5S,0.7900958514988792,7.366,Herbaceous,Kiln,Terrace
2025-10-27,KHT-XE5S,0.9931889370094102,0,Herbaceous,Kiln,Terrace
2025-10-28,KHT-XE5S,1.0355464600304545,0,Herbaceous,Kiln,Terrace
2025-10-29,KHT-XE5S,1.0365640373101463,0,Herbaceous,Kiln,Terrace
2025-10-30,KHT-XE5S,1.0010184664077708,0,Herbaceous,Kiln,Terrace
2025-10-31,KHT-XE5S,0.9878062575775487,0,Herbaceous,Kiln,Terrace
2025-11-01,KHT-XE5S,1.0224912344621389,0,Herbaceous,Kiln,Terrace
2025-11-02,KHT-XE5S,1.2449779202754616,0,Herbaceous,Kiln,Terrace
2025-07-01,KWF-2,2.92855111656427,0,Willow,Kiln,Fan
2025-07-02,KWF-2,3.1736285539040527,0,Willow,Kiln,Fan
2025-07-03,KWF-2,3.0562185157361896,0,Willow,Kiln,Fan
2025-07-04,KWF-2,3.060230575655278,0,Willow,Kiln,Fan
2025-07-05,KWF-2,3.0819594729581197,0,Willow,Kiln,Fan
2025-07-06,KWF-2,3.262358401668955,0,Willow,Kiln,Fan
2025-07-07,KWF-2,3.3151805664149374,0,Willow,Kiln,Fan
2025-07-08,KWF-2,3.277231407837778,0,Willow,Kiln,Fan
2025-07-09,KWF-2,3.2637025978964345,0,Willow,Kiln,Fan
2025-07-10,KWF-2,3.2077433392025814,0,Willow,Kiln,Fan
2025-07-11,KWF-2,3.217271232426182,0,Willow,Kiln,Fan
2025-07-12,KWF-2,3.261536986143885,0,Willow,Kiln,Fan
2025-07-13,KWF-2,3.422828055408376,0,Willow,Kiln,Fan
2025-07-14,KWF-2,3.4066696097310722,0,Willow,Kiln,Fan
2025-07-15,KWF-2,3.3200324694249104,0,Willow,Kiln,Fan
2025-07-16,KWF-2,3.2654792569343534,0,Willow,Kiln,Fan
2025-07-17,KWF-2,3.272397709450655,0,Willow,Kiln,Fan
2025-07-18,KWF-2,3.2290895620326157,0,Willow,Kiln,Fan
2025-07-19,KWF-2,3.2269831482007403,0,Willow,Kiln,Fan
2025-07-20,KWF-2,3.2034371320330424,0,Willow,Kiln,Fan
2025-07-21,KWF-2,2.1366810752434318,0,Willow,Kiln,Fan
2025-07-22,KWF-2,2.0939990453827546,0,Willow,Kiln,Fan
2025-07-23,KWF-2,3.0081611159014012,0,Willow,Kiln,Fan
2025-07-24,KWF-2,2.635140574464265,0,Willow,Kiln,Fan
2025-07-25,KWF-2,2.2438089864863513,0,Willow,Kiln,Fan
2025-07-26,KWF-2,2.0635142853227073,0,Willow,Kiln,Fan
2025-07-27,KWF-2,2.7242665832971937,0,Willow,Kiln,Fan
2025-07-28,KWF-2,3.0884029018885824,0,Willow,Kiln,Fan
2025-07-29,KWF-2,3.1106490821921065,0,Willow,Kiln,Fan
2025-07-30,KWF-2,2.8381512797797077,0,Willow,Kiln,Fan
2025-07-31,KWF-2,3.0657484150228647,0,Willow,Kiln,Fan
2025-08-01,KWF-2,2.9966514043751173,0,Willow,Kiln,Fan
2025-08-02,KWF-2,2.9599748205377483,0,Willow,Kiln,Fan
2025-08-03,KWF-2,2.903388426466911,0,Willow,Kiln,Fan
2025-08-04,KWF-2,2.9230249741081,0,Willow,Kiln,Fan
2025-08-05,KWF-2,2.8778554469769047,0,Willow,Kiln,Fan
2025-08-06,KWF-2,2.7313831549486527,0,Willow,Kiln,Fan
2025-08-07,KWF-2,2.9271703634206347,0,Willow,Kiln,Fan
2025-08-08,KWF-2,2.99849521482062,0,Willow,Kiln,Fan
2025-08-09,KWF-2,3.0554340504196205,0,Willow,Kiln,Fan
2025-08-10,KWF-2,3.0963005299854673,0,Willow,Kiln,Fan
2025-08-11,KWF-2,3.0299657677213387,0,Willow,Kiln,Fan
2025-08-12,KWF-2,3.0486817235846675,0,Willow,Kiln,Fan
2025-08-13,KWF-2,2.818992644006437,0,Willow,Kiln,Fan
2025-08-14,KWF-2,2.8344224388342423,0,Willow,Kiln,Fan
2025-08-15,KWF-2,2.8659598485365243,0,Willow,Kiln,Fan
2025-08-16,KWF-2,2.8579133761506466,0,Willow,Kiln,Fan
2025-08-17,KWF-2,2.833758042607175,0,Willow,Kiln,Fan
2025-08-18,KWF-2,2.8789805310395984,0,Willow,Kiln,Fan
2025-08-19,KWF-2,2.7761737672009072,0,Willow,Kiln,Fan
2025-08-20,KWF-2,2.7339488011994737,0,Willow,Kiln,Fan
2025-08-21,KWF-2,2.7918975996014628,0,Willow,Kiln,Fan
2025-08-22,KWF-2,2.6362356337350614,0,Willow,Kiln,Fan
2025-08-23,KWF-2,2.4677369875053605,2.032,Willow,Kiln,Fan
2025-08-24,KWF-2,1.8058172360207816,23.368,Willow,Kiln,Fan
2025-08-25,KWF-2,1.663202366420432,26.416,Willow,Kiln,Fan
2025-08-26,KWF-2,1.9012318715346286,4.318,Willow,Kiln,Fan
2025-08-27,KWF-2,1.9815609696545557,0,Willow,Kiln,Fan
2025-08-28,KWF-2,2.184733336014155,0,Willow,Kiln,Fan
2025-08-29,KWF-2,2.2025676042214317,0,Willow,Kiln,Fan
2025-08-30,KWF-2,2.492644549244588,0,Willow,Kiln,Fan
2025-08-31,KWF-2,2.5940653896347845,0,Willow,Kiln,Fan
2025-09-01,KWF-2,2.6124705409063047,0,Willow,Kiln,Fan
2025-09-02,KWF-2,1.659056332612272,8.382,Willow,Kiln,Fan
2025-09-03,KWF-2,2.068981029850292,0.254,Willow,Kiln,Fan
2025-09-04,KWF-2,2.396540118762958,0,Willow,Kiln,Fan
2025-09-05,KWF-2,2.4537781089769424,0,Willow,Kiln,Fan
2025-09-06,KWF-2,2.3533063395766116,0,Willow,Kiln,Fan
2025-09-07,KWF-2,2.158067192906095,0,Willow,Kiln,Fan
2025-09-08,KWF-2,2.337256997708919,0,Willow,Kiln,Fan
2025-09-09,KWF-2,1.8307603061202427,0,Willow,Kiln,Fan
2025-09-10,KWF-2,1.7128659806588937,0,Willow,Kiln,Fan
2025-09-11,KWF-2,1.620964381774339,0.762,Willow,Kiln,Fan
2025-09-12,KWF-2,1.8389917444423332,0,Willow,Kiln,Fan
2025-09-13,KWF-2,1.8429547780742133,0,Willow,Kiln,Fan
2025-09-14,KWF-2,2.1171528270412394,0,Willow,Kiln,Fan
2025-09-15,KWF-2,2.1082300421951734,0,Willow,Kiln,Fan
2025-09-16,KWF-2,2.1176860886704936,0,Willow,Kiln,Fan
2025-09-17,KWF-2,2.0907969264565884,0,Willow,Kiln,Fan
2025-09-18,KWF-2,1.6132315947981528,0,Willow,Kiln,Fan
2025-09-19,KWF-2,1.3016224218784862,0.508,Willow,Kiln,Fan
2025-09-20,KWF-2,1.9825799076853603,0,Willow,Kiln,Fan
2025-09-21,KWF-2,1.610322756632432,0,Willow,Kiln,Fan
2025-09-22,KWF-2,1.940294565955981,0,Willow,Kiln,Fan
2025-09-23,KWF-2,1.9016573542272963,0,Willow,Kiln,Fan
2025-09-24,KWF-2,1.826403433854678,0,Willow,Kiln,Fan
2025-09-25,KWF-2,1.3966105409321785,0,Willow,Kiln,Fan
2025-09-26,KWF-2,1.8236555133900165,0,Willow,Kiln,Fan
2025-09-27,KWF-2,1.6366452229436306,0,Willow,Kiln,Fan
2025-09-28,KWF-2,1.7940824363218768,0,Willow,Kiln,Fan
2025-09-29,KWF-2,1.1933829167561238,0,Willow,Kiln,Fan
2025-09-30,KWF-2,1.1830722023727787,0.762,Willow,Kiln,Fan
2025-10-01,KWF-2,0.9382248272548952,3.302,Willow,Kiln,Fan
2025-10-02,KWF-2,0.7282031363078956,25.4,Willow,Kiln,Fan
2025-10-03,KWF-2,1.1480496104793434,0,Willow,Kiln,Fan
2025-10-04,KWF-2,1.385067060512241,0,Willow,Kiln,Fan
2025-10-05,KWF-2,1.3734217300518468,0,Willow,Kiln,Fan
2025-10-06,KWF-2,1.3618799839119242,0,Willow,Kiln,Fan
2025-10-07,KWF-2,1.3709005909127479,0,Willow,Kiln,Fan
2025-10-08,KWF-2,1.3404142812549154,0,Willow,Kiln,Fan
2025-10-09,KWF-2,1.4470851441262325,0,Willow,Kiln,Fan
2025-10-10,KWF-2,1.3443500526028138,0,Willow,Kiln,Fan
2025-10-11,KWF-2,1.1618648039103432,0.508,Willow,Kiln,Fan
2025-10-12,KWF-2,1.1329993370678706,0,Willow,Kiln,Fan
2025-10-13,KWF-2,0.7225220646915173,1.016,Willow,Kiln,Fan
2025-10-14,KWF-2,0.6822896107741871,9.398,Willow,Kiln,Fan
2025-10-15,KWF-2,0.6577351418610918,5.8420000000000005,Willow,Kiln,Fan
2025-10-16,KWF-2,1.073890628833064,0,Willow,Kiln,Fan
2025-10-17,KWF-2,1.0989953561430506,0,Willow,Kiln,Fan
2025-10-18,KWF-2,1.2029448900576736,0,Willow,Kiln,Fan
2025-10-19,KWF-2,1.2695738117911235,0,Willow,Kiln,Fan
2025-10-20,KWF-2,1.130986531137933,0,Willow,Kiln,Fan
2025-10-21,KWF-2,1.1280380508167736,0,Willow,Kiln,Fan
2025-10-22,KWF-2,0.8472899721581046,0,Willow,Kiln,Fan
2025-10-23,KWF-2,1.051059611988132,0,Willow,Kiln,Fan
2025-10-24,KWF-2,0.9940843894244007,0,Willow,Kiln,Fan
2025-10-25,KWF-2,0.7742331084712187,2.032,Willow,Kiln,Fan
2025-10-26,KWF-2,0.7961894731760574,7.366,Willow,Kiln,Fan
2025-10-27,KWF-2,0.9381085348842992,0,Willow,Kiln,Fan
2025-10-28,KWF-2,0.9727889904827827,0,Willow,Kiln,Fan
2025-10-29,KWF-2,0.9827970039105693,0,Willow,Kiln,Fan
2025-10-30,KWF-2,0.9545741218355817,0,Willow,Kiln,Fan
2025-10-31,KWF-2,0.9310665693748021,0,Willow,Kiln,Fan
2025-11-01,KWF-2,1.0347635881974335,0,Willow,Kiln,Fan
2025-11-02,KWF-2,1.244348124686237,0,Willow,Kiln,Fan
2025-07-02,KWR-1,3.143370858868399,0,Willow,Kiln,Riparian
2025-07-03,KWR-1,2.9744061194056077,0,Willow,Kiln,Riparian
2025-07-04,KWR-1,3.044498832373329,0,Willow,Kiln,Riparian
2025-07-05,KWR-1,3.062250355622113,0,Willow,Kiln,Riparian
2025-07-06,KWR-1,3.241389056510223,0,Willow,Kiln,Riparian
2025-07-07,KWR-1,3.3188781276348616,0,Willow,Kiln,Riparian
2025-07-08,KWR-1,3.258883476216053,0,Willow,Kiln,Riparian
2025-07-09,KWR-1,3.1966083387192294,0,Willow,Kiln,Riparian
2025-07-10,KWR-1,3.211642675449515,0,Willow,Kiln,Riparian
2025-07-11,KWR-1,3.188554159036315,0,Willow,Kiln,Riparian
2025-07-12,KWR-1,3.25415811146521,0,Willow,Kiln,Riparian
2025-07-13,KWR-1,3.4261616235180736,0,Willow,Kiln,Riparian
2025-07-14,KWR-1,3.339074249946064,0,Willow,Kiln,Riparian
2025-07-15,KWR-1,3.2654306814468135,0,Willow,Kiln,Riparian
2025-07-16,KWR-1,3.1952611043785453,0,Willow,Kiln,Riparian
2025-07-17,KWR-1,3.216570997775447,0,Willow,Kiln,Riparian
2025-07-18,KWR-1,3.1402972706957,0,Willow,Kiln,Riparian
2025-07-19,KWR-1,3.18661363267043,0,Willow,Kiln,Riparian
2025-07-20,KWR-1,3.1389114517937133,0,Willow,Kiln,Riparian
2025-07-21,KWR-1,2.0727335992632314,0,Willow,Kiln,Riparian
2025-07-22,KWR-1,2.0272971058641422,0,Willow,Kiln,Riparian
2025-07-23,KWR-1,3.0291270231851914,0,Willow,Kiln,Riparian
2025-07-24,KWR-1,2.612442624226228,0,Willow,Kiln,Riparian
2025-07-25,KWR-1,2.185576275903013,0,Willow,Kiln,Riparian
2025-07-26,KWR-1,2.0832247930891676,0,Willow,Kiln,Riparian
2025-07-27,KWR-1,2.6802190338583407,0,Willow,Kiln,Riparian
2025-07-28,KWR-1,3.229700057600881,0,Willow,Kiln,Riparian
2025-07-29,KWR-1,3.023735580384513,0,Willow,Kiln,Riparian
2025-07-30,KWR-1,2.7979191007668898,0,Willow,Kiln,Riparian
2025-07-31,KWR-1,3.003223097600138,0,Willow,Kiln,Riparian
2025-08-01,KWR-1,2.9085555011223483,0,Willow,Kiln,Riparian
2025-08-02,KWR-1,2.922756835092674,0,Willow,Kiln,Riparian
2025-08-03,KWR-1,2.8444777390288993,0,Willow,Kiln,Riparian
2025-08-04,KWR-1,2.8594040617389176,0,Willow,Kiln,Riparian
2025-08-05,KWR-1,2.836267852764047,0,Willow,Kiln,Riparian
2025-08-06,KWR-1,2.692517069784262,0,Willow,Kiln,Riparian
2025-08-07,KWR-1,2.8806823958932157,0,Willow,Kiln,Riparian
2025-08-08,KWR-1,2.9567061007032733,0,Willow,Kiln,Riparian
2025-08-09,KWR-1,3.0016393818350435,0,Willow,Kiln,Riparian
2025-08-10,KWR-1,3.0766194733001844,0,Willow,Kiln,Riparian
2025-08-11,KWR-1,3.0058617000538006,0,Willow,Kiln,Riparian
2025-08-12,KWR-1,2.992003091735918,0,Willow,Kiln,Riparian
2025-08-13,KWR-1,2.7552941182699557,0,Willow,Kiln,Riparian
2025-08-14,KWR-1,2.810416418626929,0,Willow,Kiln,Riparian
2025-08-15,KWR-1,2.780426453548857,0,Willow,Kiln,Riparian
2025-08-16,KWR-1,2.776803247731702,0,Willow,Kiln,Riparian
2025-08-17,KWR-1,2.791980494932242,0,Willow,Kiln,Riparian
2025-08-18,KWR-1,2.833259941636354,0,Willow,Kiln,Riparian
2025-08-19,KWR-1,2.7410720679260843,0,Willow,Kiln,Riparian
2025-08-20,KWR-1,2.705138584436377,0,Willow,Kiln,Riparian
2025-08-21,KWR-1,2.766540623932695,0,Willow,Kiln,Riparian
2025-08-22,KWR-1,2.617925923321383,0,Willow,Kiln,Riparian
2025-08-23,KWR-1,2.4616537584080658,2.032,Willow,Kiln,Riparian
2025-08-24,KWR-1,1.7698729126902046,23.368,Willow,Kiln,Riparian
2025-08-25,KWR-1,1.5842419602278863,26.416,Willow,Kiln,Riparian
2025-08-26,KWR-1,1.8930553606600566,4.318,Willow,Kiln,Riparian
2025-08-27,KWR-1,1.9739999356993787,0,Willow,Kiln,Riparian
2025-08-28,KWR-1,2.164243932561484,0,Willow,Kiln,Riparian
2025-08-29,KWR-1,2.1596182282538723,0,Willow,Kiln,Riparian
2025-08-30,KWR-1,2.4472145752781445,0,Willow,Kiln,Riparian
2025-08-31,KWR-1,2.528383276418434,0,Willow,Kiln,Riparian
2025-09-01,KWR-1,2.562186073174429,0,Willow,Kiln,Riparian
2025-09-02,KWR-1,1.6118020939261422,8.382,Willow,Kiln,Riparian
2025-09-03,KWR-1,2.1070801764772837,0.254,Willow,Kiln,Riparian
2025-09-04,KWR-1,2.4028175711159463,0,Willow,Kiln,Riparian
2025-09-05,KWR-1,2.4385353948778454,0,Willow,Kiln,Riparian
2025-09-06,KWR-1,2.3302151735310686,0,Willow,Kiln,Riparian
2025-09-07,KWR-1,2.1173691844409195,0,Willow,Kiln,Riparian
2025-09-08,KWR-1,2.3435156677314635,0,Willow,Kiln,Riparian
2025-09-09,KWR-1,1.8505979212614252,0,Willow,Kiln,Riparian
2025-09-10,KWR-1,1.685981462720101,0,Willow,Kiln,Riparian
2025-09-11,KWR-1,1.6217898678872567,0.762,Willow,Kiln,Riparian
2025-09-12,KWR-1,1.835092632471196,0,Willow,Kiln,Riparian
2025-09-13,KWR-1,1.814017144279285,0,Willow,Kiln,Riparian
2025-09-14,KWR-1,2.088210060919689,0,Willow,Kiln,Riparian
2025-09-15,KWR-1,2.084187914566437,0,Willow,Kiln,Riparian
2025-09-16,KWR-1,2.0954437450026004,0,Willow,Kiln,Riparian
2025-09-17,KWR-1,2.0849275425507807,0,Willow,Kiln,Riparian
2025-09-18,KWR-1,1.5915994089715424,0,Willow,Kiln,Riparian
2025-09-19,KWR-1,1.2641559876727848,0.508,Willow,Kiln,Riparian
2025-09-20,KWR-1,1.963080795408587,0,Willow,Kiln,Riparian
2025-09-21,KWR-1,1.5782452807195375,0,Willow,Kiln,Riparian
2025-09-22,KWR-1,1.9078937897866628,0,Willow,Kiln,Riparian
2025-09-23,KWR-1,1.8625945188727384,0,Willow,Kiln,Riparian
2025-09-24,KWR-1,1.7960157985051226,0,Willow,Kiln,Riparian
2025-09-25,KWR-1,1.4046082448652384,0,Willow,Kiln,Riparian
2025-09-26,KWR-1,1.80282288210187,0,Willow,Kiln,Riparian
2025-09-27,KWR-1,1.6500940971544578,0,Willow,Kiln,Riparian
2025-09-28,KWR-1,1.7654858606587354,0,Willow,Kiln,Riparian
2025-09-29,KWR-1,1.2106919672073957,0,Willow,Kiln,Riparian
2025-09-30,KWR-1,1.1841526591969544,0.762,Willow,Kiln,Riparian
2025-10-01,KWR-1,0.9470576369954273,3.302,Willow,Kiln,Riparian
2025-10-02,KWR-1,0.7405961411084165,25.4,Willow,Kiln,Riparian
2025-10-03,KWR-1,1.2040404940485954,0,Willow,Kiln,Riparian
2025-10-04,KWR-1,1.4530763212941336,0,Willow,Kiln,Riparian
2025-10-05,KWR-1,1.4102297396567927,0,Willow,Kiln,Riparian
2025-10-06,KWR-1,1.4152645222176952,0,Willow,Kiln,Riparian
2025-10-07,KWR-1,1.4377722676224804,0,Willow,Kiln,Riparian
2025-10-08,KWR-1,1.3726977505259472,0,Willow,Kiln,Riparian
2025-10-09,KWR-1,1.4702422487323827,0,Willow,Kiln,Riparian
2025-10-10,KWR-1,1.3830249231298317,0,Willow,Kiln,Riparian
2025-10-11,KWR-1,1.1744101631849106,0.508,Willow,Kiln,Riparian
2025-10-12,KWR-1,1.1665770713667825,0,Willow,Kiln,Riparian
2025-10-13,KWR-1,0.7303074747690178,1.016,Willow,Kiln,Riparian
2025-10-14,KWR-1,0.6943099932088465,9.398,Willow,Kiln,Riparian
2025-10-15,KWR-1,0.6529958698715174,5.8420000000000005,Willow,Kiln,Riparian
2025-10-16,KWR-1,1.138589423408105,0,Willow,Kiln,Riparian
2025-10-17,KWR-1,1.150221419694177,0,Willow,Kiln,Riparian
2025-10-18,KWR-1,1.2344837791955985,0,Willow,Kiln,Riparian
2025-10-19,KWR-1,1.199212974047986,0,Willow,Kiln,Riparian
2025-10-20,KWR-1,1.1427172240944712,0,Willow,Kiln,Riparian
2025-10-21,KWR-1,1.1432731461674237,0,Willow,Kiln,Riparian
2025-10-22,KWR-1,0.859955039785747,0,Willow,Kiln,Riparian
2025-10-23,KWR-1,1.0730248357130323,0,Willow,Kiln,Riparian
2025-10-24,KWR-1,1.0107561628267612,0,Willow,Kiln,Riparian
2025-10-25,KWR-1,0.7556395486808849,2.032,Willow,Kiln,Riparian
2025-10-26,KWR-1,0.7840888849930838,7.366,Willow,Kiln,Riparian
2025-10-27,KWR-1,0.9714431373832997,0,Willow,Kiln,Riparian
2025-10-28,KWR-1,1.0203887684858035,0,Willow,Kiln,Riparian
2025-10-29,KWR-1,1.0259147466577305,0,Willow,Kiln,Riparian
2025-10-30,KWR-1,0.9861650103264883,0,Willow,Kiln,Riparian
2025-10-31,KWR-1,0.9674415363421338,0,Willow,Kiln,Riparian
2025-11-01,KWR-1,1.0283672824977055,0,Willow,Kiln,Riparian
2025-11-02,KWR-1,1.2468830417044907,0,Willow,Kiln,Riparian
2025-07-02,KWT-2,3.157384997989868,0,Willow,Kiln,Terrace
2025-07-03,KWT-2,3.003640709234554,0,Willow,Kiln,Terrace
2025-07-04,KWT-2,3.0381660547719775,0,Willow,Kiln,Terrace
2025-07-05,KWT-2,3.114423581038854,0,Willow,Kiln,Terrace
2025-07-06,KWT-2,3.293784327551474,0,Willow,Kiln,Terrace
2025-07-07,KWT-2,3.3101929923116122,0,Willow,Kiln,Terrace
2025-07-08,KWT-2,3.265705593760611,0,Willow,Kiln,Terrace
2025-07-09,KWT-2,3.22278157391392,0,Willow,Kiln,Terrace
2025-07-10,KWT-2,3.261906618809679,0,Willow,Kiln,Terrace
2025-07-11,KWT-2,3.2651055281891703,0,Willow,Kiln,Terrace
2025-07-12,KWT-2,3.254303293551883,0,Willow,Kiln,Terrace
2025-07-13,KWT-2,3.4201257568774,0,Willow,Kiln,Terrace
2025-07-14,KWT-2,3.362075251559506,0,Willow,Kiln,Terrace
2025-07-15,KWT-2,3.2815871181983973,0,Willow,Kiln,Terrace
2025-07-16,KWT-2,3.2426707874911647,0,Willow,Kiln,Terrace
2025-07-17,KWT-2,3.235892522291204,0,Willow,Kiln,Terrace
2025-07-18,KWT-2,3.1577172588402975,0,Willow,Kiln,Terrace
2025-07-19,KWT-2,3.2060238903481206,0,Willow,Kiln,Terrace
2025-07-20,KWT-2,3.1663778753270666,0,Willow,Kiln,Terrace
2025-07-21,KWT-2,2.1153757908179447,0,Willow,Kiln,Terrace
2025-07-22,KWT-2,2.049947616376206,0,Willow,Kiln,Terrace
2025-07-23,KWT-2,3.0065302032938153,0,Willow,Kiln,Terrace
2025-07-24,KWT-2,2.593818822835392,0,Willow,Kiln,Terrace
2025-07-25,KWT-2,2.2048460497511897,0,Willow,Kiln,Terrace
2025-07-26,KWT-2,2.0332671969455873,0,Willow,Kiln,Terrace
2025-07-27,KWT-2,2.6771208717659816,0,Willow,Kiln,Terrace
2025-07-28,KWT-2,3.129837531689943,0,Willow,Kiln,Terrace
2025-07-29,KWT-2,3.0649517529269206,0,Willow,Kiln,Terrace
2025-07-30,KWT-2,2.780197353177923,0,Willow,Kiln,Terrace
2025-07-31,KWT-2,3.006239254754638,0,Willow,Kiln,Terrace
2025-08-01,KWT-2,2.9303481134703704,0,Willow,Kiln,Terrace
2025-08-02,KWT-2,2.9265703337856523,0,Willow,Kiln,Terrace
2025-08-03,KWT-2,2.854227798765211,0,Willow,Kiln,Terrace
2025-08-04,KWT-2,2.868823748419662,0,Willow,Kiln,Terrace
2025-08-05,KWT-2,2.8577660492102614,0,Willow,Kiln,Terrace
2025-08-06,KWT-2,2.6847400174004306,0,Willow,Kiln,Terrace
2025-08-07,KWT-2,2.9271336895671043,0,Willow,Kiln,Terrace
2025-08-08,KWT-2,2.97153951930879,0,Willow,Kiln,Terrace
2025-08-09,KWT-2,3.032433961421791,0,Willow,Kiln,Terrace
2025-08-10,KWT-2,3.0759572642870525,0,Willow,Kiln,Terrace
2025-08-11,KWT-2,3.0105871057508193,0,Willow,Kiln,Terrace
2025-08-12,KWT-2,3.030605180558222,0,Willow,Kiln,Terrace
2025-08-13,KWT-2,2.7807335520367924,0,Willow,Kiln,Terrace
2025-08-14,KWT-2,2.776354929024437,0,Willow,Kiln,Terrace
2025-08-15,KWT-2,2.7825144995945146,0,Willow,Kiln,Terrace
2025-08-16,KWT-2,2.7947702446571348,0,Willow,Kiln,Terrace
2025-08-17,KWT-2,2.8027998090890756,0,Willow,Kiln,Terrace
2025-08-18,KWT-2,2.8458892720555795,0,Willow,Kiln,Terrace
2025-08-19,KWT-2,2.734680650221383,0,Willow,Kiln,Terrace
2025-08-20,KWT-2,2.7085865993380756,0,Willow,Kiln,Terrace
2025-08-21,KWT-2,2.734199504044971,0,Willow,Kiln,Terrace
2025-08-22,KWT-2,2.601190635443671,0,Willow,Kiln,Terrace
2025-08-23,KWT-2,2.3983924302405737,2.032,Willow,Kiln,Terrace
2025-08-24,KWT-2,1.7603303427414627,23.368,Willow,Kiln,Terrace
2025-08-25,KWT-2,1.516665014459035,26.416,Willow,Kiln,Terrace
2025-08-26,KWT-2,1.875841560644106,4.318,Willow,Kiln,Terrace
2025-08-27,KWT-2,1.93967620074183,0,Willow,Kiln,Terrace
2025-08-28,KWT-2,2.1793954085662164,0,Willow,Kiln,Terrace
2025-08-29,KWT-2,2.175722194823045,0,Willow,Kiln,Terrace
2025-08-30,KWT-2,2.471146462324268,0,Willow,Kiln,Terrace
2025-08-31,KWT-2,2.542474788247379,0,Willow,Kiln,Terrace
2025-09-01,KWT-2,2.5644152631170596,0,Willow,Kiln,Terrace
2025-09-02,KWT-2,1.6260598256243801,8.382,Willow,Kiln,Terrace
2025-09-03,KWT-2,2.0273061444262974,0.254,Willow,Kiln,Terrace
2025-09-04,KWT-2,2.363474364485032,0,Willow,Kiln,Terrace
2025-09-05,KWT-2,2.4110421085732607,0,Willow,Kiln,Terrace
2025-09-06,KWT-2,2.3145715271321805,0,Willow,Kiln,Terrace
2025-09-07,KWT-2,2.113594932391373,0,Willow,Kiln,Terrace
2025-09-08,KWT-2,2.315754870419912,0,Willow,Kiln,Terrace
2025-09-09,KWT-2,1.7799752717605397,0,Willow,Kiln,Terrace
2025-09-10,KWT-2,1.619580057781652,0,Willow,Kiln,Terrace
2025-09-11,KWT-2,1.5769845011570907,0.762,Willow,Kiln,Terrace
2025-09-12,KWT-2,1.7915035488246718,0,Willow,Kiln,Terrace
2025-09-13,KWT-2,1.8162736463687639,0,Willow,Kiln,Terrace
2025-09-14,KWT-2,2.0883275348620214,0,Willow,Kiln,Terrace
2025-09-15,KWT-2,2.0703344611068206,0,Willow,Kiln,Terrace
2025-09-16,KWT-2,2.0675946244076777,0,Willow,Kiln,Terrace
2025-09-17,KWT-2,2.039857660117786,0,Willow,Kiln,Terrace
2025-09-18,KWT-2,1.5621954077410043,0,Willow,Kiln,Terrace
2025-09-19,KWT-2,1.2458218090331925,0.508,Willow,Kiln,Terrace
2025-09-20,KWT-2,1.8974645520673987,0,Willow,Kiln,Terrace
2025-09-21,KWT-2,1.54642482050102,0,Willow,Kiln,Terrace
2025-09-22,KWT-2,1.8651880318703606,0,Willow,Kiln,Terrace
2025-09-23,KWT-2,1.8239207417431815,0,Willow,Kiln,Terrace
2025-09-24,KWT-2,1.7530131283931354,0,Willow,Kiln,Terrace
2025-09-25,KWT-2,1.3626542785458176,0,Willow,Kiln,Terrace
2025-09-26,KWT-2,1.748350863714378,0,Willow,Kiln,Terrace
2025-09-27,KWT-2,1.5813925378677132,0,Willow,Kiln,Terrace
2025-09-28,KWT-2,1.7343877468281517,0,Willow,Kiln,Terrace
2025-09-29,KWT-2,1.1814416983861253,0,Willow,Kiln,Terrace
2025-09-30,KWT-2,1.1616890883771631,0.762,Willow,Kiln,Terrace
2025-10-01,KWT-2,0.9348219482082554,3.302,Willow,Kiln,Terrace
2025-10-02,KWT-2,0.7321627916188175,25.4,Willow,Kiln,Terrace
2025-10-03,KWT-2,1.1483979352504683,0,Willow,Kiln,Terrace
2025-10-04,KWT-2,1.391008322975899,0,Willow,Kiln,Terrace
2025-10-05,KWT-2,1.354952810522081,0,Willow,Kiln,Terrace
2025-10-06,KWT-2,1.3566791944110415,0,Willow,Kiln,Terrace
2025-10-07,KWT-2,1.3807417895865814,0,Willow,Kiln,Terrace
2025-10-08,KWT-2,1.3473300185384804,0,Willow,Kiln,Terrace
2025-10-09,KWT-2,1.4494839886642057,0,Willow,Kiln,Terrace
2025-10-10,KWT-2,1.3375889599645294,0,Willow,Kiln,Terrace
2025-10-11,KWT-2,1.1443182881031564,0.508,Willow,Kiln,Terrace
2025-10-12,KWT-2,1.1344485512542903,0,Willow,Kiln,Terrace
2025-10-13,KWT-2,0.7194220091133465,1.016,Willow,Kiln,Terrace
2025-10-14,KWT-2,0.6767585709823509,9.398,Willow,Kiln,Terrace
2025-10-15,KWT-2,0.6503159005447817,5.8420000000000005,Willow,Kiln,Terrace
2025-10-16,KWT-2,1.0735721462943175,0,Willow,Kiln,Terrace
2025-10-17,KWT-2,1.110139130278562,0,Willow,Kiln,Terrace
2025-10-18,KWT-2,1.2006330362586393,0,Willow,Kiln,Terrace
2025-10-19,KWT-2,1.2326972242457825,0,Willow,Kiln,Terrace
2025-10-20,KWT-2,1.1098898062175837,0,Willow,Kiln,Terrace
2025-10-21,KWT-2,1.1107141493212056,0,Willow,Kiln,Terrace
2025-10-22,KWT-2,0.8370409215518828,0,Willow,Kiln,Terrace
2025-10-23,KWT-2,1.0522872477351135,0,Willow,Kiln,Terrace
2025-10-24,KWT-2,0.9941398186931433,0,Willow,Kiln,Terrace
2025-10-25,KWT-2,0.7809676413984564,2.032,Willow,Kiln,Terrace
2025-10-26,KWT-2,0.7844155079970895,7.366,Willow,Kiln,Terrace
2025-10-27,KWT-2,0.9290725090654552,0,Willow,Kiln,Terrace
2025-10-28,KWT-2,0.9716986312145623,0,Willow,Kiln,Terrace
2025-10-29,KWT-2,0.9961426679162584,0,Willow,Kiln,Terrace
2025-10-30,KWT-2,0.9762977068301504,0,Willow,Kiln,Terrace
2025-10-31,KWT-2,0.9365604291255012,0,Willow,Kiln,Terrace
2025-11-01,KWT-2,1.0300502742729256,0,Willow,Kiln,Terrace
2025-11-02,KWT-2,1.2389758887497295,0,Willow,Kiln,Terrace
